date,quartier,lat,lon,nb_signalements,symptome,so2,no2,pm25,pm10,dust,vent_vitesse,vent_direction,humidite,temperature,label,niveau
2023-01-01,Bou Chemma,33.882,10.098,6,digestif,0.688,1.5,8.338,11.029,1.708,5.4,122.9,89.2,12.1,2,Critique
2023-01-01,Chatt,33.876,10.105,5,respiratoire,0.688,1.5,8.338,11.029,1.708,5.4,122.9,89.2,12.1,2,Critique
2023-01-01,Metouia,33.971,10.001,1,oculaire,0.688,1.5,8.338,11.029,1.708,5.4,122.9,89.2,12.1,1,Vigilance
2023-01-01,Chenini,33.899,10.044,3,respiratoire,0.688,1.5,8.338,11.029,1.708,5.4,122.9,89.2,12.1,1,Vigilance
2023-01-01,El Akarit,33.849,10.143,6,oculaire,0.688,1.5,8.338,11.029,1.708,5.4,122.9,89.2,12.1,2,Critique
2023-01-01,Oudhref,33.83,10.087,1,dermatologique,0.688,1.5,8.338,11.029,1.708,5.4,122.9,89.2,12.1,1,Vigilance
2023-01-01,Bab Bhar,33.891,10.118,3,oculaire,0.688,1.5,8.338,11.029,1.708,5.4,122.9,89.2,12.1,1,Vigilance
2023-01-01,Jara,33.905,10.071,1,respiratoire,0.688,1.5,8.338,11.029,1.708,5.4,122.9,89.2,12.1,1,Vigilance
2023-01-02,Bou Chemma,33.882,10.098,11,respiratoire,2.812,1.454,9.5,12.162,1.917,8.82,140.0,73.2,13.5,3,Urgence
2023-01-02,Chatt,33.876,10.105,14,respiratoire,2.812,1.454,9.5,12.162,1.917,8.82,140.0,73.2,13.5,3,Urgence
2023-01-02,Metouia,33.971,10.001,8,respiratoire,2.812,1.454,9.5,12.162,1.917,8.82,140.0,73.2,13.5,3,Urgence
2023-01-02,Chenini,33.899,10.044,6,oculaire,2.812,1.454,9.5,12.162,1.917,8.82,140.0,73.2,13.5,3,Urgence
2023-01-02,El Akarit,33.849,10.143,17,respiratoire,2.812,1.454,9.5,12.162,1.917,8.82,140.0,73.2,13.5,3,Urgence
2023-01-02,Oudhref,33.83,10.087,6,oculaire,2.812,1.454,9.5,12.162,1.917,8.82,140.0,73.2,13.5,3,Urgence
2023-01-02,Bab Bhar,33.891,10.118,4,oculaire,2.812,1.454,9.5,12.162,1.917,8.82,140.0,73.2,13.5,3,Urgence
2023-01-02,Jara,33.905,10.071,9,respiratoire,2.812,1.454,9.5,12.162,1.917,8.82,140.0,73.2,13.5,3,Urgence
2023-01-03,Bou Chemma,33.882,10.098,1,respiratoire,2.454,2.296,10.358,14.15,1.958,5.52,222.4,74.3,13.2,3,Urgence
2023-01-03,Chatt,33.876,10.105,5,oculaire,2.454,2.296,10.358,14.15,1.958,5.52,222.4,74.3,13.2,3,Urgence
2023-01-03,Metouia,33.971,10.001,1,respiratoire,2.454,2.296,10.358,14.15,1.958,5.52,222.4,74.3,13.2,3,Urgence
2023-01-03,Chenini,33.899,10.044,2,respiratoire,2.454,2.296,10.358,14.15,1.958,5.52,222.4,74.3,13.2,3,Urgence
2023-01-03,El Akarit,33.849,10.143,8,respiratoire,2.454,2.296,10.358,14.15,1.958,5.52,222.4,74.3,13.2,3,Urgence
2023-01-03,Oudhref,33.83,10.087,3,respiratoire,2.454,2.296,10.358,14.15,1.958,5.52,222.4,74.3,13.2,3,Urgence
2023-01-03,Bab Bhar,33.891,10.118,1,respiratoire,2.454,2.296,10.358,14.15,1.958,5.52,222.4,74.3,13.2,3,Urgence
2023-01-03,Jara,33.905,10.071,2,respiratoire,2.454,2.296,10.358,14.15,1.958,5.52,222.4,74.3,13.2,3,Urgence
2023-01-04,Bou Chemma,33.882,10.098,6,respiratoire,2.154,2.842,11.004,14.933,3.125,6.59,286.7,59.3,12.9,3,Urgence
2023-01-04,Chatt,33.876,10.105,2,respiratoire,2.154,2.842,11.004,14.933,3.125,6.59,286.7,59.3,12.9,3,Urgence
2023-01-04,Metouia,33.971,10.001,2,respiratoire,2.154,2.842,11.004,14.933,3.125,6.59,286.7,59.3,12.9,3,Urgence
2023-01-04,Chenini,33.899,10.044,2,respiratoire,2.154,2.842,11.004,14.933,3.125,6.59,286.7,59.3,12.9,3,Urgence
2023-01-04,El Akarit,33.849,10.143,6,respiratoire,2.154,2.842,11.004,14.933,3.125,6.59,286.7,59.3,12.9,3,Urgence
2023-01-04,Oudhref,33.83,10.087,2,respiratoire,2.154,2.842,11.004,14.933,3.125,6.59,286.7,59.3,12.9,3,Urgence
2023-01-04,Bab Bhar,33.891,10.118,2,respiratoire,2.154,2.842,11.004,14.933,3.125,6.59,286.7,59.3,12.9,3,Urgence
2023-01-04,Jara,33.905,10.071,1,respiratoire,2.154,2.842,11.004,14.933,3.125,6.59,286.7,59.3,12.9,2,Critique
2023-01-05,Bou Chemma,33.882,10.098,4,respiratoire,1.721,2.617,12.167,16.804,3.167,5.9,206.5,74.5,11.8,2,Critique
2023-01-05,Chatt,33.876,10.105,7,respiratoire,1.721,2.617,12.167,16.804,3.167,5.9,206.5,74.5,11.8,3,Urgence
2023-01-05,Metouia,33.971,10.001,3,respiratoire,1.721,2.617,12.167,16.804,3.167,5.9,206.5,74.5,11.8,2,Critique
2023-01-05,Chenini,33.899,10.044,5,respiratoire,1.721,2.617,12.167,16.804,3.167,5.9,206.5,74.5,11.8,3,Urgence
2023-01-05,El Akarit,33.849,10.143,2,respiratoire,1.721,2.617,12.167,16.804,3.167,5.9,206.5,74.5,11.8,2,Critique
2023-01-05,Oudhref,33.83,10.087,1,respiratoire,1.721,2.617,12.167,16.804,3.167,5.9,206.5,74.5,11.8,2,Critique
2023-01-05,Bab Bhar,33.891,10.118,3,oculaire,1.721,2.617,12.167,16.804,3.167,5.9,206.5,74.5,11.8,2,Critique
2023-01-05,Jara,33.905,10.071,1,oculaire,1.721,2.617,12.167,16.804,3.167,5.9,206.5,74.5,11.8,2,Critique
2023-01-06,Bou Chemma,33.882,10.098,4,respiratoire,1.396,2.408,8.487,12.133,1.75,6.42,223.2,80.9,11.7,2,Critique
2023-01-06,Chatt,33.876,10.105,3,oculaire,1.396,2.408,8.487,12.133,1.75,6.42,223.2,80.9,11.7,2,Critique
2023-01-06,Metouia,33.971,10.001,2,respiratoire,1.396,2.408,8.487,12.133,1.75,6.42,223.2,80.9,11.7,2,Critique
2023-01-06,Chenini,33.899,10.044,1,oculaire,1.396,2.408,8.487,12.133,1.75,6.42,223.2,80.9,11.7,1,Vigilance
2023-01-06,El Akarit,33.849,10.143,1,respiratoire,1.396,2.408,8.487,12.133,1.75,6.42,223.2,80.9,11.7,1,Vigilance
2023-01-06,Oudhref,33.83,10.087,0,digestif,1.396,2.408,8.487,12.133,1.75,6.42,223.2,80.9,11.7,1,Vigilance
2023-01-06,Bab Bhar,33.891,10.118,3,digestif,1.396,2.408,8.487,12.133,1.75,6.42,223.2,80.9,11.7,2,Critique
2023-01-06,Jara,33.905,10.071,4,respiratoire,1.396,2.408,8.487,12.133,1.75,6.42,223.2,80.9,11.7,2,Critique
2023-01-07,Bou Chemma,33.882,10.098,2,respiratoire,1.188,1.929,7.013,11.025,1.75,9.15,303.0,66.6,13.5,1,Vigilance
2023-01-07,Chatt,33.876,10.105,3,respiratoire,1.188,1.929,7.013,11.025,1.75,9.15,303.0,66.6,13.5,1,Vigilance
2023-01-07,Metouia,33.971,10.001,1,respiratoire,1.188,1.929,7.013,11.025,1.75,9.15,303.0,66.6,13.5,1,Vigilance
2023-01-07,Chenini,33.899,10.044,3,respiratoire,1.188,1.929,7.013,11.025,1.75,9.15,303.0,66.6,13.5,1,Vigilance
2023-01-07,El Akarit,33.849,10.143,5,respiratoire,1.188,1.929,7.013,11.025,1.75,9.15,303.0,66.6,13.5,2,Critique
2023-01-07,Oudhref,33.83,10.087,3,oculaire,1.188,1.929,7.013,11.025,1.75,9.15,303.0,66.6,13.5,1,Vigilance
2023-01-07,Bab Bhar,33.891,10.118,1,respiratoire,1.188,1.929,7.013,11.025,1.75,9.15,303.0,66.6,13.5,1,Vigilance
2023-01-07,Jara,33.905,10.071,1,respiratoire,1.188,1.929,7.013,11.025,1.75,9.15,303.0,66.6,13.5,1,Vigilance
2023-01-08,Bou Chemma,33.882,10.098,3,respiratoire,0.846,0.8,8.871,10.267,3.458,19.98,248.6,47.5,12.8,1,Vigilance
2023-01-08,Chatt,33.876,10.105,2,oculaire,0.846,0.8,8.871,10.267,3.458,19.98,248.6,47.5,12.8,1,Vigilance
2023-01-08,Metouia,33.971,10.001,1,oculaire,0.846,0.8,8.871,10.267,3.458,19.98,248.6,47.5,12.8,0,Normal
2023-01-08,Chenini,33.899,10.044,0,respiratoire,0.846,0.8,8.871,10.267,3.458,19.98,248.6,47.5,12.8,0,Normal
2023-01-08,El Akarit,33.849,10.143,5,respiratoire,0.846,0.8,8.871,10.267,3.458,19.98,248.6,47.5,12.8,1,Vigilance
2023-01-08,Oudhref,33.83,10.087,1,respiratoire,0.846,0.8,8.871,10.267,3.458,19.98,248.6,47.5,12.8,0,Normal
2023-01-08,Bab Bhar,33.891,10.118,0,respiratoire,0.846,0.8,8.871,10.267,3.458,19.98,248.6,47.5,12.8,0,Normal
2023-01-08,Jara,33.905,10.071,3,respiratoire,0.846,0.8,8.871,10.267,3.458,19.98,248.6,47.5,12.8,1,Vigilance
2023-01-09,Bou Chemma,33.882,10.098,11,respiratoire,1.363,0.571,27.542,77.346,56.833,32.32,244.4,38.4,13.6,3,Urgence
2023-01-09,Chatt,33.876,10.105,3,respiratoire,1.363,0.571,27.542,77.346,56.833,32.32,244.4,38.4,13.6,3,Urgence
2023-01-09,Metouia,33.971,10.001,4,respiratoire,1.363,0.571,27.542,77.346,56.833,32.32,244.4,38.4,13.6,3,Urgence
2023-01-09,Chenini,33.899,10.044,4,respiratoire,1.363,0.571,27.542,77.346,56.833,32.32,244.4,38.4,13.6,3,Urgence
2023-01-09,El Akarit,33.849,10.143,8,respiratoire,1.363,0.571,27.542,77.346,56.833,32.32,244.4,38.4,13.6,3,Urgence
2023-01-09,Oudhref,33.83,10.087,7,dermatologique,1.363,0.571,27.542,77.346,56.833,32.32,244.4,38.4,13.6,3,Urgence
2023-01-09,Bab Bhar,33.891,10.118,2,respiratoire,1.363,0.571,27.542,77.346,56.833,32.32,244.4,38.4,13.6,3,Urgence
2023-01-09,Jara,33.905,10.071,1,respiratoire,1.363,0.571,27.542,77.346,56.833,32.32,244.4,38.4,13.6,3,Urgence
2023-01-10,Bou Chemma,33.882,10.098,1,oculaire,1.558,1.679,8.054,16.396,5.833,14.06,276.3,40.5,15.3,2,Critique
2023-01-10,Chatt,33.876,10.105,0,oculaire,1.558,1.679,8.054,16.396,5.833,14.06,276.3,40.5,15.3,1,Vigilance
2023-01-10,Metouia,33.971,10.001,1,respiratoire,1.558,1.679,8.054,16.396,5.833,14.06,276.3,40.5,15.3,2,Critique
2023-01-10,Chenini,33.899,10.044,4,respiratoire,1.558,1.679,8.054,16.396,5.833,14.06,276.3,40.5,15.3,2,Critique
2023-01-10,El Akarit,33.849,10.143,6,digestif,1.558,1.679,8.054,16.396,5.833,14.06,276.3,40.5,15.3,2,Critique
2023-01-10,Oudhref,33.83,10.087,3,respiratoire,1.558,1.679,8.054,16.396,5.833,14.06,276.3,40.5,15.3,2,Critique
2023-01-10,Bab Bhar,33.891,10.118,3,oculaire,1.558,1.679,8.054,16.396,5.833,14.06,276.3,40.5,15.3,2,Critique
2023-01-10,Jara,33.905,10.071,1,digestif,1.558,1.679,8.054,16.396,5.833,14.06,276.3,40.5,15.3,2,Critique
2023-01-11,Bou Chemma,33.882,10.098,0,respiratoire,1.092,1.858,4.917,10.2,0.083,9.0,266.9,50.7,13.6,0,Normal
2023-01-11,Chatt,33.876,10.105,4,respiratoire,1.092,1.858,4.917,10.2,0.083,9.0,266.9,50.7,13.6,1,Vigilance
2023-01-11,Metouia,33.971,10.001,0,respiratoire,1.092,1.858,4.917,10.2,0.083,9.0,266.9,50.7,13.6,0,Normal
2023-01-11,Chenini,33.899,10.044,3,respiratoire,1.092,1.858,4.917,10.2,0.083,9.0,266.9,50.7,13.6,1,Vigilance
2023-01-11,El Akarit,33.849,10.143,0,respiratoire,1.092,1.858,4.917,10.2,0.083,9.0,266.9,50.7,13.6,0,Normal
2023-01-11,Oudhref,33.83,10.087,1,respiratoire,1.092,1.858,4.917,10.2,0.083,9.0,266.9,50.7,13.6,0,Normal
2023-01-11,Bab Bhar,33.891,10.118,0,respiratoire,1.092,1.858,4.917,10.2,0.083,9.0,266.9,50.7,13.6,0,Normal
2023-01-11,Jara,33.905,10.071,2,respiratoire,1.092,1.858,4.917,10.2,0.083,9.0,266.9,50.7,13.6,1,Vigilance
2023-01-12,Bou Chemma,33.882,10.098,1,oculaire,1.083,1.475,5.179,9.188,0.792,15.46,264.1,45.2,14.4,0,Normal
2023-01-12,Chatt,33.876,10.105,1,respiratoire,1.083,1.475,5.179,9.188,0.792,15.46,264.1,45.2,14.4,0,Normal
2023-01-12,Metouia,33.971,10.001,1,respiratoire,1.083,1.475,5.179,9.188,0.792,15.46,264.1,45.2,14.4,0,Normal
2023-01-12,Chenini,33.899,10.044,4,respiratoire,1.083,1.475,5.179,9.188,0.792,15.46,264.1,45.2,14.4,1,Vigilance
2023-01-12,El Akarit,33.849,10.143,4,respiratoire,1.083,1.475,5.179,9.188,0.792,15.46,264.1,45.2,14.4,1,Vigilance
2023-01-12,Oudhref,33.83,10.087,0,respiratoire,1.083,1.475,5.179,9.188,0.792,15.46,264.1,45.2,14.4,0,Normal
2023-01-12,Bab Bhar,33.891,10.118,0,respiratoire,1.083,1.475,5.179,9.188,0.792,15.46,264.1,45.2,14.4,0,Normal
2023-01-12,Jara,33.905,10.071,0,respiratoire,1.083,1.475,5.179,9.188,0.792,15.46,264.1,45.2,14.4,0,Normal
2023-01-13,Bou Chemma,33.882,10.098,4,oculaire,1.213,1.967,5.462,12.604,0.0,7.49,288.3,56.7,12.6,1,Vigilance
2023-01-13,Chatt,33.876,10.105,2,dermatologique,1.213,1.967,5.462,12.604,0.0,7.49,288.3,56.7,12.6,1,Vigilance
2023-01-13,Metouia,33.971,10.001,0,oculaire,1.213,1.967,5.462,12.604,0.0,7.49,288.3,56.7,12.6,0,Normal
2023-01-13,Chenini,33.899,10.044,2,respiratoire,1.213,1.967,5.462,12.604,0.0,7.49,288.3,56.7,12.6,1,Vigilance
2023-01-13,El Akarit,33.849,10.143,4,respiratoire,1.213,1.967,5.462,12.604,0.0,7.49,288.3,56.7,12.6,1,Vigilance
2023-01-13,Oudhref,33.83,10.087,2,respiratoire,1.213,1.967,5.462,12.604,0.0,7.49,288.3,56.7,12.6,1,Vigilance
2023-01-13,Bab Bhar,33.891,10.118,2,respiratoire,1.213,1.967,5.462,12.604,0.0,7.49,288.3,56.7,12.6,1,Vigilance
2023-01-13,Jara,33.905,10.071,0,respiratoire,1.213,1.967,5.462,12.604,0.0,7.49,288.3,56.7,12.6,0,Normal
2023-01-14,Bou Chemma,33.882,10.098,2,respiratoire,1.208,1.842,5.8,10.812,0.375,10.71,236.3,55.7,13.3,1,Vigilance
2023-01-14,Chatt,33.876,10.105,4,oculaire,1.208,1.842,5.8,10.812,0.375,10.71,236.3,55.7,13.3,1,Vigilance
2023-01-14,Metouia,33.971,10.001,1,digestif,1.208,1.842,5.8,10.812,0.375,10.71,236.3,55.7,13.3,1,Vigilance
2023-01-14,Chenini,33.899,10.044,3,respiratoire,1.208,1.842,5.8,10.812,0.375,10.71,236.3,55.7,13.3,1,Vigilance
2023-01-14,El Akarit,33.849,10.143,2,respiratoire,1.208,1.842,5.8,10.812,0.375,10.71,236.3,55.7,13.3,1,Vigilance
2023-01-14,Oudhref,33.83,10.087,0,oculaire,1.208,1.842,5.8,10.812,0.375,10.71,236.3,55.7,13.3,0,Normal
2023-01-14,Bab Bhar,33.891,10.118,1,respiratoire,1.208,1.842,5.8,10.812,0.375,10.71,236.3,55.7,13.3,1,Vigilance
2023-01-14,Jara,33.905,10.071,1,oculaire,1.208,1.842,5.8,10.812,0.375,10.71,236.3,55.7,13.3,1,Vigilance
2023-01-15,Bou Chemma,33.882,10.098,3,respiratoire,0.883,1.142,6.483,20.321,6.083,20.18,256.7,56.7,12.8,1,Vigilance
2023-01-15,Chatt,33.876,10.105,8,respiratoire,0.883,1.142,6.483,20.321,6.083,20.18,256.7,56.7,12.8,2,Critique
2023-01-15,Metouia,33.971,10.001,0,dermatologique,0.883,1.142,6.483,20.321,6.083,20.18,256.7,56.7,12.8,0,Normal
2023-01-15,Chenini,33.899,10.044,1,oculaire,0.883,1.142,6.483,20.321,6.083,20.18,256.7,56.7,12.8,0,Normal
2023-01-15,El Akarit,33.849,10.143,2,oculaire,0.883,1.142,6.483,20.321,6.083,20.18,256.7,56.7,12.8,0,Normal
2023-01-15,Oudhref,33.83,10.087,2,digestif,0.883,1.142,6.483,20.321,6.083,20.18,256.7,56.7,12.8,0,Normal
2023-01-15,Bab Bhar,33.891,10.118,1,digestif,0.883,1.142,6.483,20.321,6.083,20.18,256.7,56.7,12.8,0,Normal
2023-01-15,Jara,33.905,10.071,1,respiratoire,0.883,1.142,6.483,20.321,6.083,20.18,256.7,56.7,12.8,0,Normal
2023-01-16,Bou Chemma,33.882,10.098,5,respiratoire,1.008,0.608,21.333,60.733,37.042,28.73,244.1,50.8,13.2,3,Urgence
2023-01-16,Chatt,33.876,10.105,11,dermatologique,1.008,0.608,21.333,60.733,37.042,28.73,244.1,50.8,13.2,3,Urgence
2023-01-16,Metouia,33.971,10.001,4,respiratoire,1.008,0.608,21.333,60.733,37.042,28.73,244.1,50.8,13.2,2,Critique
2023-01-16,Chenini,33.899,10.044,2,respiratoire,1.008,0.608,21.333,60.733,37.042,28.73,244.1,50.8,13.2,2,Critique
2023-01-16,El Akarit,33.849,10.143,4,respiratoire,1.008,0.608,21.333,60.733,37.042,28.73,244.1,50.8,13.2,2,Critique
2023-01-16,Oudhref,33.83,10.087,4,respiratoire,1.008,0.608,21.333,60.733,37.042,28.73,244.1,50.8,13.2,2,Critique
2023-01-16,Bab Bhar,33.891,10.118,2,respiratoire,1.008,0.608,21.333,60.733,37.042,28.73,244.1,50.8,13.2,2,Critique
2023-01-16,Jara,33.905,10.071,2,respiratoire,1.008,0.608,21.333,60.733,37.042,28.73,244.1,50.8,13.2,2,Critique
2023-01-17,Bou Chemma,33.882,10.098,21,respiratoire,1.617,0.621,57.233,172.763,155.792,35.62,241.5,36.9,15.2,3,Urgence
2023-01-17,Chatt,33.876,10.105,26,respiratoire,1.617,0.621,57.233,172.763,155.792,35.62,241.5,36.9,15.2,3,Urgence
2023-01-17,Metouia,33.971,10.001,9,respiratoire,1.617,0.621,57.233,172.763,155.792,35.62,241.5,36.9,15.2,3,Urgence
2023-01-17,Chenini,33.899,10.044,9,respiratoire,1.617,0.621,57.233,172.763,155.792,35.62,241.5,36.9,15.2,3,Urgence
2023-01-17,El Akarit,33.849,10.143,22,respiratoire,1.617,0.621,57.233,172.763,155.792,35.62,241.5,36.9,15.2,3,Urgence
2023-01-17,Oudhref,33.83,10.087,5,oculaire,1.617,0.621,57.233,172.763,155.792,35.62,241.5,36.9,15.2,3,Urgence
2023-01-17,Bab Bhar,33.891,10.118,10,respiratoire,1.617,0.621,57.233,172.763,155.792,35.62,241.5,36.9,15.2,3,Urgence
2023-01-17,Jara,33.905,10.071,8,respiratoire,1.617,0.621,57.233,172.763,155.792,35.62,241.5,36.9,15.2,3,Urgence
2023-01-18,Bou Chemma,33.882,10.098,12,respiratoire,1.304,0.812,47.829,167.188,117.0,24.29,238.2,32.5,16.2,3,Urgence
2023-01-18,Chatt,33.876,10.105,23,respiratoire,1.304,0.812,47.829,167.188,117.0,24.29,238.2,32.5,16.2,3,Urgence
2023-01-18,Metouia,33.971,10.001,9,digestif,1.304,0.812,47.829,167.188,117.0,24.29,238.2,32.5,16.2,3,Urgence
2023-01-18,Chenini,33.899,10.044,8,respiratoire,1.304,0.812,47.829,167.188,117.0,24.29,238.2,32.5,16.2,3,Urgence
2023-01-18,El Akarit,33.849,10.143,18,respiratoire,1.304,0.812,47.829,167.188,117.0,24.29,238.2,32.5,16.2,3,Urgence
2023-01-18,Oudhref,33.83,10.087,5,respiratoire,1.304,0.812,47.829,167.188,117.0,24.29,238.2,32.5,16.2,3,Urgence
2023-01-18,Bab Bhar,33.891,10.118,13,oculaire,1.304,0.812,47.829,167.188,117.0,24.29,238.2,32.5,16.2,3,Urgence
2023-01-18,Jara,33.905,10.071,7,respiratoire,1.304,0.812,47.829,167.188,117.0,24.29,238.2,32.5,16.2,3,Urgence
2023-01-19,Bou Chemma,33.882,10.098,5,dermatologique,0.921,1.258,17.008,51.071,32.0,23.28,266.2,31.9,12.3,2,Critique
2023-01-19,Chatt,33.876,10.105,7,respiratoire,0.921,1.258,17.008,51.071,32.0,23.28,266.2,31.9,12.3,2,Critique
2023-01-19,Metouia,33.971,10.001,5,dermatologique,0.921,1.258,17.008,51.071,32.0,23.28,266.2,31.9,12.3,2,Critique
2023-01-19,Chenini,33.899,10.044,2,oculaire,0.921,1.258,17.008,51.071,32.0,23.28,266.2,31.9,12.3,2,Critique
2023-01-19,El Akarit,33.849,10.143,6,oculaire,0.921,1.258,17.008,51.071,32.0,23.28,266.2,31.9,12.3,2,Critique
2023-01-19,Oudhref,33.83,10.087,0,oculaire,0.921,1.258,17.008,51.071,32.0,23.28,266.2,31.9,12.3,1,Vigilance
2023-01-19,Bab Bhar,33.891,10.118,4,digestif,0.921,1.258,17.008,51.071,32.0,23.28,266.2,31.9,12.3,2,Critique
2023-01-19,Jara,33.905,10.071,1,oculaire,0.921,1.258,17.008,51.071,32.0,23.28,266.2,31.9,12.3,2,Critique
2023-01-20,Bou Chemma,33.882,10.098,8,oculaire,0.871,0.946,33.708,104.246,84.458,28.1,245.1,37.1,10.5,3,Urgence
2023-01-20,Chatt,33.876,10.105,14,oculaire,0.871,0.946,33.708,104.246,84.458,28.1,245.1,37.1,10.5,3,Urgence
2023-01-20,Metouia,33.971,10.001,5,respiratoire,0.871,0.946,33.708,104.246,84.458,28.1,245.1,37.1,10.5,3,Urgence
2023-01-20,Chenini,33.899,10.044,6,dermatologique,0.871,0.946,33.708,104.246,84.458,28.1,245.1,37.1,10.5,3,Urgence
2023-01-20,El Akarit,33.849,10.143,18,oculaire,0.871,0.946,33.708,104.246,84.458,28.1,245.1,37.1,10.5,3,Urgence
2023-01-20,Oudhref,33.83,10.087,9,respiratoire,0.871,0.946,33.708,104.246,84.458,28.1,245.1,37.1,10.5,3,Urgence
2023-01-20,Bab Bhar,33.891,10.118,8,respiratoire,0.871,0.946,33.708,104.246,84.458,28.1,245.1,37.1,10.5,3,Urgence
2023-01-20,Jara,33.905,10.071,1,respiratoire,0.871,0.946,33.708,104.246,84.458,28.1,245.1,37.1,10.5,3,Urgence
2023-01-21,Bou Chemma,33.882,10.098,3,respiratoire,0.933,1.458,6.058,16.942,6.292,9.48,232.0,39.1,11.7,1,Vigilance
2023-01-21,Chatt,33.876,10.105,2,respiratoire,0.933,1.458,6.058,16.942,6.292,9.48,232.0,39.1,11.7,0,Normal
2023-01-21,Metouia,33.971,10.001,0,respiratoire,0.933,1.458,6.058,16.942,6.292,9.48,232.0,39.1,11.7,0,Normal
2023-01-21,Chenini,33.899,10.044,1,dermatologique,0.933,1.458,6.058,16.942,6.292,9.48,232.0,39.1,11.7,0,Normal
2023-01-21,El Akarit,33.849,10.143,3,oculaire,0.933,1.458,6.058,16.942,6.292,9.48,232.0,39.1,11.7,1,Vigilance
2023-01-21,Oudhref,33.83,10.087,0,dermatologique,0.933,1.458,6.058,16.942,6.292,9.48,232.0,39.1,11.7,0,Normal
2023-01-21,Bab Bhar,33.891,10.118,0,respiratoire,0.933,1.458,6.058,16.942,6.292,9.48,232.0,39.1,11.7,0,Normal
2023-01-21,Jara,33.905,10.071,0,dermatologique,0.933,1.458,6.058,16.942,6.292,9.48,232.0,39.1,11.7,0,Normal
2023-01-22,Bou Chemma,33.882,10.098,2,oculaire,0.754,1.229,3.925,8.883,0.917,12.96,287.3,44.0,10.7,0,Normal
2023-01-22,Chatt,33.876,10.105,0,digestif,0.754,1.229,3.925,8.883,0.917,12.96,287.3,44.0,10.7,0,Normal
2023-01-22,Metouia,33.971,10.001,0,respiratoire,0.754,1.229,3.925,8.883,0.917,12.96,287.3,44.0,10.7,0,Normal
2023-01-22,Chenini,33.899,10.044,0,respiratoire,0.754,1.229,3.925,8.883,0.917,12.96,287.3,44.0,10.7,0,Normal
2023-01-22,El Akarit,33.849,10.143,1,digestif,0.754,1.229,3.925,8.883,0.917,12.96,287.3,44.0,10.7,0,Normal
2023-01-22,Oudhref,33.83,10.087,0,oculaire,0.754,1.229,3.925,8.883,0.917,12.96,287.3,44.0,10.7,0,Normal
2023-01-22,Bab Bhar,33.891,10.118,0,respiratoire,0.754,1.229,3.925,8.883,0.917,12.96,287.3,44.0,10.7,0,Normal
2023-01-22,Jara,33.905,10.071,1,respiratoire,0.754,1.229,3.925,8.883,0.917,12.96,287.3,44.0,10.7,0,Normal
2023-01-23,Bou Chemma,33.882,10.098,3,respiratoire,1.067,2.012,6.013,11.575,4.542,8.3,249.7,41.3,8.0,1,Vigilance
2023-01-23,Chatt,33.876,10.105,1,respiratoire,1.067,2.012,6.013,11.575,4.542,8.3,249.7,41.3,8.0,0,Normal
2023-01-23,Metouia,33.971,10.001,2,respiratoire,1.067,2.012,6.013,11.575,4.542,8.3,249.7,41.3,8.0,1,Vigilance
2023-01-23,Chenini,33.899,10.044,0,respiratoire,1.067,2.012,6.013,11.575,4.542,8.3,249.7,41.3,8.0,0,Normal
2023-01-23,El Akarit,33.849,10.143,0,respiratoire,1.067,2.012,6.013,11.575,4.542,8.3,249.7,41.3,8.0,0,Normal
2023-01-23,Oudhref,33.83,10.087,1,respiratoire,1.067,2.012,6.013,11.575,4.542,8.3,249.7,41.3,8.0,0,Normal
2023-01-23,Bab Bhar,33.891,10.118,0,respiratoire,1.067,2.012,6.013,11.575,4.542,8.3,249.7,41.3,8.0,0,Normal
2023-01-23,Jara,33.905,10.071,0,oculaire,1.067,2.012,6.013,11.575,4.542,8.3,249.7,41.3,8.0,0,Normal
2023-01-24,Bou Chemma,33.882,10.098,4,respiratoire,1.025,1.65,7.025,13.871,9.208,12.61,256.2,39.2,7.7,1,Vigilance
2023-01-24,Chatt,33.876,10.105,1,respiratoire,1.025,1.65,7.025,13.871,9.208,12.61,256.2,39.2,7.7,0,Normal
2023-01-24,Metouia,33.971,10.001,0,respiratoire,1.025,1.65,7.025,13.871,9.208,12.61,256.2,39.2,7.7,0,Normal
2023-01-24,Chenini,33.899,10.044,0,oculaire,1.025,1.65,7.025,13.871,9.208,12.61,256.2,39.2,7.7,0,Normal
2023-01-24,El Akarit,33.849,10.143,4,respiratoire,1.025,1.65,7.025,13.871,9.208,12.61,256.2,39.2,7.7,1,Vigilance
2023-01-24,Oudhref,33.83,10.087,1,oculaire,1.025,1.65,7.025,13.871,9.208,12.61,256.2,39.2,7.7,0,Normal
2023-01-24,Bab Bhar,33.891,10.118,1,respiratoire,1.025,1.65,7.025,13.871,9.208,12.61,256.2,39.2,7.7,0,Normal
2023-01-24,Jara,33.905,10.071,1,digestif,1.025,1.65,7.025,13.871,9.208,12.61,256.2,39.2,7.7,0,Normal
2023-01-25,Bou Chemma,33.882,10.098,0,digestif,0.867,1.183,5.304,7.792,1.708,15.5,242.7,41.7,8.3,0,Normal
2023-01-25,Chatt,33.876,10.105,3,respiratoire,0.867,1.183,5.304,7.792,1.708,15.5,242.7,41.7,8.3,0,Normal
2023-01-25,Metouia,33.971,10.001,0,oculaire,0.867,1.183,5.304,7.792,1.708,15.5,242.7,41.7,8.3,0,Normal
2023-01-25,Chenini,33.899,10.044,1,respiratoire,0.867,1.183,5.304,7.792,1.708,15.5,242.7,41.7,8.3,0,Normal
2023-01-25,El Akarit,33.849,10.143,3,respiratoire,0.867,1.183,5.304,7.792,1.708,15.5,242.7,41.7,8.3,0,Normal
2023-01-25,Oudhref,33.83,10.087,0,dermatologique,0.867,1.183,5.304,7.792,1.708,15.5,242.7,41.7,8.3,0,Normal
2023-01-25,Bab Bhar,33.891,10.118,0,oculaire,0.867,1.183,5.304,7.792,1.708,15.5,242.7,41.7,8.3,0,Normal
2023-01-25,Jara,33.905,10.071,0,oculaire,0.867,1.183,5.304,7.792,1.708,15.5,242.7,41.7,8.3,0,Normal
2023-01-26,Bou Chemma,33.882,10.098,3,respiratoire,0.787,1.1,8.492,18.6,4.583,21.14,248.2,51.6,8.9,1,Vigilance
2023-01-26,Chatt,33.876,10.105,5,dermatologique,0.787,1.1,8.492,18.6,4.583,21.14,248.2,51.6,8.9,1,Vigilance
2023-01-26,Metouia,33.971,10.001,1,oculaire,0.787,1.1,8.492,18.6,4.583,21.14,248.2,51.6,8.9,0,Normal
2023-01-26,Chenini,33.899,10.044,0,respiratoire,0.787,1.1,8.492,18.6,4.583,21.14,248.2,51.6,8.9,0,Normal
2023-01-26,El Akarit,33.849,10.143,1,oculaire,0.787,1.1,8.492,18.6,4.583,21.14,248.2,51.6,8.9,0,Normal
2023-01-26,Oudhref,33.83,10.087,0,respiratoire,0.787,1.1,8.492,18.6,4.583,21.14,248.2,51.6,8.9,0,Normal
2023-01-26,Bab Bhar,33.891,10.118,0,respiratoire,0.787,1.1,8.492,18.6,4.583,21.14,248.2,51.6,8.9,0,Normal
2023-01-26,Jara,33.905,10.071,1,oculaire,0.787,1.1,8.492,18.6,4.583,21.14,248.2,51.6,8.9,0,Normal
2023-01-27,Bou Chemma,33.882,10.098,4,respiratoire,1.033,1.7,9.983,15.825,4.75,18.4,252.7,50.2,9.7,2,Critique
2023-01-27,Chatt,33.876,10.105,2,respiratoire,1.033,1.7,9.983,15.825,4.75,18.4,252.7,50.2,9.7,1,Vigilance
2023-01-27,Metouia,33.971,10.001,1,digestif,1.033,1.7,9.983,15.825,4.75,18.4,252.7,50.2,9.7,1,Vigilance
2023-01-27,Chenini,33.899,10.044,0,respiratoire,1.033,1.7,9.983,15.825,4.75,18.4,252.7,50.2,9.7,1,Vigilance
2023-01-27,El Akarit,33.849,10.143,4,digestif,1.033,1.7,9.983,15.825,4.75,18.4,252.7,50.2,9.7,2,Critique
2023-01-27,Oudhref,33.83,10.087,2,oculaire,1.033,1.7,9.983,15.825,4.75,18.4,252.7,50.2,9.7,1,Vigilance
2023-01-27,Bab Bhar,33.891,10.118,1,dermatologique,1.033,1.7,9.983,15.825,4.75,18.4,252.7,50.2,9.7,1,Vigilance
2023-01-27,Jara,33.905,10.071,0,dermatologique,1.033,1.7,9.983,15.825,4.75,18.4,252.7,50.2,9.7,1,Vigilance
2023-01-28,Bou Chemma,33.882,10.098,1,oculaire,1.037,1.25,7.846,12.258,3.375,14.42,253.4,49.4,9.5,1,Vigilance
2023-01-28,Chatt,33.876,10.105,6,respiratoire,1.037,1.25,7.846,12.258,3.375,14.42,253.4,49.4,9.5,2,Critique
2023-01-28,Metouia,33.971,10.001,0,dermatologique,1.037,1.25,7.846,12.258,3.375,14.42,253.4,49.4,9.5,0,Normal
2023-01-28,Chenini,33.899,10.044,1,oculaire,1.037,1.25,7.846,12.258,3.375,14.42,253.4,49.4,9.5,1,Vigilance
2023-01-28,El Akarit,33.849,10.143,4,oculaire,1.037,1.25,7.846,12.258,3.375,14.42,253.4,49.4,9.5,1,Vigilance
2023-01-28,Oudhref,33.83,10.087,0,dermatologique,1.037,1.25,7.846,12.258,3.375,14.42,253.4,49.4,9.5,0,Normal
2023-01-28,Bab Bhar,33.891,10.118,4,respiratoire,1.037,1.25,7.846,12.258,3.375,14.42,253.4,49.4,9.5,1,Vigilance
2023-01-28,Jara,33.905,10.071,1,oculaire,1.037,1.25,7.846,12.258,3.375,14.42,253.4,49.4,9.5,1,Vigilance
2023-01-29,Bou Chemma,33.882,10.098,1,respiratoire,1.062,1.838,7.221,10.483,0.5,7.48,243.2,54.6,8.8,1,Vigilance
2023-01-29,Chatt,33.876,10.105,3,respiratoire,1.062,1.838,7.221,10.483,0.5,7.48,243.2,54.6,8.8,1,Vigilance
2023-01-29,Metouia,33.971,10.001,2,respiratoire,1.062,1.838,7.221,10.483,0.5,7.48,243.2,54.6,8.8,1,Vigilance
2023-01-29,Chenini,33.899,10.044,2,respiratoire,1.062,1.838,7.221,10.483,0.5,7.48,243.2,54.6,8.8,1,Vigilance
2023-01-29,El Akarit,33.849,10.143,1,oculaire,1.062,1.838,7.221,10.483,0.5,7.48,243.2,54.6,8.8,1,Vigilance
2023-01-29,Oudhref,33.83,10.087,4,oculaire,1.062,1.838,7.221,10.483,0.5,7.48,243.2,54.6,8.8,1,Vigilance
2023-01-29,Bab Bhar,33.891,10.118,1,respiratoire,1.062,1.838,7.221,10.483,0.5,7.48,243.2,54.6,8.8,1,Vigilance
2023-01-29,Jara,33.905,10.071,3,respiratoire,1.062,1.838,7.221,10.483,0.5,7.48,243.2,54.6,8.8,1,Vigilance
2023-01-30,Bou Chemma,33.882,10.098,2,respiratoire,1.167,2.167,6.638,10.479,0.375,10.92,290.8,54.4,9.8,1,Vigilance
2023-01-30,Chatt,33.876,10.105,1,respiratoire,1.167,2.167,6.638,10.479,0.375,10.92,290.8,54.4,9.8,1,Vigilance
2023-01-30,Metouia,33.971,10.001,0,respiratoire,1.167,2.167,6.638,10.479,0.375,10.92,290.8,54.4,9.8,0,Normal
2023-01-30,Chenini,33.899,10.044,2,respiratoire,1.167,2.167,6.638,10.479,0.375,10.92,290.8,54.4,9.8,1,Vigilance
2023-01-30,El Akarit,33.849,10.143,3,respiratoire,1.167,2.167,6.638,10.479,0.375,10.92,290.8,54.4,9.8,1,Vigilance
2023-01-30,Oudhref,33.83,10.087,3,respiratoire,1.167,2.167,6.638,10.479,0.375,10.92,290.8,54.4,9.8,1,Vigilance
2023-01-30,Bab Bhar,33.891,10.118,1,digestif,1.167,2.167,6.638,10.479,0.375,10.92,290.8,54.4,9.8,1,Vigilance
2023-01-30,Jara,33.905,10.071,2,respiratoire,1.167,2.167,6.638,10.479,0.375,10.92,290.8,54.4,9.8,1,Vigilance
2023-01-31,Bou Chemma,33.882,10.098,1,respiratoire,1.321,2.129,7.0,11.45,1.375,13.37,259.2,47.7,10.6,1,Vigilance
2023-01-31,Chatt,33.876,10.105,2,dermatologique,1.321,2.129,7.0,11.45,1.375,13.37,259.2,47.7,10.6,1,Vigilance
2023-01-31,Metouia,33.971,10.001,3,respiratoire,1.321,2.129,7.0,11.45,1.375,13.37,259.2,47.7,10.6,1,Vigilance
2023-01-31,Chenini,33.899,10.044,2,oculaire,1.321,2.129,7.0,11.45,1.375,13.37,259.2,47.7,10.6,1,Vigilance
2023-01-31,El Akarit,33.849,10.143,1,respiratoire,1.321,2.129,7.0,11.45,1.375,13.37,259.2,47.7,10.6,1,Vigilance
2023-01-31,Oudhref,33.83,10.087,2,oculaire,1.321,2.129,7.0,11.45,1.375,13.37,259.2,47.7,10.6,1,Vigilance
2023-01-31,Bab Bhar,33.891,10.118,0,respiratoire,1.321,2.129,7.0,11.45,1.375,13.37,259.2,47.7,10.6,1,Vigilance
2023-01-31,Jara,33.905,10.071,5,respiratoire,1.321,2.129,7.0,11.45,1.375,13.37,259.2,47.7,10.6,2,Critique
2023-02-01,Bou Chemma,33.882,10.098,2,oculaire,1.396,2.238,8.008,13.867,1.0,8.5,259.6,48.3,11.1,2,Critique
2023-02-01,Chatt,33.876,10.105,1,respiratoire,1.396,2.238,8.008,13.867,1.0,8.5,259.6,48.3,11.1,1,Vigilance
2023-02-01,Metouia,33.971,10.001,1,oculaire,1.396,2.238,8.008,13.867,1.0,8.5,259.6,48.3,11.1,1,Vigilance
2023-02-01,Chenini,33.899,10.044,1,respiratoire,1.396,2.238,8.008,13.867,1.0,8.5,259.6,48.3,11.1,1,Vigilance
2023-02-01,El Akarit,33.849,10.143,4,oculaire,1.396,2.238,8.008,13.867,1.0,8.5,259.6,48.3,11.1,2,Critique
2023-02-01,Oudhref,33.83,10.087,4,oculaire,1.396,2.238,8.008,13.867,1.0,8.5,259.6,48.3,11.1,2,Critique
2023-02-01,Bab Bhar,33.891,10.118,3,respiratoire,1.396,2.238,8.008,13.867,1.0,8.5,259.6,48.3,11.1,2,Critique
2023-02-01,Jara,33.905,10.071,2,oculaire,1.396,2.238,8.008,13.867,1.0,8.5,259.6,48.3,11.1,2,Critique
2023-02-02,Bou Chemma,33.882,10.098,7,respiratoire,0.987,1.754,7.233,12.875,0.542,8.58,172.2,58.1,10.2,2,Critique
2023-02-02,Chatt,33.876,10.105,9,dermatologique,0.987,1.754,7.233,12.875,0.542,8.58,172.2,58.1,10.2,2,Critique
2023-02-02,Metouia,33.971,10.001,3,dermatologique,0.987,1.754,7.233,12.875,0.542,8.58,172.2,58.1,10.2,2,Critique
2023-02-02,Chenini,33.899,10.044,1,respiratoire,0.987,1.754,7.233,12.875,0.542,8.58,172.2,58.1,10.2,1,Vigilance
2023-02-02,El Akarit,33.849,10.143,5,digestif,0.987,1.754,7.233,12.875,0.542,8.58,172.2,58.1,10.2,2,Critique
2023-02-02,Oudhref,33.83,10.087,5,respiratoire,0.987,1.754,7.233,12.875,0.542,8.58,172.2,58.1,10.2,2,Critique
2023-02-02,Bab Bhar,33.891,10.118,4,respiratoire,0.987,1.754,7.233,12.875,0.542,8.58,172.2,58.1,10.2,2,Critique
2023-02-02,Jara,33.905,10.071,3,digestif,0.987,1.754,7.233,12.875,0.542,8.58,172.2,58.1,10.2,2,Critique
2023-02-03,Bou Chemma,33.882,10.098,2,oculaire,0.521,0.871,5.775,11.237,0.125,16.63,84.0,80.0,11.9,1,Vigilance
2023-02-03,Chatt,33.876,10.105,4,dermatologique,0.521,0.871,5.775,11.237,0.125,16.63,84.0,80.0,11.9,1,Vigilance
2023-02-03,Metouia,33.971,10.001,2,respiratoire,0.521,0.871,5.775,11.237,0.125,16.63,84.0,80.0,11.9,1,Vigilance
2023-02-03,Chenini,33.899,10.044,3,respiratoire,0.521,0.871,5.775,11.237,0.125,16.63,84.0,80.0,11.9,1,Vigilance
2023-02-03,El Akarit,33.849,10.143,2,digestif,0.521,0.871,5.775,11.237,0.125,16.63,84.0,80.0,11.9,1,Vigilance
2023-02-03,Oudhref,33.83,10.087,2,digestif,0.521,0.871,5.775,11.237,0.125,16.63,84.0,80.0,11.9,1,Vigilance
2023-02-03,Bab Bhar,33.891,10.118,5,respiratoire,0.521,0.871,5.775,11.237,0.125,16.63,84.0,80.0,11.9,1,Vigilance
2023-02-03,Jara,33.905,10.071,4,respiratoire,0.521,0.871,5.775,11.237,0.125,16.63,84.0,80.0,11.9,1,Vigilance
2023-02-04,Bou Chemma,33.882,10.098,4,oculaire,0.904,1.054,5.533,10.287,0.0,11.45,79.8,77.8,12.4,2,Critique
2023-02-04,Chatt,33.876,10.105,4,respiratoire,0.904,1.054,5.533,10.287,0.0,11.45,79.8,77.8,12.4,2,Critique
2023-02-04,Metouia,33.971,10.001,3,oculaire,0.904,1.054,5.533,10.287,0.0,11.45,79.8,77.8,12.4,1,Vigilance
2023-02-04,Chenini,33.899,10.044,2,respiratoire,0.904,1.054,5.533,10.287,0.0,11.45,79.8,77.8,12.4,1,Vigilance
2023-02-04,El Akarit,33.849,10.143,3,respiratoire,0.904,1.054,5.533,10.287,0.0,11.45,79.8,77.8,12.4,1,Vigilance
2023-02-04,Oudhref,33.83,10.087,3,respiratoire,0.904,1.054,5.533,10.287,0.0,11.45,79.8,77.8,12.4,1,Vigilance
2023-02-04,Bab Bhar,33.891,10.118,1,respiratoire,0.904,1.054,5.533,10.287,0.0,11.45,79.8,77.8,12.4,1,Vigilance
2023-02-04,Jara,33.905,10.071,0,respiratoire,0.904,1.054,5.533,10.287,0.0,11.45,79.8,77.8,12.4,1,Vigilance
2023-02-05,Bou Chemma,33.882,10.098,1,oculaire,0.975,1.633,6.571,12.992,0.0,11.44,183.6,70.2,11.8,0,Normal
2023-02-05,Chatt,33.876,10.105,2,respiratoire,0.975,1.633,6.571,12.992,0.0,11.44,183.6,70.2,11.8,1,Vigilance
2023-02-05,Metouia,33.971,10.001,0,oculaire,0.975,1.633,6.571,12.992,0.0,11.44,183.6,70.2,11.8,0,Normal
2023-02-05,Chenini,33.899,10.044,1,dermatologique,0.975,1.633,6.571,12.992,0.0,11.44,183.6,70.2,11.8,0,Normal
2023-02-05,El Akarit,33.849,10.143,0,oculaire,0.975,1.633,6.571,12.992,0.0,11.44,183.6,70.2,11.8,0,Normal
2023-02-05,Oudhref,33.83,10.087,3,respiratoire,0.975,1.633,6.571,12.992,0.0,11.44,183.6,70.2,11.8,1,Vigilance
2023-02-05,Bab Bhar,33.891,10.118,1,digestif,0.975,1.633,6.571,12.992,0.0,11.44,183.6,70.2,11.8,0,Normal
2023-02-05,Jara,33.905,10.071,2,oculaire,0.975,1.633,6.571,12.992,0.0,11.44,183.6,70.2,11.8,1,Vigilance
2023-02-06,Bou Chemma,33.882,10.098,3,respiratoire,0.796,1.004,3.946,9.158,0.0,11.52,118.9,66.8,12.7,1,Vigilance
2023-02-06,Chatt,33.876,10.105,4,respiratoire,0.796,1.004,3.946,9.158,0.0,11.52,118.9,66.8,12.7,1,Vigilance
2023-02-06,Metouia,33.971,10.001,3,oculaire,0.796,1.004,3.946,9.158,0.0,11.52,118.9,66.8,12.7,1,Vigilance
2023-02-06,Chenini,33.899,10.044,3,respiratoire,0.796,1.004,3.946,9.158,0.0,11.52,118.9,66.8,12.7,1,Vigilance
2023-02-06,El Akarit,33.849,10.143,2,respiratoire,0.796,1.004,3.946,9.158,0.0,11.52,118.9,66.8,12.7,1,Vigilance
2023-02-06,Oudhref,33.83,10.087,4,respiratoire,0.796,1.004,3.946,9.158,0.0,11.52,118.9,66.8,12.7,1,Vigilance
2023-02-06,Bab Bhar,33.891,10.118,2,digestif,0.796,1.004,3.946,9.158,0.0,11.52,118.9,66.8,12.7,1,Vigilance
2023-02-06,Jara,33.905,10.071,3,digestif,0.796,1.004,3.946,9.158,0.0,11.52,118.9,66.8,12.7,1,Vigilance
2023-02-07,Bou Chemma,33.882,10.098,16,respiratoire,2.625,1.367,5.458,8.708,0.417,14.83,119.3,66.5,12.1,3,Urgence
2023-02-07,Chatt,33.876,10.105,8,respiratoire,2.625,1.367,5.458,8.708,0.417,14.83,119.3,66.5,12.1,3,Urgence
2023-02-07,Metouia,33.971,10.001,5,dermatologique,2.625,1.367,5.458,8.708,0.417,14.83,119.3,66.5,12.1,3,Urgence
2023-02-07,Chenini,33.899,10.044,6,respiratoire,2.625,1.367,5.458,8.708,0.417,14.83,119.3,66.5,12.1,3,Urgence
2023-02-07,El Akarit,33.849,10.143,12,respiratoire,2.625,1.367,5.458,8.708,0.417,14.83,119.3,66.5,12.1,3,Urgence
2023-02-07,Oudhref,33.83,10.087,5,dermatologique,2.625,1.367,5.458,8.708,0.417,14.83,119.3,66.5,12.1,3,Urgence
2023-02-07,Bab Bhar,33.891,10.118,3,respiratoire,2.625,1.367,5.458,8.708,0.417,14.83,119.3,66.5,12.1,3,Urgence
2023-02-07,Jara,33.905,10.071,6,respiratoire,2.625,1.367,5.458,8.708,0.417,14.83,119.3,66.5,12.1,3,Urgence
2023-02-08,Bou Chemma,33.882,10.098,12,oculaire,1.108,1.192,9.583,23.183,10.958,24.53,159.8,76.5,12.4,3,Urgence
2023-02-08,Chatt,33.876,10.105,13,oculaire,1.108,1.192,9.583,23.183,10.958,24.53,159.8,76.5,12.4,3,Urgence
2023-02-08,Metouia,33.971,10.001,2,respiratoire,1.108,1.192,9.583,23.183,10.958,24.53,159.8,76.5,12.4,2,Critique
2023-02-08,Chenini,33.899,10.044,3,respiratoire,1.108,1.192,9.583,23.183,10.958,24.53,159.8,76.5,12.4,2,Critique
2023-02-08,El Akarit,33.849,10.143,16,respiratoire,1.108,1.192,9.583,23.183,10.958,24.53,159.8,76.5,12.4,3,Urgence
2023-02-08,Oudhref,33.83,10.087,1,dermatologique,1.108,1.192,9.583,23.183,10.958,24.53,159.8,76.5,12.4,2,Critique
2023-02-08,Bab Bhar,33.891,10.118,1,dermatologique,1.108,1.192,9.583,23.183,10.958,24.53,159.8,76.5,12.4,2,Critique
2023-02-08,Jara,33.905,10.071,6,respiratoire,1.108,1.192,9.583,23.183,10.958,24.53,159.8,76.5,12.4,2,Critique
2023-02-09,Bou Chemma,33.882,10.098,2,oculaire,0.904,1.542,4.425,7.075,0.375,20.95,331.9,72.9,10.9,0,Normal
2023-02-09,Chatt,33.876,10.105,1,oculaire,0.904,1.542,4.425,7.075,0.375,20.95,331.9,72.9,10.9,0,Normal
2023-02-09,Metouia,33.971,10.001,0,digestif,0.904,1.542,4.425,7.075,0.375,20.95,331.9,72.9,10.9,0,Normal
2023-02-09,Chenini,33.899,10.044,0,oculaire,0.904,1.542,4.425,7.075,0.375,20.95,331.9,72.9,10.9,0,Normal
2023-02-09,El Akarit,33.849,10.143,4,digestif,0.904,1.542,4.425,7.075,0.375,20.95,331.9,72.9,10.9,1,Vigilance
2023-02-09,Oudhref,33.83,10.087,1,dermatologique,0.904,1.542,4.425,7.075,0.375,20.95,331.9,72.9,10.9,0,Normal
2023-02-09,Bab Bhar,33.891,10.118,1,respiratoire,0.904,1.542,4.425,7.075,0.375,20.95,331.9,72.9,10.9,0,Normal
2023-02-09,Jara,33.905,10.071,1,oculaire,0.904,1.542,4.425,7.075,0.375,20.95,331.9,72.9,10.9,0,Normal
2023-02-10,Bou Chemma,33.882,10.098,0,oculaire,0.654,1.363,4.175,9.421,2.417,25.72,331.2,65.6,10.0,0,Normal
2023-02-10,Chatt,33.876,10.105,1,dermatologique,0.654,1.363,4.175,9.421,2.417,25.72,331.2,65.6,10.0,0,Normal
2023-02-10,Metouia,33.971,10.001,0,digestif,0.654,1.363,4.175,9.421,2.417,25.72,331.2,65.6,10.0,0,Normal
2023-02-10,Chenini,33.899,10.044,1,oculaire,0.654,1.363,4.175,9.421,2.417,25.72,331.2,65.6,10.0,0,Normal
2023-02-10,El Akarit,33.849,10.143,2,oculaire,0.654,1.363,4.175,9.421,2.417,25.72,331.2,65.6,10.0,0,Normal
2023-02-10,Oudhref,33.83,10.087,2,respiratoire,0.654,1.363,4.175,9.421,2.417,25.72,331.2,65.6,10.0,0,Normal
2023-02-10,Bab Bhar,33.891,10.118,1,oculaire,0.654,1.363,4.175,9.421,2.417,25.72,331.2,65.6,10.0,0,Normal
2023-02-10,Jara,33.905,10.071,0,respiratoire,0.654,1.363,4.175,9.421,2.417,25.72,331.2,65.6,10.0,0,Normal
2023-02-11,Bou Chemma,33.882,10.098,5,respiratoire,0.646,0.838,5.067,13.671,1.042,29.86,104.8,84.1,11.4,1,Vigilance
2023-02-11,Chatt,33.876,10.105,2,oculaire,0.646,0.838,5.067,13.671,1.042,29.86,104.8,84.1,11.4,1,Vigilance
2023-02-11,Metouia,33.971,10.001,2,digestif,0.646,0.838,5.067,13.671,1.042,29.86,104.8,84.1,11.4,1,Vigilance
2023-02-11,Chenini,33.899,10.044,2,respiratoire,0.646,0.838,5.067,13.671,1.042,29.86,104.8,84.1,11.4,1,Vigilance
2023-02-11,El Akarit,33.849,10.143,9,respiratoire,0.646,0.838,5.067,13.671,1.042,29.86,104.8,84.1,11.4,2,Critique
2023-02-11,Oudhref,33.83,10.087,0,oculaire,0.646,0.838,5.067,13.671,1.042,29.86,104.8,84.1,11.4,0,Normal
2023-02-11,Bab Bhar,33.891,10.118,3,dermatologique,0.646,0.838,5.067,13.671,1.042,29.86,104.8,84.1,11.4,1,Vigilance
2023-02-11,Jara,33.905,10.071,1,respiratoire,0.646,0.838,5.067,13.671,1.042,29.86,104.8,84.1,11.4,0,Normal
2023-02-12,Bou Chemma,33.882,10.098,1,respiratoire,0.729,0.633,5.096,10.625,0.542,17.66,36.1,82.3,11.5,0,Normal
2023-02-12,Chatt,33.876,10.105,2,oculaire,0.729,0.633,5.096,10.625,0.542,17.66,36.1,82.3,11.5,0,Normal
2023-02-12,Metouia,33.971,10.001,1,respiratoire,0.729,0.633,5.096,10.625,0.542,17.66,36.1,82.3,11.5,0,Normal
2023-02-12,Chenini,33.899,10.044,0,respiratoire,0.729,0.633,5.096,10.625,0.542,17.66,36.1,82.3,11.5,0,Normal
2023-02-12,El Akarit,33.849,10.143,1,oculaire,0.729,0.633,5.096,10.625,0.542,17.66,36.1,82.3,11.5,0,Normal
2023-02-12,Oudhref,33.83,10.087,1,oculaire,0.729,0.633,5.096,10.625,0.542,17.66,36.1,82.3,11.5,0,Normal
2023-02-12,Bab Bhar,33.891,10.118,0,dermatologique,0.729,0.633,5.096,10.625,0.542,17.66,36.1,82.3,11.5,0,Normal
2023-02-12,Jara,33.905,10.071,0,digestif,0.729,0.633,5.096,10.625,0.542,17.66,36.1,82.3,11.5,0,Normal
2023-02-13,Bou Chemma,33.882,10.098,7,respiratoire,0.875,1.158,6.442,10.696,0.292,11.04,135.9,83.7,10.7,2,Critique
2023-02-13,Chatt,33.876,10.105,7,digestif,0.875,1.158,6.442,10.696,0.292,11.04,135.9,83.7,10.7,2,Critique
2023-02-13,Metouia,33.971,10.001,2,oculaire,0.875,1.158,6.442,10.696,0.292,11.04,135.9,83.7,10.7,1,Vigilance
2023-02-13,Chenini,33.899,10.044,2,oculaire,0.875,1.158,6.442,10.696,0.292,11.04,135.9,83.7,10.7,1,Vigilance
2023-02-13,El Akarit,33.849,10.143,3,oculaire,0.875,1.158,6.442,10.696,0.292,11.04,135.9,83.7,10.7,2,Critique
2023-02-13,Oudhref,33.83,10.087,2,respiratoire,0.875,1.158,6.442,10.696,0.292,11.04,135.9,83.7,10.7,1,Vigilance
2023-02-13,Bab Bhar,33.891,10.118,3,oculaire,0.875,1.158,6.442,10.696,0.292,11.04,135.9,83.7,10.7,2,Critique
2023-02-13,Jara,33.905,10.071,5,respiratoire,0.875,1.158,6.442,10.696,0.292,11.04,135.9,83.7,10.7,2,Critique
2023-02-14,Bou Chemma,33.882,10.098,4,digestif,1.004,1.283,7.871,11.225,0.0,9.03,170.4,83.0,10.4,2,Critique
2023-02-14,Chatt,33.876,10.105,4,oculaire,1.004,1.283,7.871,11.225,0.0,9.03,170.4,83.0,10.4,2,Critique
2023-02-14,Metouia,33.971,10.001,2,oculaire,1.004,1.283,7.871,11.225,0.0,9.03,170.4,83.0,10.4,2,Critique
2023-02-14,Chenini,33.899,10.044,4,oculaire,1.004,1.283,7.871,11.225,0.0,9.03,170.4,83.0,10.4,2,Critique
2023-02-14,El Akarit,33.849,10.143,8,oculaire,1.004,1.283,7.871,11.225,0.0,9.03,170.4,83.0,10.4,2,Critique
2023-02-14,Oudhref,33.83,10.087,2,respiratoire,1.004,1.283,7.871,11.225,0.0,9.03,170.4,83.0,10.4,2,Critique
2023-02-14,Bab Bhar,33.891,10.118,5,respiratoire,1.004,1.283,7.871,11.225,0.0,9.03,170.4,83.0,10.4,2,Critique
2023-02-14,Jara,33.905,10.071,5,oculaire,1.004,1.283,7.871,11.225,0.0,9.03,170.4,83.0,10.4,2,Critique
2023-02-15,Bou Chemma,33.882,10.098,1,respiratoire,1.154,1.796,8.696,10.45,0.0,6.03,214.1,74.2,10.2,1,Vigilance
2023-02-15,Chatt,33.876,10.105,3,respiratoire,1.154,1.796,8.696,10.45,0.0,6.03,214.1,74.2,10.2,1,Vigilance
2023-02-15,Metouia,33.971,10.001,0,respiratoire,1.154,1.796,8.696,10.45,0.0,6.03,214.1,74.2,10.2,1,Vigilance
2023-02-15,Chenini,33.899,10.044,0,digestif,1.154,1.796,8.696,10.45,0.0,6.03,214.1,74.2,10.2,1,Vigilance
2023-02-15,El Akarit,33.849,10.143,2,respiratoire,1.154,1.796,8.696,10.45,0.0,6.03,214.1,74.2,10.2,1,Vigilance
2023-02-15,Oudhref,33.83,10.087,1,digestif,1.154,1.796,8.696,10.45,0.0,6.03,214.1,74.2,10.2,1,Vigilance
2023-02-15,Bab Bhar,33.891,10.118,3,digestif,1.154,1.796,8.696,10.45,0.0,6.03,214.1,74.2,10.2,1,Vigilance
2023-02-15,Jara,33.905,10.071,0,oculaire,1.154,1.796,8.696,10.45,0.0,6.03,214.1,74.2,10.2,1,Vigilance
2023-02-16,Bou Chemma,33.882,10.098,12,oculaire,1.946,1.7,7.892,10.379,0.0,6.84,161.8,78.8,11.0,3,Urgence
2023-02-16,Chatt,33.876,10.105,10,respiratoire,1.946,1.7,7.892,10.379,0.0,6.84,161.8,78.8,11.0,3,Urgence
2023-02-16,Metouia,33.971,10.001,1,dermatologique,1.946,1.7,7.892,10.379,0.0,6.84,161.8,78.8,11.0,2,Critique
2023-02-16,Chenini,33.899,10.044,6,respiratoire,1.946,1.7,7.892,10.379,0.0,6.84,161.8,78.8,11.0,3,Urgence
2023-02-16,El Akarit,33.849,10.143,7,dermatologique,1.946,1.7,7.892,10.379,0.0,6.84,161.8,78.8,11.0,3,Urgence
2023-02-16,Oudhref,33.83,10.087,3,respiratoire,1.946,1.7,7.892,10.379,0.0,6.84,161.8,78.8,11.0,3,Urgence
2023-02-16,Bab Bhar,33.891,10.118,2,respiratoire,1.946,1.7,7.892,10.379,0.0,6.84,161.8,78.8,11.0,3,Urgence
2023-02-16,Jara,33.905,10.071,5,respiratoire,1.946,1.7,7.892,10.379,0.0,6.84,161.8,78.8,11.0,3,Urgence
2023-02-17,Bou Chemma,33.882,10.098,11,respiratoire,1.65,2.058,11.3,14.479,0.667,6.55,170.8,85.6,11.0,3,Urgence
2023-02-17,Chatt,33.876,10.105,15,respiratoire,1.65,2.058,11.3,14.479,0.667,6.55,170.8,85.6,11.0,3,Urgence
2023-02-17,Metouia,33.971,10.001,5,respiratoire,1.65,2.058,11.3,14.479,0.667,6.55,170.8,85.6,11.0,3,Urgence
2023-02-17,Chenini,33.899,10.044,1,respiratoire,1.65,2.058,11.3,14.479,0.667,6.55,170.8,85.6,11.0,2,Critique
2023-02-17,El Akarit,33.849,10.143,13,respiratoire,1.65,2.058,11.3,14.479,0.667,6.55,170.8,85.6,11.0,3,Urgence
2023-02-17,Oudhref,33.83,10.087,1,respiratoire,1.65,2.058,11.3,14.479,0.667,6.55,170.8,85.6,11.0,2,Critique
2023-02-17,Bab Bhar,33.891,10.118,7,respiratoire,1.65,2.058,11.3,14.479,0.667,6.55,170.8,85.6,11.0,3,Urgence
2023-02-17,Jara,33.905,10.071,4,respiratoire,1.65,2.058,11.3,14.479,0.667,6.55,170.8,85.6,11.0,3,Urgence
2023-02-18,Bou Chemma,33.882,10.098,11,dermatologique,0.838,1.667,8.375,11.5,0.375,6.79,165.7,82.0,11.0,3,Urgence
2023-02-18,Chatt,33.876,10.105,8,oculaire,0.838,1.667,8.375,11.5,0.375,6.79,165.7,82.0,11.0,2,Critique
2023-02-18,Metouia,33.971,10.001,2,respiratoire,0.838,1.667,8.375,11.5,0.375,6.79,165.7,82.0,11.0,1,Vigilance
2023-02-18,Chenini,33.899,10.044,1,respiratoire,0.838,1.667,8.375,11.5,0.375,6.79,165.7,82.0,11.0,1,Vigilance
2023-02-18,El Akarit,33.849,10.143,4,respiratoire,0.838,1.667,8.375,11.5,0.375,6.79,165.7,82.0,11.0,2,Critique
2023-02-18,Oudhref,33.83,10.087,3,respiratoire,0.838,1.667,8.375,11.5,0.375,6.79,165.7,82.0,11.0,2,Critique
2023-02-18,Bab Bhar,33.891,10.118,3,respiratoire,0.838,1.667,8.375,11.5,0.375,6.79,165.7,82.0,11.0,2,Critique
2023-02-18,Jara,33.905,10.071,4,respiratoire,0.838,1.667,8.375,11.5,0.375,6.79,165.7,82.0,11.0,2,Critique
2023-02-19,Bou Chemma,33.882,10.098,1,oculaire,1.242,1.771,7.804,10.588,0.5,6.45,223.7,71.2,11.5,1,Vigilance
2023-02-19,Chatt,33.876,10.105,2,dermatologique,1.242,1.771,7.804,10.588,0.5,6.45,223.7,71.2,11.5,1,Vigilance
2023-02-19,Metouia,33.971,10.001,1,dermatologique,1.242,1.771,7.804,10.588,0.5,6.45,223.7,71.2,11.5,1,Vigilance
2023-02-19,Chenini,33.899,10.044,2,oculaire,1.242,1.771,7.804,10.588,0.5,6.45,223.7,71.2,11.5,1,Vigilance
2023-02-19,El Akarit,33.849,10.143,2,digestif,1.242,1.771,7.804,10.588,0.5,6.45,223.7,71.2,11.5,1,Vigilance
2023-02-19,Oudhref,33.83,10.087,0,respiratoire,1.242,1.771,7.804,10.588,0.5,6.45,223.7,71.2,11.5,1,Vigilance
2023-02-19,Bab Bhar,33.891,10.118,1,respiratoire,1.242,1.771,7.804,10.588,0.5,6.45,223.7,71.2,11.5,1,Vigilance
2023-02-19,Jara,33.905,10.071,1,respiratoire,1.242,1.771,7.804,10.588,0.5,6.45,223.7,71.2,11.5,1,Vigilance
2023-02-20,Bou Chemma,33.882,10.098,3,oculaire,1.325,1.804,7.029,10.3,1.417,9.99,238.1,58.3,13.3,1,Vigilance
2023-02-20,Chatt,33.876,10.105,5,oculaire,1.325,1.804,7.029,10.3,1.417,9.99,238.1,58.3,13.3,2,Critique
2023-02-20,Metouia,33.971,10.001,3,respiratoire,1.325,1.804,7.029,10.3,1.417,9.99,238.1,58.3,13.3,1,Vigilance
2023-02-20,Chenini,33.899,10.044,2,respiratoire,1.325,1.804,7.029,10.3,1.417,9.99,238.1,58.3,13.3,1,Vigilance
2023-02-20,El Akarit,33.849,10.143,2,respiratoire,1.325,1.804,7.029,10.3,1.417,9.99,238.1,58.3,13.3,1,Vigilance
2023-02-20,Oudhref,33.83,10.087,2,respiratoire,1.325,1.804,7.029,10.3,1.417,9.99,238.1,58.3,13.3,1,Vigilance
2023-02-20,Bab Bhar,33.891,10.118,1,respiratoire,1.325,1.804,7.029,10.3,1.417,9.99,238.1,58.3,13.3,1,Vigilance
2023-02-20,Jara,33.905,10.071,3,oculaire,1.325,1.804,7.029,10.3,1.417,9.99,238.1,58.3,13.3,1,Vigilance
2023-02-21,Bou Chemma,33.882,10.098,1,respiratoire,0.95,1.658,7.308,10.412,2.583,13.66,240.9,47.5,14.2,0,Normal
2023-02-21,Chatt,33.876,10.105,3,respiratoire,0.95,1.658,7.308,10.412,2.583,13.66,240.9,47.5,14.2,1,Vigilance
2023-02-21,Metouia,33.971,10.001,1,oculaire,0.95,1.658,7.308,10.412,2.583,13.66,240.9,47.5,14.2,0,Normal
2023-02-21,Chenini,33.899,10.044,2,respiratoire,0.95,1.658,7.308,10.412,2.583,13.66,240.9,47.5,14.2,1,Vigilance
2023-02-21,El Akarit,33.849,10.143,2,digestif,0.95,1.658,7.308,10.412,2.583,13.66,240.9,47.5,14.2,1,Vigilance
2023-02-21,Oudhref,33.83,10.087,0,oculaire,0.95,1.658,7.308,10.412,2.583,13.66,240.9,47.5,14.2,0,Normal
2023-02-21,Bab Bhar,33.891,10.118,0,dermatologique,0.95,1.658,7.308,10.412,2.583,13.66,240.9,47.5,14.2,0,Normal
2023-02-21,Jara,33.905,10.071,1,respiratoire,0.95,1.658,7.308,10.412,2.583,13.66,240.9,47.5,14.2,0,Normal
2023-02-22,Bou Chemma,33.882,10.098,4,oculaire,0.746,0.846,10.117,17.021,7.0,24.6,243.9,32.8,16.9,1,Vigilance
2023-02-22,Chatt,33.876,10.105,4,respiratoire,0.746,0.846,10.117,17.021,7.0,24.6,243.9,32.8,16.9,1,Vigilance
2023-02-22,Metouia,33.971,10.001,1,digestif,0.746,0.846,10.117,17.021,7.0,24.6,243.9,32.8,16.9,0,Normal
2023-02-22,Chenini,33.899,10.044,0,oculaire,0.746,0.846,10.117,17.021,7.0,24.6,243.9,32.8,16.9,0,Normal
2023-02-22,El Akarit,33.849,10.143,2,oculaire,0.746,0.846,10.117,17.021,7.0,24.6,243.9,32.8,16.9,1,Vigilance
2023-02-22,Oudhref,33.83,10.087,2,oculaire,0.746,0.846,10.117,17.021,7.0,24.6,243.9,32.8,16.9,1,Vigilance
2023-02-22,Bab Bhar,33.891,10.118,1,digestif,0.746,0.846,10.117,17.021,7.0,24.6,243.9,32.8,16.9,0,Normal
2023-02-22,Jara,33.905,10.071,1,respiratoire,0.746,0.846,10.117,17.021,7.0,24.6,243.9,32.8,16.9,0,Normal
2023-02-23,Bou Chemma,33.882,10.098,5,respiratoire,1.096,1.579,9.379,17.5,9.167,14.78,244.7,21.6,18.2,2,Critique
2023-02-23,Chatt,33.876,10.105,2,respiratoire,1.096,1.579,9.379,17.5,9.167,14.78,244.7,21.6,18.2,1,Vigilance
2023-02-23,Metouia,33.971,10.001,5,respiratoire,1.096,1.579,9.379,17.5,9.167,14.78,244.7,21.6,18.2,2,Critique
2023-02-23,Chenini,33.899,10.044,1,respiratoire,1.096,1.579,9.379,17.5,9.167,14.78,244.7,21.6,18.2,1,Vigilance
2023-02-23,El Akarit,33.849,10.143,4,respiratoire,1.096,1.579,9.379,17.5,9.167,14.78,244.7,21.6,18.2,2,Critique
2023-02-23,Oudhref,33.83,10.087,1,respiratoire,1.096,1.579,9.379,17.5,9.167,14.78,244.7,21.6,18.2,1,Vigilance
2023-02-23,Bab Bhar,33.891,10.118,1,respiratoire,1.096,1.579,9.379,17.5,9.167,14.78,244.7,21.6,18.2,1,Vigilance
2023-02-23,Jara,33.905,10.071,2,respiratoire,1.096,1.579,9.379,17.5,9.167,14.78,244.7,21.6,18.2,1,Vigilance
2023-02-24,Bou Chemma,33.882,10.098,7,oculaire,0.725,1.608,7.458,15.112,9.167,10.08,151.9,24.2,19.0,2,Critique
2023-02-24,Chatt,33.876,10.105,10,respiratoire,0.725,1.608,7.458,15.112,9.167,10.08,151.9,24.2,19.0,2,Critique
2023-02-24,Metouia,33.971,10.001,2,dermatologique,0.725,1.608,7.458,15.112,9.167,10.08,151.9,24.2,19.0,1,Vigilance
2023-02-24,Chenini,33.899,10.044,3,digestif,0.725,1.608,7.458,15.112,9.167,10.08,151.9,24.2,19.0,1,Vigilance
2023-02-24,El Akarit,33.849,10.143,3,dermatologique,0.725,1.608,7.458,15.112,9.167,10.08,151.9,24.2,19.0,1,Vigilance
2023-02-24,Oudhref,33.83,10.087,2,respiratoire,0.725,1.608,7.458,15.112,9.167,10.08,151.9,24.2,19.0,1,Vigilance
2023-02-24,Bab Bhar,33.891,10.118,1,oculaire,0.725,1.608,7.458,15.112,9.167,10.08,151.9,24.2,19.0,1,Vigilance
2023-02-24,Jara,33.905,10.071,3,respiratoire,0.725,1.608,7.458,15.112,9.167,10.08,151.9,24.2,19.0,1,Vigilance
2023-02-25,Bou Chemma,33.882,10.098,26,dermatologique,0.404,0.713,99.308,291.342,208.667,28.38,208.5,27.5,20.9,3,Urgence
2023-02-25,Chatt,33.876,10.105,26,respiratoire,0.404,0.713,99.308,291.342,208.667,28.38,208.5,27.5,20.9,3,Urgence
2023-02-25,Metouia,33.971,10.001,14,dermatologique,0.404,0.713,99.308,291.342,208.667,28.38,208.5,27.5,20.9,3,Urgence
2023-02-25,Chenini,33.899,10.044,15,respiratoire,0.404,0.713,99.308,291.342,208.667,28.38,208.5,27.5,20.9,3,Urgence
2023-02-25,El Akarit,33.849,10.143,23,respiratoire,0.404,0.713,99.308,291.342,208.667,28.38,208.5,27.5,20.9,3,Urgence
2023-02-25,Oudhref,33.83,10.087,18,oculaire,0.404,0.713,99.308,291.342,208.667,28.38,208.5,27.5,20.9,3,Urgence
2023-02-25,Bab Bhar,33.891,10.118,16,oculaire,0.404,0.713,99.308,291.342,208.667,28.38,208.5,27.5,20.9,3,Urgence
2023-02-25,Jara,33.905,10.071,14,oculaire,0.404,0.713,99.308,291.342,208.667,28.38,208.5,27.5,20.9,3,Urgence
2023-02-26,Bou Chemma,33.882,10.098,10,dermatologique,0.792,0.938,21.167,107.337,90.125,21.86,247.0,36.7,16.0,3,Urgence
2023-02-26,Chatt,33.876,10.105,14,oculaire,0.792,0.938,21.167,107.337,90.125,21.86,247.0,36.7,16.0,3,Urgence
2023-02-26,Metouia,33.971,10.001,3,oculaire,0.792,0.938,21.167,107.337,90.125,21.86,247.0,36.7,16.0,2,Critique
2023-02-26,Chenini,33.899,10.044,4,respiratoire,0.792,0.938,21.167,107.337,90.125,21.86,247.0,36.7,16.0,2,Critique
2023-02-26,El Akarit,33.849,10.143,7,oculaire,0.792,0.938,21.167,107.337,90.125,21.86,247.0,36.7,16.0,3,Urgence
2023-02-26,Oudhref,33.83,10.087,6,dermatologique,0.792,0.938,21.167,107.337,90.125,21.86,247.0,36.7,16.0,2,Critique
2023-02-26,Bab Bhar,33.891,10.118,2,oculaire,0.792,0.938,21.167,107.337,90.125,21.86,247.0,36.7,16.0,2,Critique
2023-02-26,Jara,33.905,10.071,6,oculaire,0.792,0.938,21.167,107.337,90.125,21.86,247.0,36.7,16.0,2,Critique
2023-02-27,Bou Chemma,33.882,10.098,5,oculaire,0.783,1.304,10.363,36.925,23.417,12.98,237.5,40.1,15.9,1,Vigilance
2023-02-27,Chatt,33.876,10.105,5,oculaire,0.783,1.304,10.363,36.925,23.417,12.98,237.5,40.1,15.9,1,Vigilance
2023-02-27,Metouia,33.971,10.001,3,dermatologique,0.783,1.304,10.363,36.925,23.417,12.98,237.5,40.1,15.9,1,Vigilance
2023-02-27,Chenini,33.899,10.044,0,respiratoire,0.783,1.304,10.363,36.925,23.417,12.98,237.5,40.1,15.9,0,Normal
2023-02-27,El Akarit,33.849,10.143,3,respiratoire,0.783,1.304,10.363,36.925,23.417,12.98,237.5,40.1,15.9,1,Vigilance
2023-02-27,Oudhref,33.83,10.087,1,dermatologique,0.783,1.304,10.363,36.925,23.417,12.98,237.5,40.1,15.9,1,Vigilance
2023-02-27,Bab Bhar,33.891,10.118,4,oculaire,0.783,1.304,10.363,36.925,23.417,12.98,237.5,40.1,15.9,1,Vigilance
2023-02-27,Jara,33.905,10.071,1,dermatologique,0.783,1.304,10.363,36.925,23.417,12.98,237.5,40.1,15.9,1,Vigilance
2023-02-28,Bou Chemma,33.882,10.098,2,oculaire,0.858,1.258,15.6,52.408,43.917,17.78,251.8,40.2,14.5,2,Critique
2023-02-28,Chatt,33.876,10.105,8,oculaire,0.858,1.258,15.6,52.408,43.917,17.78,251.8,40.2,14.5,2,Critique
2023-02-28,Metouia,33.971,10.001,3,respiratoire,0.858,1.258,15.6,52.408,43.917,17.78,251.8,40.2,14.5,2,Critique
2023-02-28,Chenini,33.899,10.044,3,oculaire,0.858,1.258,15.6,52.408,43.917,17.78,251.8,40.2,14.5,2,Critique
2023-02-28,El Akarit,33.849,10.143,4,oculaire,0.858,1.258,15.6,52.408,43.917,17.78,251.8,40.2,14.5,2,Critique
2023-02-28,Oudhref,33.83,10.087,5,dermatologique,0.858,1.258,15.6,52.408,43.917,17.78,251.8,40.2,14.5,2,Critique
2023-02-28,Bab Bhar,33.891,10.118,2,respiratoire,0.858,1.258,15.6,52.408,43.917,17.78,251.8,40.2,14.5,2,Critique
2023-02-28,Jara,33.905,10.071,1,respiratoire,0.858,1.258,15.6,52.408,43.917,17.78,251.8,40.2,14.5,1,Vigilance
2023-03-01,Bou Chemma,33.882,10.098,6,respiratoire,0.658,1.025,14.296,27.304,21.083,20.35,248.8,36.4,12.6,2,Critique
2023-03-01,Chatt,33.876,10.105,1,respiratoire,0.658,1.025,14.296,27.304,21.083,20.35,248.8,36.4,12.6,1,Vigilance
2023-03-01,Metouia,33.971,10.001,6,dermatologique,0.658,1.025,14.296,27.304,21.083,20.35,248.8,36.4,12.6,2,Critique
2023-03-01,Chenini,33.899,10.044,2,respiratoire,0.658,1.025,14.296,27.304,21.083,20.35,248.8,36.4,12.6,1,Vigilance
2023-03-01,El Akarit,33.849,10.143,5,respiratoire,0.658,1.025,14.296,27.304,21.083,20.35,248.8,36.4,12.6,2,Critique
2023-03-01,Oudhref,33.83,10.087,0,oculaire,0.658,1.025,14.296,27.304,21.083,20.35,248.8,36.4,12.6,1,Vigilance
2023-03-01,Bab Bhar,33.891,10.118,3,dermatologique,0.658,1.025,14.296,27.304,21.083,20.35,248.8,36.4,12.6,1,Vigilance
2023-03-01,Jara,33.905,10.071,2,dermatologique,0.658,1.025,14.296,27.304,21.083,20.35,248.8,36.4,12.6,1,Vigilance
2023-03-02,Bou Chemma,33.882,10.098,3,digestif,0.746,1.425,8.154,17.333,12.167,13.97,244.1,36.3,14.3,1,Vigilance
2023-03-02,Chatt,33.876,10.105,2,respiratoire,0.746,1.425,8.154,17.333,12.167,13.97,244.1,36.3,14.3,0,Normal
2023-03-02,Metouia,33.971,10.001,0,respiratoire,0.746,1.425,8.154,17.333,12.167,13.97,244.1,36.3,14.3,0,Normal
2023-03-02,Chenini,33.899,10.044,1,oculaire,0.746,1.425,8.154,17.333,12.167,13.97,244.1,36.3,14.3,0,Normal
2023-03-02,El Akarit,33.849,10.143,3,dermatologique,0.746,1.425,8.154,17.333,12.167,13.97,244.1,36.3,14.3,1,Vigilance
2023-03-02,Oudhref,33.83,10.087,4,respiratoire,0.746,1.425,8.154,17.333,12.167,13.97,244.1,36.3,14.3,1,Vigilance
2023-03-02,Bab Bhar,33.891,10.118,0,digestif,0.746,1.425,8.154,17.333,12.167,13.97,244.1,36.3,14.3,0,Normal
2023-03-02,Jara,33.905,10.071,0,oculaire,0.746,1.425,8.154,17.333,12.167,13.97,244.1,36.3,14.3,0,Normal
2023-03-03,Bou Chemma,33.882,10.098,3,digestif,0.758,1.225,6.533,10.425,2.917,16.45,258.8,41.1,14.5,0,Normal
2023-03-03,Chatt,33.876,10.105,1,respiratoire,0.758,1.225,6.533,10.425,2.917,16.45,258.8,41.1,14.5,0,Normal
2023-03-03,Metouia,33.971,10.001,4,oculaire,0.758,1.225,6.533,10.425,2.917,16.45,258.8,41.1,14.5,1,Vigilance
2023-03-03,Chenini,33.899,10.044,1,respiratoire,0.758,1.225,6.533,10.425,2.917,16.45,258.8,41.1,14.5,0,Normal
2023-03-03,El Akarit,33.849,10.143,4,oculaire,0.758,1.225,6.533,10.425,2.917,16.45,258.8,41.1,14.5,1,Vigilance
2023-03-03,Oudhref,33.83,10.087,2,oculaire,0.758,1.225,6.533,10.425,2.917,16.45,258.8,41.1,14.5,0,Normal
2023-03-03,Bab Bhar,33.891,10.118,0,respiratoire,0.758,1.225,6.533,10.425,2.917,16.45,258.8,41.1,14.5,0,Normal
2023-03-03,Jara,33.905,10.071,1,dermatologique,0.758,1.225,6.533,10.425,2.917,16.45,258.8,41.1,14.5,0,Normal
2023-03-04,Bou Chemma,33.882,10.098,4,respiratoire,0.592,1.442,8.55,15.029,4.75,14.45,255.7,42.2,12.6,1,Vigilance
2023-03-04,Chatt,33.876,10.105,2,respiratoire,0.592,1.442,8.55,15.029,4.75,14.45,255.7,42.2,12.6,0,Normal
2023-03-04,Metouia,33.971,10.001,0,dermatologique,0.592,1.442,8.55,15.029,4.75,14.45,255.7,42.2,12.6,0,Normal
2023-03-04,Chenini,33.899,10.044,0,respiratoire,0.592,1.442,8.55,15.029,4.75,14.45,255.7,42.2,12.6,0,Normal
2023-03-04,El Akarit,33.849,10.143,2,respiratoire,0.592,1.442,8.55,15.029,4.75,14.45,255.7,42.2,12.6,0,Normal
2023-03-04,Oudhref,33.83,10.087,1,respiratoire,0.592,1.442,8.55,15.029,4.75,14.45,255.7,42.2,12.6,0,Normal
2023-03-04,Bab Bhar,33.891,10.118,0,respiratoire,0.592,1.442,8.55,15.029,4.75,14.45,255.7,42.2,12.6,0,Normal
2023-03-04,Jara,33.905,10.071,0,respiratoire,0.592,1.442,8.55,15.029,4.75,14.45,255.7,42.2,12.6,0,Normal
2023-03-05,Bou Chemma,33.882,10.098,3,dermatologique,0.617,1.546,10.267,12.933,1.833,10.27,279.8,45.9,13.2,1,Vigilance
2023-03-05,Chatt,33.876,10.105,1,oculaire,0.617,1.546,10.267,12.933,1.833,10.27,279.8,45.9,13.2,0,Normal
2023-03-05,Metouia,33.971,10.001,0,respiratoire,0.617,1.546,10.267,12.933,1.833,10.27,279.8,45.9,13.2,0,Normal
2023-03-05,Chenini,33.899,10.044,2,oculaire,0.617,1.546,10.267,12.933,1.833,10.27,279.8,45.9,13.2,0,Normal
2023-03-05,El Akarit,33.849,10.143,2,respiratoire,0.617,1.546,10.267,12.933,1.833,10.27,279.8,45.9,13.2,0,Normal
2023-03-05,Oudhref,33.83,10.087,1,dermatologique,0.617,1.546,10.267,12.933,1.833,10.27,279.8,45.9,13.2,0,Normal
2023-03-05,Bab Bhar,33.891,10.118,2,digestif,0.617,1.546,10.267,12.933,1.833,10.27,279.8,45.9,13.2,0,Normal
2023-03-05,Jara,33.905,10.071,2,oculaire,0.617,1.546,10.267,12.933,1.833,10.27,279.8,45.9,13.2,0,Normal
2023-03-06,Bou Chemma,33.882,10.098,5,respiratoire,0.458,0.938,22.608,61.288,62.458,21.3,230.5,25.2,16.8,2,Critique
2023-03-06,Chatt,33.876,10.105,6,respiratoire,0.458,0.938,22.608,61.288,62.458,21.3,230.5,25.2,16.8,2,Critique
2023-03-06,Metouia,33.971,10.001,5,oculaire,0.458,0.938,22.608,61.288,62.458,21.3,230.5,25.2,16.8,2,Critique
2023-03-06,Chenini,33.899,10.044,6,oculaire,0.458,0.938,22.608,61.288,62.458,21.3,230.5,25.2,16.8,2,Critique
2023-03-06,El Akarit,33.849,10.143,3,oculaire,0.458,0.938,22.608,61.288,62.458,21.3,230.5,25.2,16.8,2,Critique
2023-03-06,Oudhref,33.83,10.087,2,oculaire,0.458,0.938,22.608,61.288,62.458,21.3,230.5,25.2,16.8,2,Critique
2023-03-06,Bab Bhar,33.891,10.118,7,respiratoire,0.458,0.938,22.608,61.288,62.458,21.3,230.5,25.2,16.8,2,Critique
2023-03-06,Jara,33.905,10.071,8,respiratoire,0.458,0.938,22.608,61.288,62.458,21.3,230.5,25.2,16.8,2,Critique
2023-03-07,Bou Chemma,33.882,10.098,4,respiratoire,0.608,1.225,10.821,23.217,11.375,10.36,183.5,64.0,15.9,1,Vigilance
2023-03-07,Chatt,33.876,10.105,2,respiratoire,0.608,1.225,10.821,23.217,11.375,10.36,183.5,64.0,15.9,0,Normal
2023-03-07,Metouia,33.971,10.001,0,oculaire,0.608,1.225,10.821,23.217,11.375,10.36,183.5,64.0,15.9,0,Normal
2023-03-07,Chenini,33.899,10.044,1,respiratoire,0.608,1.225,10.821,23.217,11.375,10.36,183.5,64.0,15.9,0,Normal
2023-03-07,El Akarit,33.849,10.143,4,respiratoire,0.608,1.225,10.821,23.217,11.375,10.36,183.5,64.0,15.9,1,Vigilance
2023-03-07,Oudhref,33.83,10.087,3,respiratoire,0.608,1.225,10.821,23.217,11.375,10.36,183.5,64.0,15.9,1,Vigilance
2023-03-07,Bab Bhar,33.891,10.118,0,oculaire,0.608,1.225,10.821,23.217,11.375,10.36,183.5,64.0,15.9,0,Normal
2023-03-07,Jara,33.905,10.071,2,respiratoire,0.608,1.225,10.821,23.217,11.375,10.36,183.5,64.0,15.9,0,Normal
2023-03-08,Bou Chemma,33.882,10.098,1,respiratoire,0.479,1.121,6.033,8.542,2.0,14.26,193.6,45.8,18.7,0,Normal
2023-03-08,Chatt,33.876,10.105,2,dermatologique,0.479,1.121,6.033,8.542,2.0,14.26,193.6,45.8,18.7,0,Normal
2023-03-08,Metouia,33.971,10.001,0,dermatologique,0.479,1.121,6.033,8.542,2.0,14.26,193.6,45.8,18.7,0,Normal
2023-03-08,Chenini,33.899,10.044,0,digestif,0.479,1.121,6.033,8.542,2.0,14.26,193.6,45.8,18.7,0,Normal
2023-03-08,El Akarit,33.849,10.143,3,dermatologique,0.479,1.121,6.033,8.542,2.0,14.26,193.6,45.8,18.7,0,Normal
2023-03-08,Oudhref,33.83,10.087,0,respiratoire,0.479,1.121,6.033,8.542,2.0,14.26,193.6,45.8,18.7,0,Normal
2023-03-08,Bab Bhar,33.891,10.118,0,oculaire,0.479,1.121,6.033,8.542,2.0,14.26,193.6,45.8,18.7,0,Normal
2023-03-08,Jara,33.905,10.071,0,oculaire,0.479,1.121,6.033,8.542,2.0,14.26,193.6,45.8,18.7,0,Normal
2023-03-09,Bou Chemma,33.882,10.098,3,respiratoire,0.608,1.412,5.833,7.871,1.5,13.82,232.1,44.5,21.6,0,Normal
2023-03-09,Chatt,33.876,10.105,1,respiratoire,0.608,1.412,5.833,7.871,1.5,13.82,232.1,44.5,21.6,0,Normal
2023-03-09,Metouia,33.971,10.001,0,respiratoire,0.608,1.412,5.833,7.871,1.5,13.82,232.1,44.5,21.6,0,Normal
2023-03-09,Chenini,33.899,10.044,2,oculaire,0.608,1.412,5.833,7.871,1.5,13.82,232.1,44.5,21.6,0,Normal
2023-03-09,El Akarit,33.849,10.143,0,respiratoire,0.608,1.412,5.833,7.871,1.5,13.82,232.1,44.5,21.6,0,Normal
2023-03-09,Oudhref,33.83,10.087,1,respiratoire,0.608,1.412,5.833,7.871,1.5,13.82,232.1,44.5,21.6,0,Normal
2023-03-09,Bab Bhar,33.891,10.118,3,oculaire,0.608,1.412,5.833,7.871,1.5,13.82,232.1,44.5,21.6,0,Normal
2023-03-09,Jara,33.905,10.071,0,respiratoire,0.608,1.412,5.833,7.871,1.5,13.82,232.1,44.5,21.6,0,Normal
2023-03-10,Bou Chemma,33.882,10.098,3,dermatologique,0.821,1.279,6.296,9.575,1.375,11.56,177.2,42.3,21.5,1,Vigilance
2023-03-10,Chatt,33.876,10.105,7,respiratoire,0.821,1.279,6.296,9.575,1.375,11.56,177.2,42.3,21.5,2,Critique
2023-03-10,Metouia,33.971,10.001,3,dermatologique,0.821,1.279,6.296,9.575,1.375,11.56,177.2,42.3,21.5,1,Vigilance
2023-03-10,Chenini,33.899,10.044,4,respiratoire,0.821,1.279,6.296,9.575,1.375,11.56,177.2,42.3,21.5,2,Critique
2023-03-10,El Akarit,33.849,10.143,12,respiratoire,0.821,1.279,6.296,9.575,1.375,11.56,177.2,42.3,21.5,3,Urgence
2023-03-10,Oudhref,33.83,10.087,4,digestif,0.821,1.279,6.296,9.575,1.375,11.56,177.2,42.3,21.5,2,Critique
2023-03-10,Bab Bhar,33.891,10.118,4,respiratoire,0.821,1.279,6.296,9.575,1.375,11.56,177.2,42.3,21.5,2,Critique
2023-03-10,Jara,33.905,10.071,3,respiratoire,0.821,1.279,6.296,9.575,1.375,11.56,177.2,42.3,21.5,1,Vigilance
2023-03-11,Bou Chemma,33.882,10.098,2,respiratoire,0.783,1.387,6.129,12.617,2.333,12.65,280.1,39.1,21.7,0,Normal
2023-03-11,Chatt,33.876,10.105,1,dermatologique,0.783,1.387,6.129,12.617,2.333,12.65,280.1,39.1,21.7,0,Normal
2023-03-11,Metouia,33.971,10.001,2,respiratoire,0.783,1.387,6.129,12.617,2.333,12.65,280.1,39.1,21.7,0,Normal
2023-03-11,Chenini,33.899,10.044,3,digestif,0.783,1.387,6.129,12.617,2.333,12.65,280.1,39.1,21.7,0,Normal
2023-03-11,El Akarit,33.849,10.143,5,respiratoire,0.783,1.387,6.129,12.617,2.333,12.65,280.1,39.1,21.7,1,Vigilance
2023-03-11,Oudhref,33.83,10.087,0,respiratoire,0.783,1.387,6.129,12.617,2.333,12.65,280.1,39.1,21.7,0,Normal
2023-03-11,Bab Bhar,33.891,10.118,0,respiratoire,0.783,1.387,6.129,12.617,2.333,12.65,280.1,39.1,21.7,0,Normal
2023-03-11,Jara,33.905,10.071,0,respiratoire,0.783,1.387,6.129,12.617,2.333,12.65,280.1,39.1,21.7,0,Normal
2023-03-12,Bou Chemma,33.882,10.098,2,dermatologique,0.812,1.279,6.342,10.775,3.542,9.72,209.1,30.8,22.9,0,Normal
2023-03-12,Chatt,33.876,10.105,2,oculaire,0.812,1.279,6.342,10.775,3.542,9.72,209.1,30.8,22.9,0,Normal
2023-03-12,Metouia,33.971,10.001,2,respiratoire,0.812,1.279,6.342,10.775,3.542,9.72,209.1,30.8,22.9,0,Normal
2023-03-12,Chenini,33.899,10.044,1,respiratoire,0.812,1.279,6.342,10.775,3.542,9.72,209.1,30.8,22.9,0,Normal
2023-03-12,El Akarit,33.849,10.143,3,dermatologique,0.812,1.279,6.342,10.775,3.542,9.72,209.1,30.8,22.9,0,Normal
2023-03-12,Oudhref,33.83,10.087,0,respiratoire,0.812,1.279,6.342,10.775,3.542,9.72,209.1,30.8,22.9,0,Normal
2023-03-12,Bab Bhar,33.891,10.118,0,oculaire,0.812,1.279,6.342,10.775,3.542,9.72,209.1,30.8,22.9,0,Normal
2023-03-12,Jara,33.905,10.071,2,oculaire,0.812,1.279,6.342,10.775,3.542,9.72,209.1,30.8,22.9,0,Normal
2023-03-13,Bou Chemma,33.882,10.098,3,oculaire,0.475,0.983,4.663,9.562,0.167,10.7,89.2,63.0,17.5,1,Vigilance
2023-03-13,Chatt,33.876,10.105,3,oculaire,0.475,0.983,4.663,9.562,0.167,10.7,89.2,63.0,17.5,1,Vigilance
2023-03-13,Metouia,33.971,10.001,3,respiratoire,0.475,0.983,4.663,9.562,0.167,10.7,89.2,63.0,17.5,1,Vigilance
2023-03-13,Chenini,33.899,10.044,2,respiratoire,0.475,0.983,4.663,9.562,0.167,10.7,89.2,63.0,17.5,0,Normal
2023-03-13,El Akarit,33.849,10.143,2,oculaire,0.475,0.983,4.663,9.562,0.167,10.7,89.2,63.0,17.5,0,Normal
2023-03-13,Oudhref,33.83,10.087,1,oculaire,0.475,0.983,4.663,9.562,0.167,10.7,89.2,63.0,17.5,0,Normal
2023-03-13,Bab Bhar,33.891,10.118,0,respiratoire,0.475,0.983,4.663,9.562,0.167,10.7,89.2,63.0,17.5,0,Normal
2023-03-13,Jara,33.905,10.071,1,digestif,0.475,0.983,4.663,9.562,0.167,10.7,89.2,63.0,17.5,0,Normal
2023-03-14,Bou Chemma,33.882,10.098,0,respiratoire,0.633,1.2,9.875,17.604,7.417,16.87,228.4,44.7,20.5,0,Normal
2023-03-14,Chatt,33.876,10.105,2,respiratoire,0.633,1.2,9.875,17.604,7.417,16.87,228.4,44.7,20.5,0,Normal
2023-03-14,Metouia,33.971,10.001,0,digestif,0.633,1.2,9.875,17.604,7.417,16.87,228.4,44.7,20.5,0,Normal
2023-03-14,Chenini,33.899,10.044,1,digestif,0.633,1.2,9.875,17.604,7.417,16.87,228.4,44.7,20.5,0,Normal
2023-03-14,El Akarit,33.849,10.143,4,oculaire,0.633,1.2,9.875,17.604,7.417,16.87,228.4,44.7,20.5,1,Vigilance
2023-03-14,Oudhref,33.83,10.087,1,oculaire,0.633,1.2,9.875,17.604,7.417,16.87,228.4,44.7,20.5,0,Normal
2023-03-14,Bab Bhar,33.891,10.118,1,respiratoire,0.633,1.2,9.875,17.604,7.417,16.87,228.4,44.7,20.5,0,Normal
2023-03-14,Jara,33.905,10.071,5,respiratoire,0.633,1.2,9.875,17.604,7.417,16.87,228.4,44.7,20.5,1,Vigilance
2023-03-15,Bou Chemma,33.882,10.098,3,respiratoire,0.571,0.9,5.196,14.075,2.292,12.17,96.7,45.7,18.3,1,Vigilance
2023-03-15,Chatt,33.876,10.105,5,respiratoire,0.571,0.9,5.196,14.075,2.292,12.17,96.7,45.7,18.3,1,Vigilance
2023-03-15,Metouia,33.971,10.001,0,digestif,0.571,0.9,5.196,14.075,2.292,12.17,96.7,45.7,18.3,0,Normal
2023-03-15,Chenini,33.899,10.044,3,oculaire,0.571,0.9,5.196,14.075,2.292,12.17,96.7,45.7,18.3,1,Vigilance
2023-03-15,El Akarit,33.849,10.143,6,oculaire,0.571,0.9,5.196,14.075,2.292,12.17,96.7,45.7,18.3,1,Vigilance
2023-03-15,Oudhref,33.83,10.087,3,oculaire,0.571,0.9,5.196,14.075,2.292,12.17,96.7,45.7,18.3,1,Vigilance
2023-03-15,Bab Bhar,33.891,10.118,2,respiratoire,0.571,0.9,5.196,14.075,2.292,12.17,96.7,45.7,18.3,1,Vigilance
2023-03-15,Jara,33.905,10.071,0,respiratoire,0.571,0.9,5.196,14.075,2.292,12.17,96.7,45.7,18.3,0,Normal
2023-03-16,Bou Chemma,33.882,10.098,3,respiratoire,0.529,0.896,4.292,10.667,0.417,9.61,107.2,60.8,15.7,1,Vigilance
2023-03-16,Chatt,33.876,10.105,1,respiratoire,0.529,0.896,4.292,10.667,0.417,9.61,107.2,60.8,15.7,0,Normal
2023-03-16,Metouia,33.971,10.001,2,oculaire,0.529,0.896,4.292,10.667,0.417,9.61,107.2,60.8,15.7,0,Normal
2023-03-16,Chenini,33.899,10.044,1,respiratoire,0.529,0.896,4.292,10.667,0.417,9.61,107.2,60.8,15.7,0,Normal
2023-03-16,El Akarit,33.849,10.143,8,respiratoire,0.529,0.896,4.292,10.667,0.417,9.61,107.2,60.8,15.7,2,Critique
2023-03-16,Oudhref,33.83,10.087,2,respiratoire,0.529,0.896,4.292,10.667,0.417,9.61,107.2,60.8,15.7,0,Normal
2023-03-16,Bab Bhar,33.891,10.118,0,respiratoire,0.529,0.896,4.292,10.667,0.417,9.61,107.2,60.8,15.7,0,Normal
2023-03-16,Jara,33.905,10.071,2,respiratoire,0.529,0.896,4.292,10.667,0.417,9.61,107.2,60.8,15.7,0,Normal
2023-03-17,Bou Chemma,33.882,10.098,0,respiratoire,0.558,0.825,5.35,11.192,0.333,10.62,115.1,72.5,14.9,0,Normal
2023-03-17,Chatt,33.876,10.105,3,digestif,0.558,0.825,5.35,11.192,0.333,10.62,115.1,72.5,14.9,1,Vigilance
2023-03-17,Metouia,33.971,10.001,3,respiratoire,0.558,0.825,5.35,11.192,0.333,10.62,115.1,72.5,14.9,1,Vigilance
2023-03-17,Chenini,33.899,10.044,0,respiratoire,0.558,0.825,5.35,11.192,0.333,10.62,115.1,72.5,14.9,0,Normal
2023-03-17,El Akarit,33.849,10.143,4,dermatologique,0.558,0.825,5.35,11.192,0.333,10.62,115.1,72.5,14.9,1,Vigilance
2023-03-17,Oudhref,33.83,10.087,5,respiratoire,0.558,0.825,5.35,11.192,0.333,10.62,115.1,72.5,14.9,1,Vigilance
2023-03-17,Bab Bhar,33.891,10.118,1,respiratoire,0.558,0.825,5.35,11.192,0.333,10.62,115.1,72.5,14.9,0,Normal
2023-03-17,Jara,33.905,10.071,3,digestif,0.558,0.825,5.35,11.192,0.333,10.62,115.1,72.5,14.9,1,Vigilance
2023-03-18,Bou Chemma,33.882,10.098,15,respiratoire,3.075,1.196,7.312,12.342,0.583,15.4,108.0,64.8,15.9,3,Urgence
2023-03-18,Chatt,33.876,10.105,10,digestif,3.075,1.196,7.312,12.342,0.583,15.4,108.0,64.8,15.9,3,Urgence
2023-03-18,Metouia,33.971,10.001,5,respiratoire,3.075,1.196,7.312,12.342,0.583,15.4,108.0,64.8,15.9,3,Urgence
2023-03-18,Chenini,33.899,10.044,6,respiratoire,3.075,1.196,7.312,12.342,0.583,15.4,108.0,64.8,15.9,3,Urgence
2023-03-18,El Akarit,33.849,10.143,7,oculaire,3.075,1.196,7.312,12.342,0.583,15.4,108.0,64.8,15.9,3,Urgence
2023-03-18,Oudhref,33.83,10.087,4,respiratoire,3.075,1.196,7.312,12.342,0.583,15.4,108.0,64.8,15.9,3,Urgence
2023-03-18,Bab Bhar,33.891,10.118,6,dermatologique,3.075,1.196,7.312,12.342,0.583,15.4,108.0,64.8,15.9,3,Urgence
2023-03-18,Jara,33.905,10.071,9,respiratoire,3.075,1.196,7.312,12.342,0.583,15.4,108.0,64.8,15.9,3,Urgence
2023-03-19,Bou Chemma,33.882,10.098,13,oculaire,0.942,0.667,8.8,20.258,2.75,23.88,64.1,82.8,16.3,3,Urgence
2023-03-19,Chatt,33.876,10.105,4,respiratoire,0.942,0.667,8.8,20.258,2.75,23.88,64.1,82.8,16.3,2,Critique
2023-03-19,Metouia,33.971,10.001,4,respiratoire,0.942,0.667,8.8,20.258,2.75,23.88,64.1,82.8,16.3,2,Critique
2023-03-19,Chenini,33.899,10.044,3,respiratoire,0.942,0.667,8.8,20.258,2.75,23.88,64.1,82.8,16.3,2,Critique
2023-03-19,El Akarit,33.849,10.143,7,digestif,0.942,0.667,8.8,20.258,2.75,23.88,64.1,82.8,16.3,2,Critique
2023-03-19,Oudhref,33.83,10.087,6,digestif,0.942,0.667,8.8,20.258,2.75,23.88,64.1,82.8,16.3,2,Critique
2023-03-19,Bab Bhar,33.891,10.118,3,respiratoire,0.942,0.667,8.8,20.258,2.75,23.88,64.1,82.8,16.3,2,Critique
2023-03-19,Jara,33.905,10.071,2,oculaire,0.942,0.667,8.8,20.258,2.75,23.88,64.1,82.8,16.3,2,Critique
2023-03-20,Bou Chemma,33.882,10.098,1,respiratoire,0.296,0.487,13.05,40.392,21.583,31.07,38.5,81.9,16.3,0,Normal
2023-03-20,Chatt,33.876,10.105,5,oculaire,0.296,0.487,13.05,40.392,21.583,31.07,38.5,81.9,16.3,1,Vigilance
2023-03-20,Metouia,33.971,10.001,2,respiratoire,0.296,0.487,13.05,40.392,21.583,31.07,38.5,81.9,16.3,0,Normal
2023-03-20,Chenini,33.899,10.044,5,oculaire,0.296,0.487,13.05,40.392,21.583,31.07,38.5,81.9,16.3,1,Vigilance
2023-03-20,El Akarit,33.849,10.143,2,respiratoire,0.296,0.487,13.05,40.392,21.583,31.07,38.5,81.9,16.3,0,Normal
2023-03-20,Oudhref,33.83,10.087,1,respiratoire,0.296,0.487,13.05,40.392,21.583,31.07,38.5,81.9,16.3,0,Normal
2023-03-20,Bab Bhar,33.891,10.118,0,dermatologique,0.296,0.487,13.05,40.392,21.583,31.07,38.5,81.9,16.3,0,Normal
2023-03-20,Jara,33.905,10.071,2,digestif,0.296,0.487,13.05,40.392,21.583,31.07,38.5,81.9,16.3,0,Normal
2023-03-21,Bou Chemma,33.882,10.098,4,digestif,0.575,0.708,9.125,22.858,12.5,28.22,37.5,69.8,15.5,1,Vigilance
2023-03-21,Chatt,33.876,10.105,3,respiratoire,0.575,0.708,9.125,22.858,12.5,28.22,37.5,69.8,15.5,0,Normal
2023-03-21,Metouia,33.971,10.001,1,respiratoire,0.575,0.708,9.125,22.858,12.5,28.22,37.5,69.8,15.5,0,Normal
2023-03-21,Chenini,33.899,10.044,1,dermatologique,0.575,0.708,9.125,22.858,12.5,28.22,37.5,69.8,15.5,0,Normal
2023-03-21,El Akarit,33.849,10.143,2,respiratoire,0.575,0.708,9.125,22.858,12.5,28.22,37.5,69.8,15.5,0,Normal
2023-03-21,Oudhref,33.83,10.087,0,oculaire,0.575,0.708,9.125,22.858,12.5,28.22,37.5,69.8,15.5,0,Normal
2023-03-21,Bab Bhar,33.891,10.118,1,oculaire,0.575,0.708,9.125,22.858,12.5,28.22,37.5,69.8,15.5,0,Normal
2023-03-21,Jara,33.905,10.071,2,respiratoire,0.575,0.708,9.125,22.858,12.5,28.22,37.5,69.8,15.5,0,Normal
2023-03-22,Bou Chemma,33.882,10.098,9,oculaire,0.688,0.95,6.392,10.692,0.75,13.27,61.1,71.1,14.7,2,Critique
2023-03-22,Chatt,33.876,10.105,4,digestif,0.688,0.95,6.392,10.692,0.75,13.27,61.1,71.1,14.7,1,Vigilance
2023-03-22,Metouia,33.971,10.001,2,respiratoire,0.688,0.95,6.392,10.692,0.75,13.27,61.1,71.1,14.7,1,Vigilance
2023-03-22,Chenini,33.899,10.044,3,respiratoire,0.688,0.95,6.392,10.692,0.75,13.27,61.1,71.1,14.7,1,Vigilance
2023-03-22,El Akarit,33.849,10.143,12,digestif,0.688,0.95,6.392,10.692,0.75,13.27,61.1,71.1,14.7,2,Critique
2023-03-22,Oudhref,33.83,10.087,1,respiratoire,0.688,0.95,6.392,10.692,0.75,13.27,61.1,71.1,14.7,1,Vigilance
2023-03-22,Bab Bhar,33.891,10.118,7,respiratoire,0.688,0.95,6.392,10.692,0.75,13.27,61.1,71.1,14.7,2,Critique
2023-03-22,Jara,33.905,10.071,3,digestif,0.688,0.95,6.392,10.692,0.75,13.27,61.1,71.1,14.7,1,Vigilance
2023-03-23,Bou Chemma,33.882,10.098,3,respiratoire,0.638,1.142,6.454,10.612,0.542,8.58,125.5,75.5,14.7,1,Vigilance
2023-03-23,Chatt,33.876,10.105,6,digestif,0.638,1.142,6.454,10.612,0.542,8.58,125.5,75.5,14.7,2,Critique
2023-03-23,Metouia,33.971,10.001,2,respiratoire,0.638,1.142,6.454,10.612,0.542,8.58,125.5,75.5,14.7,1,Vigilance
2023-03-23,Chenini,33.899,10.044,2,respiratoire,0.638,1.142,6.454,10.612,0.542,8.58,125.5,75.5,14.7,1,Vigilance
2023-03-23,El Akarit,33.849,10.143,9,oculaire,0.638,1.142,6.454,10.612,0.542,8.58,125.5,75.5,14.7,2,Critique
2023-03-23,Oudhref,33.83,10.087,0,oculaire,0.638,1.142,6.454,10.612,0.542,8.58,125.5,75.5,14.7,0,Normal
2023-03-23,Bab Bhar,33.891,10.118,1,respiratoire,0.638,1.142,6.454,10.612,0.542,8.58,125.5,75.5,14.7,1,Vigilance
2023-03-23,Jara,33.905,10.071,3,respiratoire,0.638,1.142,6.454,10.612,0.542,8.58,125.5,75.5,14.7,1,Vigilance
2023-03-24,Bou Chemma,33.882,10.098,2,oculaire,0.558,1.458,7.992,11.258,3.083,8.35,217.8,52.3,18.1,0,Normal
2023-03-24,Chatt,33.876,10.105,1,respiratoire,0.558,1.458,7.992,11.258,3.083,8.35,217.8,52.3,18.1,0,Normal
2023-03-24,Metouia,33.971,10.001,2,oculaire,0.558,1.458,7.992,11.258,3.083,8.35,217.8,52.3,18.1,0,Normal
2023-03-24,Chenini,33.899,10.044,0,respiratoire,0.558,1.458,7.992,11.258,3.083,8.35,217.8,52.3,18.1,0,Normal
2023-03-24,El Akarit,33.849,10.143,1,respiratoire,0.558,1.458,7.992,11.258,3.083,8.35,217.8,52.3,18.1,0,Normal
2023-03-24,Oudhref,33.83,10.087,0,respiratoire,0.558,1.458,7.992,11.258,3.083,8.35,217.8,52.3,18.1,0,Normal
2023-03-24,Bab Bhar,33.891,10.118,1,oculaire,0.558,1.458,7.992,11.258,3.083,8.35,217.8,52.3,18.1,0,Normal
2023-03-24,Jara,33.905,10.071,0,dermatologique,0.558,1.458,7.992,11.258,3.083,8.35,217.8,52.3,18.1,0,Normal
2023-03-25,Bou Chemma,33.882,10.098,1,oculaire,0.6,0.996,9.679,15.221,5.833,14.11,185.9,31.2,21.4,0,Normal
2023-03-25,Chatt,33.876,10.105,3,respiratoire,0.6,0.996,9.679,15.221,5.833,14.11,185.9,31.2,21.4,1,Vigilance
2023-03-25,Metouia,33.971,10.001,0,respiratoire,0.6,0.996,9.679,15.221,5.833,14.11,185.9,31.2,21.4,0,Normal
2023-03-25,Chenini,33.899,10.044,0,respiratoire,0.6,0.996,9.679,15.221,5.833,14.11,185.9,31.2,21.4,0,Normal
2023-03-25,El Akarit,33.849,10.143,3,respiratoire,0.6,0.996,9.679,15.221,5.833,14.11,185.9,31.2,21.4,1,Vigilance
2023-03-25,Oudhref,33.83,10.087,1,respiratoire,0.6,0.996,9.679,15.221,5.833,14.11,185.9,31.2,21.4,0,Normal
2023-03-25,Bab Bhar,33.891,10.118,2,respiratoire,0.6,0.996,9.679,15.221,5.833,14.11,185.9,31.2,21.4,0,Normal
2023-03-25,Jara,33.905,10.071,0,dermatologique,0.6,0.996,9.679,15.221,5.833,14.11,185.9,31.2,21.4,0,Normal
2023-03-26,Bou Chemma,33.882,10.098,5,oculaire,0.558,0.942,16.433,26.204,17.75,21.2,212.9,29.8,23.3,2,Critique
2023-03-26,Chatt,33.876,10.105,3,dermatologique,0.558,0.942,16.433,26.204,17.75,21.2,212.9,29.8,23.3,1,Vigilance
2023-03-26,Metouia,33.971,10.001,2,oculaire,0.558,0.942,16.433,26.204,17.75,21.2,212.9,29.8,23.3,1,Vigilance
2023-03-26,Chenini,33.899,10.044,3,oculaire,0.558,0.942,16.433,26.204,17.75,21.2,212.9,29.8,23.3,1,Vigilance
2023-03-26,El Akarit,33.849,10.143,5,oculaire,0.558,0.942,16.433,26.204,17.75,21.2,212.9,29.8,23.3,2,Critique
2023-03-26,Oudhref,33.83,10.087,1,respiratoire,0.558,0.942,16.433,26.204,17.75,21.2,212.9,29.8,23.3,1,Vigilance
2023-03-26,Bab Bhar,33.891,10.118,1,oculaire,0.558,0.942,16.433,26.204,17.75,21.2,212.9,29.8,23.3,1,Vigilance
2023-03-26,Jara,33.905,10.071,2,respiratoire,0.558,0.942,16.433,26.204,17.75,21.2,212.9,29.8,23.3,1,Vigilance
2023-03-27,Bou Chemma,33.882,10.098,7,respiratoire,0.821,1.004,10.242,18.617,5.417,14.35,137.3,41.3,21.0,2,Critique
2023-03-27,Chatt,33.876,10.105,5,respiratoire,0.821,1.004,10.242,18.617,5.417,14.35,137.3,41.3,21.0,2,Critique
2023-03-27,Metouia,33.971,10.001,2,oculaire,0.821,1.004,10.242,18.617,5.417,14.35,137.3,41.3,21.0,2,Critique
2023-03-27,Chenini,33.899,10.044,7,respiratoire,0.821,1.004,10.242,18.617,5.417,14.35,137.3,41.3,21.0,2,Critique
2023-03-27,El Akarit,33.849,10.143,10,digestif,0.821,1.004,10.242,18.617,5.417,14.35,137.3,41.3,21.0,3,Urgence
2023-03-27,Oudhref,33.83,10.087,6,respiratoire,0.821,1.004,10.242,18.617,5.417,14.35,137.3,41.3,21.0,2,Critique
2023-03-27,Bab Bhar,33.891,10.118,4,respiratoire,0.821,1.004,10.242,18.617,5.417,14.35,137.3,41.3,21.0,2,Critique
2023-03-27,Jara,33.905,10.071,0,respiratoire,0.821,1.004,10.242,18.617,5.417,14.35,137.3,41.3,21.0,1,Vigilance
2023-03-28,Bou Chemma,33.882,10.098,2,dermatologique,0.496,0.708,5.267,12.312,0.333,13.9,78.4,54.9,16.8,0,Normal
2023-03-28,Chatt,33.876,10.105,4,respiratoire,0.496,0.708,5.267,12.312,0.333,13.9,78.4,54.9,16.8,1,Vigilance
2023-03-28,Metouia,33.971,10.001,0,respiratoire,0.496,0.708,5.267,12.312,0.333,13.9,78.4,54.9,16.8,0,Normal
2023-03-28,Chenini,33.899,10.044,1,digestif,0.496,0.708,5.267,12.312,0.333,13.9,78.4,54.9,16.8,0,Normal
2023-03-28,El Akarit,33.849,10.143,3,respiratoire,0.496,0.708,5.267,12.312,0.333,13.9,78.4,54.9,16.8,1,Vigilance
2023-03-28,Oudhref,33.83,10.087,1,oculaire,0.496,0.708,5.267,12.312,0.333,13.9,78.4,54.9,16.8,0,Normal
2023-03-28,Bab Bhar,33.891,10.118,1,digestif,0.496,0.708,5.267,12.312,0.333,13.9,78.4,54.9,16.8,0,Normal
2023-03-28,Jara,33.905,10.071,4,respiratoire,0.496,0.708,5.267,12.312,0.333,13.9,78.4,54.9,16.8,1,Vigilance
2023-03-29,Bou Chemma,33.882,10.098,4,oculaire,0.513,0.612,5.237,11.208,0.167,12.48,84.5,66.3,16.1,1,Vigilance
2023-03-29,Chatt,33.876,10.105,7,oculaire,0.513,0.612,5.237,11.208,0.167,12.48,84.5,66.3,16.1,2,Critique
2023-03-29,Metouia,33.971,10.001,0,oculaire,0.513,0.612,5.237,11.208,0.167,12.48,84.5,66.3,16.1,0,Normal
2023-03-29,Chenini,33.899,10.044,1,respiratoire,0.513,0.612,5.237,11.208,0.167,12.48,84.5,66.3,16.1,0,Normal
2023-03-29,El Akarit,33.849,10.143,2,oculaire,0.513,0.612,5.237,11.208,0.167,12.48,84.5,66.3,16.1,0,Normal
2023-03-29,Oudhref,33.83,10.087,2,respiratoire,0.513,0.612,5.237,11.208,0.167,12.48,84.5,66.3,16.1,0,Normal
2023-03-29,Bab Bhar,33.891,10.118,0,respiratoire,0.513,0.612,5.237,11.208,0.167,12.48,84.5,66.3,16.1,0,Normal
2023-03-29,Jara,33.905,10.071,2,respiratoire,0.513,0.612,5.237,11.208,0.167,12.48,84.5,66.3,16.1,0,Normal
2023-03-30,Bou Chemma,33.882,10.098,4,respiratoire,0.733,1.129,6.529,11.838,1.375,9.97,131.5,54.6,17.2,1,Vigilance
2023-03-30,Chatt,33.876,10.105,6,oculaire,0.733,1.129,6.529,11.838,1.375,9.97,131.5,54.6,17.2,2,Critique
2023-03-30,Metouia,33.971,10.001,2,oculaire,0.733,1.129,6.529,11.838,1.375,9.97,131.5,54.6,17.2,1,Vigilance
2023-03-30,Chenini,33.899,10.044,4,oculaire,0.733,1.129,6.529,11.838,1.375,9.97,131.5,54.6,17.2,1,Vigilance
2023-03-30,El Akarit,33.849,10.143,3,respiratoire,0.733,1.129,6.529,11.838,1.375,9.97,131.5,54.6,17.2,1,Vigilance
2023-03-30,Oudhref,33.83,10.087,2,oculaire,0.733,1.129,6.529,11.838,1.375,9.97,131.5,54.6,17.2,1,Vigilance
2023-03-30,Bab Bhar,33.891,10.118,1,digestif,0.733,1.129,6.529,11.838,1.375,9.97,131.5,54.6,17.2,1,Vigilance
2023-03-30,Jara,33.905,10.071,0,respiratoire,0.733,1.129,6.529,11.838,1.375,9.97,131.5,54.6,17.2,1,Vigilance
2023-03-31,Bou Chemma,33.882,10.098,4,oculaire,0.992,1.554,10.725,16.012,8.583,13.24,235.5,31.3,21.7,2,Critique
2023-03-31,Chatt,33.876,10.105,7,respiratoire,0.992,1.554,10.725,16.012,8.583,13.24,235.5,31.3,21.7,2,Critique
2023-03-31,Metouia,33.971,10.001,3,respiratoire,0.992,1.554,10.725,16.012,8.583,13.24,235.5,31.3,21.7,1,Vigilance
2023-03-31,Chenini,33.899,10.044,2,respiratoire,0.992,1.554,10.725,16.012,8.583,13.24,235.5,31.3,21.7,1,Vigilance
2023-03-31,El Akarit,33.849,10.143,4,oculaire,0.992,1.554,10.725,16.012,8.583,13.24,235.5,31.3,21.7,2,Critique
2023-03-31,Oudhref,33.83,10.087,0,respiratoire,0.992,1.554,10.725,16.012,8.583,13.24,235.5,31.3,21.7,1,Vigilance
2023-03-31,Bab Bhar,33.891,10.118,3,respiratoire,0.992,1.554,10.725,16.012,8.583,13.24,235.5,31.3,21.7,1,Vigilance
2023-03-31,Jara,33.905,10.071,0,respiratoire,0.992,1.554,10.725,16.012,8.583,13.24,235.5,31.3,21.7,1,Vigilance
2023-04-01,Bou Chemma,33.882,10.098,9,respiratoire,0.787,0.992,11.05,29.658,13.5,13.62,161.8,32.8,22.8,3,Urgence
2023-04-01,Chatt,33.876,10.105,10,oculaire,0.787,0.992,11.05,29.658,13.5,13.62,161.8,32.8,22.8,3,Urgence
2023-04-01,Metouia,33.971,10.001,1,respiratoire,0.787,0.992,11.05,29.658,13.5,13.62,161.8,32.8,22.8,2,Critique
2023-04-01,Chenini,33.899,10.044,2,digestif,0.787,0.992,11.05,29.658,13.5,13.62,161.8,32.8,22.8,2,Critique
2023-04-01,El Akarit,33.849,10.143,13,respiratoire,0.787,0.992,11.05,29.658,13.5,13.62,161.8,32.8,22.8,3,Urgence
2023-04-01,Oudhref,33.83,10.087,8,oculaire,0.787,0.992,11.05,29.658,13.5,13.62,161.8,32.8,22.8,2,Critique
2023-04-01,Bab Bhar,33.891,10.118,6,oculaire,0.787,0.992,11.05,29.658,13.5,13.62,161.8,32.8,22.8,2,Critique
2023-04-01,Jara,33.905,10.071,6,respiratoire,0.787,0.992,11.05,29.658,13.5,13.62,161.8,32.8,22.8,2,Critique
2023-04-02,Bou Chemma,33.882,10.098,3,dermatologique,0.471,0.713,6.454,12.5,1.083,12.47,124.5,69.7,16.7,1,Vigilance
2023-04-02,Chatt,33.876,10.105,2,oculaire,0.471,0.713,6.454,12.5,1.083,12.47,124.5,69.7,16.7,1,Vigilance
2023-04-02,Metouia,33.971,10.001,4,oculaire,0.471,0.713,6.454,12.5,1.083,12.47,124.5,69.7,16.7,1,Vigilance
2023-04-02,Chenini,33.899,10.044,3,respiratoire,0.471,0.713,6.454,12.5,1.083,12.47,124.5,69.7,16.7,1,Vigilance
2023-04-02,El Akarit,33.849,10.143,4,oculaire,0.471,0.713,6.454,12.5,1.083,12.47,124.5,69.7,16.7,1,Vigilance
2023-04-02,Oudhref,33.83,10.087,3,respiratoire,0.471,0.713,6.454,12.5,1.083,12.47,124.5,69.7,16.7,1,Vigilance
2023-04-02,Bab Bhar,33.891,10.118,2,respiratoire,0.471,0.713,6.454,12.5,1.083,12.47,124.5,69.7,16.7,1,Vigilance
2023-04-02,Jara,33.905,10.071,1,digestif,0.471,0.713,6.454,12.5,1.083,12.47,124.5,69.7,16.7,0,Normal
2023-04-03,Bou Chemma,33.882,10.098,2,oculaire,0.4,1.033,6.292,16.346,9.958,24.43,293.2,40.8,16.5,0,Normal
2023-04-03,Chatt,33.876,10.105,3,dermatologique,0.4,1.033,6.292,16.346,9.958,24.43,293.2,40.8,16.5,0,Normal
2023-04-03,Metouia,33.971,10.001,3,oculaire,0.4,1.033,6.292,16.346,9.958,24.43,293.2,40.8,16.5,0,Normal
2023-04-03,Chenini,33.899,10.044,0,respiratoire,0.4,1.033,6.292,16.346,9.958,24.43,293.2,40.8,16.5,0,Normal
2023-04-03,El Akarit,33.849,10.143,6,respiratoire,0.4,1.033,6.292,16.346,9.958,24.43,293.2,40.8,16.5,0,Normal
2023-04-03,Oudhref,33.83,10.087,1,respiratoire,0.4,1.033,6.292,16.346,9.958,24.43,293.2,40.8,16.5,0,Normal
2023-04-03,Bab Bhar,33.891,10.118,0,digestif,0.4,1.033,6.292,16.346,9.958,24.43,293.2,40.8,16.5,0,Normal
2023-04-03,Jara,33.905,10.071,1,oculaire,0.4,1.033,6.292,16.346,9.958,24.43,293.2,40.8,16.5,0,Normal
2023-04-04,Bou Chemma,33.882,10.098,0,respiratoire,0.492,1.229,4.663,8.492,0.125,8.13,226.3,49.2,15.8,0,Normal
2023-04-04,Chatt,33.876,10.105,3,digestif,0.492,1.229,4.663,8.492,0.125,8.13,226.3,49.2,15.8,0,Normal
2023-04-04,Metouia,33.971,10.001,1,oculaire,0.492,1.229,4.663,8.492,0.125,8.13,226.3,49.2,15.8,0,Normal
2023-04-04,Chenini,33.899,10.044,1,oculaire,0.492,1.229,4.663,8.492,0.125,8.13,226.3,49.2,15.8,0,Normal
2023-04-04,El Akarit,33.849,10.143,3,respiratoire,0.492,1.229,4.663,8.492,0.125,8.13,226.3,49.2,15.8,0,Normal
2023-04-04,Oudhref,33.83,10.087,0,oculaire,0.492,1.229,4.663,8.492,0.125,8.13,226.3,49.2,15.8,0,Normal
2023-04-04,Bab Bhar,33.891,10.118,2,oculaire,0.492,1.229,4.663,8.492,0.125,8.13,226.3,49.2,15.8,0,Normal
2023-04-04,Jara,33.905,10.071,0,dermatologique,0.492,1.229,4.663,8.492,0.125,8.13,226.3,49.2,15.8,0,Normal
2023-04-05,Bou Chemma,33.882,10.098,7,oculaire,0.588,1.054,6.842,11.679,2.333,13.88,129.7,70.4,15.1,2,Critique
2023-04-05,Chatt,33.876,10.105,7,respiratoire,0.588,1.054,6.842,11.679,2.333,13.88,129.7,70.4,15.1,2,Critique
2023-04-05,Metouia,33.971,10.001,2,oculaire,0.588,1.054,6.842,11.679,2.333,13.88,129.7,70.4,15.1,1,Vigilance
2023-04-05,Chenini,33.899,10.044,3,respiratoire,0.588,1.054,6.842,11.679,2.333,13.88,129.7,70.4,15.1,1,Vigilance
2023-04-05,El Akarit,33.849,10.143,9,oculaire,0.588,1.054,6.842,11.679,2.333,13.88,129.7,70.4,15.1,2,Critique
2023-04-05,Oudhref,33.83,10.087,3,respiratoire,0.588,1.054,6.842,11.679,2.333,13.88,129.7,70.4,15.1,1,Vigilance
2023-04-05,Bab Bhar,33.891,10.118,0,respiratoire,0.588,1.054,6.842,11.679,2.333,13.88,129.7,70.4,15.1,0,Normal
2023-04-05,Jara,33.905,10.071,1,oculaire,0.588,1.054,6.842,11.679,2.333,13.88,129.7,70.4,15.1,1,Vigilance
2023-04-06,Bou Chemma,33.882,10.098,8,digestif,0.625,0.567,5.413,9.987,0.583,22.97,60.4,55.0,14.9,2,Critique
2023-04-06,Chatt,33.876,10.105,5,digestif,0.625,0.567,5.413,9.987,0.583,22.97,60.4,55.0,14.9,1,Vigilance
2023-04-06,Metouia,33.971,10.001,0,respiratoire,0.625,0.567,5.413,9.987,0.583,22.97,60.4,55.0,14.9,0,Normal
2023-04-06,Chenini,33.899,10.044,0,dermatologique,0.625,0.567,5.413,9.987,0.583,22.97,60.4,55.0,14.9,0,Normal
2023-04-06,El Akarit,33.849,10.143,5,respiratoire,0.625,0.567,5.413,9.987,0.583,22.97,60.4,55.0,14.9,1,Vigilance
2023-04-06,Oudhref,33.83,10.087,1,respiratoire,0.625,0.567,5.413,9.987,0.583,22.97,60.4,55.0,14.9,0,Normal
2023-04-06,Bab Bhar,33.891,10.118,0,respiratoire,0.625,0.567,5.413,9.987,0.583,22.97,60.4,55.0,14.9,0,Normal
2023-04-06,Jara,33.905,10.071,2,dermatologique,0.625,0.567,5.413,9.987,0.583,22.97,60.4,55.0,14.9,1,Vigilance
2023-04-07,Bou Chemma,33.882,10.098,4,respiratoire,0.446,0.508,4.375,9.817,1.25,22.2,81.7,64.2,14.7,1,Vigilance
2023-04-07,Chatt,33.876,10.105,2,oculaire,0.446,0.508,4.375,9.817,1.25,22.2,81.7,64.2,14.7,0,Normal
2023-04-07,Metouia,33.971,10.001,0,respiratoire,0.446,0.508,4.375,9.817,1.25,22.2,81.7,64.2,14.7,0,Normal
2023-04-07,Chenini,33.899,10.044,1,respiratoire,0.446,0.508,4.375,9.817,1.25,22.2,81.7,64.2,14.7,0,Normal
2023-04-07,El Akarit,33.849,10.143,2,respiratoire,0.446,0.508,4.375,9.817,1.25,22.2,81.7,64.2,14.7,0,Normal
2023-04-07,Oudhref,33.83,10.087,1,digestif,0.446,0.508,4.375,9.817,1.25,22.2,81.7,64.2,14.7,0,Normal
2023-04-07,Bab Bhar,33.891,10.118,0,oculaire,0.446,0.508,4.375,9.817,1.25,22.2,81.7,64.2,14.7,0,Normal
2023-04-07,Jara,33.905,10.071,1,oculaire,0.446,0.508,4.375,9.817,1.25,22.2,81.7,64.2,14.7,0,Normal
2023-04-08,Bou Chemma,33.882,10.098,2,respiratoire,0.317,0.513,4.704,9.029,1.625,14.12,73.6,76.0,15.0,0,Normal
2023-04-08,Chatt,33.876,10.105,2,respiratoire,0.317,0.513,4.704,9.029,1.625,14.12,73.6,76.0,15.0,0,Normal
2023-04-08,Metouia,33.971,10.001,2,oculaire,0.317,0.513,4.704,9.029,1.625,14.12,73.6,76.0,15.0,0,Normal
2023-04-08,Chenini,33.899,10.044,2,oculaire,0.317,0.513,4.704,9.029,1.625,14.12,73.6,76.0,15.0,0,Normal
2023-04-08,El Akarit,33.849,10.143,5,oculaire,0.317,0.513,4.704,9.029,1.625,14.12,73.6,76.0,15.0,1,Vigilance
2023-04-08,Oudhref,33.83,10.087,2,respiratoire,0.317,0.513,4.704,9.029,1.625,14.12,73.6,76.0,15.0,0,Normal
2023-04-08,Bab Bhar,33.891,10.118,2,respiratoire,0.317,0.513,4.704,9.029,1.625,14.12,73.6,76.0,15.0,0,Normal
2023-04-08,Jara,33.905,10.071,1,respiratoire,0.317,0.513,4.704,9.029,1.625,14.12,73.6,76.0,15.0,0,Normal
2023-04-09,Bou Chemma,33.882,10.098,6,oculaire,0.487,0.767,5.708,9.308,2.292,12.29,164.5,70.4,15.6,1,Vigilance
2023-04-09,Chatt,33.876,10.105,4,respiratoire,0.487,0.767,5.708,9.308,2.292,12.29,164.5,70.4,15.6,1,Vigilance
2023-04-09,Metouia,33.971,10.001,1,digestif,0.487,0.767,5.708,9.308,2.292,12.29,164.5,70.4,15.6,0,Normal
2023-04-09,Chenini,33.899,10.044,4,respiratoire,0.487,0.767,5.708,9.308,2.292,12.29,164.5,70.4,15.6,1,Vigilance
2023-04-09,El Akarit,33.849,10.143,5,respiratoire,0.487,0.767,5.708,9.308,2.292,12.29,164.5,70.4,15.6,1,Vigilance
2023-04-09,Oudhref,33.83,10.087,2,digestif,0.487,0.767,5.708,9.308,2.292,12.29,164.5,70.4,15.6,0,Normal
2023-04-09,Bab Bhar,33.891,10.118,1,respiratoire,0.487,0.767,5.708,9.308,2.292,12.29,164.5,70.4,15.6,0,Normal
2023-04-09,Jara,33.905,10.071,4,respiratoire,0.487,0.767,5.708,9.308,2.292,12.29,164.5,70.4,15.6,1,Vigilance
2023-04-10,Bou Chemma,33.882,10.098,2,dermatologique,0.483,0.867,5.388,9.275,0.417,10.58,128.0,69.5,15.9,0,Normal
2023-04-10,Chatt,33.876,10.105,1,respiratoire,0.483,0.867,5.388,9.275,0.417,10.58,128.0,69.5,15.9,0,Normal
2023-04-10,Metouia,33.971,10.001,2,respiratoire,0.483,0.867,5.388,9.275,0.417,10.58,128.0,69.5,15.9,0,Normal
2023-04-10,Chenini,33.899,10.044,1,respiratoire,0.483,0.867,5.388,9.275,0.417,10.58,128.0,69.5,15.9,0,Normal
2023-04-10,El Akarit,33.849,10.143,6,respiratoire,0.483,0.867,5.388,9.275,0.417,10.58,128.0,69.5,15.9,1,Vigilance
2023-04-10,Oudhref,33.83,10.087,1,oculaire,0.483,0.867,5.388,9.275,0.417,10.58,128.0,69.5,15.9,0,Normal
2023-04-10,Bab Bhar,33.891,10.118,3,respiratoire,0.483,0.867,5.388,9.275,0.417,10.58,128.0,69.5,15.9,1,Vigilance
2023-04-10,Jara,33.905,10.071,0,oculaire,0.483,0.867,5.388,9.275,0.417,10.58,128.0,69.5,15.9,0,Normal
2023-04-11,Bou Chemma,33.882,10.098,3,respiratoire,0.608,0.908,5.696,9.525,0.208,10.5,85.8,58.3,16.0,1,Vigilance
2023-04-11,Chatt,33.876,10.105,2,respiratoire,0.608,0.908,5.696,9.525,0.208,10.5,85.8,58.3,16.0,1,Vigilance
2023-04-11,Metouia,33.971,10.001,2,respiratoire,0.608,0.908,5.696,9.525,0.208,10.5,85.8,58.3,16.0,1,Vigilance
2023-04-11,Chenini,33.899,10.044,3,digestif,0.608,0.908,5.696,9.525,0.208,10.5,85.8,58.3,16.0,1,Vigilance
2023-04-11,El Akarit,33.849,10.143,5,respiratoire,0.608,0.908,5.696,9.525,0.208,10.5,85.8,58.3,16.0,1,Vigilance
2023-04-11,Oudhref,33.83,10.087,3,respiratoire,0.608,0.908,5.696,9.525,0.208,10.5,85.8,58.3,16.0,1,Vigilance
2023-04-11,Bab Bhar,33.891,10.118,0,dermatologique,0.608,0.908,5.696,9.525,0.208,10.5,85.8,58.3,16.0,0,Normal
2023-04-11,Jara,33.905,10.071,3,oculaire,0.608,0.908,5.696,9.525,0.208,10.5,85.8,58.3,16.0,1,Vigilance
2023-04-12,Bou Chemma,33.882,10.098,6,dermatologique,0.429,0.871,12.267,21.3,13.75,23.5,241.3,33.3,20.4,1,Vigilance
2023-04-12,Chatt,33.876,10.105,0,oculaire,0.429,0.871,12.267,21.3,13.75,23.5,241.3,33.3,20.4,0,Normal
2023-04-12,Metouia,33.971,10.001,3,respiratoire,0.429,0.871,12.267,21.3,13.75,23.5,241.3,33.3,20.4,1,Vigilance
2023-04-12,Chenini,33.899,10.044,0,respiratoire,0.429,0.871,12.267,21.3,13.75,23.5,241.3,33.3,20.4,0,Normal
2023-04-12,El Akarit,33.849,10.143,4,respiratoire,0.429,0.871,12.267,21.3,13.75,23.5,241.3,33.3,20.4,1,Vigilance
2023-04-12,Oudhref,33.83,10.087,1,respiratoire,0.429,0.871,12.267,21.3,13.75,23.5,241.3,33.3,20.4,0,Normal
2023-04-12,Bab Bhar,33.891,10.118,0,oculaire,0.429,0.871,12.267,21.3,13.75,23.5,241.3,33.3,20.4,0,Normal
2023-04-12,Jara,33.905,10.071,0,dermatologique,0.429,0.871,12.267,21.3,13.75,23.5,241.3,33.3,20.4,0,Normal
2023-04-13,Bou Chemma,33.882,10.098,7,dermatologique,0.488,0.713,15.088,49.917,31.583,28.22,216.8,21.8,24.7,2,Critique
2023-04-13,Chatt,33.876,10.105,3,respiratoire,0.488,0.713,15.088,49.917,31.583,28.22,216.8,21.8,24.7,1,Vigilance
2023-04-13,Metouia,33.971,10.001,3,dermatologique,0.488,0.713,15.088,49.917,31.583,28.22,216.8,21.8,24.7,1,Vigilance
2023-04-13,Chenini,33.899,10.044,3,respiratoire,0.488,0.713,15.088,49.917,31.583,28.22,216.8,21.8,24.7,1,Vigilance
2023-04-13,El Akarit,33.849,10.143,4,oculaire,0.488,0.713,15.088,49.917,31.583,28.22,216.8,21.8,24.7,1,Vigilance
2023-04-13,Oudhref,33.83,10.087,2,respiratoire,0.488,0.713,15.088,49.917,31.583,28.22,216.8,21.8,24.7,1,Vigilance
2023-04-13,Bab Bhar,33.891,10.118,2,respiratoire,0.488,0.713,15.088,49.917,31.583,28.22,216.8,21.8,24.7,1,Vigilance
2023-04-13,Jara,33.905,10.071,4,dermatologique,0.488,0.713,15.088,49.917,31.583,28.22,216.8,21.8,24.7,1,Vigilance
2023-04-14,Bou Chemma,33.882,10.098,6,digestif,0.45,0.658,4.654,10.058,0.917,14.97,85.8,43.0,17.7,1,Vigilance
2023-04-14,Chatt,33.876,10.105,3,respiratoire,0.45,0.658,4.654,10.058,0.917,14.97,85.8,43.0,17.7,0,Normal
2023-04-14,Metouia,33.971,10.001,2,oculaire,0.45,0.658,4.654,10.058,0.917,14.97,85.8,43.0,17.7,0,Normal
2023-04-14,Chenini,33.899,10.044,1,oculaire,0.45,0.658,4.654,10.058,0.917,14.97,85.8,43.0,17.7,0,Normal
2023-04-14,El Akarit,33.849,10.143,2,oculaire,0.45,0.658,4.654,10.058,0.917,14.97,85.8,43.0,17.7,0,Normal
2023-04-14,Oudhref,33.83,10.087,4,dermatologique,0.45,0.658,4.654,10.058,0.917,14.97,85.8,43.0,17.7,1,Vigilance
2023-04-14,Bab Bhar,33.891,10.118,1,respiratoire,0.45,0.658,4.654,10.058,0.917,14.97,85.8,43.0,17.7,0,Normal
2023-04-14,Jara,33.905,10.071,0,oculaire,0.45,0.658,4.654,10.058,0.917,14.97,85.8,43.0,17.7,0,Normal
2023-04-15,Bou Chemma,33.882,10.098,2,respiratoire,0.45,0.846,8.942,18.429,12.083,14.63,229.1,28.5,20.8,0,Normal
2023-04-15,Chatt,33.876,10.105,4,respiratoire,0.45,0.846,8.942,18.429,12.083,14.63,229.1,28.5,20.8,0,Normal
2023-04-15,Metouia,33.971,10.001,1,respiratoire,0.45,0.846,8.942,18.429,12.083,14.63,229.1,28.5,20.8,0,Normal
2023-04-15,Chenini,33.899,10.044,0,respiratoire,0.45,0.846,8.942,18.429,12.083,14.63,229.1,28.5,20.8,0,Normal
2023-04-15,El Akarit,33.849,10.143,3,respiratoire,0.45,0.846,8.942,18.429,12.083,14.63,229.1,28.5,20.8,0,Normal
2023-04-15,Oudhref,33.83,10.087,2,respiratoire,0.45,0.846,8.942,18.429,12.083,14.63,229.1,28.5,20.8,0,Normal
2023-04-15,Bab Bhar,33.891,10.118,0,dermatologique,0.45,0.846,8.942,18.429,12.083,14.63,229.1,28.5,20.8,0,Normal
2023-04-15,Jara,33.905,10.071,0,dermatologique,0.45,0.846,8.942,18.429,12.083,14.63,229.1,28.5,20.8,0,Normal
2023-04-16,Bou Chemma,33.882,10.098,3,respiratoire,0.475,0.821,6.783,13.079,2.958,13.0,118.8,46.9,19.3,1,Vigilance
2023-04-16,Chatt,33.876,10.105,5,respiratoire,0.475,0.821,6.783,13.079,2.958,13.0,118.8,46.9,19.3,1,Vigilance
2023-04-16,Metouia,33.971,10.001,1,dermatologique,0.475,0.821,6.783,13.079,2.958,13.0,118.8,46.9,19.3,0,Normal
2023-04-16,Chenini,33.899,10.044,1,respiratoire,0.475,0.821,6.783,13.079,2.958,13.0,118.8,46.9,19.3,0,Normal
2023-04-16,El Akarit,33.849,10.143,7,respiratoire,0.475,0.821,6.783,13.079,2.958,13.0,118.8,46.9,19.3,2,Critique
2023-04-16,Oudhref,33.83,10.087,3,respiratoire,0.475,0.821,6.783,13.079,2.958,13.0,118.8,46.9,19.3,1,Vigilance
2023-04-16,Bab Bhar,33.891,10.118,1,digestif,0.475,0.821,6.783,13.079,2.958,13.0,118.8,46.9,19.3,0,Normal
2023-04-16,Jara,33.905,10.071,0,respiratoire,0.475,0.821,6.783,13.079,2.958,13.0,118.8,46.9,19.3,0,Normal
2023-04-17,Bou Chemma,33.882,10.098,3,oculaire,0.337,0.85,5.317,10.35,1.208,10.47,178.4,47.0,17.8,0,Normal
2023-04-17,Chatt,33.876,10.105,8,digestif,0.337,0.85,5.317,10.35,1.208,10.47,178.4,47.0,17.8,2,Critique
2023-04-17,Metouia,33.971,10.001,2,oculaire,0.337,0.85,5.317,10.35,1.208,10.47,178.4,47.0,17.8,0,Normal
2023-04-17,Chenini,33.899,10.044,1,digestif,0.337,0.85,5.317,10.35,1.208,10.47,178.4,47.0,17.8,0,Normal
2023-04-17,El Akarit,33.849,10.143,5,digestif,0.337,0.85,5.317,10.35,1.208,10.47,178.4,47.0,17.8,1,Vigilance
2023-04-17,Oudhref,33.83,10.087,2,oculaire,0.337,0.85,5.317,10.35,1.208,10.47,178.4,47.0,17.8,0,Normal
2023-04-17,Bab Bhar,33.891,10.118,1,respiratoire,0.337,0.85,5.317,10.35,1.208,10.47,178.4,47.0,17.8,0,Normal
2023-04-17,Jara,33.905,10.071,0,dermatologique,0.337,0.85,5.317,10.35,1.208,10.47,178.4,47.0,17.8,0,Normal
2023-04-18,Bou Chemma,33.882,10.098,11,respiratoire,1.333,0.921,9.104,13.787,3.417,17.12,113.8,52.8,18.2,3,Urgence
2023-04-18,Chatt,33.876,10.105,9,respiratoire,1.333,0.921,9.104,13.787,3.417,17.12,113.8,52.8,18.2,3,Urgence
2023-04-18,Metouia,33.971,10.001,4,respiratoire,1.333,0.921,9.104,13.787,3.417,17.12,113.8,52.8,18.2,2,Critique
2023-04-18,Chenini,33.899,10.044,1,respiratoire,1.333,0.921,9.104,13.787,3.417,17.12,113.8,52.8,18.2,2,Critique
2023-04-18,El Akarit,33.849,10.143,6,respiratoire,1.333,0.921,9.104,13.787,3.417,17.12,113.8,52.8,18.2,3,Urgence
2023-04-18,Oudhref,33.83,10.087,3,respiratoire,1.333,0.921,9.104,13.787,3.417,17.12,113.8,52.8,18.2,2,Critique
2023-04-18,Bab Bhar,33.891,10.118,2,respiratoire,1.333,0.921,9.104,13.787,3.417,17.12,113.8,52.8,18.2,2,Critique
2023-04-18,Jara,33.905,10.071,0,oculaire,1.333,0.921,9.104,13.787,3.417,17.12,113.8,52.8,18.2,2,Critique
2023-04-19,Bou Chemma,33.882,10.098,12,respiratoire,2.117,1.217,11.733,25.938,12.333,14.43,83.9,59.8,19.1,3,Urgence
2023-04-19,Chatt,33.876,10.105,15,oculaire,2.117,1.217,11.733,25.938,12.333,14.43,83.9,59.8,19.1,3,Urgence
2023-04-19,Metouia,33.971,10.001,5,oculaire,2.117,1.217,11.733,25.938,12.333,14.43,83.9,59.8,19.1,3,Urgence
2023-04-19,Chenini,33.899,10.044,6,respiratoire,2.117,1.217,11.733,25.938,12.333,14.43,83.9,59.8,19.1,3,Urgence
2023-04-19,El Akarit,33.849,10.143,20,respiratoire,2.117,1.217,11.733,25.938,12.333,14.43,83.9,59.8,19.1,3,Urgence
2023-04-19,Oudhref,33.83,10.087,5,respiratoire,2.117,1.217,11.733,25.938,12.333,14.43,83.9,59.8,19.1,3,Urgence
2023-04-19,Bab Bhar,33.891,10.118,5,respiratoire,2.117,1.217,11.733,25.938,12.333,14.43,83.9,59.8,19.1,3,Urgence
2023-04-19,Jara,33.905,10.071,4,respiratoire,2.117,1.217,11.733,25.938,12.333,14.43,83.9,59.8,19.1,3,Urgence
2023-04-20,Bou Chemma,33.882,10.098,15,oculaire,0.683,0.817,14.679,46.342,20.333,14.85,45.9,73.8,19.3,3,Urgence
2023-04-20,Chatt,33.876,10.105,18,respiratoire,0.683,0.817,14.679,46.342,20.333,14.85,45.9,73.8,19.3,3,Urgence
2023-04-20,Metouia,33.971,10.001,7,oculaire,0.683,0.817,14.679,46.342,20.333,14.85,45.9,73.8,19.3,2,Critique
2023-04-20,Chenini,33.899,10.044,5,dermatologique,0.683,0.817,14.679,46.342,20.333,14.85,45.9,73.8,19.3,2,Critique
2023-04-20,El Akarit,33.849,10.143,15,dermatologique,0.683,0.817,14.679,46.342,20.333,14.85,45.9,73.8,19.3,3,Urgence
2023-04-20,Oudhref,33.83,10.087,6,dermatologique,0.683,0.817,14.679,46.342,20.333,14.85,45.9,73.8,19.3,2,Critique
2023-04-20,Bab Bhar,33.891,10.118,6,digestif,0.683,0.817,14.679,46.342,20.333,14.85,45.9,73.8,19.3,2,Critique
2023-04-20,Jara,33.905,10.071,4,oculaire,0.683,0.817,14.679,46.342,20.333,14.85,45.9,73.8,19.3,2,Critique
2023-04-21,Bou Chemma,33.882,10.098,3,dermatologique,0.462,0.562,18.871,60.733,27.833,26.24,33.5,78.9,17.9,2,Critique
2023-04-21,Chatt,33.876,10.105,9,oculaire,0.462,0.562,18.871,60.733,27.833,26.24,33.5,78.9,17.9,2,Critique
2023-04-21,Metouia,33.971,10.001,2,oculaire,0.462,0.562,18.871,60.733,27.833,26.24,33.5,78.9,17.9,1,Vigilance
2023-04-21,Chenini,33.899,10.044,2,respiratoire,0.462,0.562,18.871,60.733,27.833,26.24,33.5,78.9,17.9,1,Vigilance
2023-04-21,El Akarit,33.849,10.143,5,dermatologique,0.462,0.562,18.871,60.733,27.833,26.24,33.5,78.9,17.9,2,Critique
2023-04-21,Oudhref,33.83,10.087,2,respiratoire,0.462,0.562,18.871,60.733,27.833,26.24,33.5,78.9,17.9,1,Vigilance
2023-04-21,Bab Bhar,33.891,10.118,1,oculaire,0.462,0.562,18.871,60.733,27.833,26.24,33.5,78.9,17.9,1,Vigilance
2023-04-21,Jara,33.905,10.071,2,respiratoire,0.462,0.562,18.871,60.733,27.833,26.24,33.5,78.9,17.9,1,Vigilance
2023-04-22,Bou Chemma,33.882,10.098,8,oculaire,0.471,0.537,13.246,28.65,11.542,19.2,58.8,80.2,17.7,2,Critique
2023-04-22,Chatt,33.876,10.105,14,respiratoire,0.471,0.537,13.246,28.65,11.542,19.2,58.8,80.2,17.7,3,Urgence
2023-04-22,Metouia,33.971,10.001,4,oculaire,0.471,0.537,13.246,28.65,11.542,19.2,58.8,80.2,17.7,2,Critique
2023-04-22,Chenini,33.899,10.044,4,respiratoire,0.471,0.537,13.246,28.65,11.542,19.2,58.8,80.2,17.7,2,Critique
2023-04-22,El Akarit,33.849,10.143,8,oculaire,0.471,0.537,13.246,28.65,11.542,19.2,58.8,80.2,17.7,2,Critique
2023-04-22,Oudhref,33.83,10.087,2,oculaire,0.471,0.537,13.246,28.65,11.542,19.2,58.8,80.2,17.7,1,Vigilance
2023-04-22,Bab Bhar,33.891,10.118,5,respiratoire,0.471,0.537,13.246,28.65,11.542,19.2,58.8,80.2,17.7,2,Critique
2023-04-22,Jara,33.905,10.071,3,respiratoire,0.471,0.537,13.246,28.65,11.542,19.2,58.8,80.2,17.7,2,Critique
2023-04-23,Bou Chemma,33.882,10.098,8,respiratoire,0.413,0.654,10.254,17.404,2.708,9.92,102.5,74.6,17.6,2,Critique
2023-04-23,Chatt,33.876,10.105,6,respiratoire,0.413,0.654,10.254,17.404,2.708,9.92,102.5,74.6,17.6,2,Critique
2023-04-23,Metouia,33.971,10.001,7,respiratoire,0.413,0.654,10.254,17.404,2.708,9.92,102.5,74.6,17.6,2,Critique
2023-04-23,Chenini,33.899,10.044,0,respiratoire,0.413,0.654,10.254,17.404,2.708,9.92,102.5,74.6,17.6,1,Vigilance
2023-04-23,El Akarit,33.849,10.143,6,respiratoire,0.413,0.654,10.254,17.404,2.708,9.92,102.5,74.6,17.6,2,Critique
2023-04-23,Oudhref,33.83,10.087,2,respiratoire,0.413,0.654,10.254,17.404,2.708,9.92,102.5,74.6,17.6,1,Vigilance
2023-04-23,Bab Bhar,33.891,10.118,2,respiratoire,0.413,0.654,10.254,17.404,2.708,9.92,102.5,74.6,17.6,1,Vigilance
2023-04-23,Jara,33.905,10.071,2,respiratoire,0.413,0.654,10.254,17.404,2.708,9.92,102.5,74.6,17.6,1,Vigilance
2023-04-24,Bou Chemma,33.882,10.098,14,digestif,1.371,1.213,10.917,14.812,3.083,8.62,158.8,39.3,22.0,3,Urgence
2023-04-24,Chatt,33.876,10.105,6,respiratoire,1.371,1.213,10.917,14.812,3.083,8.62,158.8,39.3,22.0,3,Urgence
2023-04-24,Metouia,33.971,10.001,5,respiratoire,1.371,1.213,10.917,14.812,3.083,8.62,158.8,39.3,22.0,3,Urgence
2023-04-24,Chenini,33.899,10.044,3,respiratoire,1.371,1.213,10.917,14.812,3.083,8.62,158.8,39.3,22.0,2,Critique
2023-04-24,El Akarit,33.849,10.143,11,respiratoire,1.371,1.213,10.917,14.812,3.083,8.62,158.8,39.3,22.0,3,Urgence
2023-04-24,Oudhref,33.83,10.087,5,respiratoire,1.371,1.213,10.917,14.812,3.083,8.62,158.8,39.3,22.0,3,Urgence
2023-04-24,Bab Bhar,33.891,10.118,4,respiratoire,1.371,1.213,10.917,14.812,3.083,8.62,158.8,39.3,22.0,3,Urgence
2023-04-24,Jara,33.905,10.071,3,respiratoire,1.371,1.213,10.917,14.812,3.083,8.62,158.8,39.3,22.0,2,Critique
2023-04-25,Bou Chemma,33.882,10.098,11,respiratoire,1.192,1.254,11.192,21.325,7.333,11.79,178.1,47.2,22.6,3,Urgence
2023-04-25,Chatt,33.876,10.105,9,respiratoire,1.192,1.254,11.192,21.325,7.333,11.79,178.1,47.2,22.6,3,Urgence
2023-04-25,Metouia,33.971,10.001,4,respiratoire,1.192,1.254,11.192,21.325,7.333,11.79,178.1,47.2,22.6,2,Critique
2023-04-25,Chenini,33.899,10.044,3,digestif,1.192,1.254,11.192,21.325,7.333,11.79,178.1,47.2,22.6,2,Critique
2023-04-25,El Akarit,33.849,10.143,13,oculaire,1.192,1.254,11.192,21.325,7.333,11.79,178.1,47.2,22.6,3,Urgence
2023-04-25,Oudhref,33.83,10.087,5,digestif,1.192,1.254,11.192,21.325,7.333,11.79,178.1,47.2,22.6,2,Critique
2023-04-25,Bab Bhar,33.891,10.118,5,respiratoire,1.192,1.254,11.192,21.325,7.333,11.79,178.1,47.2,22.6,2,Critique
2023-04-25,Jara,33.905,10.071,7,dermatologique,1.192,1.254,11.192,21.325,7.333,11.79,178.1,47.2,22.6,3,Urgence
2023-04-26,Bou Chemma,33.882,10.098,7,oculaire,0.942,0.921,11.317,21.267,5.375,11.9,98.2,60.6,21.8,2,Critique
2023-04-26,Chatt,33.876,10.105,10,digestif,0.942,0.921,11.317,21.267,5.375,11.9,98.2,60.6,21.8,3,Urgence
2023-04-26,Metouia,33.971,10.001,7,oculaire,0.942,0.921,11.317,21.267,5.375,11.9,98.2,60.6,21.8,2,Critique
2023-04-26,Chenini,33.899,10.044,2,oculaire,0.942,0.921,11.317,21.267,5.375,11.9,98.2,60.6,21.8,2,Critique
2023-04-26,El Akarit,33.849,10.143,7,respiratoire,0.942,0.921,11.317,21.267,5.375,11.9,98.2,60.6,21.8,2,Critique
2023-04-26,Oudhref,33.83,10.087,2,oculaire,0.942,0.921,11.317,21.267,5.375,11.9,98.2,60.6,21.8,2,Critique
2023-04-26,Bab Bhar,33.891,10.118,4,respiratoire,0.942,0.921,11.317,21.267,5.375,11.9,98.2,60.6,21.8,2,Critique
2023-04-26,Jara,33.905,10.071,4,dermatologique,0.942,0.921,11.317,21.267,5.375,11.9,98.2,60.6,21.8,2,Critique
2023-04-27,Bou Chemma,33.882,10.098,1,respiratoire,0.596,0.654,6.879,12.783,1.0,15.54,99.2,63.0,21.0,1,Vigilance
2023-04-27,Chatt,33.876,10.105,3,dermatologique,0.596,0.654,6.879,12.783,1.0,15.54,99.2,63.0,21.0,1,Vigilance
2023-04-27,Metouia,33.971,10.001,2,respiratoire,0.596,0.654,6.879,12.783,1.0,15.54,99.2,63.0,21.0,1,Vigilance
2023-04-27,Chenini,33.899,10.044,1,oculaire,0.596,0.654,6.879,12.783,1.0,15.54,99.2,63.0,21.0,1,Vigilance
2023-04-27,El Akarit,33.849,10.143,6,oculaire,0.596,0.654,6.879,12.783,1.0,15.54,99.2,63.0,21.0,2,Critique
2023-04-27,Oudhref,33.83,10.087,0,respiratoire,0.596,0.654,6.879,12.783,1.0,15.54,99.2,63.0,21.0,0,Normal
2023-04-27,Bab Bhar,33.891,10.118,3,respiratoire,0.596,0.654,6.879,12.783,1.0,15.54,99.2,63.0,21.0,1,Vigilance
2023-04-27,Jara,33.905,10.071,0,respiratoire,0.596,0.654,6.879,12.783,1.0,15.54,99.2,63.0,21.0,0,Normal
2023-04-28,Bou Chemma,33.882,10.098,5,respiratoire,0.592,0.683,7.792,12.037,0.75,14.94,92.1,65.2,21.1,2,Critique
2023-04-28,Chatt,33.876,10.105,2,digestif,0.592,0.683,7.792,12.037,0.75,14.94,92.1,65.2,21.1,1,Vigilance
2023-04-28,Metouia,33.971,10.001,4,respiratoire,0.592,0.683,7.792,12.037,0.75,14.94,92.1,65.2,21.1,1,Vigilance
2023-04-28,Chenini,33.899,10.044,3,digestif,0.592,0.683,7.792,12.037,0.75,14.94,92.1,65.2,21.1,1,Vigilance
2023-04-28,El Akarit,33.849,10.143,6,respiratoire,0.592,0.683,7.792,12.037,0.75,14.94,92.1,65.2,21.1,2,Critique
2023-04-28,Oudhref,33.83,10.087,6,oculaire,0.592,0.683,7.792,12.037,0.75,14.94,92.1,65.2,21.1,2,Critique
2023-04-28,Bab Bhar,33.891,10.118,1,oculaire,0.592,0.683,7.792,12.037,0.75,14.94,92.1,65.2,21.1,1,Vigilance
2023-04-28,Jara,33.905,10.071,3,oculaire,0.592,0.683,7.792,12.037,0.75,14.94,92.1,65.2,21.1,1,Vigilance
2023-04-29,Bou Chemma,33.882,10.098,11,respiratoire,1.238,0.967,10.054,14.138,2.917,10.49,118.4,51.0,23.9,3,Urgence
2023-04-29,Chatt,33.876,10.105,8,respiratoire,1.238,0.967,10.054,14.138,2.917,10.49,118.4,51.0,23.9,3,Urgence
2023-04-29,Metouia,33.971,10.001,7,respiratoire,1.238,0.967,10.054,14.138,2.917,10.49,118.4,51.0,23.9,3,Urgence
2023-04-29,Chenini,33.899,10.044,2,respiratoire,1.238,0.967,10.054,14.138,2.917,10.49,118.4,51.0,23.9,2,Critique
2023-04-29,El Akarit,33.849,10.143,5,respiratoire,1.238,0.967,10.054,14.138,2.917,10.49,118.4,51.0,23.9,2,Critique
2023-04-29,Oudhref,33.83,10.087,4,respiratoire,1.238,0.967,10.054,14.138,2.917,10.49,118.4,51.0,23.9,2,Critique
2023-04-29,Bab Bhar,33.891,10.118,5,oculaire,1.238,0.967,10.054,14.138,2.917,10.49,118.4,51.0,23.9,2,Critique
2023-04-29,Jara,33.905,10.071,8,respiratoire,1.238,0.967,10.054,14.138,2.917,10.49,118.4,51.0,23.9,3,Urgence
2023-04-30,Bou Chemma,33.882,10.098,8,respiratoire,1.325,1.05,13.975,20.658,6.5,15.25,133.5,55.8,23.1,3,Urgence
2023-04-30,Chatt,33.876,10.105,12,respiratoire,1.325,1.05,13.975,20.658,6.5,15.25,133.5,55.8,23.1,3,Urgence
2023-04-30,Metouia,33.971,10.001,2,respiratoire,1.325,1.05,13.975,20.658,6.5,15.25,133.5,55.8,23.1,2,Critique
2023-04-30,Chenini,33.899,10.044,5,respiratoire,1.325,1.05,13.975,20.658,6.5,15.25,133.5,55.8,23.1,3,Urgence
2023-04-30,El Akarit,33.849,10.143,13,digestif,1.325,1.05,13.975,20.658,6.5,15.25,133.5,55.8,23.1,3,Urgence
2023-04-30,Oudhref,33.83,10.087,1,oculaire,1.325,1.05,13.975,20.658,6.5,15.25,133.5,55.8,23.1,2,Critique
2023-04-30,Bab Bhar,33.891,10.118,9,respiratoire,1.325,1.05,13.975,20.658,6.5,15.25,133.5,55.8,23.1,3,Urgence
2023-04-30,Jara,33.905,10.071,5,respiratoire,1.325,1.05,13.975,20.658,6.5,15.25,133.5,55.8,23.1,3,Urgence
2023-05-01,Bou Chemma,33.882,10.098,6,oculaire,0.575,0.771,7.729,14.117,1.917,16.05,68.0,66.2,21.2,2,Critique
2023-05-01,Chatt,33.876,10.105,9,oculaire,0.575,0.771,7.729,14.117,1.917,16.05,68.0,66.2,21.2,2,Critique
2023-05-01,Metouia,33.971,10.001,2,respiratoire,0.575,0.771,7.729,14.117,1.917,16.05,68.0,66.2,21.2,1,Vigilance
2023-05-01,Chenini,33.899,10.044,3,respiratoire,0.575,0.771,7.729,14.117,1.917,16.05,68.0,66.2,21.2,1,Vigilance
2023-05-01,El Akarit,33.849,10.143,9,respiratoire,0.575,0.771,7.729,14.117,1.917,16.05,68.0,66.2,21.2,2,Critique
2023-05-01,Oudhref,33.83,10.087,0,respiratoire,0.575,0.771,7.729,14.117,1.917,16.05,68.0,66.2,21.2,0,Normal
2023-05-01,Bab Bhar,33.891,10.118,1,respiratoire,0.575,0.771,7.729,14.117,1.917,16.05,68.0,66.2,21.2,1,Vigilance
2023-05-01,Jara,33.905,10.071,6,oculaire,0.575,0.771,7.729,14.117,1.917,16.05,68.0,66.2,21.2,2,Critique
2023-05-02,Bou Chemma,33.882,10.098,2,oculaire,0.396,0.758,4.667,7.5,0.25,10.66,188.8,57.7,20.4,0,Normal
2023-05-02,Chatt,33.876,10.105,2,respiratoire,0.396,0.758,4.667,7.5,0.25,10.66,188.8,57.7,20.4,0,Normal
2023-05-02,Metouia,33.971,10.001,2,dermatologique,0.396,0.758,4.667,7.5,0.25,10.66,188.8,57.7,20.4,0,Normal
2023-05-02,Chenini,33.899,10.044,0,oculaire,0.396,0.758,4.667,7.5,0.25,10.66,188.8,57.7,20.4,0,Normal
2023-05-02,El Akarit,33.849,10.143,3,digestif,0.396,0.758,4.667,7.5,0.25,10.66,188.8,57.7,20.4,0,Normal
2023-05-02,Oudhref,33.83,10.087,0,oculaire,0.396,0.758,4.667,7.5,0.25,10.66,188.8,57.7,20.4,0,Normal
2023-05-02,Bab Bhar,33.891,10.118,1,respiratoire,0.396,0.758,4.667,7.5,0.25,10.66,188.8,57.7,20.4,0,Normal
2023-05-02,Jara,33.905,10.071,1,respiratoire,0.396,0.758,4.667,7.5,0.25,10.66,188.8,57.7,20.4,0,Normal
2023-05-03,Bou Chemma,33.882,10.098,4,digestif,0.413,0.85,4.483,7.083,0.583,10.36,152.5,52.0,20.2,1,Vigilance
2023-05-03,Chatt,33.876,10.105,4,respiratoire,0.413,0.85,4.483,7.083,0.583,10.36,152.5,52.0,20.2,1,Vigilance
2023-05-03,Metouia,33.971,10.001,3,digestif,0.413,0.85,4.483,7.083,0.583,10.36,152.5,52.0,20.2,0,Normal
2023-05-03,Chenini,33.899,10.044,2,digestif,0.413,0.85,4.483,7.083,0.583,10.36,152.5,52.0,20.2,0,Normal
2023-05-03,El Akarit,33.849,10.143,2,digestif,0.413,0.85,4.483,7.083,0.583,10.36,152.5,52.0,20.2,0,Normal
2023-05-03,Oudhref,33.83,10.087,0,dermatologique,0.413,0.85,4.483,7.083,0.583,10.36,152.5,52.0,20.2,0,Normal
2023-05-03,Bab Bhar,33.891,10.118,2,respiratoire,0.413,0.85,4.483,7.083,0.583,10.36,152.5,52.0,20.2,0,Normal
2023-05-03,Jara,33.905,10.071,3,respiratoire,0.413,0.85,4.483,7.083,0.583,10.36,152.5,52.0,20.2,0,Normal
2023-05-04,Bou Chemma,33.882,10.098,0,oculaire,0.479,0.821,5.342,8.529,0.333,11.02,104.3,61.1,20.2,0,Normal
2023-05-04,Chatt,33.876,10.105,5,digestif,0.479,0.821,5.342,8.529,0.333,11.02,104.3,61.1,20.2,1,Vigilance
2023-05-04,Metouia,33.971,10.001,2,dermatologique,0.479,0.821,5.342,8.529,0.333,11.02,104.3,61.1,20.2,0,Normal
2023-05-04,Chenini,33.899,10.044,1,oculaire,0.479,0.821,5.342,8.529,0.333,11.02,104.3,61.1,20.2,0,Normal
2023-05-04,El Akarit,33.849,10.143,4,digestif,0.479,0.821,5.342,8.529,0.333,11.02,104.3,61.1,20.2,1,Vigilance
2023-05-04,Oudhref,33.83,10.087,2,respiratoire,0.479,0.821,5.342,8.529,0.333,11.02,104.3,61.1,20.2,0,Normal
2023-05-04,Bab Bhar,33.891,10.118,2,oculaire,0.479,0.821,5.342,8.529,0.333,11.02,104.3,61.1,20.2,0,Normal
2023-05-04,Jara,33.905,10.071,3,respiratoire,0.479,0.821,5.342,8.529,0.333,11.02,104.3,61.1,20.2,1,Vigilance
2023-05-05,Bou Chemma,33.882,10.098,3,dermatologique,0.467,0.763,5.596,8.108,0.333,12.35,103.5,62.4,20.6,1,Vigilance
2023-05-05,Chatt,33.876,10.105,3,respiratoire,0.467,0.763,5.596,8.108,0.333,12.35,103.5,62.4,20.6,1,Vigilance
2023-05-05,Metouia,33.971,10.001,3,oculaire,0.467,0.763,5.596,8.108,0.333,12.35,103.5,62.4,20.6,1,Vigilance
2023-05-05,Chenini,33.899,10.044,1,oculaire,0.467,0.763,5.596,8.108,0.333,12.35,103.5,62.4,20.6,0,Normal
2023-05-05,El Akarit,33.849,10.143,2,dermatologique,0.467,0.763,5.596,8.108,0.333,12.35,103.5,62.4,20.6,0,Normal
2023-05-05,Oudhref,33.83,10.087,1,respiratoire,0.467,0.763,5.596,8.108,0.333,12.35,103.5,62.4,20.6,0,Normal
2023-05-05,Bab Bhar,33.891,10.118,0,respiratoire,0.467,0.763,5.596,8.108,0.333,12.35,103.5,62.4,20.6,0,Normal
2023-05-05,Jara,33.905,10.071,2,oculaire,0.467,0.763,5.596,8.108,0.333,12.35,103.5,62.4,20.6,0,Normal
2023-05-06,Bou Chemma,33.882,10.098,10,respiratoire,1.267,0.946,9.987,13.254,2.417,14.35,112.2,50.8,23.2,3,Urgence
2023-05-06,Chatt,33.876,10.105,6,respiratoire,1.267,0.946,9.987,13.254,2.417,14.35,112.2,50.8,23.2,3,Urgence
2023-05-06,Metouia,33.971,10.001,3,respiratoire,1.267,0.946,9.987,13.254,2.417,14.35,112.2,50.8,23.2,2,Critique
2023-05-06,Chenini,33.899,10.044,2,respiratoire,1.267,0.946,9.987,13.254,2.417,14.35,112.2,50.8,23.2,2,Critique
2023-05-06,El Akarit,33.849,10.143,10,respiratoire,1.267,0.946,9.987,13.254,2.417,14.35,112.2,50.8,23.2,3,Urgence
2023-05-06,Oudhref,33.83,10.087,2,oculaire,1.267,0.946,9.987,13.254,2.417,14.35,112.2,50.8,23.2,2,Critique
2023-05-06,Bab Bhar,33.891,10.118,2,respiratoire,1.267,0.946,9.987,13.254,2.417,14.35,112.2,50.8,23.2,2,Critique
2023-05-06,Jara,33.905,10.071,4,dermatologique,1.267,0.946,9.987,13.254,2.417,14.35,112.2,50.8,23.2,2,Critique
2023-05-07,Bou Chemma,33.882,10.098,13,respiratoire,2.283,1.354,14.504,23.829,10.125,12.84,97.5,48.4,24.3,3,Urgence
2023-05-07,Chatt,33.876,10.105,21,respiratoire,2.283,1.354,14.504,23.829,10.125,12.84,97.5,48.4,24.3,3,Urgence
2023-05-07,Metouia,33.971,10.001,10,respiratoire,2.283,1.354,14.504,23.829,10.125,12.84,97.5,48.4,24.3,3,Urgence
2023-05-07,Chenini,33.899,10.044,8,respiratoire,2.283,1.354,14.504,23.829,10.125,12.84,97.5,48.4,24.3,3,Urgence
2023-05-07,El Akarit,33.849,10.143,14,respiratoire,2.283,1.354,14.504,23.829,10.125,12.84,97.5,48.4,24.3,3,Urgence
2023-05-07,Oudhref,33.83,10.087,5,respiratoire,2.283,1.354,14.504,23.829,10.125,12.84,97.5,48.4,24.3,3,Urgence
2023-05-07,Bab Bhar,33.891,10.118,8,respiratoire,2.283,1.354,14.504,23.829,10.125,12.84,97.5,48.4,24.3,3,Urgence
2023-05-07,Jara,33.905,10.071,8,respiratoire,2.283,1.354,14.504,23.829,10.125,12.84,97.5,48.4,24.3,3,Urgence
2023-05-08,Bou Chemma,33.882,10.098,5,respiratoire,0.938,0.704,16.658,36.387,20.5,28.1,35.1,67.7,21.9,2,Critique
2023-05-08,Chatt,33.876,10.105,5,digestif,0.938,0.704,16.658,36.387,20.5,28.1,35.1,67.7,21.9,2,Critique
2023-05-08,Metouia,33.971,10.001,1,digestif,0.938,0.704,16.658,36.387,20.5,28.1,35.1,67.7,21.9,2,Critique
2023-05-08,Chenini,33.899,10.044,1,dermatologique,0.938,0.704,16.658,36.387,20.5,28.1,35.1,67.7,21.9,2,Critique
2023-05-08,El Akarit,33.849,10.143,2,oculaire,0.938,0.704,16.658,36.387,20.5,28.1,35.1,67.7,21.9,2,Critique
2023-05-08,Oudhref,33.83,10.087,1,oculaire,0.938,0.704,16.658,36.387,20.5,28.1,35.1,67.7,21.9,2,Critique
2023-05-08,Bab Bhar,33.891,10.118,1,respiratoire,0.938,0.704,16.658,36.387,20.5,28.1,35.1,67.7,21.9,2,Critique
2023-05-08,Jara,33.905,10.071,1,respiratoire,0.938,0.704,16.658,36.387,20.5,28.1,35.1,67.7,21.9,2,Critique
2023-05-09,Bou Chemma,33.882,10.098,1,respiratoire,0.442,0.683,6.021,10.438,2.042,16.45,172.6,76.5,18.7,0,Normal
2023-05-09,Chatt,33.876,10.105,3,dermatologique,0.442,0.683,6.021,10.438,2.042,16.45,172.6,76.5,18.7,1,Vigilance
2023-05-09,Metouia,33.971,10.001,2,digestif,0.442,0.683,6.021,10.438,2.042,16.45,172.6,76.5,18.7,0,Normal
2023-05-09,Chenini,33.899,10.044,2,respiratoire,0.442,0.683,6.021,10.438,2.042,16.45,172.6,76.5,18.7,0,Normal
2023-05-09,El Akarit,33.849,10.143,8,respiratoire,0.442,0.683,6.021,10.438,2.042,16.45,172.6,76.5,18.7,2,Critique
2023-05-09,Oudhref,33.83,10.087,1,respiratoire,0.442,0.683,6.021,10.438,2.042,16.45,172.6,76.5,18.7,0,Normal
2023-05-09,Bab Bhar,33.891,10.118,3,dermatologique,0.442,0.683,6.021,10.438,2.042,16.45,172.6,76.5,18.7,1,Vigilance
2023-05-09,Jara,33.905,10.071,2,dermatologique,0.442,0.683,6.021,10.438,2.042,16.45,172.6,76.5,18.7,0,Normal
2023-05-10,Bou Chemma,33.882,10.098,13,respiratoire,0.646,0.713,7.858,16.146,4.458,11.25,86.8,73.9,19.8,3,Urgence
2023-05-10,Chatt,33.876,10.105,8,respiratoire,0.646,0.713,7.858,16.146,4.458,11.25,86.8,73.9,19.8,2,Critique
2023-05-10,Metouia,33.971,10.001,3,dermatologique,0.646,0.713,7.858,16.146,4.458,11.25,86.8,73.9,19.8,1,Vigilance
2023-05-10,Chenini,33.899,10.044,6,respiratoire,0.646,0.713,7.858,16.146,4.458,11.25,86.8,73.9,19.8,2,Critique
2023-05-10,El Akarit,33.849,10.143,3,respiratoire,0.646,0.713,7.858,16.146,4.458,11.25,86.8,73.9,19.8,1,Vigilance
2023-05-10,Oudhref,33.83,10.087,5,oculaire,0.646,0.713,7.858,16.146,4.458,11.25,86.8,73.9,19.8,2,Critique
2023-05-10,Bab Bhar,33.891,10.118,6,respiratoire,0.646,0.713,7.858,16.146,4.458,11.25,86.8,73.9,19.8,2,Critique
2023-05-10,Jara,33.905,10.071,2,digestif,0.646,0.713,7.858,16.146,4.458,11.25,86.8,73.9,19.8,1,Vigilance
2023-05-11,Bou Chemma,33.882,10.098,8,respiratoire,0.413,0.675,9.629,13.896,4.0,16.63,121.5,69.0,20.9,2,Critique
2023-05-11,Chatt,33.876,10.105,6,respiratoire,0.413,0.675,9.629,13.896,4.0,16.63,121.5,69.0,20.9,2,Critique
2023-05-11,Metouia,33.971,10.001,4,dermatologique,0.413,0.675,9.629,13.896,4.0,16.63,121.5,69.0,20.9,1,Vigilance
2023-05-11,Chenini,33.899,10.044,4,oculaire,0.413,0.675,9.629,13.896,4.0,16.63,121.5,69.0,20.9,1,Vigilance
2023-05-11,El Akarit,33.849,10.143,5,respiratoire,0.413,0.675,9.629,13.896,4.0,16.63,121.5,69.0,20.9,2,Critique
2023-05-11,Oudhref,33.83,10.087,6,oculaire,0.413,0.675,9.629,13.896,4.0,16.63,121.5,69.0,20.9,2,Critique
2023-05-11,Bab Bhar,33.891,10.118,4,oculaire,0.413,0.675,9.629,13.896,4.0,16.63,121.5,69.0,20.9,1,Vigilance
2023-05-11,Jara,33.905,10.071,2,respiratoire,0.413,0.675,9.629,13.896,4.0,16.63,121.5,69.0,20.9,1,Vigilance
2023-05-12,Bou Chemma,33.882,10.098,18,respiratoire,1.433,1.008,16.896,48.75,34.292,14.7,82.9,72.3,21.8,3,Urgence
2023-05-12,Chatt,33.876,10.105,16,respiratoire,1.433,1.008,16.896,48.75,34.292,14.7,82.9,72.3,21.8,3,Urgence
2023-05-12,Metouia,33.971,10.001,9,respiratoire,1.433,1.008,16.896,48.75,34.292,14.7,82.9,72.3,21.8,3,Urgence
2023-05-12,Chenini,33.899,10.044,9,respiratoire,1.433,1.008,16.896,48.75,34.292,14.7,82.9,72.3,21.8,3,Urgence
2023-05-12,El Akarit,33.849,10.143,24,respiratoire,1.433,1.008,16.896,48.75,34.292,14.7,82.9,72.3,21.8,3,Urgence
2023-05-12,Oudhref,33.83,10.087,5,respiratoire,1.433,1.008,16.896,48.75,34.292,14.7,82.9,72.3,21.8,3,Urgence
2023-05-12,Bab Bhar,33.891,10.118,7,respiratoire,1.433,1.008,16.896,48.75,34.292,14.7,82.9,72.3,21.8,3,Urgence
2023-05-12,Jara,33.905,10.071,6,oculaire,1.433,1.008,16.896,48.75,34.292,14.7,82.9,72.3,21.8,3,Urgence
2023-05-13,Bou Chemma,33.882,10.098,57,oculaire,0.496,0.792,48.679,138.429,117.958,13.86,101.3,56.7,25.5,3,Urgence
2023-05-13,Chatt,33.876,10.105,43,oculaire,0.496,0.792,48.679,138.429,117.958,13.86,101.3,56.7,25.5,3,Urgence
2023-05-13,Metouia,33.971,10.001,21,respiratoire,0.496,0.792,48.679,138.429,117.958,13.86,101.3,56.7,25.5,3,Urgence
2023-05-13,Chenini,33.899,10.044,19,respiratoire,0.496,0.792,48.679,138.429,117.958,13.86,101.3,56.7,25.5,3,Urgence
2023-05-13,El Akarit,33.849,10.143,48,oculaire,0.496,0.792,48.679,138.429,117.958,13.86,101.3,56.7,25.5,3,Urgence
2023-05-13,Oudhref,33.83,10.087,22,respiratoire,0.496,0.792,48.679,138.429,117.958,13.86,101.3,56.7,25.5,3,Urgence
2023-05-13,Bab Bhar,33.891,10.118,27,oculaire,0.496,0.792,48.679,138.429,117.958,13.86,101.3,56.7,25.5,3,Urgence
2023-05-13,Jara,33.905,10.071,14,dermatologique,0.496,0.792,48.679,138.429,117.958,13.86,101.3,56.7,25.5,3,Urgence
2023-05-14,Bou Chemma,33.882,10.098,14,respiratoire,0.642,0.667,15.721,46.679,32.833,26.6,51.3,73.3,20.4,3,Urgence
2023-05-14,Chatt,33.876,10.105,17,oculaire,0.642,0.667,15.721,46.679,32.833,26.6,51.3,73.3,20.4,3,Urgence
2023-05-14,Metouia,33.971,10.001,9,oculaire,0.642,0.667,15.721,46.679,32.833,26.6,51.3,73.3,20.4,3,Urgence
2023-05-14,Chenini,33.899,10.044,7,respiratoire,0.642,0.667,15.721,46.679,32.833,26.6,51.3,73.3,20.4,3,Urgence
2023-05-14,El Akarit,33.849,10.143,16,dermatologique,0.642,0.667,15.721,46.679,32.833,26.6,51.3,73.3,20.4,3,Urgence
2023-05-14,Oudhref,33.83,10.087,6,respiratoire,0.642,0.667,15.721,46.679,32.833,26.6,51.3,73.3,20.4,2,Critique
2023-05-14,Bab Bhar,33.891,10.118,8,dermatologique,0.642,0.667,15.721,46.679,32.833,26.6,51.3,73.3,20.4,3,Urgence
2023-05-14,Jara,33.905,10.071,13,respiratoire,0.642,0.667,15.721,46.679,32.833,26.6,51.3,73.3,20.4,3,Urgence
2023-05-15,Bou Chemma,33.882,10.098,1,dermatologique,0.421,0.833,5.5,12.729,5.333,24.06,243.2,63.8,17.3,0,Normal
2023-05-15,Chatt,33.876,10.105,3,digestif,0.421,0.833,5.5,12.729,5.333,24.06,243.2,63.8,17.3,0,Normal
2023-05-15,Metouia,33.971,10.001,0,digestif,0.421,0.833,5.5,12.729,5.333,24.06,243.2,63.8,17.3,0,Normal
2023-05-15,Chenini,33.899,10.044,0,dermatologique,0.421,0.833,5.5,12.729,5.333,24.06,243.2,63.8,17.3,0,Normal
2023-05-15,El Akarit,33.849,10.143,1,digestif,0.421,0.833,5.5,12.729,5.333,24.06,243.2,63.8,17.3,0,Normal
2023-05-15,Oudhref,33.83,10.087,0,oculaire,0.421,0.833,5.5,12.729,5.333,24.06,243.2,63.8,17.3,0,Normal
2023-05-15,Bab Bhar,33.891,10.118,0,oculaire,0.421,0.833,5.5,12.729,5.333,24.06,243.2,63.8,17.3,0,Normal
2023-05-15,Jara,33.905,10.071,0,respiratoire,0.421,0.833,5.5,12.729,5.333,24.06,243.2,63.8,17.3,0,Normal
2023-05-16,Bou Chemma,33.882,10.098,1,respiratoire,0.508,1.096,7.688,10.417,2.083,17.26,265.9,46.8,19.8,0,Normal
2023-05-16,Chatt,33.876,10.105,1,respiratoire,0.508,1.096,7.688,10.417,2.083,17.26,265.9,46.8,19.8,0,Normal
2023-05-16,Metouia,33.971,10.001,2,oculaire,0.508,1.096,7.688,10.417,2.083,17.26,265.9,46.8,19.8,0,Normal
2023-05-16,Chenini,33.899,10.044,1,oculaire,0.508,1.096,7.688,10.417,2.083,17.26,265.9,46.8,19.8,0,Normal
2023-05-16,El Akarit,33.849,10.143,2,oculaire,0.508,1.096,7.688,10.417,2.083,17.26,265.9,46.8,19.8,0,Normal
2023-05-16,Oudhref,33.83,10.087,1,respiratoire,0.508,1.096,7.688,10.417,2.083,17.26,265.9,46.8,19.8,0,Normal
2023-05-16,Bab Bhar,33.891,10.118,1,oculaire,0.508,1.096,7.688,10.417,2.083,17.26,265.9,46.8,19.8,0,Normal
2023-05-16,Jara,33.905,10.071,2,digestif,0.508,1.096,7.688,10.417,2.083,17.26,265.9,46.8,19.8,0,Normal
2023-05-17,Bou Chemma,33.882,10.098,8,respiratoire,0.533,0.996,8.529,12.846,1.833,14.86,138.5,63.0,19.8,2,Critique
2023-05-17,Chatt,33.876,10.105,6,dermatologique,0.533,0.996,8.529,12.846,1.833,14.86,138.5,63.0,19.8,2,Critique
2023-05-17,Metouia,33.971,10.001,2,digestif,0.533,0.996,8.529,12.846,1.833,14.86,138.5,63.0,19.8,1,Vigilance
2023-05-17,Chenini,33.899,10.044,1,respiratoire,0.533,0.996,8.529,12.846,1.833,14.86,138.5,63.0,19.8,1,Vigilance
2023-05-17,El Akarit,33.849,10.143,5,dermatologique,0.533,0.996,8.529,12.846,1.833,14.86,138.5,63.0,19.8,2,Critique
2023-05-17,Oudhref,33.83,10.087,3,digestif,0.533,0.996,8.529,12.846,1.833,14.86,138.5,63.0,19.8,1,Vigilance
2023-05-17,Bab Bhar,33.891,10.118,3,respiratoire,0.533,0.996,8.529,12.846,1.833,14.86,138.5,63.0,19.8,1,Vigilance
2023-05-17,Jara,33.905,10.071,2,respiratoire,0.533,0.996,8.529,12.846,1.833,14.86,138.5,63.0,19.8,1,Vigilance
2023-05-18,Bou Chemma,33.882,10.098,9,oculaire,0.971,0.704,14.108,35.858,21.25,14.46,72.4,66.6,22.1,3,Urgence
2023-05-18,Chatt,33.876,10.105,13,oculaire,0.971,0.704,14.108,35.858,21.25,14.46,72.4,66.6,22.1,3,Urgence
2023-05-18,Metouia,33.971,10.001,4,oculaire,0.971,0.704,14.108,35.858,21.25,14.46,72.4,66.6,22.1,2,Critique
2023-05-18,Chenini,33.899,10.044,11,oculaire,0.971,0.704,14.108,35.858,21.25,14.46,72.4,66.6,22.1,3,Urgence
2023-05-18,El Akarit,33.849,10.143,11,respiratoire,0.971,0.704,14.108,35.858,21.25,14.46,72.4,66.6,22.1,3,Urgence
2023-05-18,Oudhref,33.83,10.087,4,respiratoire,0.971,0.704,14.108,35.858,21.25,14.46,72.4,66.6,22.1,2,Critique
2023-05-18,Bab Bhar,33.891,10.118,4,dermatologique,0.971,0.704,14.108,35.858,21.25,14.46,72.4,66.6,22.1,2,Critique
2023-05-18,Jara,33.905,10.071,4,digestif,0.971,0.704,14.108,35.858,21.25,14.46,72.4,66.6,22.1,2,Critique
2023-05-19,Bou Chemma,33.882,10.098,39,respiratoire,0.617,0.642,27.162,77.904,65.75,20.03,68.2,69.5,21.5,3,Urgence
2023-05-19,Chatt,33.876,10.105,41,respiratoire,0.617,0.642,27.162,77.904,65.75,20.03,68.2,69.5,21.5,3,Urgence
2023-05-19,Metouia,33.971,10.001,10,oculaire,0.617,0.642,27.162,77.904,65.75,20.03,68.2,69.5,21.5,3,Urgence
2023-05-19,Chenini,33.899,10.044,10,oculaire,0.617,0.642,27.162,77.904,65.75,20.03,68.2,69.5,21.5,3,Urgence
2023-05-19,El Akarit,33.849,10.143,26,dermatologique,0.617,0.642,27.162,77.904,65.75,20.03,68.2,69.5,21.5,3,Urgence
2023-05-19,Oudhref,33.83,10.087,17,oculaire,0.617,0.642,27.162,77.904,65.75,20.03,68.2,69.5,21.5,3,Urgence
2023-05-19,Bab Bhar,33.891,10.118,9,oculaire,0.617,0.642,27.162,77.904,65.75,20.03,68.2,69.5,21.5,3,Urgence
2023-05-19,Jara,33.905,10.071,14,oculaire,0.617,0.642,27.162,77.904,65.75,20.03,68.2,69.5,21.5,3,Urgence
2023-05-20,Bou Chemma,33.882,10.098,5,oculaire,0.396,0.883,16.7,45.525,31.333,21.04,276.0,52.3,21.9,2,Critique
2023-05-20,Chatt,33.876,10.105,5,respiratoire,0.396,0.883,16.7,45.525,31.333,21.04,276.0,52.3,21.9,2,Critique
2023-05-20,Metouia,33.971,10.001,0,oculaire,0.396,0.883,16.7,45.525,31.333,21.04,276.0,52.3,21.9,0,Normal
2023-05-20,Chenini,33.899,10.044,5,oculaire,0.396,0.883,16.7,45.525,31.333,21.04,276.0,52.3,21.9,2,Critique
2023-05-20,El Akarit,33.849,10.143,5,respiratoire,0.396,0.883,16.7,45.525,31.333,21.04,276.0,52.3,21.9,2,Critique
2023-05-20,Oudhref,33.83,10.087,4,respiratoire,0.396,0.883,16.7,45.525,31.333,21.04,276.0,52.3,21.9,1,Vigilance
2023-05-20,Bab Bhar,33.891,10.118,4,oculaire,0.396,0.883,16.7,45.525,31.333,21.04,276.0,52.3,21.9,1,Vigilance
2023-05-20,Jara,33.905,10.071,2,respiratoire,0.396,0.883,16.7,45.525,31.333,21.04,276.0,52.3,21.9,1,Vigilance
2023-05-21,Bou Chemma,33.882,10.098,1,respiratoire,0.354,0.996,5.033,8.517,3.292,10.22,301.5,36.9,23.0,0,Normal
2023-05-21,Chatt,33.876,10.105,1,respiratoire,0.354,0.996,5.033,8.517,3.292,10.22,301.5,36.9,23.0,0,Normal
2023-05-21,Metouia,33.971,10.001,0,dermatologique,0.354,0.996,5.033,8.517,3.292,10.22,301.5,36.9,23.0,0,Normal
2023-05-21,Chenini,33.899,10.044,0,respiratoire,0.354,0.996,5.033,8.517,3.292,10.22,301.5,36.9,23.0,0,Normal
2023-05-21,El Akarit,33.849,10.143,2,oculaire,0.354,0.996,5.033,8.517,3.292,10.22,301.5,36.9,23.0,0,Normal
2023-05-21,Oudhref,33.83,10.087,1,respiratoire,0.354,0.996,5.033,8.517,3.292,10.22,301.5,36.9,23.0,0,Normal
2023-05-21,Bab Bhar,33.891,10.118,1,oculaire,0.354,0.996,5.033,8.517,3.292,10.22,301.5,36.9,23.0,0,Normal
2023-05-21,Jara,33.905,10.071,1,digestif,0.354,0.996,5.033,8.517,3.292,10.22,301.5,36.9,23.0,0,Normal
2023-05-22,Bou Chemma,33.882,10.098,6,respiratoire,0.858,0.862,10.242,16.242,7.625,13.75,112.6,63.5,21.6,2,Critique
2023-05-22,Chatt,33.876,10.105,7,oculaire,0.858,0.862,10.242,16.242,7.625,13.75,112.6,63.5,21.6,2,Critique
2023-05-22,Metouia,33.971,10.001,6,respiratoire,0.858,0.862,10.242,16.242,7.625,13.75,112.6,63.5,21.6,2,Critique
2023-05-22,Chenini,33.899,10.044,6,oculaire,0.858,0.862,10.242,16.242,7.625,13.75,112.6,63.5,21.6,2,Critique
2023-05-22,El Akarit,33.849,10.143,3,respiratoire,0.858,0.862,10.242,16.242,7.625,13.75,112.6,63.5,21.6,2,Critique
2023-05-22,Oudhref,33.83,10.087,5,respiratoire,0.858,0.862,10.242,16.242,7.625,13.75,112.6,63.5,21.6,2,Critique
2023-05-22,Bab Bhar,33.891,10.118,7,digestif,0.858,0.862,10.242,16.242,7.625,13.75,112.6,63.5,21.6,2,Critique
2023-05-22,Jara,33.905,10.071,4,digestif,0.858,0.862,10.242,16.242,7.625,13.75,112.6,63.5,21.6,2,Critique
2023-05-23,Bou Chemma,33.882,10.098,6,respiratoire,0.475,0.483,8.825,19.758,9.208,23.73,92.9,77.5,20.4,2,Critique
2023-05-23,Chatt,33.876,10.105,8,digestif,0.475,0.483,8.825,19.758,9.208,23.73,92.9,77.5,20.4,2,Critique
2023-05-23,Metouia,33.971,10.001,5,oculaire,0.475,0.483,8.825,19.758,9.208,23.73,92.9,77.5,20.4,2,Critique
2023-05-23,Chenini,33.899,10.044,2,oculaire,0.475,0.483,8.825,19.758,9.208,23.73,92.9,77.5,20.4,1,Vigilance
2023-05-23,El Akarit,33.849,10.143,5,digestif,0.475,0.483,8.825,19.758,9.208,23.73,92.9,77.5,20.4,2,Critique
2023-05-23,Oudhref,33.83,10.087,1,respiratoire,0.475,0.483,8.825,19.758,9.208,23.73,92.9,77.5,20.4,1,Vigilance
2023-05-23,Bab Bhar,33.891,10.118,3,oculaire,0.475,0.483,8.825,19.758,9.208,23.73,92.9,77.5,20.4,1,Vigilance
2023-05-23,Jara,33.905,10.071,3,respiratoire,0.475,0.483,8.825,19.758,9.208,23.73,92.9,77.5,20.4,1,Vigilance
2023-05-24,Bou Chemma,33.882,10.098,6,respiratoire,0.579,0.417,14.375,44.7,33.167,18.58,90.4,79.9,20.3,2,Critique
2023-05-24,Chatt,33.876,10.105,12,dermatologique,0.579,0.417,14.375,44.7,33.167,18.58,90.4,79.9,20.3,3,Urgence
2023-05-24,Metouia,33.971,10.001,9,respiratoire,0.579,0.417,14.375,44.7,33.167,18.58,90.4,79.9,20.3,3,Urgence
2023-05-24,Chenini,33.899,10.044,7,digestif,0.579,0.417,14.375,44.7,33.167,18.58,90.4,79.9,20.3,2,Critique
2023-05-24,El Akarit,33.849,10.143,17,respiratoire,0.579,0.417,14.375,44.7,33.167,18.58,90.4,79.9,20.3,3,Urgence
2023-05-24,Oudhref,33.83,10.087,8,respiratoire,0.579,0.417,14.375,44.7,33.167,18.58,90.4,79.9,20.3,2,Critique
2023-05-24,Bab Bhar,33.891,10.118,8,oculaire,0.579,0.417,14.375,44.7,33.167,18.58,90.4,79.9,20.3,2,Critique
2023-05-24,Jara,33.905,10.071,7,respiratoire,0.579,0.417,14.375,44.7,33.167,18.58,90.4,79.9,20.3,2,Critique
2023-05-25,Bou Chemma,33.882,10.098,5,oculaire,0.279,0.588,10.179,25.325,11.0,12.47,259.0,77.1,19.5,0,Normal
2023-05-25,Chatt,33.876,10.105,3,digestif,0.279,0.588,10.179,25.325,11.0,12.47,259.0,77.1,19.5,0,Normal
2023-05-25,Metouia,33.971,10.001,0,oculaire,0.279,0.588,10.179,25.325,11.0,12.47,259.0,77.1,19.5,0,Normal
2023-05-25,Chenini,33.899,10.044,0,respiratoire,0.279,0.588,10.179,25.325,11.0,12.47,259.0,77.1,19.5,0,Normal
2023-05-25,El Akarit,33.849,10.143,3,digestif,0.279,0.588,10.179,25.325,11.0,12.47,259.0,77.1,19.5,0,Normal
2023-05-25,Oudhref,33.83,10.087,1,oculaire,0.279,0.588,10.179,25.325,11.0,12.47,259.0,77.1,19.5,0,Normal
2023-05-25,Bab Bhar,33.891,10.118,0,digestif,0.279,0.588,10.179,25.325,11.0,12.47,259.0,77.1,19.5,0,Normal
2023-05-25,Jara,33.905,10.071,1,respiratoire,0.279,0.588,10.179,25.325,11.0,12.47,259.0,77.1,19.5,0,Normal
2023-05-26,Bou Chemma,33.882,10.098,5,oculaire,0.775,0.725,11.804,20.796,9.958,19.53,164.2,71.5,19.7,2,Critique
2023-05-26,Chatt,33.876,10.105,10,respiratoire,0.775,0.725,11.804,20.796,9.958,19.53,164.2,71.5,19.7,3,Urgence
2023-05-26,Metouia,33.971,10.001,2,oculaire,0.775,0.725,11.804,20.796,9.958,19.53,164.2,71.5,19.7,2,Critique
2023-05-26,Chenini,33.899,10.044,4,digestif,0.775,0.725,11.804,20.796,9.958,19.53,164.2,71.5,19.7,2,Critique
2023-05-26,El Akarit,33.849,10.143,12,oculaire,0.775,0.725,11.804,20.796,9.958,19.53,164.2,71.5,19.7,3,Urgence
2023-05-26,Oudhref,33.83,10.087,3,respiratoire,0.775,0.725,11.804,20.796,9.958,19.53,164.2,71.5,19.7,2,Critique
2023-05-26,Bab Bhar,33.891,10.118,4,dermatologique,0.775,0.725,11.804,20.796,9.958,19.53,164.2,71.5,19.7,2,Critique
2023-05-26,Jara,33.905,10.071,3,oculaire,0.775,0.725,11.804,20.796,9.958,19.53,164.2,71.5,19.7,2,Critique
2023-05-27,Bou Chemma,33.882,10.098,4,dermatologique,0.862,1.183,11.683,20.104,5.542,8.42,198.3,59.5,21.5,2,Critique
2023-05-27,Chatt,33.876,10.105,2,oculaire,0.862,1.183,11.683,20.104,5.542,8.42,198.3,59.5,21.5,1,Vigilance
2023-05-27,Metouia,33.971,10.001,0,dermatologique,0.862,1.183,11.683,20.104,5.542,8.42,198.3,59.5,21.5,1,Vigilance
2023-05-27,Chenini,33.899,10.044,1,respiratoire,0.862,1.183,11.683,20.104,5.542,8.42,198.3,59.5,21.5,1,Vigilance
2023-05-27,El Akarit,33.849,10.143,4,dermatologique,0.862,1.183,11.683,20.104,5.542,8.42,198.3,59.5,21.5,2,Critique
2023-05-27,Oudhref,33.83,10.087,1,respiratoire,0.862,1.183,11.683,20.104,5.542,8.42,198.3,59.5,21.5,1,Vigilance
2023-05-27,Bab Bhar,33.891,10.118,1,respiratoire,0.862,1.183,11.683,20.104,5.542,8.42,198.3,59.5,21.5,1,Vigilance
2023-05-27,Jara,33.905,10.071,0,respiratoire,0.862,1.183,11.683,20.104,5.542,8.42,198.3,59.5,21.5,1,Vigilance
2023-05-28,Bou Chemma,33.882,10.098,5,respiratoire,0.608,0.963,11.45,18.05,6.417,10.94,147.8,50.0,23.8,2,Critique
2023-05-28,Chatt,33.876,10.105,10,digestif,0.608,0.963,11.45,18.05,6.417,10.94,147.8,50.0,23.8,3,Urgence
2023-05-28,Metouia,33.971,10.001,8,respiratoire,0.608,0.963,11.45,18.05,6.417,10.94,147.8,50.0,23.8,2,Critique
2023-05-28,Chenini,33.899,10.044,4,oculaire,0.608,0.963,11.45,18.05,6.417,10.94,147.8,50.0,23.8,2,Critique
2023-05-28,El Akarit,33.849,10.143,10,respiratoire,0.608,0.963,11.45,18.05,6.417,10.94,147.8,50.0,23.8,3,Urgence
2023-05-28,Oudhref,33.83,10.087,5,respiratoire,0.608,0.963,11.45,18.05,6.417,10.94,147.8,50.0,23.8,2,Critique
2023-05-28,Bab Bhar,33.891,10.118,3,oculaire,0.608,0.963,11.45,18.05,6.417,10.94,147.8,50.0,23.8,2,Critique
2023-05-28,Jara,33.905,10.071,3,dermatologique,0.608,0.963,11.45,18.05,6.417,10.94,147.8,50.0,23.8,2,Critique
2023-05-29,Bou Chemma,33.882,10.098,13,respiratoire,0.446,0.496,12.358,20.213,6.875,23.68,64.7,70.0,21.9,3,Urgence
2023-05-29,Chatt,33.876,10.105,5,dermatologique,0.446,0.496,12.358,20.213,6.875,23.68,64.7,70.0,21.9,2,Critique
2023-05-29,Metouia,33.971,10.001,5,respiratoire,0.446,0.496,12.358,20.213,6.875,23.68,64.7,70.0,21.9,2,Critique
2023-05-29,Chenini,33.899,10.044,1,oculaire,0.446,0.496,12.358,20.213,6.875,23.68,64.7,70.0,21.9,1,Vigilance
2023-05-29,El Akarit,33.849,10.143,9,respiratoire,0.446,0.496,12.358,20.213,6.875,23.68,64.7,70.0,21.9,2,Critique
2023-05-29,Oudhref,33.83,10.087,8,oculaire,0.446,0.496,12.358,20.213,6.875,23.68,64.7,70.0,21.9,2,Critique
2023-05-29,Bab Bhar,33.891,10.118,3,respiratoire,0.446,0.496,12.358,20.213,6.875,23.68,64.7,70.0,21.9,2,Critique
2023-05-29,Jara,33.905,10.071,4,oculaire,0.446,0.496,12.358,20.213,6.875,23.68,64.7,70.0,21.9,2,Critique
2023-05-30,Bou Chemma,33.882,10.098,7,respiratoire,0.583,0.479,12.579,23.012,5.25,18.47,63.4,74.4,21.1,2,Critique
2023-05-30,Chatt,33.876,10.105,6,oculaire,0.583,0.479,12.579,23.012,5.25,18.47,63.4,74.4,21.1,2,Critique
2023-05-30,Metouia,33.971,10.001,4,oculaire,0.583,0.479,12.579,23.012,5.25,18.47,63.4,74.4,21.1,2,Critique
2023-05-30,Chenini,33.899,10.044,6,respiratoire,0.583,0.479,12.579,23.012,5.25,18.47,63.4,74.4,21.1,2,Critique
2023-05-30,El Akarit,33.849,10.143,13,respiratoire,0.583,0.479,12.579,23.012,5.25,18.47,63.4,74.4,21.1,3,Urgence
2023-05-30,Oudhref,33.83,10.087,6,respiratoire,0.583,0.479,12.579,23.012,5.25,18.47,63.4,74.4,21.1,2,Critique
2023-05-30,Bab Bhar,33.891,10.118,3,respiratoire,0.583,0.479,12.579,23.012,5.25,18.47,63.4,74.4,21.1,2,Critique
2023-05-30,Jara,33.905,10.071,4,oculaire,0.583,0.479,12.579,23.012,5.25,18.47,63.4,74.4,21.1,2,Critique
2023-05-31,Bou Chemma,33.882,10.098,5,dermatologique,0.529,0.454,9.325,16.0,2.917,9.94,66.8,78.7,20.6,2,Critique
2023-05-31,Chatt,33.876,10.105,8,respiratoire,0.529,0.454,9.325,16.0,2.917,9.94,66.8,78.7,20.6,2,Critique
2023-05-31,Metouia,33.971,10.001,4,respiratoire,0.529,0.454,9.325,16.0,2.917,9.94,66.8,78.7,20.6,1,Vigilance
2023-05-31,Chenini,33.899,10.044,2,respiratoire,0.529,0.454,9.325,16.0,2.917,9.94,66.8,78.7,20.6,1,Vigilance
2023-05-31,El Akarit,33.849,10.143,5,oculaire,0.529,0.454,9.325,16.0,2.917,9.94,66.8,78.7,20.6,2,Critique
2023-05-31,Oudhref,33.83,10.087,2,digestif,0.529,0.454,9.325,16.0,2.917,9.94,66.8,78.7,20.6,1,Vigilance
2023-05-31,Bab Bhar,33.891,10.118,1,oculaire,0.529,0.454,9.325,16.0,2.917,9.94,66.8,78.7,20.6,1,Vigilance
2023-05-31,Jara,33.905,10.071,4,dermatologique,0.529,0.454,9.325,16.0,2.917,9.94,66.8,78.7,20.6,1,Vigilance
2023-06-01,Bou Chemma,33.882,10.098,9,digestif,0.404,0.612,9.6,14.429,2.917,7.72,125.9,79.9,20.2,2,Critique
2023-06-01,Chatt,33.876,10.105,4,oculaire,0.404,0.612,9.6,14.429,2.917,7.72,125.9,79.9,20.2,1,Vigilance
2023-06-01,Metouia,33.971,10.001,2,dermatologique,0.404,0.612,9.6,14.429,2.917,7.72,125.9,79.9,20.2,1,Vigilance
2023-06-01,Chenini,33.899,10.044,0,respiratoire,0.404,0.612,9.6,14.429,2.917,7.72,125.9,79.9,20.2,0,Normal
2023-06-01,El Akarit,33.849,10.143,5,oculaire,0.404,0.612,9.6,14.429,2.917,7.72,125.9,79.9,20.2,2,Critique
2023-06-01,Oudhref,33.83,10.087,2,oculaire,0.404,0.612,9.6,14.429,2.917,7.72,125.9,79.9,20.2,1,Vigilance
2023-06-01,Bab Bhar,33.891,10.118,3,oculaire,0.404,0.612,9.6,14.429,2.917,7.72,125.9,79.9,20.2,1,Vigilance
2023-06-01,Jara,33.905,10.071,3,dermatologique,0.404,0.612,9.6,14.429,2.917,7.72,125.9,79.9,20.2,1,Vigilance
2023-06-02,Bou Chemma,33.882,10.098,7,respiratoire,0.258,0.588,9.662,15.112,4.708,9.42,84.6,78.0,21.5,2,Critique
2023-06-02,Chatt,33.876,10.105,5,digestif,0.258,0.588,9.662,15.112,4.708,9.42,84.6,78.0,21.5,1,Vigilance
2023-06-02,Metouia,33.971,10.001,2,respiratoire,0.258,0.588,9.662,15.112,4.708,9.42,84.6,78.0,21.5,1,Vigilance
2023-06-02,Chenini,33.899,10.044,3,oculaire,0.258,0.588,9.662,15.112,4.708,9.42,84.6,78.0,21.5,1,Vigilance
2023-06-02,El Akarit,33.849,10.143,7,digestif,0.258,0.588,9.662,15.112,4.708,9.42,84.6,78.0,21.5,2,Critique
2023-06-02,Oudhref,33.83,10.087,2,respiratoire,0.258,0.588,9.662,15.112,4.708,9.42,84.6,78.0,21.5,1,Vigilance
2023-06-02,Bab Bhar,33.891,10.118,2,oculaire,0.258,0.588,9.662,15.112,4.708,9.42,84.6,78.0,21.5,1,Vigilance
2023-06-02,Jara,33.905,10.071,7,respiratoire,0.258,0.588,9.662,15.112,4.708,9.42,84.6,78.0,21.5,2,Critique
2023-06-03,Bou Chemma,33.882,10.098,11,respiratoire,0.4,0.546,11.662,22.233,9.083,14.97,91.5,77.2,22.2,2,Critique
2023-06-03,Chatt,33.876,10.105,5,respiratoire,0.4,0.546,11.662,22.233,9.083,14.97,91.5,77.2,22.2,2,Critique
2023-06-03,Metouia,33.971,10.001,5,respiratoire,0.4,0.546,11.662,22.233,9.083,14.97,91.5,77.2,22.2,2,Critique
2023-06-03,Chenini,33.899,10.044,3,oculaire,0.4,0.546,11.662,22.233,9.083,14.97,91.5,77.2,22.2,1,Vigilance
2023-06-03,El Akarit,33.849,10.143,6,respiratoire,0.4,0.546,11.662,22.233,9.083,14.97,91.5,77.2,22.2,2,Critique
2023-06-03,Oudhref,33.83,10.087,5,dermatologique,0.4,0.546,11.662,22.233,9.083,14.97,91.5,77.2,22.2,2,Critique
2023-06-03,Bab Bhar,33.891,10.118,1,respiratoire,0.4,0.546,11.662,22.233,9.083,14.97,91.5,77.2,22.2,1,Vigilance
2023-06-03,Jara,33.905,10.071,1,dermatologique,0.4,0.546,11.662,22.233,9.083,14.97,91.5,77.2,22.2,1,Vigilance
2023-06-04,Bou Chemma,33.882,10.098,25,respiratoire,0.742,0.483,17.525,50.821,33.875,25.15,70.7,73.2,22.9,3,Urgence
2023-06-04,Chatt,33.876,10.105,20,dermatologique,0.742,0.483,17.525,50.821,33.875,25.15,70.7,73.2,22.9,3,Urgence
2023-06-04,Metouia,33.971,10.001,4,dermatologique,0.742,0.483,17.525,50.821,33.875,25.15,70.7,73.2,22.9,2,Critique
2023-06-04,Chenini,33.899,10.044,9,respiratoire,0.742,0.483,17.525,50.821,33.875,25.15,70.7,73.2,22.9,3,Urgence
2023-06-04,El Akarit,33.849,10.143,11,dermatologique,0.742,0.483,17.525,50.821,33.875,25.15,70.7,73.2,22.9,3,Urgence
2023-06-04,Oudhref,33.83,10.087,9,oculaire,0.742,0.483,17.525,50.821,33.875,25.15,70.7,73.2,22.9,3,Urgence
2023-06-04,Bab Bhar,33.891,10.118,5,respiratoire,0.742,0.483,17.525,50.821,33.875,25.15,70.7,73.2,22.9,2,Critique
2023-06-04,Jara,33.905,10.071,7,respiratoire,0.742,0.483,17.525,50.821,33.875,25.15,70.7,73.2,22.9,3,Urgence
2023-06-05,Bou Chemma,33.882,10.098,4,respiratoire,0.504,0.362,19.4,55.75,35.958,24.24,30.8,77.3,22.9,2,Critique
2023-06-05,Chatt,33.876,10.105,6,respiratoire,0.504,0.362,19.4,55.75,35.958,24.24,30.8,77.3,22.9,2,Critique
2023-06-05,Metouia,33.971,10.001,2,respiratoire,0.504,0.362,19.4,55.75,35.958,24.24,30.8,77.3,22.9,1,Vigilance
2023-06-05,Chenini,33.899,10.044,1,digestif,0.504,0.362,19.4,55.75,35.958,24.24,30.8,77.3,22.9,1,Vigilance
2023-06-05,El Akarit,33.849,10.143,5,oculaire,0.504,0.362,19.4,55.75,35.958,24.24,30.8,77.3,22.9,2,Critique
2023-06-05,Oudhref,33.83,10.087,3,digestif,0.504,0.362,19.4,55.75,35.958,24.24,30.8,77.3,22.9,2,Critique
2023-06-05,Bab Bhar,33.891,10.118,1,oculaire,0.504,0.362,19.4,55.75,35.958,24.24,30.8,77.3,22.9,1,Vigilance
2023-06-05,Jara,33.905,10.071,3,dermatologique,0.504,0.362,19.4,55.75,35.958,24.24,30.8,77.3,22.9,2,Critique
2023-06-06,Bou Chemma,33.882,10.098,10,respiratoire,0.333,0.429,15.475,39.429,25.542,21.07,48.5,80.3,22.2,3,Urgence
2023-06-06,Chatt,33.876,10.105,8,respiratoire,0.333,0.429,15.475,39.429,25.542,21.07,48.5,80.3,22.2,2,Critique
2023-06-06,Metouia,33.971,10.001,5,oculaire,0.333,0.429,15.475,39.429,25.542,21.07,48.5,80.3,22.2,2,Critique
2023-06-06,Chenini,33.899,10.044,5,dermatologique,0.333,0.429,15.475,39.429,25.542,21.07,48.5,80.3,22.2,2,Critique
2023-06-06,El Akarit,33.849,10.143,17,oculaire,0.333,0.429,15.475,39.429,25.542,21.07,48.5,80.3,22.2,3,Urgence
2023-06-06,Oudhref,33.83,10.087,10,oculaire,0.333,0.429,15.475,39.429,25.542,21.07,48.5,80.3,22.2,3,Urgence
2023-06-06,Bab Bhar,33.891,10.118,7,respiratoire,0.333,0.429,15.475,39.429,25.542,21.07,48.5,80.3,22.2,2,Critique
2023-06-06,Jara,33.905,10.071,2,oculaire,0.333,0.429,15.475,39.429,25.542,21.07,48.5,80.3,22.2,2,Critique
2023-06-07,Bou Chemma,33.882,10.098,12,digestif,0.208,0.392,12.217,31.442,22.458,12.4,82.2,73.5,22.3,2,Critique
2023-06-07,Chatt,33.876,10.105,8,dermatologique,0.208,0.392,12.217,31.442,22.458,12.4,82.2,73.5,22.3,2,Critique
2023-06-07,Metouia,33.971,10.001,5,respiratoire,0.208,0.392,12.217,31.442,22.458,12.4,82.2,73.5,22.3,2,Critique
2023-06-07,Chenini,33.899,10.044,4,oculaire,0.208,0.392,12.217,31.442,22.458,12.4,82.2,73.5,22.3,1,Vigilance
2023-06-07,El Akarit,33.849,10.143,12,respiratoire,0.208,0.392,12.217,31.442,22.458,12.4,82.2,73.5,22.3,2,Critique
2023-06-07,Oudhref,33.83,10.087,7,dermatologique,0.208,0.392,12.217,31.442,22.458,12.4,82.2,73.5,22.3,2,Critique
2023-06-07,Bab Bhar,33.891,10.118,6,dermatologique,0.208,0.392,12.217,31.442,22.458,12.4,82.2,73.5,22.3,2,Critique
2023-06-07,Jara,33.905,10.071,4,oculaire,0.208,0.392,12.217,31.442,22.458,12.4,82.2,73.5,22.3,1,Vigilance
2023-06-08,Bou Chemma,33.882,10.098,13,oculaire,0.95,0.746,16.517,32.129,17.542,13.47,121.0,56.0,25.9,3,Urgence
2023-06-08,Chatt,33.876,10.105,13,respiratoire,0.95,0.746,16.517,32.129,17.542,13.47,121.0,56.0,25.9,3,Urgence
2023-06-08,Metouia,33.971,10.001,7,dermatologique,0.95,0.746,16.517,32.129,17.542,13.47,121.0,56.0,25.9,3,Urgence
2023-06-08,Chenini,33.899,10.044,6,respiratoire,0.95,0.746,16.517,32.129,17.542,13.47,121.0,56.0,25.9,3,Urgence
2023-06-08,El Akarit,33.849,10.143,8,dermatologique,0.95,0.746,16.517,32.129,17.542,13.47,121.0,56.0,25.9,3,Urgence
2023-06-08,Oudhref,33.83,10.087,3,oculaire,0.95,0.746,16.517,32.129,17.542,13.47,121.0,56.0,25.9,2,Critique
2023-06-08,Bab Bhar,33.891,10.118,5,oculaire,0.95,0.746,16.517,32.129,17.542,13.47,121.0,56.0,25.9,3,Urgence
2023-06-08,Jara,33.905,10.071,6,respiratoire,0.95,0.746,16.517,32.129,17.542,13.47,121.0,56.0,25.9,3,Urgence
2023-06-09,Bou Chemma,33.882,10.098,22,respiratoire,1.367,1.229,21.688,43.567,24.5,11.09,118.6,46.2,28.5,3,Urgence
2023-06-09,Chatt,33.876,10.105,20,digestif,1.367,1.229,21.688,43.567,24.5,11.09,118.6,46.2,28.5,3,Urgence
2023-06-09,Metouia,33.971,10.001,8,respiratoire,1.367,1.229,21.688,43.567,24.5,11.09,118.6,46.2,28.5,3,Urgence
2023-06-09,Chenini,33.899,10.044,13,respiratoire,1.367,1.229,21.688,43.567,24.5,11.09,118.6,46.2,28.5,3,Urgence
2023-06-09,El Akarit,33.849,10.143,18,respiratoire,1.367,1.229,21.688,43.567,24.5,11.09,118.6,46.2,28.5,3,Urgence
2023-06-09,Oudhref,33.83,10.087,10,respiratoire,1.367,1.229,21.688,43.567,24.5,11.09,118.6,46.2,28.5,3,Urgence
2023-06-09,Bab Bhar,33.891,10.118,11,respiratoire,1.367,1.229,21.688,43.567,24.5,11.09,118.6,46.2,28.5,3,Urgence
2023-06-09,Jara,33.905,10.071,10,respiratoire,1.367,1.229,21.688,43.567,24.5,11.09,118.6,46.2,28.5,3,Urgence
2023-06-10,Bou Chemma,33.882,10.098,15,dermatologique,0.646,0.55,17.396,47.404,27.0,22.94,61.4,72.8,24.3,3,Urgence
2023-06-10,Chatt,33.876,10.105,19,oculaire,0.646,0.55,17.396,47.404,27.0,22.94,61.4,72.8,24.3,3,Urgence
2023-06-10,Metouia,33.971,10.001,9,respiratoire,0.646,0.55,17.396,47.404,27.0,22.94,61.4,72.8,24.3,3,Urgence
2023-06-10,Chenini,33.899,10.044,2,oculaire,0.646,0.55,17.396,47.404,27.0,22.94,61.4,72.8,24.3,2,Critique
2023-06-10,El Akarit,33.849,10.143,15,oculaire,0.646,0.55,17.396,47.404,27.0,22.94,61.4,72.8,24.3,3,Urgence
2023-06-10,Oudhref,33.83,10.087,8,respiratoire,0.646,0.55,17.396,47.404,27.0,22.94,61.4,72.8,24.3,3,Urgence
2023-06-10,Bab Bhar,33.891,10.118,7,dermatologique,0.646,0.55,17.396,47.404,27.0,22.94,61.4,72.8,24.3,3,Urgence
2023-06-10,Jara,33.905,10.071,10,oculaire,0.646,0.55,17.396,47.404,27.0,22.94,61.4,72.8,24.3,3,Urgence
2023-06-11,Bou Chemma,33.882,10.098,13,respiratoire,0.467,0.458,14.883,39.146,26.708,19.84,70.8,77.1,23.9,3,Urgence
2023-06-11,Chatt,33.876,10.105,10,dermatologique,0.467,0.458,14.883,39.146,26.708,19.84,70.8,77.1,23.9,3,Urgence
2023-06-11,Metouia,33.971,10.001,6,dermatologique,0.467,0.458,14.883,39.146,26.708,19.84,70.8,77.1,23.9,2,Critique
2023-06-11,Chenini,33.899,10.044,2,respiratoire,0.467,0.458,14.883,39.146,26.708,19.84,70.8,77.1,23.9,2,Critique
2023-06-11,El Akarit,33.849,10.143,17,respiratoire,0.467,0.458,14.883,39.146,26.708,19.84,70.8,77.1,23.9,3,Urgence
2023-06-11,Oudhref,33.83,10.087,2,digestif,0.467,0.458,14.883,39.146,26.708,19.84,70.8,77.1,23.9,2,Critique
2023-06-11,Bab Bhar,33.891,10.118,9,digestif,0.467,0.458,14.883,39.146,26.708,19.84,70.8,77.1,23.9,3,Urgence
2023-06-11,Jara,33.905,10.071,6,respiratoire,0.467,0.458,14.883,39.146,26.708,19.84,70.8,77.1,23.9,2,Critique
2023-06-12,Bou Chemma,33.882,10.098,8,respiratoire,0.371,0.579,10.037,16.021,4.375,11.29,105.1,62.6,26.2,2,Critique
2023-06-12,Chatt,33.876,10.105,9,respiratoire,0.371,0.579,10.037,16.021,4.375,11.29,105.1,62.6,26.2,2,Critique
2023-06-12,Metouia,33.971,10.001,2,respiratoire,0.371,0.579,10.037,16.021,4.375,11.29,105.1,62.6,26.2,1,Vigilance
2023-06-12,Chenini,33.899,10.044,3,digestif,0.371,0.579,10.037,16.021,4.375,11.29,105.1,62.6,26.2,1,Vigilance
2023-06-12,El Akarit,33.849,10.143,6,respiratoire,0.371,0.579,10.037,16.021,4.375,11.29,105.1,62.6,26.2,2,Critique
2023-06-12,Oudhref,33.83,10.087,2,oculaire,0.371,0.579,10.037,16.021,4.375,11.29,105.1,62.6,26.2,1,Vigilance
2023-06-12,Bab Bhar,33.891,10.118,3,respiratoire,0.371,0.579,10.037,16.021,4.375,11.29,105.1,62.6,26.2,1,Vigilance
2023-06-12,Jara,33.905,10.071,2,oculaire,0.371,0.579,10.037,16.021,4.375,11.29,105.1,62.6,26.2,1,Vigilance
2023-06-13,Bou Chemma,33.882,10.098,8,respiratoire,0.504,0.675,8.521,14.308,4.208,18.65,83.8,57.2,26.4,2,Critique
2023-06-13,Chatt,33.876,10.105,4,respiratoire,0.504,0.675,8.521,14.308,4.208,18.65,83.8,57.2,26.4,1,Vigilance
2023-06-13,Metouia,33.971,10.001,4,respiratoire,0.504,0.675,8.521,14.308,4.208,18.65,83.8,57.2,26.4,1,Vigilance
2023-06-13,Chenini,33.899,10.044,5,oculaire,0.504,0.675,8.521,14.308,4.208,18.65,83.8,57.2,26.4,2,Critique
2023-06-13,El Akarit,33.849,10.143,6,respiratoire,0.504,0.675,8.521,14.308,4.208,18.65,83.8,57.2,26.4,2,Critique
2023-06-13,Oudhref,33.83,10.087,0,respiratoire,0.504,0.675,8.521,14.308,4.208,18.65,83.8,57.2,26.4,0,Normal
2023-06-13,Bab Bhar,33.891,10.118,2,oculaire,0.504,0.675,8.521,14.308,4.208,18.65,83.8,57.2,26.4,1,Vigilance
2023-06-13,Jara,33.905,10.071,2,respiratoire,0.504,0.675,8.521,14.308,4.208,18.65,83.8,57.2,26.4,1,Vigilance
2023-06-14,Bou Chemma,33.882,10.098,10,oculaire,0.533,0.458,9.625,21.675,7.792,22.69,53.8,68.5,24.3,2,Critique
2023-06-14,Chatt,33.876,10.105,9,respiratoire,0.533,0.458,9.625,21.675,7.792,22.69,53.8,68.5,24.3,2,Critique
2023-06-14,Metouia,33.971,10.001,6,respiratoire,0.533,0.458,9.625,21.675,7.792,22.69,53.8,68.5,24.3,2,Critique
2023-06-14,Chenini,33.899,10.044,2,respiratoire,0.533,0.458,9.625,21.675,7.792,22.69,53.8,68.5,24.3,1,Vigilance
2023-06-14,El Akarit,33.849,10.143,9,respiratoire,0.533,0.458,9.625,21.675,7.792,22.69,53.8,68.5,24.3,2,Critique
2023-06-14,Oudhref,33.83,10.087,3,respiratoire,0.533,0.458,9.625,21.675,7.792,22.69,53.8,68.5,24.3,1,Vigilance
2023-06-14,Bab Bhar,33.891,10.118,3,oculaire,0.533,0.458,9.625,21.675,7.792,22.69,53.8,68.5,24.3,1,Vigilance
2023-06-14,Jara,33.905,10.071,4,oculaire,0.533,0.458,9.625,21.675,7.792,22.69,53.8,68.5,24.3,2,Critique
2023-06-15,Bou Chemma,33.882,10.098,1,respiratoire,0.325,0.729,7.233,12.625,3.833,10.11,119.9,58.6,25.8,0,Normal
2023-06-15,Chatt,33.876,10.105,4,digestif,0.325,0.729,7.233,12.625,3.833,10.11,119.9,58.6,25.8,1,Vigilance
2023-06-15,Metouia,33.971,10.001,3,digestif,0.325,0.729,7.233,12.625,3.833,10.11,119.9,58.6,25.8,1,Vigilance
2023-06-15,Chenini,33.899,10.044,3,respiratoire,0.325,0.729,7.233,12.625,3.833,10.11,119.9,58.6,25.8,1,Vigilance
2023-06-15,El Akarit,33.849,10.143,7,oculaire,0.325,0.729,7.233,12.625,3.833,10.11,119.9,58.6,25.8,2,Critique
2023-06-15,Oudhref,33.83,10.087,3,respiratoire,0.325,0.729,7.233,12.625,3.833,10.11,119.9,58.6,25.8,1,Vigilance
2023-06-15,Bab Bhar,33.891,10.118,1,digestif,0.325,0.729,7.233,12.625,3.833,10.11,119.9,58.6,25.8,0,Normal
2023-06-15,Jara,33.905,10.071,0,digestif,0.325,0.729,7.233,12.625,3.833,10.11,119.9,58.6,25.8,0,Normal
2023-06-16,Bou Chemma,33.882,10.098,4,dermatologique,0.462,1.075,7.65,11.754,1.042,8.92,169.5,50.8,26.2,1,Vigilance
2023-06-16,Chatt,33.876,10.105,5,oculaire,0.462,1.075,7.65,11.754,1.042,8.92,169.5,50.8,26.2,1,Vigilance
2023-06-16,Metouia,33.971,10.001,1,respiratoire,0.462,1.075,7.65,11.754,1.042,8.92,169.5,50.8,26.2,0,Normal
2023-06-16,Chenini,33.899,10.044,2,oculaire,0.462,1.075,7.65,11.754,1.042,8.92,169.5,50.8,26.2,1,Vigilance
2023-06-16,El Akarit,33.849,10.143,7,oculaire,0.462,1.075,7.65,11.754,1.042,8.92,169.5,50.8,26.2,2,Critique
2023-06-16,Oudhref,33.83,10.087,1,respiratoire,0.462,1.075,7.65,11.754,1.042,8.92,169.5,50.8,26.2,0,Normal
2023-06-16,Bab Bhar,33.891,10.118,4,respiratoire,0.462,1.075,7.65,11.754,1.042,8.92,169.5,50.8,26.2,1,Vigilance
2023-06-16,Jara,33.905,10.071,1,respiratoire,0.462,1.075,7.65,11.754,1.042,8.92,169.5,50.8,26.2,0,Normal
2023-06-17,Bou Chemma,33.882,10.098,8,respiratoire,0.446,0.825,8.983,15.138,1.708,12.45,127.2,45.7,26.5,2,Critique
2023-06-17,Chatt,33.876,10.105,5,respiratoire,0.446,0.825,8.983,15.138,1.708,12.45,127.2,45.7,26.5,2,Critique
2023-06-17,Metouia,33.971,10.001,2,oculaire,0.446,0.825,8.983,15.138,1.708,12.45,127.2,45.7,26.5,1,Vigilance
2023-06-17,Chenini,33.899,10.044,7,respiratoire,0.446,0.825,8.983,15.138,1.708,12.45,127.2,45.7,26.5,2,Critique
2023-06-17,El Akarit,33.849,10.143,5,respiratoire,0.446,0.825,8.983,15.138,1.708,12.45,127.2,45.7,26.5,2,Critique
2023-06-17,Oudhref,33.83,10.087,1,respiratoire,0.446,0.825,8.983,15.138,1.708,12.45,127.2,45.7,26.5,1,Vigilance
2023-06-17,Bab Bhar,33.891,10.118,4,respiratoire,0.446,0.825,8.983,15.138,1.708,12.45,127.2,45.7,26.5,1,Vigilance
2023-06-17,Jara,33.905,10.071,1,respiratoire,0.446,0.825,8.983,15.138,1.708,12.45,127.2,45.7,26.5,1,Vigilance
2023-06-18,Bou Chemma,33.882,10.098,13,respiratoire,1.1,0.792,11.862,18.083,3.083,17.26,107.9,44.5,27.0,3,Urgence
2023-06-18,Chatt,33.876,10.105,10,dermatologique,1.1,0.792,11.862,18.083,3.083,17.26,107.9,44.5,27.0,3,Urgence
2023-06-18,Metouia,33.971,10.001,3,digestif,1.1,0.792,11.862,18.083,3.083,17.26,107.9,44.5,27.0,2,Critique
2023-06-18,Chenini,33.899,10.044,4,respiratoire,1.1,0.792,11.862,18.083,3.083,17.26,107.9,44.5,27.0,2,Critique
2023-06-18,El Akarit,33.849,10.143,9,digestif,1.1,0.792,11.862,18.083,3.083,17.26,107.9,44.5,27.0,3,Urgence
2023-06-18,Oudhref,33.83,10.087,3,respiratoire,1.1,0.792,11.862,18.083,3.083,17.26,107.9,44.5,27.0,2,Critique
2023-06-18,Bab Bhar,33.891,10.118,4,respiratoire,1.1,0.792,11.862,18.083,3.083,17.26,107.9,44.5,27.0,2,Critique
2023-06-18,Jara,33.905,10.071,4,oculaire,1.1,0.792,11.862,18.083,3.083,17.26,107.9,44.5,27.0,2,Critique
2023-06-19,Bou Chemma,33.882,10.098,11,respiratoire,2.371,1.0,12.208,16.117,4.083,16.47,106.8,41.1,27.6,3,Urgence
2023-06-19,Chatt,33.876,10.105,12,digestif,2.371,1.0,12.208,16.117,4.083,16.47,106.8,41.1,27.6,3,Urgence
2023-06-19,Metouia,33.971,10.001,8,respiratoire,2.371,1.0,12.208,16.117,4.083,16.47,106.8,41.1,27.6,3,Urgence
2023-06-19,Chenini,33.899,10.044,3,respiratoire,2.371,1.0,12.208,16.117,4.083,16.47,106.8,41.1,27.6,3,Urgence
2023-06-19,El Akarit,33.849,10.143,11,respiratoire,2.371,1.0,12.208,16.117,4.083,16.47,106.8,41.1,27.6,3,Urgence
2023-06-19,Oudhref,33.83,10.087,4,oculaire,2.371,1.0,12.208,16.117,4.083,16.47,106.8,41.1,27.6,3,Urgence
2023-06-19,Bab Bhar,33.891,10.118,6,respiratoire,2.371,1.0,12.208,16.117,4.083,16.47,106.8,41.1,27.6,3,Urgence
2023-06-19,Jara,33.905,10.071,6,respiratoire,2.371,1.0,12.208,16.117,4.083,16.47,106.8,41.1,27.6,3,Urgence
2023-06-20,Bou Chemma,33.882,10.098,6,respiratoire,0.963,0.742,10.508,15.417,2.208,13.9,91.5,62.5,26.2,2,Critique
2023-06-20,Chatt,33.876,10.105,10,oculaire,0.963,0.742,10.508,15.417,2.208,13.9,91.5,62.5,26.2,3,Urgence
2023-06-20,Metouia,33.971,10.001,2,digestif,0.963,0.742,10.508,15.417,2.208,13.9,91.5,62.5,26.2,2,Critique
2023-06-20,Chenini,33.899,10.044,0,digestif,0.963,0.742,10.508,15.417,2.208,13.9,91.5,62.5,26.2,2,Critique
2023-06-20,El Akarit,33.849,10.143,5,oculaire,0.963,0.742,10.508,15.417,2.208,13.9,91.5,62.5,26.2,2,Critique
2023-06-20,Oudhref,33.83,10.087,7,digestif,0.963,0.742,10.508,15.417,2.208,13.9,91.5,62.5,26.2,2,Critique
2023-06-20,Bab Bhar,33.891,10.118,3,oculaire,0.963,0.742,10.508,15.417,2.208,13.9,91.5,62.5,26.2,2,Critique
2023-06-20,Jara,33.905,10.071,1,oculaire,0.963,0.742,10.508,15.417,2.208,13.9,91.5,62.5,26.2,2,Critique
2023-06-21,Bou Chemma,33.882,10.098,10,oculaire,1.55,0.767,10.692,14.992,2.875,14.35,96.5,59.0,26.4,3,Urgence
2023-06-21,Chatt,33.876,10.105,13,respiratoire,1.55,0.767,10.692,14.992,2.875,14.35,96.5,59.0,26.4,3,Urgence
2023-06-21,Metouia,33.971,10.001,7,respiratoire,1.55,0.767,10.692,14.992,2.875,14.35,96.5,59.0,26.4,3,Urgence
2023-06-21,Chenini,33.899,10.044,3,digestif,1.55,0.767,10.692,14.992,2.875,14.35,96.5,59.0,26.4,3,Urgence
2023-06-21,El Akarit,33.849,10.143,11,digestif,1.55,0.767,10.692,14.992,2.875,14.35,96.5,59.0,26.4,3,Urgence
2023-06-21,Oudhref,33.83,10.087,2,respiratoire,1.55,0.767,10.692,14.992,2.875,14.35,96.5,59.0,26.4,2,Critique
2023-06-21,Bab Bhar,33.891,10.118,5,respiratoire,1.55,0.767,10.692,14.992,2.875,14.35,96.5,59.0,26.4,3,Urgence
2023-06-21,Jara,33.905,10.071,4,respiratoire,1.55,0.767,10.692,14.992,2.875,14.35,96.5,59.0,26.4,3,Urgence
2023-06-22,Bou Chemma,33.882,10.098,11,dermatologique,1.329,0.817,9.6,14.317,1.75,12.12,98.2,57.1,26.0,3,Urgence
2023-06-22,Chatt,33.876,10.105,10,respiratoire,1.329,0.817,9.6,14.317,1.75,12.12,98.2,57.1,26.0,3,Urgence
2023-06-22,Metouia,33.971,10.001,5,oculaire,1.329,0.817,9.6,14.317,1.75,12.12,98.2,57.1,26.0,2,Critique
2023-06-22,Chenini,33.899,10.044,1,respiratoire,1.329,0.817,9.6,14.317,1.75,12.12,98.2,57.1,26.0,2,Critique
2023-06-22,El Akarit,33.849,10.143,14,respiratoire,1.329,0.817,9.6,14.317,1.75,12.12,98.2,57.1,26.0,3,Urgence
2023-06-22,Oudhref,33.83,10.087,1,respiratoire,1.329,0.817,9.6,14.317,1.75,12.12,98.2,57.1,26.0,2,Critique
2023-06-22,Bab Bhar,33.891,10.118,3,respiratoire,1.329,0.817,9.6,14.317,1.75,12.12,98.2,57.1,26.0,2,Critique
2023-06-22,Jara,33.905,10.071,4,oculaire,1.329,0.817,9.6,14.317,1.75,12.12,98.2,57.1,26.0,2,Critique
2023-06-23,Bou Chemma,33.882,10.098,7,respiratoire,0.571,0.921,11.621,20.863,5.708,10.21,99.8,51.7,27.5,2,Critique
2023-06-23,Chatt,33.876,10.105,5,oculaire,0.571,0.921,11.621,20.863,5.708,10.21,99.8,51.7,27.5,2,Critique
2023-06-23,Metouia,33.971,10.001,2,digestif,0.571,0.921,11.621,20.863,5.708,10.21,99.8,51.7,27.5,1,Vigilance
2023-06-23,Chenini,33.899,10.044,0,respiratoire,0.571,0.921,11.621,20.863,5.708,10.21,99.8,51.7,27.5,1,Vigilance
2023-06-23,El Akarit,33.849,10.143,4,respiratoire,0.571,0.921,11.621,20.863,5.708,10.21,99.8,51.7,27.5,2,Critique
2023-06-23,Oudhref,33.83,10.087,5,oculaire,0.571,0.921,11.621,20.863,5.708,10.21,99.8,51.7,27.5,2,Critique
2023-06-23,Bab Bhar,33.891,10.118,4,dermatologique,0.571,0.921,11.621,20.863,5.708,10.21,99.8,51.7,27.5,2,Critique
2023-06-23,Jara,33.905,10.071,3,respiratoire,0.571,0.921,11.621,20.863,5.708,10.21,99.8,51.7,27.5,2,Critique
2023-06-24,Bou Chemma,33.882,10.098,7,respiratoire,0.537,0.821,11.838,26.304,10.0,13.42,100.7,53.8,27.6,2,Critique
2023-06-24,Chatt,33.876,10.105,12,respiratoire,0.537,0.821,11.838,26.304,10.0,13.42,100.7,53.8,27.6,3,Urgence
2023-06-24,Metouia,33.971,10.001,5,digestif,0.537,0.821,11.838,26.304,10.0,13.42,100.7,53.8,27.6,2,Critique
2023-06-24,Chenini,33.899,10.044,5,oculaire,0.537,0.821,11.838,26.304,10.0,13.42,100.7,53.8,27.6,2,Critique
2023-06-24,El Akarit,33.849,10.143,9,oculaire,0.537,0.821,11.838,26.304,10.0,13.42,100.7,53.8,27.6,2,Critique
2023-06-24,Oudhref,33.83,10.087,4,oculaire,0.537,0.821,11.838,26.304,10.0,13.42,100.7,53.8,27.6,2,Critique
2023-06-24,Bab Bhar,33.891,10.118,4,dermatologique,0.537,0.821,11.838,26.304,10.0,13.42,100.7,53.8,27.6,2,Critique
2023-06-24,Jara,33.905,10.071,6,respiratoire,0.537,0.821,11.838,26.304,10.0,13.42,100.7,53.8,27.6,2,Critique
2023-06-25,Bou Chemma,33.882,10.098,8,respiratoire,0.483,0.567,8.55,19.629,4.708,17.6,93.4,65.1,26.6,2,Critique
2023-06-25,Chatt,33.876,10.105,7,respiratoire,0.483,0.567,8.55,19.629,4.708,17.6,93.4,65.1,26.6,2,Critique
2023-06-25,Metouia,33.971,10.001,2,oculaire,0.483,0.567,8.55,19.629,4.708,17.6,93.4,65.1,26.6,1,Vigilance
2023-06-25,Chenini,33.899,10.044,5,respiratoire,0.483,0.567,8.55,19.629,4.708,17.6,93.4,65.1,26.6,2,Critique
2023-06-25,El Akarit,33.849,10.143,6,respiratoire,0.483,0.567,8.55,19.629,4.708,17.6,93.4,65.1,26.6,2,Critique
2023-06-25,Oudhref,33.83,10.087,0,oculaire,0.483,0.567,8.55,19.629,4.708,17.6,93.4,65.1,26.6,0,Normal
2023-06-25,Bab Bhar,33.891,10.118,4,respiratoire,0.483,0.567,8.55,19.629,4.708,17.6,93.4,65.1,26.6,1,Vigilance
2023-06-25,Jara,33.905,10.071,3,respiratoire,0.483,0.567,8.55,19.629,4.708,17.6,93.4,65.1,26.6,1,Vigilance
2023-06-26,Bou Chemma,33.882,10.098,3,digestif,0.45,0.625,8.046,13.721,2.125,13.89,89.6,65.7,26.1,1,Vigilance
2023-06-26,Chatt,33.876,10.105,6,respiratoire,0.45,0.625,8.046,13.721,2.125,13.89,89.6,65.7,26.1,2,Critique
2023-06-26,Metouia,33.971,10.001,2,respiratoire,0.45,0.625,8.046,13.721,2.125,13.89,89.6,65.7,26.1,1,Vigilance
2023-06-26,Chenini,33.899,10.044,1,digestif,0.45,0.625,8.046,13.721,2.125,13.89,89.6,65.7,26.1,0,Normal
2023-06-26,El Akarit,33.849,10.143,3,respiratoire,0.45,0.625,8.046,13.721,2.125,13.89,89.6,65.7,26.1,1,Vigilance
2023-06-26,Oudhref,33.83,10.087,3,respiratoire,0.45,0.625,8.046,13.721,2.125,13.89,89.6,65.7,26.1,1,Vigilance
2023-06-26,Bab Bhar,33.891,10.118,2,digestif,0.45,0.625,8.046,13.721,2.125,13.89,89.6,65.7,26.1,1,Vigilance
2023-06-26,Jara,33.905,10.071,2,respiratoire,0.45,0.625,8.046,13.721,2.125,13.89,89.6,65.7,26.1,1,Vigilance
2023-06-27,Bou Chemma,33.882,10.098,7,respiratoire,0.446,0.717,7.196,11.746,1.458,9.15,107.8,55.2,27.3,2,Critique
2023-06-27,Chatt,33.876,10.105,4,respiratoire,0.446,0.717,7.196,11.746,1.458,9.15,107.8,55.2,27.3,1,Vigilance
2023-06-27,Metouia,33.971,10.001,2,respiratoire,0.446,0.717,7.196,11.746,1.458,9.15,107.8,55.2,27.3,1,Vigilance
2023-06-27,Chenini,33.899,10.044,2,dermatologique,0.446,0.717,7.196,11.746,1.458,9.15,107.8,55.2,27.3,1,Vigilance
2023-06-27,El Akarit,33.849,10.143,3,dermatologique,0.446,0.717,7.196,11.746,1.458,9.15,107.8,55.2,27.3,1,Vigilance
2023-06-27,Oudhref,33.83,10.087,2,respiratoire,0.446,0.717,7.196,11.746,1.458,9.15,107.8,55.2,27.3,1,Vigilance
2023-06-27,Bab Bhar,33.891,10.118,1,oculaire,0.446,0.717,7.196,11.746,1.458,9.15,107.8,55.2,27.3,0,Normal
2023-06-27,Jara,33.905,10.071,2,oculaire,0.446,0.717,7.196,11.746,1.458,9.15,107.8,55.2,27.3,1,Vigilance
2023-06-28,Bou Chemma,33.882,10.098,4,oculaire,0.375,0.763,9.246,15.192,2.583,12.97,111.0,49.3,28.8,1,Vigilance
2023-06-28,Chatt,33.876,10.105,7,respiratoire,0.375,0.763,9.246,15.192,2.583,12.97,111.0,49.3,28.8,2,Critique
2023-06-28,Metouia,33.971,10.001,4,oculaire,0.375,0.763,9.246,15.192,2.583,12.97,111.0,49.3,28.8,1,Vigilance
2023-06-28,Chenini,33.899,10.044,2,respiratoire,0.375,0.763,9.246,15.192,2.583,12.97,111.0,49.3,28.8,1,Vigilance
2023-06-28,El Akarit,33.849,10.143,5,oculaire,0.375,0.763,9.246,15.192,2.583,12.97,111.0,49.3,28.8,1,Vigilance
2023-06-28,Oudhref,33.83,10.087,4,digestif,0.375,0.763,9.246,15.192,2.583,12.97,111.0,49.3,28.8,1,Vigilance
2023-06-28,Bab Bhar,33.891,10.118,4,respiratoire,0.375,0.763,9.246,15.192,2.583,12.97,111.0,49.3,28.8,1,Vigilance
2023-06-28,Jara,33.905,10.071,2,dermatologique,0.375,0.763,9.246,15.192,2.583,12.97,111.0,49.3,28.8,1,Vigilance
2023-06-29,Bou Chemma,33.882,10.098,5,oculaire,0.617,1.108,11.554,15.346,3.375,9.03,150.9,33.0,32.6,2,Critique
2023-06-29,Chatt,33.876,10.105,8,respiratoire,0.617,1.108,11.554,15.346,3.375,9.03,150.9,33.0,32.6,2,Critique
2023-06-29,Metouia,33.971,10.001,4,digestif,0.617,1.108,11.554,15.346,3.375,9.03,150.9,33.0,32.6,2,Critique
2023-06-29,Chenini,33.899,10.044,2,respiratoire,0.617,1.108,11.554,15.346,3.375,9.03,150.9,33.0,32.6,2,Critique
2023-06-29,El Akarit,33.849,10.143,8,oculaire,0.617,1.108,11.554,15.346,3.375,9.03,150.9,33.0,32.6,2,Critique
2023-06-29,Oudhref,33.83,10.087,4,respiratoire,0.617,1.108,11.554,15.346,3.375,9.03,150.9,33.0,32.6,2,Critique
2023-06-29,Bab Bhar,33.891,10.118,4,respiratoire,0.617,1.108,11.554,15.346,3.375,9.03,150.9,33.0,32.6,2,Critique
2023-06-29,Jara,33.905,10.071,4,respiratoire,0.617,1.108,11.554,15.346,3.375,9.03,150.9,33.0,32.6,2,Critique
2023-06-30,Bou Chemma,33.882,10.098,8,respiratoire,0.554,1.225,14.492,19.704,8.0,13.56,128.5,37.2,31.6,2,Critique
2023-06-30,Chatt,33.876,10.105,7,oculaire,0.554,1.225,14.492,19.704,8.0,13.56,128.5,37.2,31.6,2,Critique
2023-06-30,Metouia,33.971,10.001,5,oculaire,0.554,1.225,14.492,19.704,8.0,13.56,128.5,37.2,31.6,2,Critique
2023-06-30,Chenini,33.899,10.044,7,respiratoire,0.554,1.225,14.492,19.704,8.0,13.56,128.5,37.2,31.6,2,Critique
2023-06-30,El Akarit,33.849,10.143,11,digestif,0.554,1.225,14.492,19.704,8.0,13.56,128.5,37.2,31.6,3,Urgence
2023-06-30,Oudhref,33.83,10.087,4,digestif,0.554,1.225,14.492,19.704,8.0,13.56,128.5,37.2,31.6,2,Critique
2023-06-30,Bab Bhar,33.891,10.118,3,respiratoire,0.554,1.225,14.492,19.704,8.0,13.56,128.5,37.2,31.6,2,Critique
2023-06-30,Jara,33.905,10.071,6,respiratoire,0.554,1.225,14.492,19.704,8.0,13.56,128.5,37.2,31.6,2,Critique
2023-07-01,Bou Chemma,33.882,10.098,10,respiratoire,0.55,0.737,14.475,25.567,9.0,15.96,90.6,64.1,27.7,3,Urgence
2023-07-01,Chatt,33.876,10.105,11,respiratoire,0.55,0.737,14.475,25.567,9.0,15.96,90.6,64.1,27.7,3,Urgence
2023-07-01,Metouia,33.971,10.001,2,respiratoire,0.55,0.737,14.475,25.567,9.0,15.96,90.6,64.1,27.7,2,Critique
2023-07-01,Chenini,33.899,10.044,7,respiratoire,0.55,0.737,14.475,25.567,9.0,15.96,90.6,64.1,27.7,2,Critique
2023-07-01,El Akarit,33.849,10.143,9,respiratoire,0.55,0.737,14.475,25.567,9.0,15.96,90.6,64.1,27.7,3,Urgence
2023-07-01,Oudhref,33.83,10.087,3,respiratoire,0.55,0.737,14.475,25.567,9.0,15.96,90.6,64.1,27.7,2,Critique
2023-07-01,Bab Bhar,33.891,10.118,8,respiratoire,0.55,0.737,14.475,25.567,9.0,15.96,90.6,64.1,27.7,2,Critique
2023-07-01,Jara,33.905,10.071,6,oculaire,0.55,0.737,14.475,25.567,9.0,15.96,90.6,64.1,27.7,2,Critique
2023-07-02,Bou Chemma,33.882,10.098,5,respiratoire,0.425,0.512,7.587,16.863,3.167,16.67,90.7,55.0,27.1,1,Vigilance
2023-07-02,Chatt,33.876,10.105,3,respiratoire,0.425,0.512,7.587,16.863,3.167,16.67,90.7,55.0,27.1,1,Vigilance
2023-07-02,Metouia,33.971,10.001,5,respiratoire,0.425,0.512,7.587,16.863,3.167,16.67,90.7,55.0,27.1,1,Vigilance
2023-07-02,Chenini,33.899,10.044,1,oculaire,0.425,0.512,7.587,16.863,3.167,16.67,90.7,55.0,27.1,0,Normal
2023-07-02,El Akarit,33.849,10.143,4,digestif,0.425,0.512,7.587,16.863,3.167,16.67,90.7,55.0,27.1,1,Vigilance
2023-07-02,Oudhref,33.83,10.087,2,dermatologique,0.425,0.512,7.587,16.863,3.167,16.67,90.7,55.0,27.1,1,Vigilance
2023-07-02,Bab Bhar,33.891,10.118,1,dermatologique,0.425,0.512,7.587,16.863,3.167,16.67,90.7,55.0,27.1,0,Normal
2023-07-02,Jara,33.905,10.071,2,oculaire,0.425,0.512,7.587,16.863,3.167,16.67,90.7,55.0,27.1,1,Vigilance
2023-07-03,Bou Chemma,33.882,10.098,6,respiratoire,0.379,0.554,6.792,14.758,3.458,15.72,106.9,58.4,27.8,1,Vigilance
2023-07-03,Chatt,33.876,10.105,4,respiratoire,0.379,0.554,6.792,14.758,3.458,15.72,106.9,58.4,27.8,1,Vigilance
2023-07-03,Metouia,33.971,10.001,5,oculaire,0.379,0.554,6.792,14.758,3.458,15.72,106.9,58.4,27.8,1,Vigilance
2023-07-03,Chenini,33.899,10.044,5,respiratoire,0.379,0.554,6.792,14.758,3.458,15.72,106.9,58.4,27.8,1,Vigilance
2023-07-03,El Akarit,33.849,10.143,4,respiratoire,0.379,0.554,6.792,14.758,3.458,15.72,106.9,58.4,27.8,1,Vigilance
2023-07-03,Oudhref,33.83,10.087,1,respiratoire,0.379,0.554,6.792,14.758,3.458,15.72,106.9,58.4,27.8,0,Normal
2023-07-03,Bab Bhar,33.891,10.118,2,respiratoire,0.379,0.554,6.792,14.758,3.458,15.72,106.9,58.4,27.8,0,Normal
2023-07-03,Jara,33.905,10.071,2,respiratoire,0.379,0.554,6.792,14.758,3.458,15.72,106.9,58.4,27.8,0,Normal
2023-07-04,Bou Chemma,33.882,10.098,3,respiratoire,0.308,0.533,6.575,14.221,3.875,15.44,96.2,62.2,27.6,0,Normal
2023-07-04,Chatt,33.876,10.105,7,oculaire,0.308,0.533,6.575,14.221,3.875,15.44,96.2,62.2,27.6,1,Vigilance
2023-07-04,Metouia,33.971,10.001,3,oculaire,0.308,0.533,6.575,14.221,3.875,15.44,96.2,62.2,27.6,0,Normal
2023-07-04,Chenini,33.899,10.044,4,digestif,0.308,0.533,6.575,14.221,3.875,15.44,96.2,62.2,27.6,1,Vigilance
2023-07-04,El Akarit,33.849,10.143,5,respiratoire,0.308,0.533,6.575,14.221,3.875,15.44,96.2,62.2,27.6,1,Vigilance
2023-07-04,Oudhref,33.83,10.087,4,digestif,0.308,0.533,6.575,14.221,3.875,15.44,96.2,62.2,27.6,1,Vigilance
2023-07-04,Bab Bhar,33.891,10.118,2,digestif,0.308,0.533,6.575,14.221,3.875,15.44,96.2,62.2,27.6,0,Normal
2023-07-04,Jara,33.905,10.071,0,digestif,0.308,0.533,6.575,14.221,3.875,15.44,96.2,62.2,27.6,0,Normal
2023-07-05,Bou Chemma,33.882,10.098,7,dermatologique,0.333,0.683,7.004,14.333,3.75,15.02,102.8,51.0,28.8,2,Critique
2023-07-05,Chatt,33.876,10.105,4,oculaire,0.333,0.683,7.004,14.333,3.75,15.02,102.8,51.0,28.8,1,Vigilance
2023-07-05,Metouia,33.971,10.001,3,respiratoire,0.333,0.683,7.004,14.333,3.75,15.02,102.8,51.0,28.8,1,Vigilance
2023-07-05,Chenini,33.899,10.044,1,respiratoire,0.333,0.683,7.004,14.333,3.75,15.02,102.8,51.0,28.8,0,Normal
2023-07-05,El Akarit,33.849,10.143,7,oculaire,0.333,0.683,7.004,14.333,3.75,15.02,102.8,51.0,28.8,2,Critique
2023-07-05,Oudhref,33.83,10.087,2,respiratoire,0.333,0.683,7.004,14.333,3.75,15.02,102.8,51.0,28.8,0,Normal
2023-07-05,Bab Bhar,33.891,10.118,3,respiratoire,0.333,0.683,7.004,14.333,3.75,15.02,102.8,51.0,28.8,1,Vigilance
2023-07-05,Jara,33.905,10.071,1,oculaire,0.333,0.683,7.004,14.333,3.75,15.02,102.8,51.0,28.8,0,Normal
2023-07-06,Bou Chemma,33.882,10.098,16,respiratoire,1.446,0.779,10.2,18.867,5.583,15.72,100.4,40.6,30.3,3,Urgence
2023-07-06,Chatt,33.876,10.105,5,respiratoire,1.446,0.779,10.2,18.867,5.583,15.72,100.4,40.6,30.3,3,Urgence
2023-07-06,Metouia,33.971,10.001,5,respiratoire,1.446,0.779,10.2,18.867,5.583,15.72,100.4,40.6,30.3,3,Urgence
2023-07-06,Chenini,33.899,10.044,3,respiratoire,1.446,0.779,10.2,18.867,5.583,15.72,100.4,40.6,30.3,2,Critique
2023-07-06,El Akarit,33.849,10.143,8,respiratoire,1.446,0.779,10.2,18.867,5.583,15.72,100.4,40.6,30.3,3,Urgence
2023-07-06,Oudhref,33.83,10.087,4,respiratoire,1.446,0.779,10.2,18.867,5.583,15.72,100.4,40.6,30.3,3,Urgence
2023-07-06,Bab Bhar,33.891,10.118,5,oculaire,1.446,0.779,10.2,18.867,5.583,15.72,100.4,40.6,30.3,3,Urgence
2023-07-06,Jara,33.905,10.071,4,respiratoire,1.446,0.779,10.2,18.867,5.583,15.72,100.4,40.6,30.3,3,Urgence
2023-07-07,Bou Chemma,33.882,10.098,12,oculaire,1.625,1.075,13.317,26.75,15.292,13.1,135.1,31.5,32.8,3,Urgence
2023-07-07,Chatt,33.876,10.105,14,respiratoire,1.625,1.075,13.317,26.75,15.292,13.1,135.1,31.5,32.8,3,Urgence
2023-07-07,Metouia,33.971,10.001,6,respiratoire,1.625,1.075,13.317,26.75,15.292,13.1,135.1,31.5,32.8,3,Urgence
2023-07-07,Chenini,33.899,10.044,5,digestif,1.625,1.075,13.317,26.75,15.292,13.1,135.1,31.5,32.8,3,Urgence
2023-07-07,El Akarit,33.849,10.143,10,respiratoire,1.625,1.075,13.317,26.75,15.292,13.1,135.1,31.5,32.8,3,Urgence
2023-07-07,Oudhref,33.83,10.087,3,respiratoire,1.625,1.075,13.317,26.75,15.292,13.1,135.1,31.5,32.8,3,Urgence
2023-07-07,Bab Bhar,33.891,10.118,4,respiratoire,1.625,1.075,13.317,26.75,15.292,13.1,135.1,31.5,32.8,3,Urgence
2023-07-07,Jara,33.905,10.071,3,respiratoire,1.625,1.075,13.317,26.75,15.292,13.1,135.1,31.5,32.8,3,Urgence
2023-07-08,Bou Chemma,33.882,10.098,24,respiratoire,1.704,1.246,16.1,35.096,23.125,12.13,139.4,22.8,36.2,3,Urgence
2023-07-08,Chatt,33.876,10.105,16,oculaire,1.704,1.246,16.1,35.096,23.125,12.13,139.4,22.8,36.2,3,Urgence
2023-07-08,Metouia,33.971,10.001,8,oculaire,1.704,1.246,16.1,35.096,23.125,12.13,139.4,22.8,36.2,3,Urgence
2023-07-08,Chenini,33.899,10.044,8,respiratoire,1.704,1.246,16.1,35.096,23.125,12.13,139.4,22.8,36.2,3,Urgence
2023-07-08,El Akarit,33.849,10.143,22,oculaire,1.704,1.246,16.1,35.096,23.125,12.13,139.4,22.8,36.2,3,Urgence
2023-07-08,Oudhref,33.83,10.087,3,respiratoire,1.704,1.246,16.1,35.096,23.125,12.13,139.4,22.8,36.2,3,Urgence
2023-07-08,Bab Bhar,33.891,10.118,7,respiratoire,1.704,1.246,16.1,35.096,23.125,12.13,139.4,22.8,36.2,3,Urgence
2023-07-08,Jara,33.905,10.071,3,dermatologique,1.704,1.246,16.1,35.096,23.125,12.13,139.4,22.8,36.2,3,Urgence
2023-07-09,Bou Chemma,33.882,10.098,12,respiratoire,0.854,1.242,19.592,44.483,25.292,9.16,132.0,37.4,35.6,3,Urgence
2023-07-09,Chatt,33.876,10.105,23,oculaire,0.854,1.242,19.592,44.483,25.292,9.16,132.0,37.4,35.6,3,Urgence
2023-07-09,Metouia,33.971,10.001,4,oculaire,0.854,1.242,19.592,44.483,25.292,9.16,132.0,37.4,35.6,3,Urgence
2023-07-09,Chenini,33.899,10.044,7,respiratoire,0.854,1.242,19.592,44.483,25.292,9.16,132.0,37.4,35.6,3,Urgence
2023-07-09,El Akarit,33.849,10.143,17,respiratoire,0.854,1.242,19.592,44.483,25.292,9.16,132.0,37.4,35.6,3,Urgence
2023-07-09,Oudhref,33.83,10.087,10,dermatologique,0.854,1.242,19.592,44.483,25.292,9.16,132.0,37.4,35.6,3,Urgence
2023-07-09,Bab Bhar,33.891,10.118,7,respiratoire,0.854,1.242,19.592,44.483,25.292,9.16,132.0,37.4,35.6,3,Urgence
2023-07-09,Jara,33.905,10.071,6,respiratoire,0.854,1.242,19.592,44.483,25.292,9.16,132.0,37.4,35.6,3,Urgence
2023-07-10,Bou Chemma,33.882,10.098,12,dermatologique,0.554,0.983,17.346,43.254,26.542,9.57,128.3,43.6,32.4,3,Urgence
2023-07-10,Chatt,33.876,10.105,18,digestif,0.554,0.983,17.346,43.254,26.542,9.57,128.3,43.6,32.4,3,Urgence
2023-07-10,Metouia,33.971,10.001,7,oculaire,0.554,0.983,17.346,43.254,26.542,9.57,128.3,43.6,32.4,3,Urgence
2023-07-10,Chenini,33.899,10.044,6,oculaire,0.554,0.983,17.346,43.254,26.542,9.57,128.3,43.6,32.4,2,Critique
2023-07-10,El Akarit,33.849,10.143,22,dermatologique,0.554,0.983,17.346,43.254,26.542,9.57,128.3,43.6,32.4,3,Urgence
2023-07-10,Oudhref,33.83,10.087,4,oculaire,0.554,0.983,17.346,43.254,26.542,9.57,128.3,43.6,32.4,2,Critique
2023-07-10,Bab Bhar,33.891,10.118,5,oculaire,0.554,0.983,17.346,43.254,26.542,9.57,128.3,43.6,32.4,2,Critique
2023-07-10,Jara,33.905,10.071,3,respiratoire,0.554,0.983,17.346,43.254,26.542,9.57,128.3,43.6,32.4,2,Critique
2023-07-11,Bou Chemma,33.882,10.098,15,dermatologique,0.492,0.7,15.683,39.913,22.333,11.71,91.9,58.7,30.1,3,Urgence
2023-07-11,Chatt,33.876,10.105,13,dermatologique,0.492,0.7,15.683,39.913,22.333,11.71,91.9,58.7,30.1,3,Urgence
2023-07-11,Metouia,33.971,10.001,6,respiratoire,0.492,0.7,15.683,39.913,22.333,11.71,91.9,58.7,30.1,2,Critique
2023-07-11,Chenini,33.899,10.044,8,respiratoire,0.492,0.7,15.683,39.913,22.333,11.71,91.9,58.7,30.1,2,Critique
2023-07-11,El Akarit,33.849,10.143,11,oculaire,0.492,0.7,15.683,39.913,22.333,11.71,91.9,58.7,30.1,3,Urgence
2023-07-11,Oudhref,33.83,10.087,6,respiratoire,0.492,0.7,15.683,39.913,22.333,11.71,91.9,58.7,30.1,2,Critique
2023-07-11,Bab Bhar,33.891,10.118,5,oculaire,0.492,0.7,15.683,39.913,22.333,11.71,91.9,58.7,30.1,2,Critique
2023-07-11,Jara,33.905,10.071,10,respiratoire,0.492,0.7,15.683,39.913,22.333,11.71,91.9,58.7,30.1,3,Urgence
2023-07-12,Bou Chemma,33.882,10.098,12,respiratoire,2.2,0.883,11.242,17.458,3.25,15.27,108.3,50.9,29.6,3,Urgence
2023-07-12,Chatt,33.876,10.105,13,respiratoire,2.2,0.883,11.242,17.458,3.25,15.27,108.3,50.9,29.6,3,Urgence
2023-07-12,Metouia,33.971,10.001,4,respiratoire,2.2,0.883,11.242,17.458,3.25,15.27,108.3,50.9,29.6,3,Urgence
2023-07-12,Chenini,33.899,10.044,5,oculaire,2.2,0.883,11.242,17.458,3.25,15.27,108.3,50.9,29.6,3,Urgence
2023-07-12,El Akarit,33.849,10.143,12,oculaire,2.2,0.883,11.242,17.458,3.25,15.27,108.3,50.9,29.6,3,Urgence
2023-07-12,Oudhref,33.83,10.087,3,respiratoire,2.2,0.883,11.242,17.458,3.25,15.27,108.3,50.9,29.6,3,Urgence
2023-07-12,Bab Bhar,33.891,10.118,8,respiratoire,2.2,0.883,11.242,17.458,3.25,15.27,108.3,50.9,29.6,3,Urgence
2023-07-12,Jara,33.905,10.071,3,respiratoire,2.2,0.883,11.242,17.458,3.25,15.27,108.3,50.9,29.6,3,Urgence
2023-07-13,Bou Chemma,33.882,10.098,13,respiratoire,1.192,0.675,11.737,17.229,3.0,10.65,106.3,67.3,28.1,3,Urgence
2023-07-13,Chatt,33.876,10.105,12,digestif,1.192,0.675,11.737,17.229,3.0,10.65,106.3,67.3,28.1,3,Urgence
2023-07-13,Metouia,33.971,10.001,2,respiratoire,1.192,0.675,11.737,17.229,3.0,10.65,106.3,67.3,28.1,2,Critique
2023-07-13,Chenini,33.899,10.044,4,respiratoire,1.192,0.675,11.737,17.229,3.0,10.65,106.3,67.3,28.1,2,Critique
2023-07-13,El Akarit,33.849,10.143,12,respiratoire,1.192,0.675,11.737,17.229,3.0,10.65,106.3,67.3,28.1,3,Urgence
2023-07-13,Oudhref,33.83,10.087,4,respiratoire,1.192,0.675,11.737,17.229,3.0,10.65,106.3,67.3,28.1,2,Critique
2023-07-13,Bab Bhar,33.891,10.118,5,dermatologique,1.192,0.675,11.737,17.229,3.0,10.65,106.3,67.3,28.1,3,Urgence
2023-07-13,Jara,33.905,10.071,3,dermatologique,1.192,0.675,11.737,17.229,3.0,10.65,106.3,67.3,28.1,2,Critique
2023-07-14,Bou Chemma,33.882,10.098,7,respiratoire,0.987,0.737,11.675,18.496,2.5,10.12,96.3,63.0,28.6,3,Urgence
2023-07-14,Chatt,33.876,10.105,10,respiratoire,0.987,0.737,11.675,18.496,2.5,10.12,96.3,63.0,28.6,3,Urgence
2023-07-14,Metouia,33.971,10.001,5,respiratoire,0.987,0.737,11.675,18.496,2.5,10.12,96.3,63.0,28.6,2,Critique
2023-07-14,Chenini,33.899,10.044,2,respiratoire,0.987,0.737,11.675,18.496,2.5,10.12,96.3,63.0,28.6,2,Critique
2023-07-14,El Akarit,33.849,10.143,8,respiratoire,0.987,0.737,11.675,18.496,2.5,10.12,96.3,63.0,28.6,3,Urgence
2023-07-14,Oudhref,33.83,10.087,0,respiratoire,0.987,0.737,11.675,18.496,2.5,10.12,96.3,63.0,28.6,2,Critique
2023-07-14,Bab Bhar,33.891,10.118,3,respiratoire,0.987,0.737,11.675,18.496,2.5,10.12,96.3,63.0,28.6,2,Critique
2023-07-14,Jara,33.905,10.071,6,respiratoire,0.987,0.737,11.675,18.496,2.5,10.12,96.3,63.0,28.6,2,Critique
2023-07-15,Bou Chemma,33.882,10.098,10,respiratoire,1.662,0.908,12.588,18.492,3.792,10.15,115.5,44.2,30.7,3,Urgence
2023-07-15,Chatt,33.876,10.105,12,respiratoire,1.662,0.908,12.588,18.492,3.792,10.15,115.5,44.2,30.7,3,Urgence
2023-07-15,Metouia,33.971,10.001,5,respiratoire,1.662,0.908,12.588,18.492,3.792,10.15,115.5,44.2,30.7,3,Urgence
2023-07-15,Chenini,33.899,10.044,4,respiratoire,1.662,0.908,12.588,18.492,3.792,10.15,115.5,44.2,30.7,3,Urgence
2023-07-15,El Akarit,33.849,10.143,10,respiratoire,1.662,0.908,12.588,18.492,3.792,10.15,115.5,44.2,30.7,3,Urgence
2023-07-15,Oudhref,33.83,10.087,5,oculaire,1.662,0.908,12.588,18.492,3.792,10.15,115.5,44.2,30.7,3,Urgence
2023-07-15,Bab Bhar,33.891,10.118,4,respiratoire,1.662,0.908,12.588,18.492,3.792,10.15,115.5,44.2,30.7,3,Urgence
2023-07-15,Jara,33.905,10.071,4,respiratoire,1.662,0.908,12.588,18.492,3.792,10.15,115.5,44.2,30.7,3,Urgence
2023-07-16,Bou Chemma,33.882,10.098,14,oculaire,1.433,1.062,13.442,25.158,9.833,11.14,163.4,21.6,34.3,3,Urgence
2023-07-16,Chatt,33.876,10.105,14,respiratoire,1.433,1.062,13.442,25.158,9.833,11.14,163.4,21.6,34.3,3,Urgence
2023-07-16,Metouia,33.971,10.001,8,respiratoire,1.433,1.062,13.442,25.158,9.833,11.14,163.4,21.6,34.3,3,Urgence
2023-07-16,Chenini,33.899,10.044,7,oculaire,1.433,1.062,13.442,25.158,9.833,11.14,163.4,21.6,34.3,3,Urgence
2023-07-16,El Akarit,33.849,10.143,11,respiratoire,1.433,1.062,13.442,25.158,9.833,11.14,163.4,21.6,34.3,3,Urgence
2023-07-16,Oudhref,33.83,10.087,2,respiratoire,1.433,1.062,13.442,25.158,9.833,11.14,163.4,21.6,34.3,3,Urgence
2023-07-16,Bab Bhar,33.891,10.118,5,respiratoire,1.433,1.062,13.442,25.158,9.833,11.14,163.4,21.6,34.3,3,Urgence
2023-07-16,Jara,33.905,10.071,6,respiratoire,1.433,1.062,13.442,25.158,9.833,11.14,163.4,21.6,34.3,3,Urgence
2023-07-17,Bou Chemma,33.882,10.098,13,respiratoire,0.704,1.025,13.329,25.779,13.292,11.46,173.5,27.5,33.2,3,Urgence
2023-07-17,Chatt,33.876,10.105,12,respiratoire,0.704,1.025,13.329,25.779,13.292,11.46,173.5,27.5,33.2,3,Urgence
2023-07-17,Metouia,33.971,10.001,5,respiratoire,0.704,1.025,13.329,25.779,13.292,11.46,173.5,27.5,33.2,2,Critique
2023-07-17,Chenini,33.899,10.044,4,respiratoire,0.704,1.025,13.329,25.779,13.292,11.46,173.5,27.5,33.2,2,Critique
2023-07-17,El Akarit,33.849,10.143,10,digestif,0.704,1.025,13.329,25.779,13.292,11.46,173.5,27.5,33.2,3,Urgence
2023-07-17,Oudhref,33.83,10.087,5,respiratoire,0.704,1.025,13.329,25.779,13.292,11.46,173.5,27.5,33.2,2,Critique
2023-07-17,Bab Bhar,33.891,10.118,2,dermatologique,0.704,1.025,13.329,25.779,13.292,11.46,173.5,27.5,33.2,2,Critique
2023-07-17,Jara,33.905,10.071,10,digestif,0.704,1.025,13.329,25.779,13.292,11.46,173.5,27.5,33.2,3,Urgence
2023-07-18,Bou Chemma,33.882,10.098,14,respiratoire,0.55,0.912,12.617,32.633,16.5,7.69,88.6,51.8,31.6,3,Urgence
2023-07-18,Chatt,33.876,10.105,13,respiratoire,0.55,0.912,12.617,32.633,16.5,7.69,88.6,51.8,31.6,3,Urgence
2023-07-18,Metouia,33.971,10.001,5,respiratoire,0.55,0.912,12.617,32.633,16.5,7.69,88.6,51.8,31.6,2,Critique
2023-07-18,Chenini,33.899,10.044,3,respiratoire,0.55,0.912,12.617,32.633,16.5,7.69,88.6,51.8,31.6,2,Critique
2023-07-18,El Akarit,33.849,10.143,14,respiratoire,0.55,0.912,12.617,32.633,16.5,7.69,88.6,51.8,31.6,3,Urgence
2023-07-18,Oudhref,33.83,10.087,6,respiratoire,0.55,0.912,12.617,32.633,16.5,7.69,88.6,51.8,31.6,2,Critique
2023-07-18,Bab Bhar,33.891,10.118,5,respiratoire,0.55,0.912,12.617,32.633,16.5,7.69,88.6,51.8,31.6,2,Critique
2023-07-18,Jara,33.905,10.071,6,oculaire,0.55,0.912,12.617,32.633,16.5,7.69,88.6,51.8,31.6,2,Critique
2023-07-19,Bou Chemma,33.882,10.098,14,oculaire,0.65,1.288,16.775,38.025,18.875,9.46,142.3,48.5,31.6,3,Urgence
2023-07-19,Chatt,33.876,10.105,16,respiratoire,0.65,1.288,16.775,38.025,18.875,9.46,142.3,48.5,31.6,3,Urgence
2023-07-19,Metouia,33.971,10.001,8,respiratoire,0.65,1.288,16.775,38.025,18.875,9.46,142.3,48.5,31.6,3,Urgence
2023-07-19,Chenini,33.899,10.044,6,respiratoire,0.65,1.288,16.775,38.025,18.875,9.46,142.3,48.5,31.6,2,Critique
2023-07-19,El Akarit,33.849,10.143,17,oculaire,0.65,1.288,16.775,38.025,18.875,9.46,142.3,48.5,31.6,3,Urgence
2023-07-19,Oudhref,33.83,10.087,4,respiratoire,0.65,1.288,16.775,38.025,18.875,9.46,142.3,48.5,31.6,2,Critique
2023-07-19,Bab Bhar,33.891,10.118,4,respiratoire,0.65,1.288,16.775,38.025,18.875,9.46,142.3,48.5,31.6,2,Critique
2023-07-19,Jara,33.905,10.071,6,oculaire,0.65,1.288,16.775,38.025,18.875,9.46,142.3,48.5,31.6,2,Critique
2023-07-20,Bou Chemma,33.882,10.098,13,respiratoire,0.875,1.308,16.113,36.233,19.292,8.64,161.9,45.0,33.7,3,Urgence
2023-07-20,Chatt,33.876,10.105,16,respiratoire,0.875,1.308,16.113,36.233,19.292,8.64,161.9,45.0,33.7,3,Urgence
2023-07-20,Metouia,33.971,10.001,7,respiratoire,0.875,1.308,16.113,36.233,19.292,8.64,161.9,45.0,33.7,3,Urgence
2023-07-20,Chenini,33.899,10.044,11,respiratoire,0.875,1.308,16.113,36.233,19.292,8.64,161.9,45.0,33.7,3,Urgence
2023-07-20,El Akarit,33.849,10.143,14,respiratoire,0.875,1.308,16.113,36.233,19.292,8.64,161.9,45.0,33.7,3,Urgence
2023-07-20,Oudhref,33.83,10.087,6,oculaire,0.875,1.308,16.113,36.233,19.292,8.64,161.9,45.0,33.7,3,Urgence
2023-07-20,Bab Bhar,33.891,10.118,3,dermatologique,0.875,1.308,16.113,36.233,19.292,8.64,161.9,45.0,33.7,2,Critique
2023-07-20,Jara,33.905,10.071,6,digestif,0.875,1.308,16.113,36.233,19.292,8.64,161.9,45.0,33.7,3,Urgence
2023-07-21,Bou Chemma,33.882,10.098,10,dermatologique,0.858,0.958,17.092,35.792,20.333,12.38,92.2,39.2,33.5,3,Urgence
2023-07-21,Chatt,33.876,10.105,10,respiratoire,0.858,0.958,17.092,35.792,20.333,12.38,92.2,39.2,33.5,3,Urgence
2023-07-21,Metouia,33.971,10.001,5,oculaire,0.858,0.958,17.092,35.792,20.333,12.38,92.2,39.2,33.5,3,Urgence
2023-07-21,Chenini,33.899,10.044,7,dermatologique,0.858,0.958,17.092,35.792,20.333,12.38,92.2,39.2,33.5,3,Urgence
2023-07-21,El Akarit,33.849,10.143,21,digestif,0.858,0.958,17.092,35.792,20.333,12.38,92.2,39.2,33.5,3,Urgence
2023-07-21,Oudhref,33.83,10.087,5,respiratoire,0.858,0.958,17.092,35.792,20.333,12.38,92.2,39.2,33.5,3,Urgence
2023-07-21,Bab Bhar,33.891,10.118,7,respiratoire,0.858,0.958,17.092,35.792,20.333,12.38,92.2,39.2,33.5,3,Urgence
2023-07-21,Jara,33.905,10.071,11,respiratoire,0.858,0.958,17.092,35.792,20.333,12.38,92.2,39.2,33.5,3,Urgence
2023-07-22,Bou Chemma,33.882,10.098,11,respiratoire,1.642,1.042,18.346,34.717,21.542,11.7,145.4,23.3,35.3,3,Urgence
2023-07-22,Chatt,33.876,10.105,17,respiratoire,1.642,1.042,18.346,34.717,21.542,11.7,145.4,23.3,35.3,3,Urgence
2023-07-22,Metouia,33.971,10.001,14,respiratoire,1.642,1.042,18.346,34.717,21.542,11.7,145.4,23.3,35.3,3,Urgence
2023-07-22,Chenini,33.899,10.044,6,respiratoire,1.642,1.042,18.346,34.717,21.542,11.7,145.4,23.3,35.3,3,Urgence
2023-07-22,El Akarit,33.849,10.143,14,respiratoire,1.642,1.042,18.346,34.717,21.542,11.7,145.4,23.3,35.3,3,Urgence
2023-07-22,Oudhref,33.83,10.087,9,respiratoire,1.642,1.042,18.346,34.717,21.542,11.7,145.4,23.3,35.3,3,Urgence
2023-07-22,Bab Bhar,33.891,10.118,10,respiratoire,1.642,1.042,18.346,34.717,21.542,11.7,145.4,23.3,35.3,3,Urgence
2023-07-22,Jara,33.905,10.071,9,respiratoire,1.642,1.042,18.346,34.717,21.542,11.7,145.4,23.3,35.3,3,Urgence
2023-07-23,Bou Chemma,33.882,10.098,17,respiratoire,1.75,1.188,17.654,30.637,17.083,11.75,156.0,21.7,36.3,3,Urgence
2023-07-23,Chatt,33.876,10.105,18,oculaire,1.75,1.188,17.654,30.637,17.083,11.75,156.0,21.7,36.3,3,Urgence
2023-07-23,Metouia,33.971,10.001,5,respiratoire,1.75,1.188,17.654,30.637,17.083,11.75,156.0,21.7,36.3,3,Urgence
2023-07-23,Chenini,33.899,10.044,11,respiratoire,1.75,1.188,17.654,30.637,17.083,11.75,156.0,21.7,36.3,3,Urgence
2023-07-23,El Akarit,33.849,10.143,20,respiratoire,1.75,1.188,17.654,30.637,17.083,11.75,156.0,21.7,36.3,3,Urgence
2023-07-23,Oudhref,33.83,10.087,7,oculaire,1.75,1.188,17.654,30.637,17.083,11.75,156.0,21.7,36.3,3,Urgence
2023-07-23,Bab Bhar,33.891,10.118,7,respiratoire,1.75,1.188,17.654,30.637,17.083,11.75,156.0,21.7,36.3,3,Urgence
2023-07-23,Jara,33.905,10.071,6,respiratoire,1.75,1.188,17.654,30.637,17.083,11.75,156.0,21.7,36.3,3,Urgence
2023-07-24,Bou Chemma,33.882,10.098,21,respiratoire,1.567,1.308,18.175,38.708,25.708,12.2,157.9,22.8,36.4,3,Urgence
2023-07-24,Chatt,33.876,10.105,14,respiratoire,1.567,1.308,18.175,38.708,25.708,12.2,157.9,22.8,36.4,3,Urgence
2023-07-24,Metouia,33.971,10.001,6,respiratoire,1.567,1.308,18.175,38.708,25.708,12.2,157.9,22.8,36.4,3,Urgence
2023-07-24,Chenini,33.899,10.044,9,respiratoire,1.567,1.308,18.175,38.708,25.708,12.2,157.9,22.8,36.4,3,Urgence
2023-07-24,El Akarit,33.849,10.143,15,oculaire,1.567,1.308,18.175,38.708,25.708,12.2,157.9,22.8,36.4,3,Urgence
2023-07-24,Oudhref,33.83,10.087,12,respiratoire,1.567,1.308,18.175,38.708,25.708,12.2,157.9,22.8,36.4,3,Urgence
2023-07-24,Bab Bhar,33.891,10.118,9,oculaire,1.567,1.308,18.175,38.708,25.708,12.2,157.9,22.8,36.4,3,Urgence
2023-07-24,Jara,33.905,10.071,6,respiratoire,1.567,1.308,18.175,38.708,25.708,12.2,157.9,22.8,36.4,3,Urgence
2023-07-25,Bou Chemma,33.882,10.098,11,respiratoire,1.092,1.088,28.583,85.612,72.083,19.7,212.8,11.6,40.4,3,Urgence
2023-07-25,Chatt,33.876,10.105,4,respiratoire,1.092,1.088,28.583,85.612,72.083,19.7,212.8,11.6,40.4,3,Urgence
2023-07-25,Metouia,33.971,10.001,2,respiratoire,1.092,1.088,28.583,85.612,72.083,19.7,212.8,11.6,40.4,3,Urgence
2023-07-25,Chenini,33.899,10.044,3,dermatologique,1.092,1.088,28.583,85.612,72.083,19.7,212.8,11.6,40.4,3,Urgence
2023-07-25,El Akarit,33.849,10.143,14,respiratoire,1.092,1.088,28.583,85.612,72.083,19.7,212.8,11.6,40.4,3,Urgence
2023-07-25,Oudhref,33.83,10.087,2,respiratoire,1.092,1.088,28.583,85.612,72.083,19.7,212.8,11.6,40.4,3,Urgence
2023-07-25,Bab Bhar,33.891,10.118,5,respiratoire,1.092,1.088,28.583,85.612,72.083,19.7,212.8,11.6,40.4,3,Urgence
2023-07-25,Jara,33.905,10.071,3,respiratoire,1.092,1.088,28.583,85.612,72.083,19.7,212.8,11.6,40.4,3,Urgence
2023-07-26,Bou Chemma,33.882,10.098,21,dermatologique,0.642,0.633,14.7,44.117,21.167,20.28,78.5,62.4,30.6,3,Urgence
2023-07-26,Chatt,33.876,10.105,10,respiratoire,0.642,0.633,14.7,44.117,21.167,20.28,78.5,62.4,30.6,3,Urgence
2023-07-26,Metouia,33.971,10.001,7,respiratoire,0.642,0.633,14.7,44.117,21.167,20.28,78.5,62.4,30.6,2,Critique
2023-07-26,Chenini,33.899,10.044,5,respiratoire,0.642,0.633,14.7,44.117,21.167,20.28,78.5,62.4,30.6,2,Critique
2023-07-26,El Akarit,33.849,10.143,8,respiratoire,0.642,0.633,14.7,44.117,21.167,20.28,78.5,62.4,30.6,3,Urgence
2023-07-26,Oudhref,33.83,10.087,9,respiratoire,0.642,0.633,14.7,44.117,21.167,20.28,78.5,62.4,30.6,3,Urgence
2023-07-26,Bab Bhar,33.891,10.118,7,oculaire,0.642,0.633,14.7,44.117,21.167,20.28,78.5,62.4,30.6,2,Critique
2023-07-26,Jara,33.905,10.071,4,dermatologique,0.642,0.633,14.7,44.117,21.167,20.28,78.5,62.4,30.6,2,Critique
2023-07-27,Bou Chemma,33.882,10.098,4,respiratoire,0.492,0.521,5.663,21.296,3.5,18.79,83.9,59.1,29.0,1,Vigilance
2023-07-27,Chatt,33.876,10.105,4,oculaire,0.492,0.521,5.663,21.296,3.5,18.79,83.9,59.1,29.0,1,Vigilance
2023-07-27,Metouia,33.971,10.001,2,oculaire,0.492,0.521,5.663,21.296,3.5,18.79,83.9,59.1,29.0,0,Normal
2023-07-27,Chenini,33.899,10.044,3,oculaire,0.492,0.521,5.663,21.296,3.5,18.79,83.9,59.1,29.0,1,Vigilance
2023-07-27,El Akarit,33.849,10.143,5,respiratoire,0.492,0.521,5.663,21.296,3.5,18.79,83.9,59.1,29.0,1,Vigilance
2023-07-27,Oudhref,33.83,10.087,2,respiratoire,0.492,0.521,5.663,21.296,3.5,18.79,83.9,59.1,29.0,0,Normal
2023-07-27,Bab Bhar,33.891,10.118,0,oculaire,0.492,0.521,5.663,21.296,3.5,18.79,83.9,59.1,29.0,0,Normal
2023-07-27,Jara,33.905,10.071,5,oculaire,0.492,0.521,5.663,21.296,3.5,18.79,83.9,59.1,29.0,1,Vigilance
2023-07-28,Bou Chemma,33.882,10.098,13,respiratoire,1.717,0.708,12.229,38.467,14.708,16.77,117.5,52.3,31.3,3,Urgence
2023-07-28,Chatt,33.876,10.105,12,respiratoire,1.717,0.708,12.229,38.467,14.708,16.77,117.5,52.3,31.3,3,Urgence
2023-07-28,Metouia,33.971,10.001,3,respiratoire,1.717,0.708,12.229,38.467,14.708,16.77,117.5,52.3,31.3,3,Urgence
2023-07-28,Chenini,33.899,10.044,5,respiratoire,1.717,0.708,12.229,38.467,14.708,16.77,117.5,52.3,31.3,3,Urgence
2023-07-28,El Akarit,33.849,10.143,18,oculaire,1.717,0.708,12.229,38.467,14.708,16.77,117.5,52.3,31.3,3,Urgence
2023-07-28,Oudhref,33.83,10.087,7,respiratoire,1.717,0.708,12.229,38.467,14.708,16.77,117.5,52.3,31.3,3,Urgence
2023-07-28,Bab Bhar,33.891,10.118,8,respiratoire,1.717,0.708,12.229,38.467,14.708,16.77,117.5,52.3,31.3,3,Urgence
2023-07-28,Jara,33.905,10.071,9,respiratoire,1.717,0.708,12.229,38.467,14.708,16.77,117.5,52.3,31.3,3,Urgence
2023-07-29,Bou Chemma,33.882,10.098,8,respiratoire,1.125,1.196,22.092,66.942,52.5,10.4,212.2,26.8,37.4,3,Urgence
2023-07-29,Chatt,33.876,10.105,6,respiratoire,1.125,1.196,22.092,66.942,52.5,10.4,212.2,26.8,37.4,3,Urgence
2023-07-29,Metouia,33.971,10.001,3,respiratoire,1.125,1.196,22.092,66.942,52.5,10.4,212.2,26.8,37.4,2,Critique
2023-07-29,Chenini,33.899,10.044,8,respiratoire,1.125,1.196,22.092,66.942,52.5,10.4,212.2,26.8,37.4,3,Urgence
2023-07-29,El Akarit,33.849,10.143,4,respiratoire,1.125,1.196,22.092,66.942,52.5,10.4,212.2,26.8,37.4,3,Urgence
2023-07-29,Oudhref,33.83,10.087,6,respiratoire,1.125,1.196,22.092,66.942,52.5,10.4,212.2,26.8,37.4,3,Urgence
2023-07-29,Bab Bhar,33.891,10.118,5,respiratoire,1.125,1.196,22.092,66.942,52.5,10.4,212.2,26.8,37.4,3,Urgence
2023-07-29,Jara,33.905,10.071,2,respiratoire,1.125,1.196,22.092,66.942,52.5,10.4,212.2,26.8,37.4,2,Critique
2023-07-30,Bou Chemma,33.882,10.098,15,oculaire,0.608,0.596,14.829,40.392,25.917,13.14,55.9,74.9,30.4,3,Urgence
2023-07-30,Chatt,33.876,10.105,16,oculaire,0.608,0.596,14.829,40.392,25.917,13.14,55.9,74.9,30.4,3,Urgence
2023-07-30,Metouia,33.971,10.001,4,respiratoire,0.608,0.596,14.829,40.392,25.917,13.14,55.9,74.9,30.4,2,Critique
2023-07-30,Chenini,33.899,10.044,7,oculaire,0.608,0.596,14.829,40.392,25.917,13.14,55.9,74.9,30.4,2,Critique
2023-07-30,El Akarit,33.849,10.143,20,oculaire,0.608,0.596,14.829,40.392,25.917,13.14,55.9,74.9,30.4,3,Urgence
2023-07-30,Oudhref,33.83,10.087,7,respiratoire,0.608,0.596,14.829,40.392,25.917,13.14,55.9,74.9,30.4,2,Critique
2023-07-30,Bab Bhar,33.891,10.118,2,respiratoire,0.608,0.596,14.829,40.392,25.917,13.14,55.9,74.9,30.4,2,Critique
2023-07-30,Jara,33.905,10.071,4,dermatologique,0.608,0.596,14.829,40.392,25.917,13.14,55.9,74.9,30.4,2,Critique
2023-07-31,Bou Chemma,33.882,10.098,9,respiratoire,0.404,0.546,10.042,27.375,12.25,12.35,83.7,68.2,29.8,2,Critique
2023-07-31,Chatt,33.876,10.105,8,dermatologique,0.404,0.546,10.042,27.375,12.25,12.35,83.7,68.2,29.8,2,Critique
2023-07-31,Metouia,33.971,10.001,2,respiratoire,0.404,0.546,10.042,27.375,12.25,12.35,83.7,68.2,29.8,1,Vigilance
2023-07-31,Chenini,33.899,10.044,5,respiratoire,0.404,0.546,10.042,27.375,12.25,12.35,83.7,68.2,29.8,2,Critique
2023-07-31,El Akarit,33.849,10.143,12,oculaire,0.404,0.546,10.042,27.375,12.25,12.35,83.7,68.2,29.8,2,Critique
2023-07-31,Oudhref,33.83,10.087,1,digestif,0.404,0.546,10.042,27.375,12.25,12.35,83.7,68.2,29.8,1,Vigilance
2023-07-31,Bab Bhar,33.891,10.118,7,respiratoire,0.404,0.546,10.042,27.375,12.25,12.35,83.7,68.2,29.8,2,Critique
2023-07-31,Jara,33.905,10.071,4,respiratoire,0.404,0.546,10.042,27.375,12.25,12.35,83.7,68.2,29.8,1,Vigilance
2023-08-01,Bou Chemma,33.882,10.098,6,oculaire,0.438,0.588,9.046,20.771,6.292,13.04,101.2,64.0,29.8,2,Critique
2023-08-01,Chatt,33.876,10.105,8,oculaire,0.438,0.588,9.046,20.771,6.292,13.04,101.2,64.0,29.8,2,Critique
2023-08-01,Metouia,33.971,10.001,1,respiratoire,0.438,0.588,9.046,20.771,6.292,13.04,101.2,64.0,29.8,1,Vigilance
2023-08-01,Chenini,33.899,10.044,5,respiratoire,0.438,0.588,9.046,20.771,6.292,13.04,101.2,64.0,29.8,2,Critique
2023-08-01,El Akarit,33.849,10.143,14,dermatologique,0.438,0.588,9.046,20.771,6.292,13.04,101.2,64.0,29.8,3,Urgence
2023-08-01,Oudhref,33.83,10.087,3,digestif,0.438,0.588,9.046,20.771,6.292,13.04,101.2,64.0,29.8,1,Vigilance
2023-08-01,Bab Bhar,33.891,10.118,4,respiratoire,0.438,0.588,9.046,20.771,6.292,13.04,101.2,64.0,29.8,1,Vigilance
2023-08-01,Jara,33.905,10.071,4,respiratoire,0.438,0.588,9.046,20.771,6.292,13.04,101.2,64.0,29.8,1,Vigilance
2023-08-02,Bou Chemma,33.882,10.098,7,respiratoire,0.529,0.5,9.229,21.062,3.667,17.72,92.9,66.0,30.0,2,Critique
2023-08-02,Chatt,33.876,10.105,12,respiratoire,0.529,0.5,9.229,21.062,3.667,17.72,92.9,66.0,30.0,3,Urgence
2023-08-02,Metouia,33.971,10.001,2,respiratoire,0.529,0.5,9.229,21.062,3.667,17.72,92.9,66.0,30.0,1,Vigilance
2023-08-02,Chenini,33.899,10.044,2,digestif,0.529,0.5,9.229,21.062,3.667,17.72,92.9,66.0,30.0,1,Vigilance
2023-08-02,El Akarit,33.849,10.143,2,respiratoire,0.529,0.5,9.229,21.062,3.667,17.72,92.9,66.0,30.0,1,Vigilance
2023-08-02,Oudhref,33.83,10.087,3,oculaire,0.529,0.5,9.229,21.062,3.667,17.72,92.9,66.0,30.0,1,Vigilance
2023-08-02,Bab Bhar,33.891,10.118,0,dermatologique,0.529,0.5,9.229,21.062,3.667,17.72,92.9,66.0,30.0,1,Vigilance
2023-08-02,Jara,33.905,10.071,2,dermatologique,0.529,0.5,9.229,21.062,3.667,17.72,92.9,66.0,30.0,1,Vigilance
2023-08-03,Bou Chemma,33.882,10.098,12,respiratoire,1.537,0.771,13.0,25.887,11.375,13.77,103.8,56.1,31.4,3,Urgence
2023-08-03,Chatt,33.876,10.105,20,respiratoire,1.537,0.771,13.0,25.887,11.375,13.77,103.8,56.1,31.4,3,Urgence
2023-08-03,Metouia,33.971,10.001,7,respiratoire,1.537,0.771,13.0,25.887,11.375,13.77,103.8,56.1,31.4,3,Urgence
2023-08-03,Chenini,33.899,10.044,6,respiratoire,1.537,0.771,13.0,25.887,11.375,13.77,103.8,56.1,31.4,3,Urgence
2023-08-03,El Akarit,33.849,10.143,12,respiratoire,1.537,0.771,13.0,25.887,11.375,13.77,103.8,56.1,31.4,3,Urgence
2023-08-03,Oudhref,33.83,10.087,7,respiratoire,1.537,0.771,13.0,25.887,11.375,13.77,103.8,56.1,31.4,3,Urgence
2023-08-03,Bab Bhar,33.891,10.118,10,respiratoire,1.537,0.771,13.0,25.887,11.375,13.77,103.8,56.1,31.4,3,Urgence
2023-08-03,Jara,33.905,10.071,3,oculaire,1.537,0.771,13.0,25.887,11.375,13.77,103.8,56.1,31.4,3,Urgence
2023-08-04,Bou Chemma,33.882,10.098,16,respiratoire,1.808,1.242,17.104,36.05,24.083,10.89,158.4,38.1,35.2,3,Urgence
2023-08-04,Chatt,33.876,10.105,22,respiratoire,1.808,1.242,17.104,36.05,24.083,10.89,158.4,38.1,35.2,3,Urgence
2023-08-04,Metouia,33.971,10.001,7,respiratoire,1.808,1.242,17.104,36.05,24.083,10.89,158.4,38.1,35.2,3,Urgence
2023-08-04,Chenini,33.899,10.044,8,respiratoire,1.808,1.242,17.104,36.05,24.083,10.89,158.4,38.1,35.2,3,Urgence
2023-08-04,El Akarit,33.849,10.143,17,oculaire,1.808,1.242,17.104,36.05,24.083,10.89,158.4,38.1,35.2,3,Urgence
2023-08-04,Oudhref,33.83,10.087,10,digestif,1.808,1.242,17.104,36.05,24.083,10.89,158.4,38.1,35.2,3,Urgence
2023-08-04,Bab Bhar,33.891,10.118,11,oculaire,1.808,1.242,17.104,36.05,24.083,10.89,158.4,38.1,35.2,3,Urgence
2023-08-04,Jara,33.905,10.071,7,oculaire,1.808,1.242,17.104,36.05,24.083,10.89,158.4,38.1,35.2,3,Urgence
2023-08-05,Bou Chemma,33.882,10.098,6,respiratoire,0.379,0.533,5.742,14.35,3.417,20.05,65.2,46.9,27.8,1,Vigilance
2023-08-05,Chatt,33.876,10.105,7,oculaire,0.379,0.533,5.742,14.35,3.417,20.05,65.2,46.9,27.8,1,Vigilance
2023-08-05,Metouia,33.971,10.001,1,oculaire,0.379,0.533,5.742,14.35,3.417,20.05,65.2,46.9,27.8,0,Normal
2023-08-05,Chenini,33.899,10.044,3,oculaire,0.379,0.533,5.742,14.35,3.417,20.05,65.2,46.9,27.8,1,Vigilance
2023-08-05,El Akarit,33.849,10.143,8,respiratoire,0.379,0.533,5.742,14.35,3.417,20.05,65.2,46.9,27.8,2,Critique
2023-08-05,Oudhref,33.83,10.087,2,digestif,0.379,0.533,5.742,14.35,3.417,20.05,65.2,46.9,27.8,0,Normal
2023-08-05,Bab Bhar,33.891,10.118,2,oculaire,0.379,0.533,5.742,14.35,3.417,20.05,65.2,46.9,27.8,0,Normal
2023-08-05,Jara,33.905,10.071,3,respiratoire,0.379,0.533,5.742,14.35,3.417,20.05,65.2,46.9,27.8,1,Vigilance
2023-08-06,Bou Chemma,33.882,10.098,6,respiratoire,0.346,0.55,5.25,12.892,1.375,11.2,136.0,50.8,28.6,1,Vigilance
2023-08-06,Chatt,33.876,10.105,2,oculaire,0.346,0.55,5.25,12.892,1.375,11.2,136.0,50.8,28.6,0,Normal
2023-08-06,Metouia,33.971,10.001,2,respiratoire,0.346,0.55,5.25,12.892,1.375,11.2,136.0,50.8,28.6,0,Normal
2023-08-06,Chenini,33.899,10.044,1,respiratoire,0.346,0.55,5.25,12.892,1.375,11.2,136.0,50.8,28.6,0,Normal
2023-08-06,El Akarit,33.849,10.143,8,oculaire,0.346,0.55,5.25,12.892,1.375,11.2,136.0,50.8,28.6,2,Critique
2023-08-06,Oudhref,33.83,10.087,1,respiratoire,0.346,0.55,5.25,12.892,1.375,11.2,136.0,50.8,28.6,0,Normal
2023-08-06,Bab Bhar,33.891,10.118,2,oculaire,0.346,0.55,5.25,12.892,1.375,11.2,136.0,50.8,28.6,0,Normal
2023-08-06,Jara,33.905,10.071,1,respiratoire,0.346,0.55,5.25,12.892,1.375,11.2,136.0,50.8,28.6,0,Normal
2023-08-07,Bou Chemma,33.882,10.098,2,oculaire,0.296,0.608,6.013,12.254,2.708,11.41,101.0,49.2,29.3,0,Normal
2023-08-07,Chatt,33.876,10.105,3,digestif,0.296,0.608,6.013,12.254,2.708,11.41,101.0,49.2,29.3,0,Normal
2023-08-07,Metouia,33.971,10.001,0,respiratoire,0.296,0.608,6.013,12.254,2.708,11.41,101.0,49.2,29.3,0,Normal
2023-08-07,Chenini,33.899,10.044,0,oculaire,0.296,0.608,6.013,12.254,2.708,11.41,101.0,49.2,29.3,0,Normal
2023-08-07,El Akarit,33.849,10.143,6,dermatologique,0.296,0.608,6.013,12.254,2.708,11.41,101.0,49.2,29.3,1,Vigilance
2023-08-07,Oudhref,33.83,10.087,3,digestif,0.296,0.608,6.013,12.254,2.708,11.41,101.0,49.2,29.3,0,Normal
2023-08-07,Bab Bhar,33.891,10.118,2,respiratoire,0.296,0.608,6.013,12.254,2.708,11.41,101.0,49.2,29.3,0,Normal
2023-08-07,Jara,33.905,10.071,1,oculaire,0.296,0.608,6.013,12.254,2.708,11.41,101.0,49.2,29.3,0,Normal
2023-08-08,Bou Chemma,33.882,10.098,1,oculaire,0.45,0.517,5.992,14.642,1.625,15.36,95.5,58.4,27.9,0,Normal
2023-08-08,Chatt,33.876,10.105,2,respiratoire,0.45,0.517,5.992,14.642,1.625,15.36,95.5,58.4,27.9,0,Normal
2023-08-08,Metouia,33.971,10.001,1,dermatologique,0.45,0.517,5.992,14.642,1.625,15.36,95.5,58.4,27.9,0,Normal
2023-08-08,Chenini,33.899,10.044,2,respiratoire,0.45,0.517,5.992,14.642,1.625,15.36,95.5,58.4,27.9,0,Normal
2023-08-08,El Akarit,33.849,10.143,4,respiratoire,0.45,0.517,5.992,14.642,1.625,15.36,95.5,58.4,27.9,1,Vigilance
2023-08-08,Oudhref,33.83,10.087,3,respiratoire,0.45,0.517,5.992,14.642,1.625,15.36,95.5,58.4,27.9,1,Vigilance
2023-08-08,Bab Bhar,33.891,10.118,6,respiratoire,0.45,0.517,5.992,14.642,1.625,15.36,95.5,58.4,27.9,1,Vigilance
2023-08-08,Jara,33.905,10.071,3,dermatologique,0.45,0.517,5.992,14.642,1.625,15.36,95.5,58.4,27.9,1,Vigilance
2023-08-09,Bou Chemma,33.882,10.098,5,respiratoire,0.375,0.517,5.683,12.662,1.167,13.14,111.7,58.8,27.7,1,Vigilance
2023-08-09,Chatt,33.876,10.105,4,respiratoire,0.375,0.517,5.683,12.662,1.167,13.14,111.7,58.8,27.7,1,Vigilance
2023-08-09,Metouia,33.971,10.001,0,respiratoire,0.375,0.517,5.683,12.662,1.167,13.14,111.7,58.8,27.7,0,Normal
2023-08-09,Chenini,33.899,10.044,1,respiratoire,0.375,0.517,5.683,12.662,1.167,13.14,111.7,58.8,27.7,0,Normal
2023-08-09,El Akarit,33.849,10.143,4,dermatologique,0.375,0.517,5.683,12.662,1.167,13.14,111.7,58.8,27.7,1,Vigilance
2023-08-09,Oudhref,33.83,10.087,1,oculaire,0.375,0.517,5.683,12.662,1.167,13.14,111.7,58.8,27.7,0,Normal
2023-08-09,Bab Bhar,33.891,10.118,3,respiratoire,0.375,0.517,5.683,12.662,1.167,13.14,111.7,58.8,27.7,0,Normal
2023-08-09,Jara,33.905,10.071,2,oculaire,0.375,0.517,5.683,12.662,1.167,13.14,111.7,58.8,27.7,0,Normal
2023-08-10,Bou Chemma,33.882,10.098,4,respiratoire,0.5,0.55,5.529,9.308,0.458,10.84,106.2,60.2,27.3,1,Vigilance
2023-08-10,Chatt,33.876,10.105,7,respiratoire,0.5,0.55,5.529,9.308,0.458,10.84,106.2,60.2,27.3,2,Critique
2023-08-10,Metouia,33.971,10.001,1,dermatologique,0.5,0.55,5.529,9.308,0.458,10.84,106.2,60.2,27.3,0,Normal
2023-08-10,Chenini,33.899,10.044,1,dermatologique,0.5,0.55,5.529,9.308,0.458,10.84,106.2,60.2,27.3,0,Normal
2023-08-10,El Akarit,33.849,10.143,6,oculaire,0.5,0.55,5.529,9.308,0.458,10.84,106.2,60.2,27.3,1,Vigilance
2023-08-10,Oudhref,33.83,10.087,1,respiratoire,0.5,0.55,5.529,9.308,0.458,10.84,106.2,60.2,27.3,0,Normal
2023-08-10,Bab Bhar,33.891,10.118,1,respiratoire,0.5,0.55,5.529,9.308,0.458,10.84,106.2,60.2,27.3,0,Normal
2023-08-10,Jara,33.905,10.071,0,respiratoire,0.5,0.55,5.529,9.308,0.458,10.84,106.2,60.2,27.3,0,Normal
2023-08-11,Bou Chemma,33.882,10.098,6,digestif,0.458,0.683,5.629,9.521,0.542,9.62,131.5,55.1,27.3,1,Vigilance
2023-08-11,Chatt,33.876,10.105,5,oculaire,0.458,0.683,5.629,9.521,0.542,9.62,131.5,55.1,27.3,1,Vigilance
2023-08-11,Metouia,33.971,10.001,2,oculaire,0.458,0.683,5.629,9.521,0.542,9.62,131.5,55.1,27.3,0,Normal
2023-08-11,Chenini,33.899,10.044,3,respiratoire,0.458,0.683,5.629,9.521,0.542,9.62,131.5,55.1,27.3,1,Vigilance
2023-08-11,El Akarit,33.849,10.143,1,respiratoire,0.458,0.683,5.629,9.521,0.542,9.62,131.5,55.1,27.3,0,Normal
2023-08-11,Oudhref,33.83,10.087,3,respiratoire,0.458,0.683,5.629,9.521,0.542,9.62,131.5,55.1,27.3,1,Vigilance
2023-08-11,Bab Bhar,33.891,10.118,1,respiratoire,0.458,0.683,5.629,9.521,0.542,9.62,131.5,55.1,27.3,0,Normal
2023-08-11,Jara,33.905,10.071,0,dermatologique,0.458,0.683,5.629,9.521,0.542,9.62,131.5,55.1,27.3,0,Normal
2023-08-12,Bou Chemma,33.882,10.098,5,respiratoire,0.367,0.513,6.138,11.558,1.917,12.37,96.5,66.2,27.0,1,Vigilance
2023-08-12,Chatt,33.876,10.105,5,respiratoire,0.367,0.513,6.138,11.558,1.917,12.37,96.5,66.2,27.0,1,Vigilance
2023-08-12,Metouia,33.971,10.001,1,digestif,0.367,0.513,6.138,11.558,1.917,12.37,96.5,66.2,27.0,0,Normal
2023-08-12,Chenini,33.899,10.044,1,oculaire,0.367,0.513,6.138,11.558,1.917,12.37,96.5,66.2,27.0,0,Normal
2023-08-12,El Akarit,33.849,10.143,6,dermatologique,0.367,0.513,6.138,11.558,1.917,12.37,96.5,66.2,27.0,1,Vigilance
2023-08-12,Oudhref,33.83,10.087,0,dermatologique,0.367,0.513,6.138,11.558,1.917,12.37,96.5,66.2,27.0,0,Normal
2023-08-12,Bab Bhar,33.891,10.118,4,respiratoire,0.367,0.513,6.138,11.558,1.917,12.37,96.5,66.2,27.0,1,Vigilance
2023-08-12,Jara,33.905,10.071,0,respiratoire,0.367,0.513,6.138,11.558,1.917,12.37,96.5,66.2,27.0,0,Normal
2023-08-13,Bou Chemma,33.882,10.098,5,respiratoire,0.312,0.404,6.513,9.804,1.0,11.92,97.1,66.1,27.4,1,Vigilance
2023-08-13,Chatt,33.876,10.105,2,oculaire,0.312,0.404,6.513,9.804,1.0,11.92,97.1,66.1,27.4,0,Normal
2023-08-13,Metouia,33.971,10.001,1,dermatologique,0.312,0.404,6.513,9.804,1.0,11.92,97.1,66.1,27.4,0,Normal
2023-08-13,Chenini,33.899,10.044,0,respiratoire,0.312,0.404,6.513,9.804,1.0,11.92,97.1,66.1,27.4,0,Normal
2023-08-13,El Akarit,33.849,10.143,1,oculaire,0.312,0.404,6.513,9.804,1.0,11.92,97.1,66.1,27.4,0,Normal
2023-08-13,Oudhref,33.83,10.087,1,respiratoire,0.312,0.404,6.513,9.804,1.0,11.92,97.1,66.1,27.4,0,Normal
2023-08-13,Bab Bhar,33.891,10.118,4,respiratoire,0.312,0.404,6.513,9.804,1.0,11.92,97.1,66.1,27.4,1,Vigilance
2023-08-13,Jara,33.905,10.071,0,respiratoire,0.312,0.404,6.513,9.804,1.0,11.92,97.1,66.1,27.4,0,Normal
2023-08-14,Bou Chemma,33.882,10.098,8,respiratoire,0.608,0.575,8.171,12.838,1.0,11.32,115.6,64.5,27.3,2,Critique
2023-08-14,Chatt,33.876,10.105,3,respiratoire,0.608,0.575,8.171,12.838,1.0,11.32,115.6,64.5,27.3,1,Vigilance
2023-08-14,Metouia,33.971,10.001,4,respiratoire,0.608,0.575,8.171,12.838,1.0,11.32,115.6,64.5,27.3,1,Vigilance
2023-08-14,Chenini,33.899,10.044,3,oculaire,0.608,0.575,8.171,12.838,1.0,11.32,115.6,64.5,27.3,1,Vigilance
2023-08-14,El Akarit,33.849,10.143,3,digestif,0.608,0.575,8.171,12.838,1.0,11.32,115.6,64.5,27.3,1,Vigilance
2023-08-14,Oudhref,33.83,10.087,2,respiratoire,0.608,0.575,8.171,12.838,1.0,11.32,115.6,64.5,27.3,1,Vigilance
2023-08-14,Bab Bhar,33.891,10.118,4,digestif,0.608,0.575,8.171,12.838,1.0,11.32,115.6,64.5,27.3,1,Vigilance
2023-08-14,Jara,33.905,10.071,2,oculaire,0.608,0.575,8.171,12.838,1.0,11.32,115.6,64.5,27.3,1,Vigilance
2023-08-15,Bou Chemma,33.882,10.098,8,respiratoire,0.883,0.517,10.188,16.604,2.5,14.66,113.0,68.2,27.4,2,Critique
2023-08-15,Chatt,33.876,10.105,8,respiratoire,0.883,0.517,10.188,16.604,2.5,14.66,113.0,68.2,27.4,2,Critique
2023-08-15,Metouia,33.971,10.001,5,respiratoire,0.883,0.517,10.188,16.604,2.5,14.66,113.0,68.2,27.4,2,Critique
2023-08-15,Chenini,33.899,10.044,4,respiratoire,0.883,0.517,10.188,16.604,2.5,14.66,113.0,68.2,27.4,2,Critique
2023-08-15,El Akarit,33.849,10.143,8,respiratoire,0.883,0.517,10.188,16.604,2.5,14.66,113.0,68.2,27.4,2,Critique
2023-08-15,Oudhref,33.83,10.087,1,oculaire,0.883,0.517,10.188,16.604,2.5,14.66,113.0,68.2,27.4,2,Critique
2023-08-15,Bab Bhar,33.891,10.118,4,dermatologique,0.883,0.517,10.188,16.604,2.5,14.66,113.0,68.2,27.4,2,Critique
2023-08-15,Jara,33.905,10.071,2,digestif,0.883,0.517,10.188,16.604,2.5,14.66,113.0,68.2,27.4,2,Critique
2023-08-16,Bou Chemma,33.882,10.098,7,dermatologique,0.554,0.433,9.758,20.567,5.792,13.77,103.1,74.3,27.5,2,Critique
2023-08-16,Chatt,33.876,10.105,10,digestif,0.554,0.433,9.758,20.567,5.792,13.77,103.1,74.3,27.5,2,Critique
2023-08-16,Metouia,33.971,10.001,5,respiratoire,0.554,0.433,9.758,20.567,5.792,13.77,103.1,74.3,27.5,2,Critique
2023-08-16,Chenini,33.899,10.044,4,respiratoire,0.554,0.433,9.758,20.567,5.792,13.77,103.1,74.3,27.5,2,Critique
2023-08-16,El Akarit,33.849,10.143,4,respiratoire,0.554,0.433,9.758,20.567,5.792,13.77,103.1,74.3,27.5,2,Critique
2023-08-16,Oudhref,33.83,10.087,7,respiratoire,0.554,0.433,9.758,20.567,5.792,13.77,103.1,74.3,27.5,2,Critique
2023-08-16,Bab Bhar,33.891,10.118,7,digestif,0.554,0.433,9.758,20.567,5.792,13.77,103.1,74.3,27.5,2,Critique
2023-08-16,Jara,33.905,10.071,5,respiratoire,0.554,0.433,9.758,20.567,5.792,13.77,103.1,74.3,27.5,2,Critique
2023-08-17,Bou Chemma,33.882,10.098,8,digestif,0.346,0.517,9.096,15.583,2.792,9.89,112.1,68.5,27.1,2,Critique
2023-08-17,Chatt,33.876,10.105,6,digestif,0.346,0.517,9.096,15.583,2.792,9.89,112.1,68.5,27.1,2,Critique
2023-08-17,Metouia,33.971,10.001,5,oculaire,0.346,0.517,9.096,15.583,2.792,9.89,112.1,68.5,27.1,1,Vigilance
2023-08-17,Chenini,33.899,10.044,1,digestif,0.346,0.517,9.096,15.583,2.792,9.89,112.1,68.5,27.1,0,Normal
2023-08-17,El Akarit,33.849,10.143,6,digestif,0.346,0.517,9.096,15.583,2.792,9.89,112.1,68.5,27.1,2,Critique
2023-08-17,Oudhref,33.83,10.087,1,oculaire,0.346,0.517,9.096,15.583,2.792,9.89,112.1,68.5,27.1,0,Normal
2023-08-17,Bab Bhar,33.891,10.118,1,digestif,0.346,0.517,9.096,15.583,2.792,9.89,112.1,68.5,27.1,0,Normal
2023-08-17,Jara,33.905,10.071,4,respiratoire,0.346,0.517,9.096,15.583,2.792,9.89,112.1,68.5,27.1,1,Vigilance
2023-08-18,Bou Chemma,33.882,10.098,5,respiratoire,0.529,0.8,8.9,13.5,1.875,9.41,121.8,56.5,28.2,2,Critique
2023-08-18,Chatt,33.876,10.105,3,oculaire,0.529,0.8,8.9,13.5,1.875,9.41,121.8,56.5,28.2,1,Vigilance
2023-08-18,Metouia,33.971,10.001,3,dermatologique,0.529,0.8,8.9,13.5,1.875,9.41,121.8,56.5,28.2,1,Vigilance
2023-08-18,Chenini,33.899,10.044,0,oculaire,0.529,0.8,8.9,13.5,1.875,9.41,121.8,56.5,28.2,1,Vigilance
2023-08-18,El Akarit,33.849,10.143,5,digestif,0.529,0.8,8.9,13.5,1.875,9.41,121.8,56.5,28.2,2,Critique
2023-08-18,Oudhref,33.83,10.087,2,oculaire,0.529,0.8,8.9,13.5,1.875,9.41,121.8,56.5,28.2,1,Vigilance
2023-08-18,Bab Bhar,33.891,10.118,2,respiratoire,0.529,0.8,8.9,13.5,1.875,9.41,121.8,56.5,28.2,1,Vigilance
2023-08-18,Jara,33.905,10.071,1,oculaire,0.529,0.8,8.9,13.5,1.875,9.41,121.8,56.5,28.2,1,Vigilance
2023-08-19,Bou Chemma,33.882,10.098,16,oculaire,1.292,1.242,11.458,21.104,7.208,8.45,174.5,38.1,32.1,3,Urgence
2023-08-19,Chatt,33.876,10.105,16,respiratoire,1.292,1.242,11.458,21.104,7.208,8.45,174.5,38.1,32.1,3,Urgence
2023-08-19,Metouia,33.971,10.001,4,respiratoire,1.292,1.242,11.458,21.104,7.208,8.45,174.5,38.1,32.1,2,Critique
2023-08-19,Chenini,33.899,10.044,5,respiratoire,1.292,1.242,11.458,21.104,7.208,8.45,174.5,38.1,32.1,3,Urgence
2023-08-19,El Akarit,33.849,10.143,15,respiratoire,1.292,1.242,11.458,21.104,7.208,8.45,174.5,38.1,32.1,3,Urgence
2023-08-19,Oudhref,33.83,10.087,1,respiratoire,1.292,1.242,11.458,21.104,7.208,8.45,174.5,38.1,32.1,2,Critique
2023-08-19,Bab Bhar,33.891,10.118,6,respiratoire,1.292,1.242,11.458,21.104,7.208,8.45,174.5,38.1,32.1,3,Urgence
2023-08-19,Jara,33.905,10.071,4,respiratoire,1.292,1.242,11.458,21.104,7.208,8.45,174.5,38.1,32.1,2,Critique
2023-08-20,Bou Chemma,33.882,10.098,10,respiratoire,1.046,0.608,13.808,26.45,7.125,16.19,68.9,67.2,29.1,3,Urgence
2023-08-20,Chatt,33.876,10.105,10,respiratoire,1.046,0.608,13.808,26.45,7.125,16.19,68.9,67.2,29.1,3,Urgence
2023-08-20,Metouia,33.971,10.001,7,respiratoire,1.046,0.608,13.808,26.45,7.125,16.19,68.9,67.2,29.1,3,Urgence
2023-08-20,Chenini,33.899,10.044,5,respiratoire,1.046,0.608,13.808,26.45,7.125,16.19,68.9,67.2,29.1,3,Urgence
2023-08-20,El Akarit,33.849,10.143,4,respiratoire,1.046,0.608,13.808,26.45,7.125,16.19,68.9,67.2,29.1,2,Critique
2023-08-20,Oudhref,33.83,10.087,9,respiratoire,1.046,0.608,13.808,26.45,7.125,16.19,68.9,67.2,29.1,3,Urgence
2023-08-20,Bab Bhar,33.891,10.118,3,respiratoire,1.046,0.608,13.808,26.45,7.125,16.19,68.9,67.2,29.1,2,Critique
2023-08-20,Jara,33.905,10.071,7,respiratoire,1.046,0.608,13.808,26.45,7.125,16.19,68.9,67.2,29.1,3,Urgence
2023-08-21,Bou Chemma,33.882,10.098,10,dermatologique,0.758,0.675,12.954,20.529,4.083,12.22,70.6,67.1,27.9,3,Urgence
2023-08-21,Chatt,33.876,10.105,3,respiratoire,0.758,0.675,12.954,20.529,4.083,12.22,70.6,67.1,27.9,2,Critique
2023-08-21,Metouia,33.971,10.001,2,respiratoire,0.758,0.675,12.954,20.529,4.083,12.22,70.6,67.1,27.9,2,Critique
2023-08-21,Chenini,33.899,10.044,1,oculaire,0.758,0.675,12.954,20.529,4.083,12.22,70.6,67.1,27.9,2,Critique
2023-08-21,El Akarit,33.849,10.143,10,digestif,0.758,0.675,12.954,20.529,4.083,12.22,70.6,67.1,27.9,3,Urgence
2023-08-21,Oudhref,33.83,10.087,2,dermatologique,0.758,0.675,12.954,20.529,4.083,12.22,70.6,67.1,27.9,2,Critique
2023-08-21,Bab Bhar,33.891,10.118,2,digestif,0.758,0.675,12.954,20.529,4.083,12.22,70.6,67.1,27.9,2,Critique
2023-08-21,Jara,33.905,10.071,2,digestif,0.758,0.675,12.954,20.529,4.083,12.22,70.6,67.1,27.9,2,Critique
2023-08-22,Bou Chemma,33.882,10.098,12,respiratoire,1.121,0.696,13.446,19.637,2.125,8.3,133.5,68.9,27.4,3,Urgence
2023-08-22,Chatt,33.876,10.105,13,respiratoire,1.121,0.696,13.446,19.637,2.125,8.3,133.5,68.9,27.4,3,Urgence
2023-08-22,Metouia,33.971,10.001,5,respiratoire,1.121,0.696,13.446,19.637,2.125,8.3,133.5,68.9,27.4,3,Urgence
2023-08-22,Chenini,33.899,10.044,5,respiratoire,1.121,0.696,13.446,19.637,2.125,8.3,133.5,68.9,27.4,3,Urgence
2023-08-22,El Akarit,33.849,10.143,14,respiratoire,1.121,0.696,13.446,19.637,2.125,8.3,133.5,68.9,27.4,3,Urgence
2023-08-22,Oudhref,33.83,10.087,3,oculaire,1.121,0.696,13.446,19.637,2.125,8.3,133.5,68.9,27.4,2,Critique
2023-08-22,Bab Bhar,33.891,10.118,2,respiratoire,1.121,0.696,13.446,19.637,2.125,8.3,133.5,68.9,27.4,2,Critique
2023-08-22,Jara,33.905,10.071,3,respiratoire,1.121,0.696,13.446,19.637,2.125,8.3,133.5,68.9,27.4,2,Critique
2023-08-23,Bou Chemma,33.882,10.098,11,respiratoire,1.275,0.85,14.621,21.421,2.708,9.04,165.6,64.1,28.1,3,Urgence
2023-08-23,Chatt,33.876,10.105,8,respiratoire,1.275,0.85,14.621,21.421,2.708,9.04,165.6,64.1,28.1,3,Urgence
2023-08-23,Metouia,33.971,10.001,1,respiratoire,1.275,0.85,14.621,21.421,2.708,9.04,165.6,64.1,28.1,2,Critique
2023-08-23,Chenini,33.899,10.044,3,respiratoire,1.275,0.85,14.621,21.421,2.708,9.04,165.6,64.1,28.1,3,Urgence
2023-08-23,El Akarit,33.849,10.143,17,respiratoire,1.275,0.85,14.621,21.421,2.708,9.04,165.6,64.1,28.1,3,Urgence
2023-08-23,Oudhref,33.83,10.087,7,respiratoire,1.275,0.85,14.621,21.421,2.708,9.04,165.6,64.1,28.1,3,Urgence
2023-08-23,Bab Bhar,33.891,10.118,7,respiratoire,1.275,0.85,14.621,21.421,2.708,9.04,165.6,64.1,28.1,3,Urgence
2023-08-23,Jara,33.905,10.071,4,respiratoire,1.275,0.85,14.621,21.421,2.708,9.04,165.6,64.1,28.1,3,Urgence
2023-08-24,Bou Chemma,33.882,10.098,10,respiratoire,0.929,1.008,14.908,20.037,3.25,8.8,133.2,63.2,28.6,3,Urgence
2023-08-24,Chatt,33.876,10.105,10,respiratoire,0.929,1.008,14.908,20.037,3.25,8.8,133.2,63.2,28.6,3,Urgence
2023-08-24,Metouia,33.971,10.001,4,oculaire,0.929,1.008,14.908,20.037,3.25,8.8,133.2,63.2,28.6,2,Critique
2023-08-24,Chenini,33.899,10.044,7,respiratoire,0.929,1.008,14.908,20.037,3.25,8.8,133.2,63.2,28.6,3,Urgence
2023-08-24,El Akarit,33.849,10.143,11,respiratoire,0.929,1.008,14.908,20.037,3.25,8.8,133.2,63.2,28.6,3,Urgence
2023-08-24,Oudhref,33.83,10.087,6,oculaire,0.929,1.008,14.908,20.037,3.25,8.8,133.2,63.2,28.6,3,Urgence
2023-08-24,Bab Bhar,33.891,10.118,3,respiratoire,0.929,1.008,14.908,20.037,3.25,8.8,133.2,63.2,28.6,2,Critique
2023-08-24,Jara,33.905,10.071,2,oculaire,0.929,1.008,14.908,20.037,3.25,8.8,133.2,63.2,28.6,2,Critique
2023-08-25,Bou Chemma,33.882,10.098,6,dermatologique,0.875,0.917,14.429,20.621,4.458,11.41,140.4,49.4,29.6,3,Urgence
2023-08-25,Chatt,33.876,10.105,13,respiratoire,0.875,0.917,14.429,20.621,4.458,11.41,140.4,49.4,29.6,3,Urgence
2023-08-25,Metouia,33.971,10.001,5,respiratoire,0.875,0.917,14.429,20.621,4.458,11.41,140.4,49.4,29.6,2,Critique
2023-08-25,Chenini,33.899,10.044,5,respiratoire,0.875,0.917,14.429,20.621,4.458,11.41,140.4,49.4,29.6,2,Critique
2023-08-25,El Akarit,33.849,10.143,14,digestif,0.875,0.917,14.429,20.621,4.458,11.41,140.4,49.4,29.6,3,Urgence
2023-08-25,Oudhref,33.83,10.087,6,respiratoire,0.875,0.917,14.429,20.621,4.458,11.41,140.4,49.4,29.6,3,Urgence
2023-08-25,Bab Bhar,33.891,10.118,4,dermatologique,0.875,0.917,14.429,20.621,4.458,11.41,140.4,49.4,29.6,2,Critique
2023-08-25,Jara,33.905,10.071,2,respiratoire,0.875,0.917,14.429,20.621,4.458,11.41,140.4,49.4,29.6,2,Critique
2023-08-26,Bou Chemma,33.882,10.098,10,respiratoire,1.254,0.954,12.404,18.883,4.5,11.54,174.1,34.1,31.9,3,Urgence
2023-08-26,Chatt,33.876,10.105,12,respiratoire,1.254,0.954,12.404,18.883,4.5,11.54,174.1,34.1,31.9,3,Urgence
2023-08-26,Metouia,33.971,10.001,4,respiratoire,1.254,0.954,12.404,18.883,4.5,11.54,174.1,34.1,31.9,3,Urgence
2023-08-26,Chenini,33.899,10.044,4,digestif,1.254,0.954,12.404,18.883,4.5,11.54,174.1,34.1,31.9,3,Urgence
2023-08-26,El Akarit,33.849,10.143,10,oculaire,1.254,0.954,12.404,18.883,4.5,11.54,174.1,34.1,31.9,3,Urgence
2023-08-26,Oudhref,33.83,10.087,6,respiratoire,1.254,0.954,12.404,18.883,4.5,11.54,174.1,34.1,31.9,3,Urgence
2023-08-26,Bab Bhar,33.891,10.118,3,respiratoire,1.254,0.954,12.404,18.883,4.5,11.54,174.1,34.1,31.9,2,Critique
2023-08-26,Jara,33.905,10.071,0,respiratoire,1.254,0.954,12.404,18.883,4.5,11.54,174.1,34.1,31.9,2,Critique
2023-08-27,Bou Chemma,33.882,10.098,12,dermatologique,1.238,1.025,12.158,16.671,5.583,7.3,172.4,25.7,34.0,3,Urgence
2023-08-27,Chatt,33.876,10.105,15,respiratoire,1.238,1.025,12.158,16.671,5.583,7.3,172.4,25.7,34.0,3,Urgence
2023-08-27,Metouia,33.971,10.001,8,digestif,1.238,1.025,12.158,16.671,5.583,7.3,172.4,25.7,34.0,3,Urgence
2023-08-27,Chenini,33.899,10.044,4,oculaire,1.238,1.025,12.158,16.671,5.583,7.3,172.4,25.7,34.0,2,Critique
2023-08-27,El Akarit,33.849,10.143,11,respiratoire,1.238,1.025,12.158,16.671,5.583,7.3,172.4,25.7,34.0,3,Urgence
2023-08-27,Oudhref,33.83,10.087,5,respiratoire,1.238,1.025,12.158,16.671,5.583,7.3,172.4,25.7,34.0,3,Urgence
2023-08-27,Bab Bhar,33.891,10.118,5,respiratoire,1.238,1.025,12.158,16.671,5.583,7.3,172.4,25.7,34.0,3,Urgence
2023-08-27,Jara,33.905,10.071,3,respiratoire,1.238,1.025,12.158,16.671,5.583,7.3,172.4,25.7,34.0,2,Critique
2023-08-28,Bou Chemma,33.882,10.098,12,oculaire,0.812,0.792,11.283,23.588,9.708,19.37,94.6,54.6,28.7,3,Urgence
2023-08-28,Chatt,33.876,10.105,7,oculaire,0.812,0.792,11.283,23.588,9.708,19.37,94.6,54.6,28.7,2,Critique
2023-08-28,Metouia,33.971,10.001,4,respiratoire,0.812,0.792,11.283,23.588,9.708,19.37,94.6,54.6,28.7,2,Critique
2023-08-28,Chenini,33.899,10.044,7,dermatologique,0.812,0.792,11.283,23.588,9.708,19.37,94.6,54.6,28.7,2,Critique
2023-08-28,El Akarit,33.849,10.143,13,digestif,0.812,0.792,11.283,23.588,9.708,19.37,94.6,54.6,28.7,3,Urgence
2023-08-28,Oudhref,33.83,10.087,4,oculaire,0.812,0.792,11.283,23.588,9.708,19.37,94.6,54.6,28.7,2,Critique
2023-08-28,Bab Bhar,33.891,10.118,5,respiratoire,0.812,0.792,11.283,23.588,9.708,19.37,94.6,54.6,28.7,2,Critique
2023-08-28,Jara,33.905,10.071,3,oculaire,0.812,0.792,11.283,23.588,9.708,19.37,94.6,54.6,28.7,2,Critique
2023-08-29,Bou Chemma,33.882,10.098,9,respiratoire,0.562,0.525,6.962,20.183,7.5,16.14,109.5,57.5,28.0,2,Critique
2023-08-29,Chatt,33.876,10.105,9,digestif,0.562,0.525,6.962,20.183,7.5,16.14,109.5,57.5,28.0,2,Critique
2023-08-29,Metouia,33.971,10.001,1,oculaire,0.562,0.525,6.962,20.183,7.5,16.14,109.5,57.5,28.0,1,Vigilance
2023-08-29,Chenini,33.899,10.044,3,oculaire,0.562,0.525,6.962,20.183,7.5,16.14,109.5,57.5,28.0,1,Vigilance
2023-08-29,El Akarit,33.849,10.143,12,dermatologique,0.562,0.525,6.962,20.183,7.5,16.14,109.5,57.5,28.0,2,Critique
2023-08-29,Oudhref,33.83,10.087,5,respiratoire,0.562,0.525,6.962,20.183,7.5,16.14,109.5,57.5,28.0,1,Vigilance
2023-08-29,Bab Bhar,33.891,10.118,5,respiratoire,0.562,0.525,6.962,20.183,7.5,16.14,109.5,57.5,28.0,1,Vigilance
2023-08-29,Jara,33.905,10.071,4,digestif,0.562,0.525,6.962,20.183,7.5,16.14,109.5,57.5,28.0,1,Vigilance
2023-08-30,Bou Chemma,33.882,10.098,21,oculaire,1.558,0.746,13.721,45.783,27.667,11.45,94.9,68.0,27.9,3,Urgence
2023-08-30,Chatt,33.876,10.105,16,respiratoire,1.558,0.746,13.721,45.783,27.667,11.45,94.9,68.0,27.9,3,Urgence
2023-08-30,Metouia,33.971,10.001,6,oculaire,1.558,0.746,13.721,45.783,27.667,11.45,94.9,68.0,27.9,3,Urgence
2023-08-30,Chenini,33.899,10.044,4,respiratoire,1.558,0.746,13.721,45.783,27.667,11.45,94.9,68.0,27.9,3,Urgence
2023-08-30,El Akarit,33.849,10.143,13,respiratoire,1.558,0.746,13.721,45.783,27.667,11.45,94.9,68.0,27.9,3,Urgence
2023-08-30,Oudhref,33.83,10.087,5,respiratoire,1.558,0.746,13.721,45.783,27.667,11.45,94.9,68.0,27.9,3,Urgence
2023-08-30,Bab Bhar,33.891,10.118,8,respiratoire,1.558,0.746,13.721,45.783,27.667,11.45,94.9,68.0,27.9,3,Urgence
2023-08-30,Jara,33.905,10.071,12,oculaire,1.558,0.746,13.721,45.783,27.667,11.45,94.9,68.0,27.9,3,Urgence
2023-08-31,Bou Chemma,33.882,10.098,17,dermatologique,0.367,0.533,17.646,46.75,34.458,16.28,75.5,78.3,26.8,3,Urgence
2023-08-31,Chatt,33.876,10.105,8,respiratoire,0.367,0.533,17.646,46.75,34.458,16.28,75.5,78.3,26.8,3,Urgence
2023-08-31,Metouia,33.971,10.001,5,oculaire,0.367,0.533,17.646,46.75,34.458,16.28,75.5,78.3,26.8,2,Critique
2023-08-31,Chenini,33.899,10.044,10,oculaire,0.367,0.533,17.646,46.75,34.458,16.28,75.5,78.3,26.8,3,Urgence
2023-08-31,El Akarit,33.849,10.143,16,dermatologique,0.367,0.533,17.646,46.75,34.458,16.28,75.5,78.3,26.8,3,Urgence
2023-08-31,Oudhref,33.83,10.087,6,oculaire,0.367,0.533,17.646,46.75,34.458,16.28,75.5,78.3,26.8,2,Critique
2023-08-31,Bab Bhar,33.891,10.118,14,dermatologique,0.367,0.533,17.646,46.75,34.458,16.28,75.5,78.3,26.8,3,Urgence
2023-08-31,Jara,33.905,10.071,7,oculaire,0.367,0.533,17.646,46.75,34.458,16.28,75.5,78.3,26.8,2,Critique
2023-09-01,Bou Chemma,33.882,10.098,9,respiratoire,0.567,0.417,8.921,22.704,9.833,17.15,77.5,72.7,26.8,2,Critique
2023-09-01,Chatt,33.876,10.105,11,respiratoire,0.567,0.417,8.921,22.704,9.833,17.15,77.5,72.7,26.8,2,Critique
2023-09-01,Metouia,33.971,10.001,4,respiratoire,0.567,0.417,8.921,22.704,9.833,17.15,77.5,72.7,26.8,2,Critique
2023-09-01,Chenini,33.899,10.044,7,oculaire,0.567,0.417,8.921,22.704,9.833,17.15,77.5,72.7,26.8,2,Critique
2023-09-01,El Akarit,33.849,10.143,11,respiratoire,0.567,0.417,8.921,22.704,9.833,17.15,77.5,72.7,26.8,2,Critique
2023-09-01,Oudhref,33.83,10.087,2,digestif,0.567,0.417,8.921,22.704,9.833,17.15,77.5,72.7,26.8,1,Vigilance
2023-09-01,Bab Bhar,33.891,10.118,10,respiratoire,0.567,0.417,8.921,22.704,9.833,17.15,77.5,72.7,26.8,2,Critique
2023-09-01,Jara,33.905,10.071,2,digestif,0.567,0.417,8.921,22.704,9.833,17.15,77.5,72.7,26.8,1,Vigilance
2023-09-02,Bou Chemma,33.882,10.098,14,respiratoire,0.421,0.438,15.071,44.967,29.875,16.41,98.3,75.3,27.1,3,Urgence
2023-09-02,Chatt,33.876,10.105,17,dermatologique,0.421,0.438,15.071,44.967,29.875,16.41,98.3,75.3,27.1,3,Urgence
2023-09-02,Metouia,33.971,10.001,3,oculaire,0.421,0.438,15.071,44.967,29.875,16.41,98.3,75.3,27.1,2,Critique
2023-09-02,Chenini,33.899,10.044,8,respiratoire,0.421,0.438,15.071,44.967,29.875,16.41,98.3,75.3,27.1,2,Critique
2023-09-02,El Akarit,33.849,10.143,14,oculaire,0.421,0.438,15.071,44.967,29.875,16.41,98.3,75.3,27.1,3,Urgence
2023-09-02,Oudhref,33.83,10.087,7,oculaire,0.421,0.438,15.071,44.967,29.875,16.41,98.3,75.3,27.1,2,Critique
2023-09-02,Bab Bhar,33.891,10.118,6,oculaire,0.421,0.438,15.071,44.967,29.875,16.41,98.3,75.3,27.1,2,Critique
2023-09-02,Jara,33.905,10.071,9,respiratoire,0.421,0.438,15.071,44.967,29.875,16.41,98.3,75.3,27.1,2,Critique
2023-09-03,Bou Chemma,33.882,10.098,7,respiratoire,0.362,0.421,13.467,30.721,18.125,20.68,94.0,76.5,27.5,2,Critique
2023-09-03,Chatt,33.876,10.105,13,oculaire,0.362,0.421,13.467,30.721,18.125,20.68,94.0,76.5,27.5,3,Urgence
2023-09-03,Metouia,33.971,10.001,5,oculaire,0.362,0.421,13.467,30.721,18.125,20.68,94.0,76.5,27.5,2,Critique
2023-09-03,Chenini,33.899,10.044,7,respiratoire,0.362,0.421,13.467,30.721,18.125,20.68,94.0,76.5,27.5,2,Critique
2023-09-03,El Akarit,33.849,10.143,7,oculaire,0.362,0.421,13.467,30.721,18.125,20.68,94.0,76.5,27.5,2,Critique
2023-09-03,Oudhref,33.83,10.087,7,respiratoire,0.362,0.421,13.467,30.721,18.125,20.68,94.0,76.5,27.5,2,Critique
2023-09-03,Bab Bhar,33.891,10.118,5,oculaire,0.362,0.421,13.467,30.721,18.125,20.68,94.0,76.5,27.5,2,Critique
2023-09-03,Jara,33.905,10.071,3,oculaire,0.362,0.421,13.467,30.721,18.125,20.68,94.0,76.5,27.5,2,Critique
2023-09-04,Bou Chemma,33.882,10.098,6,respiratoire,0.392,0.496,6.5,13.162,2.375,12.45,96.7,70.2,27.4,1,Vigilance
2023-09-04,Chatt,33.876,10.105,4,respiratoire,0.392,0.496,6.5,13.162,2.375,12.45,96.7,70.2,27.4,1,Vigilance
2023-09-04,Metouia,33.971,10.001,2,dermatologique,0.392,0.496,6.5,13.162,2.375,12.45,96.7,70.2,27.4,0,Normal
2023-09-04,Chenini,33.899,10.044,4,respiratoire,0.392,0.496,6.5,13.162,2.375,12.45,96.7,70.2,27.4,1,Vigilance
2023-09-04,El Akarit,33.849,10.143,0,oculaire,0.392,0.496,6.5,13.162,2.375,12.45,96.7,70.2,27.4,0,Normal
2023-09-04,Oudhref,33.83,10.087,2,digestif,0.392,0.496,6.5,13.162,2.375,12.45,96.7,70.2,27.4,0,Normal
2023-09-04,Bab Bhar,33.891,10.118,1,respiratoire,0.392,0.496,6.5,13.162,2.375,12.45,96.7,70.2,27.4,0,Normal
2023-09-04,Jara,33.905,10.071,2,respiratoire,0.392,0.496,6.5,13.162,2.375,12.45,96.7,70.2,27.4,0,Normal
2023-09-05,Bou Chemma,33.882,10.098,7,oculaire,1.258,0.779,8.588,14.383,1.292,16.63,45.9,57.9,26.7,3,Urgence
2023-09-05,Chatt,33.876,10.105,11,respiratoire,1.258,0.779,8.588,14.383,1.292,16.63,45.9,57.9,26.7,3,Urgence
2023-09-05,Metouia,33.971,10.001,4,digestif,1.258,0.779,8.588,14.383,1.292,16.63,45.9,57.9,26.7,2,Critique
2023-09-05,Chenini,33.899,10.044,3,respiratoire,1.258,0.779,8.588,14.383,1.292,16.63,45.9,57.9,26.7,2,Critique
2023-09-05,El Akarit,33.849,10.143,11,oculaire,1.258,0.779,8.588,14.383,1.292,16.63,45.9,57.9,26.7,3,Urgence
2023-09-05,Oudhref,33.83,10.087,3,respiratoire,1.258,0.779,8.588,14.383,1.292,16.63,45.9,57.9,26.7,2,Critique
2023-09-05,Bab Bhar,33.891,10.118,5,respiratoire,1.258,0.779,8.588,14.383,1.292,16.63,45.9,57.9,26.7,2,Critique
2023-09-05,Jara,33.905,10.071,4,respiratoire,1.258,0.779,8.588,14.383,1.292,16.63,45.9,57.9,26.7,2,Critique
2023-09-06,Bou Chemma,33.882,10.098,6,respiratoire,1.154,0.825,10.8,17.088,1.958,17.26,148.2,52.0,26.3,3,Urgence
2023-09-06,Chatt,33.876,10.105,9,respiratoire,1.154,0.825,10.8,17.088,1.958,17.26,148.2,52.0,26.3,3,Urgence
2023-09-06,Metouia,33.971,10.001,3,respiratoire,1.154,0.825,10.8,17.088,1.958,17.26,148.2,52.0,26.3,2,Critique
2023-09-06,Chenini,33.899,10.044,3,oculaire,1.154,0.825,10.8,17.088,1.958,17.26,148.2,52.0,26.3,2,Critique
2023-09-06,El Akarit,33.849,10.143,5,respiratoire,1.154,0.825,10.8,17.088,1.958,17.26,148.2,52.0,26.3,2,Critique
2023-09-06,Oudhref,33.83,10.087,6,respiratoire,1.154,0.825,10.8,17.088,1.958,17.26,148.2,52.0,26.3,3,Urgence
2023-09-06,Bab Bhar,33.891,10.118,2,respiratoire,1.154,0.825,10.8,17.088,1.958,17.26,148.2,52.0,26.3,2,Critique
2023-09-06,Jara,33.905,10.071,3,respiratoire,1.154,0.825,10.8,17.088,1.958,17.26,148.2,52.0,26.3,2,Critique
2023-09-07,Bou Chemma,33.882,10.098,8,oculaire,1.162,0.917,11.379,16.229,1.292,12.89,177.4,49.0,26.8,3,Urgence
2023-09-07,Chatt,33.876,10.105,11,respiratoire,1.162,0.917,11.379,16.229,1.292,12.89,177.4,49.0,26.8,3,Urgence
2023-09-07,Metouia,33.971,10.001,4,respiratoire,1.162,0.917,11.379,16.229,1.292,12.89,177.4,49.0,26.8,2,Critique
2023-09-07,Chenini,33.899,10.044,2,dermatologique,1.162,0.917,11.379,16.229,1.292,12.89,177.4,49.0,26.8,2,Critique
2023-09-07,El Akarit,33.849,10.143,10,respiratoire,1.162,0.917,11.379,16.229,1.292,12.89,177.4,49.0,26.8,3,Urgence
2023-09-07,Oudhref,33.83,10.087,4,respiratoire,1.162,0.917,11.379,16.229,1.292,12.89,177.4,49.0,26.8,2,Critique
2023-09-07,Bab Bhar,33.891,10.118,4,respiratoire,1.162,0.917,11.379,16.229,1.292,12.89,177.4,49.0,26.8,2,Critique
2023-09-07,Jara,33.905,10.071,9,respiratoire,1.162,0.917,11.379,16.229,1.292,12.89,177.4,49.0,26.8,3,Urgence
2023-09-08,Bou Chemma,33.882,10.098,6,oculaire,1.158,0.842,12.208,16.921,1.375,12.39,134.2,55.3,26.7,3,Urgence
2023-09-08,Chatt,33.876,10.105,11,digestif,1.158,0.842,12.208,16.921,1.375,12.39,134.2,55.3,26.7,3,Urgence
2023-09-08,Metouia,33.971,10.001,7,oculaire,1.158,0.842,12.208,16.921,1.375,12.39,134.2,55.3,26.7,3,Urgence
2023-09-08,Chenini,33.899,10.044,6,digestif,1.158,0.842,12.208,16.921,1.375,12.39,134.2,55.3,26.7,3,Urgence
2023-09-08,El Akarit,33.849,10.143,7,respiratoire,1.158,0.842,12.208,16.921,1.375,12.39,134.2,55.3,26.7,3,Urgence
2023-09-08,Oudhref,33.83,10.087,8,respiratoire,1.158,0.842,12.208,16.921,1.375,12.39,134.2,55.3,26.7,3,Urgence
2023-09-08,Bab Bhar,33.891,10.118,4,respiratoire,1.158,0.842,12.208,16.921,1.375,12.39,134.2,55.3,26.7,2,Critique
2023-09-08,Jara,33.905,10.071,2,respiratoire,1.158,0.842,12.208,16.921,1.375,12.39,134.2,55.3,26.7,2,Critique
2023-09-09,Bou Chemma,33.882,10.098,12,respiratoire,1.025,0.846,12.392,17.346,1.375,11.73,121.0,57.0,26.9,3,Urgence
2023-09-09,Chatt,33.876,10.105,7,respiratoire,1.025,0.846,12.392,17.346,1.375,11.73,121.0,57.0,26.9,3,Urgence
2023-09-09,Metouia,33.971,10.001,3,digestif,1.025,0.846,12.392,17.346,1.375,11.73,121.0,57.0,26.9,2,Critique
2023-09-09,Chenini,33.899,10.044,7,respiratoire,1.025,0.846,12.392,17.346,1.375,11.73,121.0,57.0,26.9,3,Urgence
2023-09-09,El Akarit,33.849,10.143,11,digestif,1.025,0.846,12.392,17.346,1.375,11.73,121.0,57.0,26.9,3,Urgence
2023-09-09,Oudhref,33.83,10.087,4,oculaire,1.025,0.846,12.392,17.346,1.375,11.73,121.0,57.0,26.9,2,Critique
2023-09-09,Bab Bhar,33.891,10.118,4,respiratoire,1.025,0.846,12.392,17.346,1.375,11.73,121.0,57.0,26.9,2,Critique
2023-09-09,Jara,33.905,10.071,7,respiratoire,1.025,0.846,12.392,17.346,1.375,11.73,121.0,57.0,26.9,3,Urgence
2023-09-10,Bou Chemma,33.882,10.098,9,oculaire,0.842,0.7,12.171,16.596,1.917,9.7,103.8,63.8,26.7,3,Urgence
2023-09-10,Chatt,33.876,10.105,10,oculaire,0.842,0.7,12.171,16.596,1.917,9.7,103.8,63.8,26.7,3,Urgence
2023-09-10,Metouia,33.971,10.001,4,oculaire,0.842,0.7,12.171,16.596,1.917,9.7,103.8,63.8,26.7,2,Critique
2023-09-10,Chenini,33.899,10.044,5,oculaire,0.842,0.7,12.171,16.596,1.917,9.7,103.8,63.8,26.7,2,Critique
2023-09-10,El Akarit,33.849,10.143,8,respiratoire,0.842,0.7,12.171,16.596,1.917,9.7,103.8,63.8,26.7,3,Urgence
2023-09-10,Oudhref,33.83,10.087,6,oculaire,0.842,0.7,12.171,16.596,1.917,9.7,103.8,63.8,26.7,2,Critique
2023-09-10,Bab Bhar,33.891,10.118,2,oculaire,0.842,0.7,12.171,16.596,1.917,9.7,103.8,63.8,26.7,2,Critique
2023-09-10,Jara,33.905,10.071,6,respiratoire,0.842,0.7,12.171,16.596,1.917,9.7,103.8,63.8,26.7,2,Critique
2023-09-11,Bou Chemma,33.882,10.098,8,respiratoire,0.904,0.721,12.592,16.867,1.458,11.11,108.8,62.4,26.6,3,Urgence
2023-09-11,Chatt,33.876,10.105,9,respiratoire,0.904,0.721,12.592,16.867,1.458,11.11,108.8,62.4,26.6,3,Urgence
2023-09-11,Metouia,33.971,10.001,3,digestif,0.904,0.721,12.592,16.867,1.458,11.11,108.8,62.4,26.6,2,Critique
2023-09-11,Chenini,33.899,10.044,4,respiratoire,0.904,0.721,12.592,16.867,1.458,11.11,108.8,62.4,26.6,2,Critique
2023-09-11,El Akarit,33.849,10.143,12,respiratoire,0.904,0.721,12.592,16.867,1.458,11.11,108.8,62.4,26.6,3,Urgence
2023-09-11,Oudhref,33.83,10.087,5,digestif,0.904,0.721,12.592,16.867,1.458,11.11,108.8,62.4,26.6,2,Critique
2023-09-11,Bab Bhar,33.891,10.118,2,digestif,0.904,0.721,12.592,16.867,1.458,11.11,108.8,62.4,26.6,2,Critique
2023-09-11,Jara,33.905,10.071,6,dermatologique,0.904,0.721,12.592,16.867,1.458,11.11,108.8,62.4,26.6,2,Critique
2023-09-12,Bou Chemma,33.882,10.098,21,respiratoire,2.667,0.854,13.925,18.346,2.583,14.2,113.6,59.8,27.0,3,Urgence
2023-09-12,Chatt,33.876,10.105,13,respiratoire,2.667,0.854,13.925,18.346,2.583,14.2,113.6,59.8,27.0,3,Urgence
2023-09-12,Metouia,33.971,10.001,7,respiratoire,2.667,0.854,13.925,18.346,2.583,14.2,113.6,59.8,27.0,3,Urgence
2023-09-12,Chenini,33.899,10.044,4,oculaire,2.667,0.854,13.925,18.346,2.583,14.2,113.6,59.8,27.0,3,Urgence
2023-09-12,El Akarit,33.849,10.143,18,respiratoire,2.667,0.854,13.925,18.346,2.583,14.2,113.6,59.8,27.0,3,Urgence
2023-09-12,Oudhref,33.83,10.087,5,respiratoire,2.667,0.854,13.925,18.346,2.583,14.2,113.6,59.8,27.0,3,Urgence
2023-09-12,Bab Bhar,33.891,10.118,6,respiratoire,2.667,0.854,13.925,18.346,2.583,14.2,113.6,59.8,27.0,3,Urgence
2023-09-12,Jara,33.905,10.071,5,respiratoire,2.667,0.854,13.925,18.346,2.583,14.2,113.6,59.8,27.0,3,Urgence
2023-09-13,Bou Chemma,33.882,10.098,25,oculaire,2.921,0.979,12.667,17.254,3.125,14.69,118.8,52.6,27.3,3,Urgence
2023-09-13,Chatt,33.876,10.105,8,respiratoire,2.921,0.979,12.667,17.254,3.125,14.69,118.8,52.6,27.3,3,Urgence
2023-09-13,Metouia,33.971,10.001,11,digestif,2.921,0.979,12.667,17.254,3.125,14.69,118.8,52.6,27.3,3,Urgence
2023-09-13,Chenini,33.899,10.044,4,oculaire,2.921,0.979,12.667,17.254,3.125,14.69,118.8,52.6,27.3,3,Urgence
2023-09-13,El Akarit,33.849,10.143,11,oculaire,2.921,0.979,12.667,17.254,3.125,14.69,118.8,52.6,27.3,3,Urgence
2023-09-13,Oudhref,33.83,10.087,6,respiratoire,2.921,0.979,12.667,17.254,3.125,14.69,118.8,52.6,27.3,3,Urgence
2023-09-13,Bab Bhar,33.891,10.118,9,respiratoire,2.921,0.979,12.667,17.254,3.125,14.69,118.8,52.6,27.3,3,Urgence
2023-09-13,Jara,33.905,10.071,9,respiratoire,2.921,0.979,12.667,17.254,3.125,14.69,118.8,52.6,27.3,3,Urgence
2023-09-14,Bou Chemma,33.882,10.098,13,respiratoire,0.975,0.717,9.233,13.571,2.125,11.78,104.1,67.5,25.9,3,Urgence
2023-09-14,Chatt,33.876,10.105,7,digestif,0.975,0.717,9.233,13.571,2.125,11.78,104.1,67.5,25.9,2,Critique
2023-09-14,Metouia,33.971,10.001,2,respiratoire,0.975,0.717,9.233,13.571,2.125,11.78,104.1,67.5,25.9,2,Critique
2023-09-14,Chenini,33.899,10.044,6,oculaire,0.975,0.717,9.233,13.571,2.125,11.78,104.1,67.5,25.9,2,Critique
2023-09-14,El Akarit,33.849,10.143,9,respiratoire,0.975,0.717,9.233,13.571,2.125,11.78,104.1,67.5,25.9,3,Urgence
2023-09-14,Oudhref,33.83,10.087,1,respiratoire,0.975,0.717,9.233,13.571,2.125,11.78,104.1,67.5,25.9,2,Critique
2023-09-14,Bab Bhar,33.891,10.118,5,oculaire,0.975,0.717,9.233,13.571,2.125,11.78,104.1,67.5,25.9,2,Critique
2023-09-14,Jara,33.905,10.071,5,oculaire,0.975,0.717,9.233,13.571,2.125,11.78,104.1,67.5,25.9,2,Critique
2023-09-15,Bou Chemma,33.882,10.098,7,respiratoire,1.213,0.804,9.588,14.179,2.958,9.95,97.8,69.1,27.0,3,Urgence
2023-09-15,Chatt,33.876,10.105,11,oculaire,1.213,0.804,9.588,14.179,2.958,9.95,97.8,69.1,27.0,3,Urgence
2023-09-15,Metouia,33.971,10.001,2,respiratoire,1.213,0.804,9.588,14.179,2.958,9.95,97.8,69.1,27.0,2,Critique
2023-09-15,Chenini,33.899,10.044,3,digestif,1.213,0.804,9.588,14.179,2.958,9.95,97.8,69.1,27.0,2,Critique
2023-09-15,El Akarit,33.849,10.143,6,respiratoire,1.213,0.804,9.588,14.179,2.958,9.95,97.8,69.1,27.0,2,Critique
2023-09-15,Oudhref,33.83,10.087,3,respiratoire,1.213,0.804,9.588,14.179,2.958,9.95,97.8,69.1,27.0,2,Critique
2023-09-15,Bab Bhar,33.891,10.118,6,oculaire,1.213,0.804,9.588,14.179,2.958,9.95,97.8,69.1,27.0,2,Critique
2023-09-15,Jara,33.905,10.071,4,respiratoire,1.213,0.804,9.588,14.179,2.958,9.95,97.8,69.1,27.0,2,Critique
2023-09-16,Bou Chemma,33.882,10.098,9,oculaire,1.508,0.996,10.742,16.863,4.583,9.6,88.0,72.5,27.2,3,Urgence
2023-09-16,Chatt,33.876,10.105,8,oculaire,1.508,0.996,10.742,16.863,4.583,9.6,88.0,72.5,27.2,3,Urgence
2023-09-16,Metouia,33.971,10.001,3,respiratoire,1.508,0.996,10.742,16.863,4.583,9.6,88.0,72.5,27.2,3,Urgence
2023-09-16,Chenini,33.899,10.044,8,respiratoire,1.508,0.996,10.742,16.863,4.583,9.6,88.0,72.5,27.2,3,Urgence
2023-09-16,El Akarit,33.849,10.143,9,respiratoire,1.508,0.996,10.742,16.863,4.583,9.6,88.0,72.5,27.2,3,Urgence
2023-09-16,Oudhref,33.83,10.087,5,oculaire,1.508,0.996,10.742,16.863,4.583,9.6,88.0,72.5,27.2,3,Urgence
2023-09-16,Bab Bhar,33.891,10.118,3,respiratoire,1.508,0.996,10.742,16.863,4.583,9.6,88.0,72.5,27.2,3,Urgence
2023-09-16,Jara,33.905,10.071,7,digestif,1.508,0.996,10.742,16.863,4.583,9.6,88.0,72.5,27.2,3,Urgence
2023-09-17,Bou Chemma,33.882,10.098,12,respiratoire,1.288,0.838,10.175,16.371,4.333,10.01,95.6,73.0,27.2,3,Urgence
2023-09-17,Chatt,33.876,10.105,16,oculaire,1.288,0.838,10.175,16.371,4.333,10.01,95.6,73.0,27.2,3,Urgence
2023-09-17,Metouia,33.971,10.001,1,respiratoire,1.288,0.838,10.175,16.371,4.333,10.01,95.6,73.0,27.2,2,Critique
2023-09-17,Chenini,33.899,10.044,3,respiratoire,1.288,0.838,10.175,16.371,4.333,10.01,95.6,73.0,27.2,2,Critique
2023-09-17,El Akarit,33.849,10.143,13,respiratoire,1.288,0.838,10.175,16.371,4.333,10.01,95.6,73.0,27.2,3,Urgence
2023-09-17,Oudhref,33.83,10.087,8,respiratoire,1.288,0.838,10.175,16.371,4.333,10.01,95.6,73.0,27.2,3,Urgence
2023-09-17,Bab Bhar,33.891,10.118,6,oculaire,1.288,0.838,10.175,16.371,4.333,10.01,95.6,73.0,27.2,3,Urgence
2023-09-17,Jara,33.905,10.071,2,respiratoire,1.288,0.838,10.175,16.371,4.333,10.01,95.6,73.0,27.2,2,Critique
2023-09-18,Bou Chemma,33.882,10.098,7,digestif,1.204,1.042,8.633,16.879,4.875,10.05,110.3,66.4,27.1,3,Urgence
2023-09-18,Chatt,33.876,10.105,4,respiratoire,1.204,1.042,8.633,16.879,4.875,10.05,110.3,66.4,27.1,2,Critique
2023-09-18,Metouia,33.971,10.001,3,respiratoire,1.204,1.042,8.633,16.879,4.875,10.05,110.3,66.4,27.1,2,Critique
2023-09-18,Chenini,33.899,10.044,8,respiratoire,1.204,1.042,8.633,16.879,4.875,10.05,110.3,66.4,27.1,3,Urgence
2023-09-18,El Akarit,33.849,10.143,8,oculaire,1.204,1.042,8.633,16.879,4.875,10.05,110.3,66.4,27.1,3,Urgence
2023-09-18,Oudhref,33.83,10.087,2,respiratoire,1.204,1.042,8.633,16.879,4.875,10.05,110.3,66.4,27.1,2,Critique
2023-09-18,Bab Bhar,33.891,10.118,10,respiratoire,1.204,1.042,8.633,16.879,4.875,10.05,110.3,66.4,27.1,3,Urgence
2023-09-18,Jara,33.905,10.071,3,respiratoire,1.204,1.042,8.633,16.879,4.875,10.05,110.3,66.4,27.1,2,Critique
2023-09-19,Bou Chemma,33.882,10.098,13,digestif,2.6,1.417,16.475,31.392,14.542,8.72,142.8,37.7,29.7,3,Urgence
2023-09-19,Chatt,33.876,10.105,16,respiratoire,2.6,1.417,16.475,31.392,14.542,8.72,142.8,37.7,29.7,3,Urgence
2023-09-19,Metouia,33.971,10.001,7,oculaire,2.6,1.417,16.475,31.392,14.542,8.72,142.8,37.7,29.7,3,Urgence
2023-09-19,Chenini,33.899,10.044,11,respiratoire,2.6,1.417,16.475,31.392,14.542,8.72,142.8,37.7,29.7,3,Urgence
2023-09-19,El Akarit,33.849,10.143,19,respiratoire,2.6,1.417,16.475,31.392,14.542,8.72,142.8,37.7,29.7,3,Urgence
2023-09-19,Oudhref,33.83,10.087,10,respiratoire,2.6,1.417,16.475,31.392,14.542,8.72,142.8,37.7,29.7,3,Urgence
2023-09-19,Bab Bhar,33.891,10.118,6,respiratoire,2.6,1.417,16.475,31.392,14.542,8.72,142.8,37.7,29.7,3,Urgence
2023-09-19,Jara,33.905,10.071,7,respiratoire,2.6,1.417,16.475,31.392,14.542,8.72,142.8,37.7,29.7,3,Urgence
2023-09-20,Bou Chemma,33.882,10.098,27,oculaire,3.863,1.65,20.054,48.067,29.0,13.28,159.8,33.5,30.7,3,Urgence
2023-09-20,Chatt,33.876,10.105,29,oculaire,3.863,1.65,20.054,48.067,29.0,13.28,159.8,33.5,30.7,3,Urgence
2023-09-20,Metouia,33.971,10.001,10,respiratoire,3.863,1.65,20.054,48.067,29.0,13.28,159.8,33.5,30.7,3,Urgence
2023-09-20,Chenini,33.899,10.044,16,respiratoire,3.863,1.65,20.054,48.067,29.0,13.28,159.8,33.5,30.7,3,Urgence
2023-09-20,El Akarit,33.849,10.143,15,respiratoire,3.863,1.65,20.054,48.067,29.0,13.28,159.8,33.5,30.7,3,Urgence
2023-09-20,Oudhref,33.83,10.087,13,oculaire,3.863,1.65,20.054,48.067,29.0,13.28,159.8,33.5,30.7,3,Urgence
2023-09-20,Bab Bhar,33.891,10.118,9,respiratoire,3.863,1.65,20.054,48.067,29.0,13.28,159.8,33.5,30.7,3,Urgence
2023-09-20,Jara,33.905,10.071,18,respiratoire,3.863,1.65,20.054,48.067,29.0,13.28,159.8,33.5,30.7,3,Urgence
2023-09-21,Bou Chemma,33.882,10.098,21,respiratoire,1.879,1.446,24.979,65.592,53.583,10.47,166.1,27.7,32.8,3,Urgence
2023-09-21,Chatt,33.876,10.105,27,respiratoire,1.879,1.446,24.979,65.592,53.583,10.47,166.1,27.7,32.8,3,Urgence
2023-09-21,Metouia,33.971,10.001,5,respiratoire,1.879,1.446,24.979,65.592,53.583,10.47,166.1,27.7,32.8,3,Urgence
2023-09-21,Chenini,33.899,10.044,10,dermatologique,1.879,1.446,24.979,65.592,53.583,10.47,166.1,27.7,32.8,3,Urgence
2023-09-21,El Akarit,33.849,10.143,25,respiratoire,1.879,1.446,24.979,65.592,53.583,10.47,166.1,27.7,32.8,3,Urgence
2023-09-21,Oudhref,33.83,10.087,17,respiratoire,1.879,1.446,24.979,65.592,53.583,10.47,166.1,27.7,32.8,3,Urgence
2023-09-21,Bab Bhar,33.891,10.118,13,oculaire,1.879,1.446,24.979,65.592,53.583,10.47,166.1,27.7,32.8,3,Urgence
2023-09-21,Jara,33.905,10.071,18,respiratoire,1.879,1.446,24.979,65.592,53.583,10.47,166.1,27.7,32.8,3,Urgence
2023-09-22,Bou Chemma,33.882,10.098,28,respiratoire,0.438,1.179,21.879,88.629,71.458,13.87,163.7,19.8,33.7,3,Urgence
2023-09-22,Chatt,33.876,10.105,26,respiratoire,0.438,1.179,21.879,88.629,71.458,13.87,163.7,19.8,33.7,3,Urgence
2023-09-22,Metouia,33.971,10.001,12,respiratoire,0.438,1.179,21.879,88.629,71.458,13.87,163.7,19.8,33.7,3,Urgence
2023-09-22,Chenini,33.899,10.044,8,respiratoire,0.438,1.179,21.879,88.629,71.458,13.87,163.7,19.8,33.7,3,Urgence
2023-09-22,El Akarit,33.849,10.143,19,respiratoire,0.438,1.179,21.879,88.629,71.458,13.87,163.7,19.8,33.7,3,Urgence
2023-09-22,Oudhref,33.83,10.087,8,respiratoire,0.438,1.179,21.879,88.629,71.458,13.87,163.7,19.8,33.7,3,Urgence
2023-09-22,Bab Bhar,33.891,10.118,12,respiratoire,0.438,1.179,21.879,88.629,71.458,13.87,163.7,19.8,33.7,3,Urgence
2023-09-22,Jara,33.905,10.071,15,dermatologique,0.438,1.179,21.879,88.629,71.458,13.87,163.7,19.8,33.7,3,Urgence
2023-09-23,Bou Chemma,33.882,10.098,18,oculaire,0.888,0.858,15.321,45.279,28.917,18.03,94.9,54.5,28.2,3,Urgence
2023-09-23,Chatt,33.876,10.105,20,respiratoire,0.888,0.858,15.321,45.279,28.917,18.03,94.9,54.5,28.2,3,Urgence
2023-09-23,Metouia,33.971,10.001,8,oculaire,0.888,0.858,15.321,45.279,28.917,18.03,94.9,54.5,28.2,3,Urgence
2023-09-23,Chenini,33.899,10.044,3,oculaire,0.888,0.858,15.321,45.279,28.917,18.03,94.9,54.5,28.2,2,Critique
2023-09-23,El Akarit,33.849,10.143,21,dermatologique,0.888,0.858,15.321,45.279,28.917,18.03,94.9,54.5,28.2,3,Urgence
2023-09-23,Oudhref,33.83,10.087,10,oculaire,0.888,0.858,15.321,45.279,28.917,18.03,94.9,54.5,28.2,3,Urgence
2023-09-23,Bab Bhar,33.891,10.118,8,respiratoire,0.888,0.858,15.321,45.279,28.917,18.03,94.9,54.5,28.2,3,Urgence
2023-09-23,Jara,33.905,10.071,6,digestif,0.888,0.858,15.321,45.279,28.917,18.03,94.9,54.5,28.2,3,Urgence
2023-09-24,Bou Chemma,33.882,10.098,7,respiratoire,0.629,0.642,4.733,10.542,0.75,16.55,73.0,50.5,24.9,2,Critique
2023-09-24,Chatt,33.876,10.105,3,oculaire,0.629,0.642,4.733,10.542,0.75,16.55,73.0,50.5,24.9,1,Vigilance
2023-09-24,Metouia,33.971,10.001,2,respiratoire,0.629,0.642,4.733,10.542,0.75,16.55,73.0,50.5,24.9,1,Vigilance
2023-09-24,Chenini,33.899,10.044,2,respiratoire,0.629,0.642,4.733,10.542,0.75,16.55,73.0,50.5,24.9,1,Vigilance
2023-09-24,El Akarit,33.849,10.143,3,dermatologique,0.629,0.642,4.733,10.542,0.75,16.55,73.0,50.5,24.9,1,Vigilance
2023-09-24,Oudhref,33.83,10.087,4,respiratoire,0.629,0.642,4.733,10.542,0.75,16.55,73.0,50.5,24.9,1,Vigilance
2023-09-24,Bab Bhar,33.891,10.118,1,dermatologique,0.629,0.642,4.733,10.542,0.75,16.55,73.0,50.5,24.9,0,Normal
2023-09-24,Jara,33.905,10.071,1,dermatologique,0.629,0.642,4.733,10.542,0.75,16.55,73.0,50.5,24.9,0,Normal
2023-09-25,Bou Chemma,33.882,10.098,8,dermatologique,0.513,0.763,4.104,9.846,0.875,9.9,110.1,57.0,24.1,2,Critique
2023-09-25,Chatt,33.876,10.105,2,respiratoire,0.513,0.763,4.104,9.846,0.875,9.9,110.1,57.0,24.1,0,Normal
2023-09-25,Metouia,33.971,10.001,1,oculaire,0.513,0.763,4.104,9.846,0.875,9.9,110.1,57.0,24.1,0,Normal
2023-09-25,Chenini,33.899,10.044,1,respiratoire,0.513,0.763,4.104,9.846,0.875,9.9,110.1,57.0,24.1,0,Normal
2023-09-25,El Akarit,33.849,10.143,3,respiratoire,0.513,0.763,4.104,9.846,0.875,9.9,110.1,57.0,24.1,1,Vigilance
2023-09-25,Oudhref,33.83,10.087,1,respiratoire,0.513,0.763,4.104,9.846,0.875,9.9,110.1,57.0,24.1,0,Normal
2023-09-25,Bab Bhar,33.891,10.118,2,digestif,0.513,0.763,4.104,9.846,0.875,9.9,110.1,57.0,24.1,0,Normal
2023-09-25,Jara,33.905,10.071,1,oculaire,0.513,0.763,4.104,9.846,0.875,9.9,110.1,57.0,24.1,0,Normal
2023-09-26,Bou Chemma,33.882,10.098,3,oculaire,0.608,0.767,5.729,9.529,0.875,13.08,137.3,50.6,24.3,1,Vigilance
2023-09-26,Chatt,33.876,10.105,10,respiratoire,0.608,0.767,5.729,9.529,0.875,13.08,137.3,50.6,24.3,2,Critique
2023-09-26,Metouia,33.971,10.001,1,respiratoire,0.608,0.767,5.729,9.529,0.875,13.08,137.3,50.6,24.3,0,Normal
2023-09-26,Chenini,33.899,10.044,1,respiratoire,0.608,0.767,5.729,9.529,0.875,13.08,137.3,50.6,24.3,0,Normal
2023-09-26,El Akarit,33.849,10.143,6,respiratoire,0.608,0.767,5.729,9.529,0.875,13.08,137.3,50.6,24.3,2,Critique
2023-09-26,Oudhref,33.83,10.087,1,oculaire,0.608,0.767,5.729,9.529,0.875,13.08,137.3,50.6,24.3,0,Normal
2023-09-26,Bab Bhar,33.891,10.118,0,respiratoire,0.608,0.767,5.729,9.529,0.875,13.08,137.3,50.6,24.3,0,Normal
2023-09-26,Jara,33.905,10.071,2,digestif,0.608,0.767,5.729,9.529,0.875,13.08,137.3,50.6,24.3,1,Vigilance
2023-09-27,Bou Chemma,33.882,10.098,2,dermatologique,0.763,0.875,9.633,16.229,3.25,16.62,186.1,56.0,24.2,1,Vigilance
2023-09-27,Chatt,33.876,10.105,0,dermatologique,0.763,0.875,9.633,16.229,3.25,16.62,186.1,56.0,24.2,0,Normal
2023-09-27,Metouia,33.971,10.001,0,digestif,0.763,0.875,9.633,16.229,3.25,16.62,186.1,56.0,24.2,0,Normal
2023-09-27,Chenini,33.899,10.044,0,dermatologique,0.763,0.875,9.633,16.229,3.25,16.62,186.1,56.0,24.2,0,Normal
2023-09-27,El Akarit,33.849,10.143,2,respiratoire,0.763,0.875,9.633,16.229,3.25,16.62,186.1,56.0,24.2,1,Vigilance
2023-09-27,Oudhref,33.83,10.087,3,digestif,0.763,0.875,9.633,16.229,3.25,16.62,186.1,56.0,24.2,1,Vigilance
2023-09-27,Bab Bhar,33.891,10.118,3,digestif,0.763,0.875,9.633,16.229,3.25,16.62,186.1,56.0,24.2,1,Vigilance
2023-09-27,Jara,33.905,10.071,1,oculaire,0.763,0.875,9.633,16.229,3.25,16.62,186.1,56.0,24.2,0,Normal
2023-09-28,Bou Chemma,33.882,10.098,6,dermatologique,1.021,0.992,10.567,19.242,4.083,11.24,126.9,62.8,24.5,2,Critique
2023-09-28,Chatt,33.876,10.105,9,digestif,1.021,0.992,10.567,19.242,4.083,11.24,126.9,62.8,24.5,3,Urgence
2023-09-28,Metouia,33.971,10.001,4,oculaire,1.021,0.992,10.567,19.242,4.083,11.24,126.9,62.8,24.5,2,Critique
2023-09-28,Chenini,33.899,10.044,4,respiratoire,1.021,0.992,10.567,19.242,4.083,11.24,126.9,62.8,24.5,2,Critique
2023-09-28,El Akarit,33.849,10.143,11,oculaire,1.021,0.992,10.567,19.242,4.083,11.24,126.9,62.8,24.5,3,Urgence
2023-09-28,Oudhref,33.83,10.087,9,respiratoire,1.021,0.992,10.567,19.242,4.083,11.24,126.9,62.8,24.5,3,Urgence
2023-09-28,Bab Bhar,33.891,10.118,5,oculaire,1.021,0.992,10.567,19.242,4.083,11.24,126.9,62.8,24.5,2,Critique
2023-09-28,Jara,33.905,10.071,1,oculaire,1.021,0.992,10.567,19.242,4.083,11.24,126.9,62.8,24.5,2,Critique
2023-09-29,Bou Chemma,33.882,10.098,5,oculaire,0.979,1.125,11.504,19.054,4.75,7.09,158.2,58.2,25.0,2,Critique
2023-09-29,Chatt,33.876,10.105,8,digestif,0.979,1.125,11.504,19.054,4.75,7.09,158.2,58.2,25.0,3,Urgence
2023-09-29,Metouia,33.971,10.001,6,digestif,0.979,1.125,11.504,19.054,4.75,7.09,158.2,58.2,25.0,2,Critique
2023-09-29,Chenini,33.899,10.044,4,oculaire,0.979,1.125,11.504,19.054,4.75,7.09,158.2,58.2,25.0,2,Critique
2023-09-29,El Akarit,33.849,10.143,14,dermatologique,0.979,1.125,11.504,19.054,4.75,7.09,158.2,58.2,25.0,3,Urgence
2023-09-29,Oudhref,33.83,10.087,4,respiratoire,0.979,1.125,11.504,19.054,4.75,7.09,158.2,58.2,25.0,2,Critique
2023-09-29,Bab Bhar,33.891,10.118,4,digestif,0.979,1.125,11.504,19.054,4.75,7.09,158.2,58.2,25.0,2,Critique
2023-09-29,Jara,33.905,10.071,6,respiratoire,0.979,1.125,11.504,19.054,4.75,7.09,158.2,58.2,25.0,2,Critique
2023-09-30,Bou Chemma,33.882,10.098,8,respiratoire,0.929,0.683,13.133,23.571,5.333,11.64,85.1,68.2,24.8,3,Urgence
2023-09-30,Chatt,33.876,10.105,11,respiratoire,0.929,0.683,13.133,23.571,5.333,11.64,85.1,68.2,24.8,3,Urgence
2023-09-30,Metouia,33.971,10.001,5,oculaire,0.929,0.683,13.133,23.571,5.333,11.64,85.1,68.2,24.8,2,Critique
2023-09-30,Chenini,33.899,10.044,4,respiratoire,0.929,0.683,13.133,23.571,5.333,11.64,85.1,68.2,24.8,2,Critique
2023-09-30,El Akarit,33.849,10.143,11,digestif,0.929,0.683,13.133,23.571,5.333,11.64,85.1,68.2,24.8,3,Urgence
2023-09-30,Oudhref,33.83,10.087,3,digestif,0.929,0.683,13.133,23.571,5.333,11.64,85.1,68.2,24.8,2,Critique
2023-09-30,Bab Bhar,33.891,10.118,2,respiratoire,0.929,0.683,13.133,23.571,5.333,11.64,85.1,68.2,24.8,2,Critique
2023-09-30,Jara,33.905,10.071,8,respiratoire,0.929,0.683,13.133,23.571,5.333,11.64,85.1,68.2,24.8,3,Urgence
2023-10-01,Bou Chemma,33.882,10.098,6,respiratoire,1.088,0.6,11.821,22.021,5.167,9.87,124.1,68.1,24.0,3,Urgence
2023-10-01,Chatt,33.876,10.105,9,respiratoire,1.088,0.6,11.821,22.021,5.167,9.87,124.1,68.1,24.0,3,Urgence
2023-10-01,Metouia,33.971,10.001,6,oculaire,1.088,0.6,11.821,22.021,5.167,9.87,124.1,68.1,24.0,3,Urgence
2023-10-01,Chenini,33.899,10.044,2,respiratoire,1.088,0.6,11.821,22.021,5.167,9.87,124.1,68.1,24.0,2,Critique
2023-10-01,El Akarit,33.849,10.143,15,respiratoire,1.088,0.6,11.821,22.021,5.167,9.87,124.1,68.1,24.0,3,Urgence
2023-10-01,Oudhref,33.83,10.087,2,respiratoire,1.088,0.6,11.821,22.021,5.167,9.87,124.1,68.1,24.0,2,Critique
2023-10-01,Bab Bhar,33.891,10.118,3,digestif,1.088,0.6,11.821,22.021,5.167,9.87,124.1,68.1,24.0,2,Critique
2023-10-01,Jara,33.905,10.071,6,respiratoire,1.088,0.6,11.821,22.021,5.167,9.87,124.1,68.1,24.0,3,Urgence
2023-10-02,Bou Chemma,33.882,10.098,7,respiratoire,0.792,0.704,9.783,15.908,2.875,9.87,131.5,67.9,23.3,2,Critique
2023-10-02,Chatt,33.876,10.105,8,respiratoire,0.792,0.704,9.783,15.908,2.875,9.87,131.5,67.9,23.3,2,Critique
2023-10-02,Metouia,33.971,10.001,5,oculaire,0.792,0.704,9.783,15.908,2.875,9.87,131.5,67.9,23.3,2,Critique
2023-10-02,Chenini,33.899,10.044,5,respiratoire,0.792,0.704,9.783,15.908,2.875,9.87,131.5,67.9,23.3,2,Critique
2023-10-02,El Akarit,33.849,10.143,4,dermatologique,0.792,0.704,9.783,15.908,2.875,9.87,131.5,67.9,23.3,2,Critique
2023-10-02,Oudhref,33.83,10.087,3,respiratoire,0.792,0.704,9.783,15.908,2.875,9.87,131.5,67.9,23.3,2,Critique
2023-10-02,Bab Bhar,33.891,10.118,4,oculaire,0.792,0.704,9.783,15.908,2.875,9.87,131.5,67.9,23.3,2,Critique
2023-10-02,Jara,33.905,10.071,4,respiratoire,0.792,0.704,9.783,15.908,2.875,9.87,131.5,67.9,23.3,2,Critique
2023-10-03,Bou Chemma,33.882,10.098,11,respiratoire,0.746,0.654,13.021,17.7,4.375,10.09,146.5,73.1,23.0,3,Urgence
2023-10-03,Chatt,33.876,10.105,11,oculaire,0.746,0.654,13.021,17.7,4.375,10.09,146.5,73.1,23.0,3,Urgence
2023-10-03,Metouia,33.971,10.001,2,digestif,0.746,0.654,13.021,17.7,4.375,10.09,146.5,73.1,23.0,2,Critique
2023-10-03,Chenini,33.899,10.044,3,respiratoire,0.746,0.654,13.021,17.7,4.375,10.09,146.5,73.1,23.0,2,Critique
2023-10-03,El Akarit,33.849,10.143,11,respiratoire,0.746,0.654,13.021,17.7,4.375,10.09,146.5,73.1,23.0,3,Urgence
2023-10-03,Oudhref,33.83,10.087,5,dermatologique,0.746,0.654,13.021,17.7,4.375,10.09,146.5,73.1,23.0,2,Critique
2023-10-03,Bab Bhar,33.891,10.118,5,oculaire,0.746,0.654,13.021,17.7,4.375,10.09,146.5,73.1,23.0,2,Critique
2023-10-03,Jara,33.905,10.071,4,dermatologique,0.746,0.654,13.021,17.7,4.375,10.09,146.5,73.1,23.0,2,Critique
2023-10-04,Bou Chemma,33.882,10.098,5,digestif,0.746,0.742,11.017,16.021,1.792,7.77,125.0,70.8,22.9,2,Critique
2023-10-04,Chatt,33.876,10.105,4,oculaire,0.746,0.742,11.017,16.021,1.792,7.77,125.0,70.8,22.9,2,Critique
2023-10-04,Metouia,33.971,10.001,4,respiratoire,0.746,0.742,11.017,16.021,1.792,7.77,125.0,70.8,22.9,2,Critique
2023-10-04,Chenini,33.899,10.044,5,dermatologique,0.746,0.742,11.017,16.021,1.792,7.77,125.0,70.8,22.9,2,Critique
2023-10-04,El Akarit,33.849,10.143,7,respiratoire,0.746,0.742,11.017,16.021,1.792,7.77,125.0,70.8,22.9,2,Critique
2023-10-04,Oudhref,33.83,10.087,4,respiratoire,0.746,0.742,11.017,16.021,1.792,7.77,125.0,70.8,22.9,2,Critique
2023-10-04,Bab Bhar,33.891,10.118,6,digestif,0.746,0.742,11.017,16.021,1.792,7.77,125.0,70.8,22.9,2,Critique
2023-10-04,Jara,33.905,10.071,2,respiratoire,0.746,0.742,11.017,16.021,1.792,7.77,125.0,70.8,22.9,2,Critique
2023-10-05,Bou Chemma,33.882,10.098,8,respiratoire,1.025,1.042,10.596,12.967,1.5,6.99,171.5,63.8,23.3,3,Urgence
2023-10-05,Chatt,33.876,10.105,10,respiratoire,1.025,1.042,10.596,12.967,1.5,6.99,171.5,63.8,23.3,3,Urgence
2023-10-05,Metouia,33.971,10.001,3,oculaire,1.025,1.042,10.596,12.967,1.5,6.99,171.5,63.8,23.3,2,Critique
2023-10-05,Chenini,33.899,10.044,2,respiratoire,1.025,1.042,10.596,12.967,1.5,6.99,171.5,63.8,23.3,2,Critique
2023-10-05,El Akarit,33.849,10.143,8,digestif,1.025,1.042,10.596,12.967,1.5,6.99,171.5,63.8,23.3,3,Urgence
2023-10-05,Oudhref,33.83,10.087,2,respiratoire,1.025,1.042,10.596,12.967,1.5,6.99,171.5,63.8,23.3,2,Critique
2023-10-05,Bab Bhar,33.891,10.118,7,dermatologique,1.025,1.042,10.596,12.967,1.5,6.99,171.5,63.8,23.3,3,Urgence
2023-10-05,Jara,33.905,10.071,4,dermatologique,1.025,1.042,10.596,12.967,1.5,6.99,171.5,63.8,23.3,2,Critique
2023-10-06,Bou Chemma,33.882,10.098,6,oculaire,0.771,1.254,10.312,13.967,2.0,8.65,170.1,67.6,23.2,2,Critique
2023-10-06,Chatt,33.876,10.105,1,oculaire,0.771,1.254,10.312,13.967,2.0,8.65,170.1,67.6,23.2,1,Vigilance
2023-10-06,Metouia,33.971,10.001,2,respiratoire,0.771,1.254,10.312,13.967,2.0,8.65,170.1,67.6,23.2,2,Critique
2023-10-06,Chenini,33.899,10.044,2,oculaire,0.771,1.254,10.312,13.967,2.0,8.65,170.1,67.6,23.2,2,Critique
2023-10-06,El Akarit,33.849,10.143,4,dermatologique,0.771,1.254,10.312,13.967,2.0,8.65,170.1,67.6,23.2,2,Critique
2023-10-06,Oudhref,33.83,10.087,2,oculaire,0.771,1.254,10.312,13.967,2.0,8.65,170.1,67.6,23.2,2,Critique
2023-10-06,Bab Bhar,33.891,10.118,4,respiratoire,0.771,1.254,10.312,13.967,2.0,8.65,170.1,67.6,23.2,2,Critique
2023-10-06,Jara,33.905,10.071,8,oculaire,0.771,1.254,10.312,13.967,2.0,8.65,170.1,67.6,23.2,2,Critique
2023-10-07,Bou Chemma,33.882,10.098,6,dermatologique,0.692,0.725,8.033,12.854,1.667,8.58,128.5,72.1,23.3,2,Critique
2023-10-07,Chatt,33.876,10.105,4,respiratoire,0.692,0.725,8.033,12.854,1.667,8.58,128.5,72.1,23.3,2,Critique
2023-10-07,Metouia,33.971,10.001,2,digestif,0.692,0.725,8.033,12.854,1.667,8.58,128.5,72.1,23.3,1,Vigilance
2023-10-07,Chenini,33.899,10.044,4,respiratoire,0.692,0.725,8.033,12.854,1.667,8.58,128.5,72.1,23.3,2,Critique
2023-10-07,El Akarit,33.849,10.143,8,oculaire,0.692,0.725,8.033,12.854,1.667,8.58,128.5,72.1,23.3,2,Critique
2023-10-07,Oudhref,33.83,10.087,3,respiratoire,0.692,0.725,8.033,12.854,1.667,8.58,128.5,72.1,23.3,1,Vigilance
2023-10-07,Bab Bhar,33.891,10.118,4,digestif,0.692,0.725,8.033,12.854,1.667,8.58,128.5,72.1,23.3,2,Critique
2023-10-07,Jara,33.905,10.071,3,respiratoire,0.692,0.725,8.033,12.854,1.667,8.58,128.5,72.1,23.3,1,Vigilance
2023-10-08,Bou Chemma,33.882,10.098,4,respiratoire,0.675,0.6,6.108,11.0,1.0,9.17,131.2,71.8,22.9,1,Vigilance
2023-10-08,Chatt,33.876,10.105,6,respiratoire,0.675,0.6,6.108,11.0,1.0,9.17,131.2,71.8,22.9,2,Critique
2023-10-08,Metouia,33.971,10.001,4,respiratoire,0.675,0.6,6.108,11.0,1.0,9.17,131.2,71.8,22.9,1,Vigilance
2023-10-08,Chenini,33.899,10.044,2,oculaire,0.675,0.6,6.108,11.0,1.0,9.17,131.2,71.8,22.9,1,Vigilance
2023-10-08,El Akarit,33.849,10.143,9,respiratoire,0.675,0.6,6.108,11.0,1.0,9.17,131.2,71.8,22.9,2,Critique
2023-10-08,Oudhref,33.83,10.087,3,respiratoire,0.675,0.6,6.108,11.0,1.0,9.17,131.2,71.8,22.9,1,Vigilance
2023-10-08,Bab Bhar,33.891,10.118,2,oculaire,0.675,0.6,6.108,11.0,1.0,9.17,131.2,71.8,22.9,1,Vigilance
2023-10-08,Jara,33.905,10.071,0,oculaire,0.675,0.6,6.108,11.0,1.0,9.17,131.2,71.8,22.9,0,Normal
2023-10-09,Bou Chemma,33.882,10.098,9,respiratoire,0.733,0.733,6.692,11.45,1.0,8.4,134.7,74.5,22.4,2,Critique
2023-10-09,Chatt,33.876,10.105,2,respiratoire,0.733,0.733,6.692,11.45,1.0,8.4,134.7,74.5,22.4,1,Vigilance
2023-10-09,Metouia,33.971,10.001,2,digestif,0.733,0.733,6.692,11.45,1.0,8.4,134.7,74.5,22.4,1,Vigilance
2023-10-09,Chenini,33.899,10.044,4,respiratoire,0.733,0.733,6.692,11.45,1.0,8.4,134.7,74.5,22.4,2,Critique
2023-10-09,El Akarit,33.849,10.143,8,digestif,0.733,0.733,6.692,11.45,1.0,8.4,134.7,74.5,22.4,2,Critique
2023-10-09,Oudhref,33.83,10.087,2,digestif,0.733,0.733,6.692,11.45,1.0,8.4,134.7,74.5,22.4,1,Vigilance
2023-10-09,Bab Bhar,33.891,10.118,2,respiratoire,0.733,0.733,6.692,11.45,1.0,8.4,134.7,74.5,22.4,1,Vigilance
2023-10-09,Jara,33.905,10.071,2,digestif,0.733,0.733,6.692,11.45,1.0,8.4,134.7,74.5,22.4,1,Vigilance
2023-10-10,Bou Chemma,33.882,10.098,5,respiratoire,1.071,1.092,8.117,14.654,1.708,7.38,165.4,71.9,22.7,2,Critique
2023-10-10,Chatt,33.876,10.105,3,oculaire,1.071,1.092,8.117,14.654,1.708,7.38,165.4,71.9,22.7,2,Critique
2023-10-10,Metouia,33.971,10.001,2,respiratoire,1.071,1.092,8.117,14.654,1.708,7.38,165.4,71.9,22.7,2,Critique
2023-10-10,Chenini,33.899,10.044,8,respiratoire,1.071,1.092,8.117,14.654,1.708,7.38,165.4,71.9,22.7,2,Critique
2023-10-10,El Akarit,33.849,10.143,9,respiratoire,1.071,1.092,8.117,14.654,1.708,7.38,165.4,71.9,22.7,3,Urgence
2023-10-10,Oudhref,33.83,10.087,3,oculaire,1.071,1.092,8.117,14.654,1.708,7.38,165.4,71.9,22.7,2,Critique
2023-10-10,Bab Bhar,33.891,10.118,2,respiratoire,1.071,1.092,8.117,14.654,1.708,7.38,165.4,71.9,22.7,2,Critique
2023-10-10,Jara,33.905,10.071,1,respiratoire,1.071,1.092,8.117,14.654,1.708,7.38,165.4,71.9,22.7,2,Critique
2023-10-11,Bou Chemma,33.882,10.098,14,oculaire,1.392,1.333,10.204,21.096,5.875,8.54,167.8,71.0,22.7,3,Urgence
2023-10-11,Chatt,33.876,10.105,7,respiratoire,1.392,1.333,10.204,21.096,5.875,8.54,167.8,71.0,22.7,3,Urgence
2023-10-11,Metouia,33.971,10.001,8,oculaire,1.392,1.333,10.204,21.096,5.875,8.54,167.8,71.0,22.7,3,Urgence
2023-10-11,Chenini,33.899,10.044,4,respiratoire,1.392,1.333,10.204,21.096,5.875,8.54,167.8,71.0,22.7,2,Critique
2023-10-11,El Akarit,33.849,10.143,10,oculaire,1.392,1.333,10.204,21.096,5.875,8.54,167.8,71.0,22.7,3,Urgence
2023-10-11,Oudhref,33.83,10.087,4,dermatologique,1.392,1.333,10.204,21.096,5.875,8.54,167.8,71.0,22.7,2,Critique
2023-10-11,Bab Bhar,33.891,10.118,3,oculaire,1.392,1.333,10.204,21.096,5.875,8.54,167.8,71.0,22.7,2,Critique
2023-10-11,Jara,33.905,10.071,8,respiratoire,1.392,1.333,10.204,21.096,5.875,8.54,167.8,71.0,22.7,3,Urgence
2023-10-12,Bou Chemma,33.882,10.098,8,respiratoire,0.746,1.171,10.775,17.917,6.792,6.45,160.8,77.5,22.6,2,Critique
2023-10-12,Chatt,33.876,10.105,1,respiratoire,0.746,1.171,10.775,17.917,6.792,6.45,160.8,77.5,22.6,1,Vigilance
2023-10-12,Metouia,33.971,10.001,5,respiratoire,0.746,1.171,10.775,17.917,6.792,6.45,160.8,77.5,22.6,2,Critique
2023-10-12,Chenini,33.899,10.044,4,respiratoire,0.746,1.171,10.775,17.917,6.792,6.45,160.8,77.5,22.6,2,Critique
2023-10-12,El Akarit,33.849,10.143,7,respiratoire,0.746,1.171,10.775,17.917,6.792,6.45,160.8,77.5,22.6,2,Critique
2023-10-12,Oudhref,33.83,10.087,4,respiratoire,0.746,1.171,10.775,17.917,6.792,6.45,160.8,77.5,22.6,2,Critique
2023-10-12,Bab Bhar,33.891,10.118,4,oculaire,0.746,1.171,10.775,17.917,6.792,6.45,160.8,77.5,22.6,2,Critique
2023-10-12,Jara,33.905,10.071,4,respiratoire,0.746,1.171,10.775,17.917,6.792,6.45,160.8,77.5,22.6,2,Critique
2023-10-13,Bou Chemma,33.882,10.098,4,dermatologique,1.271,1.863,11.112,21.321,8.958,6.75,200.7,54.4,24.1,2,Critique
2023-10-13,Chatt,33.876,10.105,5,respiratoire,1.271,1.863,11.112,21.321,8.958,6.75,200.7,54.4,24.1,2,Critique
2023-10-13,Metouia,33.971,10.001,3,respiratoire,1.271,1.863,11.112,21.321,8.958,6.75,200.7,54.4,24.1,2,Critique
2023-10-13,Chenini,33.899,10.044,3,respiratoire,1.271,1.863,11.112,21.321,8.958,6.75,200.7,54.4,24.1,2,Critique
2023-10-13,El Akarit,33.849,10.143,5,respiratoire,1.271,1.863,11.112,21.321,8.958,6.75,200.7,54.4,24.1,2,Critique
2023-10-13,Oudhref,33.83,10.087,1,dermatologique,1.271,1.863,11.112,21.321,8.958,6.75,200.7,54.4,24.1,2,Critique
2023-10-13,Bab Bhar,33.891,10.118,3,dermatologique,1.271,1.863,11.112,21.321,8.958,6.75,200.7,54.4,24.1,2,Critique
2023-10-13,Jara,33.905,10.071,1,respiratoire,1.271,1.863,11.112,21.321,8.958,6.75,200.7,54.4,24.1,2,Critique
2023-10-14,Bou Chemma,33.882,10.098,2,oculaire,1.1,1.608,11.688,22.683,10.708,8.63,190.8,48.1,23.9,1,Vigilance
2023-10-14,Chatt,33.876,10.105,1,oculaire,1.1,1.608,11.688,22.683,10.708,8.63,190.8,48.1,23.9,1,Vigilance
2023-10-14,Metouia,33.971,10.001,4,oculaire,1.1,1.608,11.688,22.683,10.708,8.63,190.8,48.1,23.9,2,Critique
2023-10-14,Chenini,33.899,10.044,3,oculaire,1.1,1.608,11.688,22.683,10.708,8.63,190.8,48.1,23.9,2,Critique
2023-10-14,El Akarit,33.849,10.143,3,respiratoire,1.1,1.608,11.688,22.683,10.708,8.63,190.8,48.1,23.9,2,Critique
2023-10-14,Oudhref,33.83,10.087,1,respiratoire,1.1,1.608,11.688,22.683,10.708,8.63,190.8,48.1,23.9,1,Vigilance
2023-10-14,Bab Bhar,33.891,10.118,2,respiratoire,1.1,1.608,11.688,22.683,10.708,8.63,190.8,48.1,23.9,1,Vigilance
2023-10-14,Jara,33.905,10.071,3,oculaire,1.1,1.608,11.688,22.683,10.708,8.63,190.8,48.1,23.9,2,Critique
2023-10-15,Bou Chemma,33.882,10.098,5,respiratoire,0.975,1.358,12.25,22.554,11.375,8.35,190.9,38.8,24.4,2,Critique
2023-10-15,Chatt,33.876,10.105,3,digestif,0.975,1.358,12.25,22.554,11.375,8.35,190.9,38.8,24.4,2,Critique
2023-10-15,Metouia,33.971,10.001,1,oculaire,0.975,1.358,12.25,22.554,11.375,8.35,190.9,38.8,24.4,1,Vigilance
2023-10-15,Chenini,33.899,10.044,1,respiratoire,0.975,1.358,12.25,22.554,11.375,8.35,190.9,38.8,24.4,1,Vigilance
2023-10-15,El Akarit,33.849,10.143,5,dermatologique,0.975,1.358,12.25,22.554,11.375,8.35,190.9,38.8,24.4,2,Critique
2023-10-15,Oudhref,33.83,10.087,3,respiratoire,0.975,1.358,12.25,22.554,11.375,8.35,190.9,38.8,24.4,2,Critique
2023-10-15,Bab Bhar,33.891,10.118,1,respiratoire,0.975,1.358,12.25,22.554,11.375,8.35,190.9,38.8,24.4,1,Vigilance
2023-10-15,Jara,33.905,10.071,1,oculaire,0.975,1.358,12.25,22.554,11.375,8.35,190.9,38.8,24.4,1,Vigilance
2023-10-16,Bou Chemma,33.882,10.098,5,dermatologique,0.962,1.438,11.408,19.958,9.75,8.0,196.7,31.5,24.8,2,Critique
2023-10-16,Chatt,33.876,10.105,2,respiratoire,0.962,1.438,11.408,19.958,9.75,8.0,196.7,31.5,24.8,1,Vigilance
2023-10-16,Metouia,33.971,10.001,1,oculaire,0.962,1.438,11.408,19.958,9.75,8.0,196.7,31.5,24.8,1,Vigilance
2023-10-16,Chenini,33.899,10.044,0,dermatologique,0.962,1.438,11.408,19.958,9.75,8.0,196.7,31.5,24.8,1,Vigilance
2023-10-16,El Akarit,33.849,10.143,3,respiratoire,0.962,1.438,11.408,19.958,9.75,8.0,196.7,31.5,24.8,1,Vigilance
2023-10-16,Oudhref,33.83,10.087,0,dermatologique,0.962,1.438,11.408,19.958,9.75,8.0,196.7,31.5,24.8,1,Vigilance
2023-10-16,Bab Bhar,33.891,10.118,1,respiratoire,0.962,1.438,11.408,19.958,9.75,8.0,196.7,31.5,24.8,1,Vigilance
2023-10-16,Jara,33.905,10.071,3,respiratoire,0.962,1.438,11.408,19.958,9.75,8.0,196.7,31.5,24.8,1,Vigilance
2023-10-17,Bou Chemma,33.882,10.098,2,dermatologique,0.992,1.858,13.483,35.95,27.167,9.7,241.7,21.0,26.4,2,Critique
2023-10-17,Chatt,33.876,10.105,1,oculaire,0.992,1.858,13.483,35.95,27.167,9.7,241.7,21.0,26.4,1,Vigilance
2023-10-17,Metouia,33.971,10.001,3,oculaire,0.992,1.858,13.483,35.95,27.167,9.7,241.7,21.0,26.4,2,Critique
2023-10-17,Chenini,33.899,10.044,2,dermatologique,0.992,1.858,13.483,35.95,27.167,9.7,241.7,21.0,26.4,2,Critique
2023-10-17,El Akarit,33.849,10.143,10,respiratoire,0.992,1.858,13.483,35.95,27.167,9.7,241.7,21.0,26.4,3,Urgence
2023-10-17,Oudhref,33.83,10.087,1,respiratoire,0.992,1.858,13.483,35.95,27.167,9.7,241.7,21.0,26.4,1,Vigilance
2023-10-17,Bab Bhar,33.891,10.118,2,respiratoire,0.992,1.858,13.483,35.95,27.167,9.7,241.7,21.0,26.4,2,Critique
2023-10-17,Jara,33.905,10.071,0,oculaire,0.992,1.858,13.483,35.95,27.167,9.7,241.7,21.0,26.4,1,Vigilance
2023-10-18,Bou Chemma,33.882,10.098,11,dermatologique,0.875,1.621,14.963,58.429,49.958,7.1,198.3,27.5,27.0,3,Urgence
2023-10-18,Chatt,33.876,10.105,7,respiratoire,0.875,1.621,14.963,58.429,49.958,7.1,198.3,27.5,27.0,2,Critique
2023-10-18,Metouia,33.971,10.001,4,dermatologique,0.875,1.621,14.963,58.429,49.958,7.1,198.3,27.5,27.0,2,Critique
2023-10-18,Chenini,33.899,10.044,5,respiratoire,0.875,1.621,14.963,58.429,49.958,7.1,198.3,27.5,27.0,2,Critique
2023-10-18,El Akarit,33.849,10.143,10,oculaire,0.875,1.621,14.963,58.429,49.958,7.1,198.3,27.5,27.0,3,Urgence
2023-10-18,Oudhref,33.83,10.087,2,respiratoire,0.875,1.621,14.963,58.429,49.958,7.1,198.3,27.5,27.0,2,Critique
2023-10-18,Bab Bhar,33.891,10.118,4,respiratoire,0.875,1.621,14.963,58.429,49.958,7.1,198.3,27.5,27.0,2,Critique
2023-10-18,Jara,33.905,10.071,3,respiratoire,0.875,1.621,14.963,58.429,49.958,7.1,198.3,27.5,27.0,2,Critique
2023-10-19,Bou Chemma,33.882,10.098,10,respiratoire,0.904,1.908,25.825,108.604,94.542,10.42,254.8,25.1,27.8,3,Urgence
2023-10-19,Chatt,33.876,10.105,9,oculaire,0.904,1.908,25.825,108.604,94.542,10.42,254.8,25.1,27.8,3,Urgence
2023-10-19,Metouia,33.971,10.001,7,respiratoire,0.904,1.908,25.825,108.604,94.542,10.42,254.8,25.1,27.8,3,Urgence
2023-10-19,Chenini,33.899,10.044,6,oculaire,0.904,1.908,25.825,108.604,94.542,10.42,254.8,25.1,27.8,3,Urgence
2023-10-19,El Akarit,33.849,10.143,3,oculaire,0.904,1.908,25.825,108.604,94.542,10.42,254.8,25.1,27.8,3,Urgence
2023-10-19,Oudhref,33.83,10.087,1,respiratoire,0.904,1.908,25.825,108.604,94.542,10.42,254.8,25.1,27.8,2,Critique
2023-10-19,Bab Bhar,33.891,10.118,6,oculaire,0.904,1.908,25.825,108.604,94.542,10.42,254.8,25.1,27.8,3,Urgence
2023-10-19,Jara,33.905,10.071,2,dermatologique,0.904,1.908,25.825,108.604,94.542,10.42,254.8,25.1,27.8,2,Critique
2023-10-20,Bou Chemma,33.882,10.098,17,respiratoire,0.217,0.504,47.525,193.971,176.958,26.23,207.9,15.5,31.9,3,Urgence
2023-10-20,Chatt,33.876,10.105,13,dermatologique,0.217,0.504,47.525,193.971,176.958,26.23,207.9,15.5,31.9,3,Urgence
2023-10-20,Metouia,33.971,10.001,5,respiratoire,0.217,0.504,47.525,193.971,176.958,26.23,207.9,15.5,31.9,3,Urgence
2023-10-20,Chenini,33.899,10.044,5,oculaire,0.217,0.504,47.525,193.971,176.958,26.23,207.9,15.5,31.9,3,Urgence
2023-10-20,El Akarit,33.849,10.143,21,respiratoire,0.217,0.504,47.525,193.971,176.958,26.23,207.9,15.5,31.9,3,Urgence
2023-10-20,Oudhref,33.83,10.087,7,respiratoire,0.217,0.504,47.525,193.971,176.958,26.23,207.9,15.5,31.9,3,Urgence
2023-10-20,Bab Bhar,33.891,10.118,8,respiratoire,0.217,0.504,47.525,193.971,176.958,26.23,207.9,15.5,31.9,3,Urgence
2023-10-20,Jara,33.905,10.071,11,digestif,0.217,0.504,47.525,193.971,176.958,26.23,207.9,15.5,31.9,3,Urgence
2023-10-21,Bou Chemma,33.882,10.098,9,respiratoire,0.671,1.046,29.4,133.404,79.375,16.76,256.2,28.7,25.9,3,Urgence
2023-10-21,Chatt,33.876,10.105,11,digestif,0.671,1.046,29.4,133.404,79.375,16.76,256.2,28.7,25.9,3,Urgence
2023-10-21,Metouia,33.971,10.001,7,respiratoire,0.671,1.046,29.4,133.404,79.375,16.76,256.2,28.7,25.9,3,Urgence
2023-10-21,Chenini,33.899,10.044,3,oculaire,0.671,1.046,29.4,133.404,79.375,16.76,256.2,28.7,25.9,3,Urgence
2023-10-21,El Akarit,33.849,10.143,14,respiratoire,0.671,1.046,29.4,133.404,79.375,16.76,256.2,28.7,25.9,3,Urgence
2023-10-21,Oudhref,33.83,10.087,7,respiratoire,0.671,1.046,29.4,133.404,79.375,16.76,256.2,28.7,25.9,3,Urgence
2023-10-21,Bab Bhar,33.891,10.118,3,oculaire,0.671,1.046,29.4,133.404,79.375,16.76,256.2,28.7,25.9,3,Urgence
2023-10-21,Jara,33.905,10.071,6,respiratoire,0.671,1.046,29.4,133.404,79.375,16.76,256.2,28.7,25.9,3,Urgence
2023-10-22,Bou Chemma,33.882,10.098,20,respiratoire,1.492,1.096,13.658,48.354,32.792,13.25,151.4,49.6,23.3,3,Urgence
2023-10-22,Chatt,33.876,10.105,16,respiratoire,1.492,1.096,13.658,48.354,32.792,13.25,151.4,49.6,23.3,3,Urgence
2023-10-22,Metouia,33.971,10.001,7,respiratoire,1.492,1.096,13.658,48.354,32.792,13.25,151.4,49.6,23.3,3,Urgence
2023-10-22,Chenini,33.899,10.044,8,oculaire,1.492,1.096,13.658,48.354,32.792,13.25,151.4,49.6,23.3,3,Urgence
2023-10-22,El Akarit,33.849,10.143,13,respiratoire,1.492,1.096,13.658,48.354,32.792,13.25,151.4,49.6,23.3,3,Urgence
2023-10-22,Oudhref,33.83,10.087,10,respiratoire,1.492,1.096,13.658,48.354,32.792,13.25,151.4,49.6,23.3,3,Urgence
2023-10-22,Bab Bhar,33.891,10.118,8,respiratoire,1.492,1.096,13.658,48.354,32.792,13.25,151.4,49.6,23.3,3,Urgence
2023-10-22,Jara,33.905,10.071,7,oculaire,1.492,1.096,13.658,48.354,32.792,13.25,151.4,49.6,23.3,3,Urgence
2023-10-23,Bou Chemma,33.882,10.098,13,oculaire,0.771,1.4,28.867,111.6,100.875,11.8,240.2,44.4,26.8,3,Urgence
2023-10-23,Chatt,33.876,10.105,12,oculaire,0.771,1.4,28.867,111.6,100.875,11.8,240.2,44.4,26.8,3,Urgence
2023-10-23,Metouia,33.971,10.001,4,oculaire,0.771,1.4,28.867,111.6,100.875,11.8,240.2,44.4,26.8,3,Urgence
2023-10-23,Chenini,33.899,10.044,7,oculaire,0.771,1.4,28.867,111.6,100.875,11.8,240.2,44.4,26.8,3,Urgence
2023-10-23,El Akarit,33.849,10.143,10,dermatologique,0.771,1.4,28.867,111.6,100.875,11.8,240.2,44.4,26.8,3,Urgence
2023-10-23,Oudhref,33.83,10.087,7,respiratoire,0.771,1.4,28.867,111.6,100.875,11.8,240.2,44.4,26.8,3,Urgence
2023-10-23,Bab Bhar,33.891,10.118,4,oculaire,0.771,1.4,28.867,111.6,100.875,11.8,240.2,44.4,26.8,3,Urgence
2023-10-23,Jara,33.905,10.071,6,dermatologique,0.771,1.4,28.867,111.6,100.875,11.8,240.2,44.4,26.8,3,Urgence
2023-10-24,Bou Chemma,33.882,10.098,28,oculaire,0.554,1.233,27.571,64.225,55.917,9.58,159.5,36.0,27.8,3,Urgence
2023-10-24,Chatt,33.876,10.105,33,respiratoire,0.554,1.233,27.571,64.225,55.917,9.58,159.5,36.0,27.8,3,Urgence
2023-10-24,Metouia,33.971,10.001,10,respiratoire,0.554,1.233,27.571,64.225,55.917,9.58,159.5,36.0,27.8,3,Urgence
2023-10-24,Chenini,33.899,10.044,10,respiratoire,0.554,1.233,27.571,64.225,55.917,9.58,159.5,36.0,27.8,3,Urgence
2023-10-24,El Akarit,33.849,10.143,25,respiratoire,0.554,1.233,27.571,64.225,55.917,9.58,159.5,36.0,27.8,3,Urgence
2023-10-24,Oudhref,33.83,10.087,11,dermatologique,0.554,1.233,27.571,64.225,55.917,9.58,159.5,36.0,27.8,3,Urgence
2023-10-24,Bab Bhar,33.891,10.118,14,respiratoire,0.554,1.233,27.571,64.225,55.917,9.58,159.5,36.0,27.8,3,Urgence
2023-10-24,Jara,33.905,10.071,14,respiratoire,0.554,1.233,27.571,64.225,55.917,9.58,159.5,36.0,27.8,3,Urgence
2023-10-25,Bou Chemma,33.882,10.098,16,respiratoire,0.475,0.946,19.958,48.55,38.625,7.99,121.8,82.0,24.5,3,Urgence
2023-10-25,Chatt,33.876,10.105,20,respiratoire,0.475,0.946,19.958,48.55,38.625,7.99,121.8,82.0,24.5,3,Urgence
2023-10-25,Metouia,33.971,10.001,6,respiratoire,0.475,0.946,19.958,48.55,38.625,7.99,121.8,82.0,24.5,3,Urgence
2023-10-25,Chenini,33.899,10.044,5,respiratoire,0.475,0.946,19.958,48.55,38.625,7.99,121.8,82.0,24.5,2,Critique
2023-10-25,El Akarit,33.849,10.143,20,respiratoire,0.475,0.946,19.958,48.55,38.625,7.99,121.8,82.0,24.5,3,Urgence
2023-10-25,Oudhref,33.83,10.087,4,dermatologique,0.475,0.946,19.958,48.55,38.625,7.99,121.8,82.0,24.5,2,Critique
2023-10-25,Bab Bhar,33.891,10.118,13,respiratoire,0.475,0.946,19.958,48.55,38.625,7.99,121.8,82.0,24.5,3,Urgence
2023-10-25,Jara,33.905,10.071,10,oculaire,0.475,0.946,19.958,48.55,38.625,7.99,121.8,82.0,24.5,3,Urgence
2023-10-26,Bou Chemma,33.882,10.098,7,oculaire,0.9,1.533,9.367,59.629,31.417,12.13,254.9,39.6,23.5,2,Critique
2023-10-26,Chatt,33.876,10.105,5,respiratoire,0.9,1.533,9.367,59.629,31.417,12.13,254.9,39.6,23.5,1,Vigilance
2023-10-26,Metouia,33.971,10.001,3,respiratoire,0.9,1.533,9.367,59.629,31.417,12.13,254.9,39.6,23.5,1,Vigilance
2023-10-26,Chenini,33.899,10.044,5,respiratoire,0.9,1.533,9.367,59.629,31.417,12.13,254.9,39.6,23.5,1,Vigilance
2023-10-26,El Akarit,33.849,10.143,3,oculaire,0.9,1.533,9.367,59.629,31.417,12.13,254.9,39.6,23.5,1,Vigilance
2023-10-26,Oudhref,33.83,10.087,0,respiratoire,0.9,1.533,9.367,59.629,31.417,12.13,254.9,39.6,23.5,0,Normal
2023-10-26,Bab Bhar,33.891,10.118,4,oculaire,0.9,1.533,9.367,59.629,31.417,12.13,254.9,39.6,23.5,1,Vigilance
2023-10-26,Jara,33.905,10.071,0,oculaire,0.9,1.533,9.367,59.629,31.417,12.13,254.9,39.6,23.5,0,Normal
2023-10-27,Bou Chemma,33.882,10.098,4,digestif,0.825,0.946,7.817,12.058,7.417,18.88,243.7,32.8,25.1,1,Vigilance
2023-10-27,Chatt,33.876,10.105,1,respiratoire,0.825,0.946,7.817,12.058,7.417,18.88,243.7,32.8,25.1,0,Normal
2023-10-27,Metouia,33.971,10.001,1,dermatologique,0.825,0.946,7.817,12.058,7.417,18.88,243.7,32.8,25.1,0,Normal
2023-10-27,Chenini,33.899,10.044,0,respiratoire,0.825,0.946,7.817,12.058,7.417,18.88,243.7,32.8,25.1,0,Normal
2023-10-27,El Akarit,33.849,10.143,3,respiratoire,0.825,0.946,7.817,12.058,7.417,18.88,243.7,32.8,25.1,1,Vigilance
2023-10-27,Oudhref,33.83,10.087,0,dermatologique,0.825,0.946,7.817,12.058,7.417,18.88,243.7,32.8,25.1,0,Normal
2023-10-27,Bab Bhar,33.891,10.118,2,oculaire,0.825,0.946,7.817,12.058,7.417,18.88,243.7,32.8,25.1,0,Normal
2023-10-27,Jara,33.905,10.071,3,respiratoire,0.825,0.946,7.817,12.058,7.417,18.88,243.7,32.8,25.1,1,Vigilance
2023-10-28,Bou Chemma,33.882,10.098,3,respiratoire,1.046,1.308,7.975,11.963,4.333,9.15,209.0,50.7,24.1,1,Vigilance
2023-10-28,Chatt,33.876,10.105,2,oculaire,1.046,1.308,7.975,11.963,4.333,9.15,209.0,50.7,24.1,1,Vigilance
2023-10-28,Metouia,33.971,10.001,3,respiratoire,1.046,1.308,7.975,11.963,4.333,9.15,209.0,50.7,24.1,1,Vigilance
2023-10-28,Chenini,33.899,10.044,0,digestif,1.046,1.308,7.975,11.963,4.333,9.15,209.0,50.7,24.1,0,Normal
2023-10-28,El Akarit,33.849,10.143,2,respiratoire,1.046,1.308,7.975,11.963,4.333,9.15,209.0,50.7,24.1,1,Vigilance
2023-10-28,Oudhref,33.83,10.087,0,respiratoire,1.046,1.308,7.975,11.963,4.333,9.15,209.0,50.7,24.1,0,Normal
2023-10-28,Bab Bhar,33.891,10.118,2,respiratoire,1.046,1.308,7.975,11.963,4.333,9.15,209.0,50.7,24.1,1,Vigilance
2023-10-28,Jara,33.905,10.071,1,oculaire,1.046,1.308,7.975,11.963,4.333,9.15,209.0,50.7,24.1,1,Vigilance
2023-10-29,Bou Chemma,33.882,10.098,17,respiratoire,4.183,1.738,13.725,17.613,10.625,14.26,119.9,61.4,25.0,3,Urgence
2023-10-29,Chatt,33.876,10.105,22,respiratoire,4.183,1.738,13.725,17.613,10.625,14.26,119.9,61.4,25.0,3,Urgence
2023-10-29,Metouia,33.971,10.001,10,respiratoire,4.183,1.738,13.725,17.613,10.625,14.26,119.9,61.4,25.0,3,Urgence
2023-10-29,Chenini,33.899,10.044,9,digestif,4.183,1.738,13.725,17.613,10.625,14.26,119.9,61.4,25.0,3,Urgence
2023-10-29,El Akarit,33.849,10.143,22,oculaire,4.183,1.738,13.725,17.613,10.625,14.26,119.9,61.4,25.0,3,Urgence
2023-10-29,Oudhref,33.83,10.087,9,digestif,4.183,1.738,13.725,17.613,10.625,14.26,119.9,61.4,25.0,3,Urgence
2023-10-29,Bab Bhar,33.891,10.118,4,digestif,4.183,1.738,13.725,17.613,10.625,14.26,119.9,61.4,25.0,3,Urgence
2023-10-29,Jara,33.905,10.071,8,respiratoire,4.183,1.738,13.725,17.613,10.625,14.26,119.9,61.4,25.0,3,Urgence
2023-10-30,Bou Chemma,33.882,10.098,31,respiratoire,1.3,0.967,23.05,83.167,77.75,19.2,174.4,19.8,31.2,3,Urgence
2023-10-30,Chatt,33.876,10.105,29,respiratoire,1.3,0.967,23.05,83.167,77.75,19.2,174.4,19.8,31.2,3,Urgence
2023-10-30,Metouia,33.971,10.001,13,oculaire,1.3,0.967,23.05,83.167,77.75,19.2,174.4,19.8,31.2,3,Urgence
2023-10-30,Chenini,33.899,10.044,12,respiratoire,1.3,0.967,23.05,83.167,77.75,19.2,174.4,19.8,31.2,3,Urgence
2023-10-30,El Akarit,33.849,10.143,35,respiratoire,1.3,0.967,23.05,83.167,77.75,19.2,174.4,19.8,31.2,3,Urgence
2023-10-30,Oudhref,33.83,10.087,14,oculaire,1.3,0.967,23.05,83.167,77.75,19.2,174.4,19.8,31.2,3,Urgence
2023-10-30,Bab Bhar,33.891,10.118,15,respiratoire,1.3,0.967,23.05,83.167,77.75,19.2,174.4,19.8,31.2,3,Urgence
2023-10-30,Jara,33.905,10.071,14,oculaire,1.3,0.967,23.05,83.167,77.75,19.2,174.4,19.8,31.2,3,Urgence
2023-10-31,Bou Chemma,33.882,10.098,16,oculaire,0.533,0.758,22.558,70.108,53.042,17.27,144.9,54.8,25.6,3,Urgence
2023-10-31,Chatt,33.876,10.105,25,oculaire,0.533,0.758,22.558,70.108,53.042,17.27,144.9,54.8,25.6,3,Urgence
2023-10-31,Metouia,33.971,10.001,10,oculaire,0.533,0.758,22.558,70.108,53.042,17.27,144.9,54.8,25.6,3,Urgence
2023-10-31,Chenini,33.899,10.044,10,oculaire,0.533,0.758,22.558,70.108,53.042,17.27,144.9,54.8,25.6,3,Urgence
2023-10-31,El Akarit,33.849,10.143,24,oculaire,0.533,0.758,22.558,70.108,53.042,17.27,144.9,54.8,25.6,3,Urgence
2023-10-31,Oudhref,33.83,10.087,12,oculaire,0.533,0.758,22.558,70.108,53.042,17.27,144.9,54.8,25.6,3,Urgence
2023-10-31,Bab Bhar,33.891,10.118,12,respiratoire,0.533,0.758,22.558,70.108,53.042,17.27,144.9,54.8,25.6,3,Urgence
2023-10-31,Jara,33.905,10.071,9,respiratoire,0.533,0.758,22.558,70.108,53.042,17.27,144.9,54.8,25.6,3,Urgence
2023-11-01,Bou Chemma,33.882,10.098,16,oculaire,0.542,1.142,18.363,57.775,46.167,9.53,155.9,71.8,24.4,3,Urgence
2023-11-01,Chatt,33.876,10.105,19,respiratoire,0.542,1.142,18.363,57.775,46.167,9.53,155.9,71.8,24.4,3,Urgence
2023-11-01,Metouia,33.971,10.001,5,respiratoire,0.542,1.142,18.363,57.775,46.167,9.53,155.9,71.8,24.4,2,Critique
2023-11-01,Chenini,33.899,10.044,16,respiratoire,0.542,1.142,18.363,57.775,46.167,9.53,155.9,71.8,24.4,3,Urgence
2023-11-01,El Akarit,33.849,10.143,23,oculaire,0.542,1.142,18.363,57.775,46.167,9.53,155.9,71.8,24.4,3,Urgence
2023-11-01,Oudhref,33.83,10.087,9,respiratoire,0.542,1.142,18.363,57.775,46.167,9.53,155.9,71.8,24.4,3,Urgence
2023-11-01,Bab Bhar,33.891,10.118,8,respiratoire,0.542,1.142,18.363,57.775,46.167,9.53,155.9,71.8,24.4,3,Urgence
2023-11-01,Jara,33.905,10.071,11,respiratoire,0.542,1.142,18.363,57.775,46.167,9.53,155.9,71.8,24.4,3,Urgence
2023-11-02,Bou Chemma,33.882,10.098,6,dermatologique,0.696,1.2,16.221,45.646,36.708,12.92,188.9,50.5,25.9,2,Critique
2023-11-02,Chatt,33.876,10.105,4,oculaire,0.696,1.2,16.221,45.646,36.708,12.92,188.9,50.5,25.9,2,Critique
2023-11-02,Metouia,33.971,10.001,1,respiratoire,0.696,1.2,16.221,45.646,36.708,12.92,188.9,50.5,25.9,1,Vigilance
2023-11-02,Chenini,33.899,10.044,4,respiratoire,0.696,1.2,16.221,45.646,36.708,12.92,188.9,50.5,25.9,2,Critique
2023-11-02,El Akarit,33.849,10.143,4,digestif,0.696,1.2,16.221,45.646,36.708,12.92,188.9,50.5,25.9,2,Critique
2023-11-02,Oudhref,33.83,10.087,2,oculaire,0.696,1.2,16.221,45.646,36.708,12.92,188.9,50.5,25.9,1,Vigilance
2023-11-02,Bab Bhar,33.891,10.118,0,dermatologique,0.696,1.2,16.221,45.646,36.708,12.92,188.9,50.5,25.9,1,Vigilance
2023-11-02,Jara,33.905,10.071,2,oculaire,0.696,1.2,16.221,45.646,36.708,12.92,188.9,50.5,25.9,1,Vigilance
2023-11-03,Bou Chemma,33.882,10.098,17,oculaire,0.55,0.633,39.308,148.338,111.667,25.56,247.2,25.9,26.6,3,Urgence
2023-11-03,Chatt,33.876,10.105,22,oculaire,0.55,0.633,39.308,148.338,111.667,25.56,247.2,25.9,26.6,3,Urgence
2023-11-03,Metouia,33.971,10.001,5,respiratoire,0.55,0.633,39.308,148.338,111.667,25.56,247.2,25.9,26.6,3,Urgence
2023-11-03,Chenini,33.899,10.044,6,oculaire,0.55,0.633,39.308,148.338,111.667,25.56,247.2,25.9,26.6,3,Urgence
2023-11-03,El Akarit,33.849,10.143,15,digestif,0.55,0.633,39.308,148.338,111.667,25.56,247.2,25.9,26.6,3,Urgence
2023-11-03,Oudhref,33.83,10.087,5,respiratoire,0.55,0.633,39.308,148.338,111.667,25.56,247.2,25.9,26.6,3,Urgence
2023-11-03,Bab Bhar,33.891,10.118,4,respiratoire,0.55,0.633,39.308,148.338,111.667,25.56,247.2,25.9,26.6,3,Urgence
2023-11-03,Jara,33.905,10.071,6,respiratoire,0.55,0.633,39.308,148.338,111.667,25.56,247.2,25.9,26.6,3,Urgence
2023-11-04,Bou Chemma,33.882,10.098,6,respiratoire,0.812,1.029,17.296,53.333,30.333,14.91,234.8,35.3,21.6,2,Critique
2023-11-04,Chatt,33.876,10.105,8,oculaire,0.812,1.029,17.296,53.333,30.333,14.91,234.8,35.3,21.6,2,Critique
2023-11-04,Metouia,33.971,10.001,2,respiratoire,0.812,1.029,17.296,53.333,30.333,14.91,234.8,35.3,21.6,2,Critique
2023-11-04,Chenini,33.899,10.044,1,respiratoire,0.812,1.029,17.296,53.333,30.333,14.91,234.8,35.3,21.6,2,Critique
2023-11-04,El Akarit,33.849,10.143,4,oculaire,0.812,1.029,17.296,53.333,30.333,14.91,234.8,35.3,21.6,2,Critique
2023-11-04,Oudhref,33.83,10.087,2,dermatologique,0.812,1.029,17.296,53.333,30.333,14.91,234.8,35.3,21.6,2,Critique
2023-11-04,Bab Bhar,33.891,10.118,0,dermatologique,0.812,1.029,17.296,53.333,30.333,14.91,234.8,35.3,21.6,1,Vigilance
2023-11-04,Jara,33.905,10.071,2,respiratoire,0.812,1.029,17.296,53.333,30.333,14.91,234.8,35.3,21.6,2,Critique
2023-11-05,Bou Chemma,33.882,10.098,8,respiratoire,0.646,0.746,13.554,45.125,33.375,21.36,246.2,33.2,23.1,2,Critique
2023-11-05,Chatt,33.876,10.105,5,oculaire,0.646,0.746,13.554,45.125,33.375,21.36,246.2,33.2,23.1,2,Critique
2023-11-05,Metouia,33.971,10.001,4,respiratoire,0.646,0.746,13.554,45.125,33.375,21.36,246.2,33.2,23.1,1,Vigilance
2023-11-05,Chenini,33.899,10.044,2,respiratoire,0.646,0.746,13.554,45.125,33.375,21.36,246.2,33.2,23.1,1,Vigilance
2023-11-05,El Akarit,33.849,10.143,8,dermatologique,0.646,0.746,13.554,45.125,33.375,21.36,246.2,33.2,23.1,2,Critique
2023-11-05,Oudhref,33.83,10.087,1,digestif,0.646,0.746,13.554,45.125,33.375,21.36,246.2,33.2,23.1,1,Vigilance
2023-11-05,Bab Bhar,33.891,10.118,3,dermatologique,0.646,0.746,13.554,45.125,33.375,21.36,246.2,33.2,23.1,1,Vigilance
2023-11-05,Jara,33.905,10.071,0,dermatologique,0.646,0.746,13.554,45.125,33.375,21.36,246.2,33.2,23.1,0,Normal
2023-11-06,Bou Chemma,33.882,10.098,7,oculaire,0.871,1.529,17.662,39.954,27.792,9.35,191.6,54.2,21.8,2,Critique
2023-11-06,Chatt,33.876,10.105,3,respiratoire,0.871,1.529,17.662,39.954,27.792,9.35,191.6,54.2,21.8,2,Critique
2023-11-06,Metouia,33.971,10.001,1,respiratoire,0.871,1.529,17.662,39.954,27.792,9.35,191.6,54.2,21.8,2,Critique
2023-11-06,Chenini,33.899,10.044,0,respiratoire,0.871,1.529,17.662,39.954,27.792,9.35,191.6,54.2,21.8,1,Vigilance
2023-11-06,El Akarit,33.849,10.143,7,oculaire,0.871,1.529,17.662,39.954,27.792,9.35,191.6,54.2,21.8,2,Critique
2023-11-06,Oudhref,33.83,10.087,3,respiratoire,0.871,1.529,17.662,39.954,27.792,9.35,191.6,54.2,21.8,2,Critique
2023-11-06,Bab Bhar,33.891,10.118,1,respiratoire,0.871,1.529,17.662,39.954,27.792,9.35,191.6,54.2,21.8,2,Critique
2023-11-06,Jara,33.905,10.071,1,respiratoire,0.871,1.529,17.662,39.954,27.792,9.35,191.6,54.2,21.8,2,Critique
2023-11-07,Bou Chemma,33.882,10.098,19,dermatologique,1.158,1.367,17.079,45.783,36.75,16.18,134.3,56.0,24.2,3,Urgence
2023-11-07,Chatt,33.876,10.105,22,respiratoire,1.158,1.367,17.079,45.783,36.75,16.18,134.3,56.0,24.2,3,Urgence
2023-11-07,Metouia,33.971,10.001,12,respiratoire,1.158,1.367,17.079,45.783,36.75,16.18,134.3,56.0,24.2,3,Urgence
2023-11-07,Chenini,33.899,10.044,7,respiratoire,1.158,1.367,17.079,45.783,36.75,16.18,134.3,56.0,24.2,3,Urgence
2023-11-07,El Akarit,33.849,10.143,24,respiratoire,1.158,1.367,17.079,45.783,36.75,16.18,134.3,56.0,24.2,3,Urgence
2023-11-07,Oudhref,33.83,10.087,4,respiratoire,1.158,1.367,17.079,45.783,36.75,16.18,134.3,56.0,24.2,3,Urgence
2023-11-07,Bab Bhar,33.891,10.118,9,respiratoire,1.158,1.367,17.079,45.783,36.75,16.18,134.3,56.0,24.2,3,Urgence
2023-11-07,Jara,33.905,10.071,13,respiratoire,1.158,1.367,17.079,45.783,36.75,16.18,134.3,56.0,24.2,3,Urgence
2023-11-08,Bou Chemma,33.882,10.098,1,dermatologique,0.946,1.004,9.783,28.292,15.25,23.03,40.2,67.8,20.9,1,Vigilance
2023-11-08,Chatt,33.876,10.105,3,respiratoire,0.946,1.004,9.783,28.292,15.25,23.03,40.2,67.8,20.9,1,Vigilance
2023-11-08,Metouia,33.971,10.001,1,oculaire,0.946,1.004,9.783,28.292,15.25,23.03,40.2,67.8,20.9,1,Vigilance
2023-11-08,Chenini,33.899,10.044,0,respiratoire,0.946,1.004,9.783,28.292,15.25,23.03,40.2,67.8,20.9,1,Vigilance
2023-11-08,El Akarit,33.849,10.143,4,oculaire,0.946,1.004,9.783,28.292,15.25,23.03,40.2,67.8,20.9,1,Vigilance
2023-11-08,Oudhref,33.83,10.087,2,oculaire,0.946,1.004,9.783,28.292,15.25,23.03,40.2,67.8,20.9,1,Vigilance
2023-11-08,Bab Bhar,33.891,10.118,0,respiratoire,0.946,1.004,9.783,28.292,15.25,23.03,40.2,67.8,20.9,1,Vigilance
2023-11-08,Jara,33.905,10.071,0,oculaire,0.946,1.004,9.783,28.292,15.25,23.03,40.2,67.8,20.9,1,Vigilance
2023-11-09,Bou Chemma,33.882,10.098,3,respiratoire,0.733,0.662,5.229,18.8,7.458,14.7,81.0,65.8,20.8,1,Vigilance
2023-11-09,Chatt,33.876,10.105,5,respiratoire,0.733,0.662,5.229,18.8,7.458,14.7,81.0,65.8,20.8,2,Critique
2023-11-09,Metouia,33.971,10.001,7,respiratoire,0.733,0.662,5.229,18.8,7.458,14.7,81.0,65.8,20.8,2,Critique
2023-11-09,Chenini,33.899,10.044,5,oculaire,0.733,0.662,5.229,18.8,7.458,14.7,81.0,65.8,20.8,2,Critique
2023-11-09,El Akarit,33.849,10.143,6,respiratoire,0.733,0.662,5.229,18.8,7.458,14.7,81.0,65.8,20.8,2,Critique
2023-11-09,Oudhref,33.83,10.087,4,respiratoire,0.733,0.662,5.229,18.8,7.458,14.7,81.0,65.8,20.8,1,Vigilance
2023-11-09,Bab Bhar,33.891,10.118,3,oculaire,0.733,0.662,5.229,18.8,7.458,14.7,81.0,65.8,20.8,1,Vigilance
2023-11-09,Jara,33.905,10.071,6,dermatologique,0.733,0.662,5.229,18.8,7.458,14.7,81.0,65.8,20.8,2,Critique
2023-11-10,Bou Chemma,33.882,10.098,11,digestif,0.925,1.446,8.696,24.488,10.5,6.96,176.8,78.2,20.2,3,Urgence
2023-11-10,Chatt,33.876,10.105,8,oculaire,0.925,1.446,8.696,24.488,10.5,6.96,176.8,78.2,20.2,2,Critique
2023-11-10,Metouia,33.971,10.001,6,oculaire,0.925,1.446,8.696,24.488,10.5,6.96,176.8,78.2,20.2,2,Critique
2023-11-10,Chenini,33.899,10.044,1,respiratoire,0.925,1.446,8.696,24.488,10.5,6.96,176.8,78.2,20.2,1,Vigilance
2023-11-10,El Akarit,33.849,10.143,8,oculaire,0.925,1.446,8.696,24.488,10.5,6.96,176.8,78.2,20.2,2,Critique
2023-11-10,Oudhref,33.83,10.087,5,respiratoire,0.925,1.446,8.696,24.488,10.5,6.96,176.8,78.2,20.2,2,Critique
2023-11-10,Bab Bhar,33.891,10.118,4,digestif,0.925,1.446,8.696,24.488,10.5,6.96,176.8,78.2,20.2,2,Critique
2023-11-10,Jara,33.905,10.071,4,respiratoire,0.925,1.446,8.696,24.488,10.5,6.96,176.8,78.2,20.2,2,Critique
2023-11-11,Bou Chemma,33.882,10.098,2,respiratoire,1.546,1.383,7.421,12.046,2.708,10.91,195.6,48.7,19.4,2,Critique
2023-11-11,Chatt,33.876,10.105,3,respiratoire,1.546,1.383,7.421,12.046,2.708,10.91,195.6,48.7,19.4,2,Critique
2023-11-11,Metouia,33.971,10.001,1,respiratoire,1.546,1.383,7.421,12.046,2.708,10.91,195.6,48.7,19.4,1,Vigilance
2023-11-11,Chenini,33.899,10.044,3,respiratoire,1.546,1.383,7.421,12.046,2.708,10.91,195.6,48.7,19.4,2,Critique
2023-11-11,El Akarit,33.849,10.143,1,respiratoire,1.546,1.383,7.421,12.046,2.708,10.91,195.6,48.7,19.4,1,Vigilance
2023-11-11,Oudhref,33.83,10.087,2,respiratoire,1.546,1.383,7.421,12.046,2.708,10.91,195.6,48.7,19.4,2,Critique
2023-11-11,Bab Bhar,33.891,10.118,1,dermatologique,1.546,1.383,7.421,12.046,2.708,10.91,195.6,48.7,19.4,1,Vigilance
2023-11-11,Jara,33.905,10.071,1,respiratoire,1.546,1.383,7.421,12.046,2.708,10.91,195.6,48.7,19.4,1,Vigilance
2023-11-12,Bou Chemma,33.882,10.098,1,oculaire,1.433,1.379,7.546,11.983,2.958,12.6,245.8,37.8,20.5,1,Vigilance
2023-11-12,Chatt,33.876,10.105,1,respiratoire,1.433,1.379,7.546,11.983,2.958,12.6,245.8,37.8,20.5,1,Vigilance
2023-11-12,Metouia,33.971,10.001,3,oculaire,1.433,1.379,7.546,11.983,2.958,12.6,245.8,37.8,20.5,2,Critique
2023-11-12,Chenini,33.899,10.044,4,oculaire,1.433,1.379,7.546,11.983,2.958,12.6,245.8,37.8,20.5,2,Critique
2023-11-12,El Akarit,33.849,10.143,1,respiratoire,1.433,1.379,7.546,11.983,2.958,12.6,245.8,37.8,20.5,1,Vigilance
2023-11-12,Oudhref,33.83,10.087,1,oculaire,1.433,1.379,7.546,11.983,2.958,12.6,245.8,37.8,20.5,1,Vigilance
2023-11-12,Bab Bhar,33.891,10.118,1,respiratoire,1.433,1.379,7.546,11.983,2.958,12.6,245.8,37.8,20.5,1,Vigilance
2023-11-12,Jara,33.905,10.071,0,respiratoire,1.433,1.379,7.546,11.983,2.958,12.6,245.8,37.8,20.5,1,Vigilance
2023-11-13,Bou Chemma,33.882,10.098,8,respiratoire,1.025,1.675,6.217,10.037,0.458,7.89,163.5,60.9,20.0,2,Critique
2023-11-13,Chatt,33.876,10.105,3,digestif,1.025,1.675,6.217,10.037,0.458,7.89,163.5,60.9,20.0,2,Critique
2023-11-13,Metouia,33.971,10.001,5,digestif,1.025,1.675,6.217,10.037,0.458,7.89,163.5,60.9,20.0,2,Critique
2023-11-13,Chenini,33.899,10.044,4,respiratoire,1.025,1.675,6.217,10.037,0.458,7.89,163.5,60.9,20.0,2,Critique
2023-11-13,El Akarit,33.849,10.143,11,respiratoire,1.025,1.675,6.217,10.037,0.458,7.89,163.5,60.9,20.0,3,Urgence
2023-11-13,Oudhref,33.83,10.087,5,dermatologique,1.025,1.675,6.217,10.037,0.458,7.89,163.5,60.9,20.0,2,Critique
2023-11-13,Bab Bhar,33.891,10.118,0,digestif,1.025,1.675,6.217,10.037,0.458,7.89,163.5,60.9,20.0,1,Vigilance
2023-11-13,Jara,33.905,10.071,3,respiratoire,1.025,1.675,6.217,10.037,0.458,7.89,163.5,60.9,20.0,2,Critique
2023-11-14,Bou Chemma,33.882,10.098,1,respiratoire,0.913,1.825,5.771,8.796,0.75,10.85,243.2,59.3,20.7,0,Normal
2023-11-14,Chatt,33.876,10.105,4,oculaire,0.913,1.825,5.771,8.796,0.75,10.85,243.2,59.3,20.7,1,Vigilance
2023-11-14,Metouia,33.971,10.001,1,oculaire,0.913,1.825,5.771,8.796,0.75,10.85,243.2,59.3,20.7,0,Normal
2023-11-14,Chenini,33.899,10.044,0,digestif,0.913,1.825,5.771,8.796,0.75,10.85,243.2,59.3,20.7,0,Normal
2023-11-14,El Akarit,33.849,10.143,2,respiratoire,0.913,1.825,5.771,8.796,0.75,10.85,243.2,59.3,20.7,0,Normal
2023-11-14,Oudhref,33.83,10.087,0,respiratoire,0.913,1.825,5.771,8.796,0.75,10.85,243.2,59.3,20.7,0,Normal
2023-11-14,Bab Bhar,33.891,10.118,3,oculaire,0.913,1.825,5.771,8.796,0.75,10.85,243.2,59.3,20.7,1,Vigilance
2023-11-14,Jara,33.905,10.071,1,oculaire,0.913,1.825,5.771,8.796,0.75,10.85,243.2,59.3,20.7,0,Normal
2023-11-15,Bou Chemma,33.882,10.098,0,respiratoire,0.925,1.617,6.942,9.65,1.292,13.91,259.0,46.2,20.7,0,Normal
2023-11-15,Chatt,33.876,10.105,2,respiratoire,0.925,1.617,6.942,9.65,1.292,13.91,259.0,46.2,20.7,1,Vigilance
2023-11-15,Metouia,33.971,10.001,0,respiratoire,0.925,1.617,6.942,9.65,1.292,13.91,259.0,46.2,20.7,0,Normal
2023-11-15,Chenini,33.899,10.044,0,respiratoire,0.925,1.617,6.942,9.65,1.292,13.91,259.0,46.2,20.7,0,Normal
2023-11-15,El Akarit,33.849,10.143,4,respiratoire,0.925,1.617,6.942,9.65,1.292,13.91,259.0,46.2,20.7,1,Vigilance
2023-11-15,Oudhref,33.83,10.087,1,respiratoire,0.925,1.617,6.942,9.65,1.292,13.91,259.0,46.2,20.7,0,Normal
2023-11-15,Bab Bhar,33.891,10.118,0,oculaire,0.925,1.617,6.942,9.65,1.292,13.91,259.0,46.2,20.7,0,Normal
2023-11-15,Jara,33.905,10.071,3,respiratoire,0.925,1.617,6.942,9.65,1.292,13.91,259.0,46.2,20.7,1,Vigilance
2023-11-16,Bou Chemma,33.882,10.098,3,respiratoire,1.004,1.942,6.525,10.662,0.5,6.66,174.1,64.7,19.4,2,Critique
2023-11-16,Chatt,33.876,10.105,8,respiratoire,1.004,1.942,6.525,10.662,0.5,6.66,174.1,64.7,19.4,2,Critique
2023-11-16,Metouia,33.971,10.001,2,respiratoire,1.004,1.942,6.525,10.662,0.5,6.66,174.1,64.7,19.4,2,Critique
2023-11-16,Chenini,33.899,10.044,2,respiratoire,1.004,1.942,6.525,10.662,0.5,6.66,174.1,64.7,19.4,2,Critique
2023-11-16,El Akarit,33.849,10.143,4,dermatologique,1.004,1.942,6.525,10.662,0.5,6.66,174.1,64.7,19.4,2,Critique
2023-11-16,Oudhref,33.83,10.087,7,respiratoire,1.004,1.942,6.525,10.662,0.5,6.66,174.1,64.7,19.4,2,Critique
2023-11-16,Bab Bhar,33.891,10.118,11,respiratoire,1.004,1.942,6.525,10.662,0.5,6.66,174.1,64.7,19.4,3,Urgence
2023-11-16,Jara,33.905,10.071,0,dermatologique,1.004,1.942,6.525,10.662,0.5,6.66,174.1,64.7,19.4,1,Vigilance
2023-11-17,Bou Chemma,33.882,10.098,2,digestif,0.867,1.562,7.567,9.579,1.042,14.0,250.8,47.5,20.2,1,Vigilance
2023-11-17,Chatt,33.876,10.105,4,respiratoire,0.867,1.562,7.567,9.579,1.042,14.0,250.8,47.5,20.2,1,Vigilance
2023-11-17,Metouia,33.971,10.001,1,oculaire,0.867,1.562,7.567,9.579,1.042,14.0,250.8,47.5,20.2,0,Normal
2023-11-17,Chenini,33.899,10.044,1,dermatologique,0.867,1.562,7.567,9.579,1.042,14.0,250.8,47.5,20.2,0,Normal
2023-11-17,El Akarit,33.849,10.143,0,digestif,0.867,1.562,7.567,9.579,1.042,14.0,250.8,47.5,20.2,0,Normal
2023-11-17,Oudhref,33.83,10.087,0,respiratoire,0.867,1.562,7.567,9.579,1.042,14.0,250.8,47.5,20.2,0,Normal
2023-11-17,Bab Bhar,33.891,10.118,1,digestif,0.867,1.562,7.567,9.579,1.042,14.0,250.8,47.5,20.2,0,Normal
2023-11-17,Jara,33.905,10.071,1,respiratoire,0.867,1.562,7.567,9.579,1.042,14.0,250.8,47.5,20.2,0,Normal
2023-11-18,Bou Chemma,33.882,10.098,10,dermatologique,0.867,1.521,6.308,9.875,1.208,9.59,164.0,56.6,19.4,2,Critique
2023-11-18,Chatt,33.876,10.105,5,digestif,0.867,1.521,6.308,9.875,1.208,9.59,164.0,56.6,19.4,2,Critique
2023-11-18,Metouia,33.971,10.001,1,oculaire,0.867,1.521,6.308,9.875,1.208,9.59,164.0,56.6,19.4,1,Vigilance
2023-11-18,Chenini,33.899,10.044,3,digestif,0.867,1.521,6.308,9.875,1.208,9.59,164.0,56.6,19.4,1,Vigilance
2023-11-18,El Akarit,33.849,10.143,8,digestif,0.867,1.521,6.308,9.875,1.208,9.59,164.0,56.6,19.4,2,Critique
2023-11-18,Oudhref,33.83,10.087,3,oculaire,0.867,1.521,6.308,9.875,1.208,9.59,164.0,56.6,19.4,1,Vigilance
2023-11-18,Bab Bhar,33.891,10.118,3,dermatologique,0.867,1.521,6.308,9.875,1.208,9.59,164.0,56.6,19.4,1,Vigilance
2023-11-18,Jara,33.905,10.071,2,respiratoire,0.867,1.521,6.308,9.875,1.208,9.59,164.0,56.6,19.4,1,Vigilance
2023-11-19,Bou Chemma,33.882,10.098,5,dermatologique,0.504,1.067,4.104,9.708,0.042,9.77,156.4,61.2,17.8,1,Vigilance
2023-11-19,Chatt,33.876,10.105,4,digestif,0.504,1.067,4.104,9.708,0.042,9.77,156.4,61.2,17.8,1,Vigilance
2023-11-19,Metouia,33.971,10.001,1,digestif,0.504,1.067,4.104,9.708,0.042,9.77,156.4,61.2,17.8,0,Normal
2023-11-19,Chenini,33.899,10.044,1,dermatologique,0.504,1.067,4.104,9.708,0.042,9.77,156.4,61.2,17.8,0,Normal
2023-11-19,El Akarit,33.849,10.143,3,oculaire,0.504,1.067,4.104,9.708,0.042,9.77,156.4,61.2,17.8,1,Vigilance
2023-11-19,Oudhref,33.83,10.087,0,respiratoire,0.504,1.067,4.104,9.708,0.042,9.77,156.4,61.2,17.8,0,Normal
2023-11-19,Bab Bhar,33.891,10.118,0,respiratoire,0.504,1.067,4.104,9.708,0.042,9.77,156.4,61.2,17.8,0,Normal
2023-11-19,Jara,33.905,10.071,0,digestif,0.504,1.067,4.104,9.708,0.042,9.77,156.4,61.2,17.8,0,Normal
2023-11-20,Bou Chemma,33.882,10.098,0,respiratoire,0.629,1.367,5.517,9.333,0.708,15.24,240.1,57.5,17.4,0,Normal
2023-11-20,Chatt,33.876,10.105,2,respiratoire,0.629,1.367,5.517,9.333,0.708,15.24,240.1,57.5,17.4,0,Normal
2023-11-20,Metouia,33.971,10.001,1,digestif,0.629,1.367,5.517,9.333,0.708,15.24,240.1,57.5,17.4,0,Normal
2023-11-20,Chenini,33.899,10.044,0,respiratoire,0.629,1.367,5.517,9.333,0.708,15.24,240.1,57.5,17.4,0,Normal
2023-11-20,El Akarit,33.849,10.143,3,oculaire,0.629,1.367,5.517,9.333,0.708,15.24,240.1,57.5,17.4,0,Normal
2023-11-20,Oudhref,33.83,10.087,0,respiratoire,0.629,1.367,5.517,9.333,0.708,15.24,240.1,57.5,17.4,0,Normal
2023-11-20,Bab Bhar,33.891,10.118,1,dermatologique,0.629,1.367,5.517,9.333,0.708,15.24,240.1,57.5,17.4,0,Normal
2023-11-20,Jara,33.905,10.071,2,respiratoire,0.629,1.367,5.517,9.333,0.708,15.24,240.1,57.5,17.4,0,Normal
2023-11-21,Bou Chemma,33.882,10.098,2,respiratoire,0.688,0.917,9.642,18.625,9.542,21.88,247.0,51.8,18.9,0,Normal
2023-11-21,Chatt,33.876,10.105,6,respiratoire,0.688,0.917,9.642,18.625,9.542,21.88,247.0,51.8,18.9,1,Vigilance
2023-11-21,Metouia,33.971,10.001,1,respiratoire,0.688,0.917,9.642,18.625,9.542,21.88,247.0,51.8,18.9,0,Normal
2023-11-21,Chenini,33.899,10.044,2,dermatologique,0.688,0.917,9.642,18.625,9.542,21.88,247.0,51.8,18.9,0,Normal
2023-11-21,El Akarit,33.849,10.143,1,digestif,0.688,0.917,9.642,18.625,9.542,21.88,247.0,51.8,18.9,0,Normal
2023-11-21,Oudhref,33.83,10.087,0,oculaire,0.688,0.917,9.642,18.625,9.542,21.88,247.0,51.8,18.9,0,Normal
2023-11-21,Bab Bhar,33.891,10.118,0,digestif,0.688,0.917,9.642,18.625,9.542,21.88,247.0,51.8,18.9,0,Normal
2023-11-21,Jara,33.905,10.071,1,oculaire,0.688,0.917,9.642,18.625,9.542,21.88,247.0,51.8,18.9,0,Normal
2023-11-22,Bou Chemma,33.882,10.098,0,respiratoire,0.567,1.213,5.225,9.396,2.083,19.03,279.9,60.4,15.6,0,Normal
2023-11-22,Chatt,33.876,10.105,1,oculaire,0.567,1.213,5.225,9.396,2.083,19.03,279.9,60.4,15.6,0,Normal
2023-11-22,Metouia,33.971,10.001,1,oculaire,0.567,1.213,5.225,9.396,2.083,19.03,279.9,60.4,15.6,0,Normal
2023-11-22,Chenini,33.899,10.044,0,respiratoire,0.567,1.213,5.225,9.396,2.083,19.03,279.9,60.4,15.6,0,Normal
2023-11-22,El Akarit,33.849,10.143,2,respiratoire,0.567,1.213,5.225,9.396,2.083,19.03,279.9,60.4,15.6,0,Normal
2023-11-22,Oudhref,33.83,10.087,0,oculaire,0.567,1.213,5.225,9.396,2.083,19.03,279.9,60.4,15.6,0,Normal
2023-11-22,Bab Bhar,33.891,10.118,1,oculaire,0.567,1.213,5.225,9.396,2.083,19.03,279.9,60.4,15.6,0,Normal
2023-11-22,Jara,33.905,10.071,0,respiratoire,0.567,1.213,5.225,9.396,2.083,19.03,279.9,60.4,15.6,0,Normal
2023-11-23,Bou Chemma,33.882,10.098,2,dermatologique,0.621,1.579,3.604,5.429,1.583,18.72,249.5,62.9,13.7,0,Normal
2023-11-23,Chatt,33.876,10.105,3,dermatologique,0.621,1.579,3.604,5.429,1.583,18.72,249.5,62.9,13.7,0,Normal
2023-11-23,Metouia,33.971,10.001,0,digestif,0.621,1.579,3.604,5.429,1.583,18.72,249.5,62.9,13.7,0,Normal
2023-11-23,Chenini,33.899,10.044,0,respiratoire,0.621,1.579,3.604,5.429,1.583,18.72,249.5,62.9,13.7,0,Normal
2023-11-23,El Akarit,33.849,10.143,2,respiratoire,0.621,1.579,3.604,5.429,1.583,18.72,249.5,62.9,13.7,0,Normal
2023-11-23,Oudhref,33.83,10.087,0,respiratoire,0.621,1.579,3.604,5.429,1.583,18.72,249.5,62.9,13.7,0,Normal
2023-11-23,Bab Bhar,33.891,10.118,0,respiratoire,0.621,1.579,3.604,5.429,1.583,18.72,249.5,62.9,13.7,0,Normal
2023-11-23,Jara,33.905,10.071,1,dermatologique,0.621,1.579,3.604,5.429,1.583,18.72,249.5,62.9,13.7,0,Normal
2023-11-24,Bou Chemma,33.882,10.098,0,oculaire,0.604,1.588,4.2,10.225,5.542,10.66,262.6,71.0,13.8,0,Normal
2023-11-24,Chatt,33.876,10.105,0,oculaire,0.604,1.588,4.2,10.225,5.542,10.66,262.6,71.0,13.8,0,Normal
2023-11-24,Metouia,33.971,10.001,2,respiratoire,0.604,1.588,4.2,10.225,5.542,10.66,262.6,71.0,13.8,0,Normal
2023-11-24,Chenini,33.899,10.044,3,dermatologique,0.604,1.588,4.2,10.225,5.542,10.66,262.6,71.0,13.8,0,Normal
2023-11-24,El Akarit,33.849,10.143,0,respiratoire,0.604,1.588,4.2,10.225,5.542,10.66,262.6,71.0,13.8,0,Normal
2023-11-24,Oudhref,33.83,10.087,0,respiratoire,0.604,1.588,4.2,10.225,5.542,10.66,262.6,71.0,13.8,0,Normal
2023-11-24,Bab Bhar,33.891,10.118,3,oculaire,0.604,1.588,4.2,10.225,5.542,10.66,262.6,71.0,13.8,0,Normal
2023-11-24,Jara,33.905,10.071,1,digestif,0.604,1.588,4.2,10.225,5.542,10.66,262.6,71.0,13.8,0,Normal
2023-11-25,Bou Chemma,33.882,10.098,4,respiratoire,0.675,1.354,5.617,15.188,6.417,24.47,262.0,61.1,15.7,0,Normal
2023-11-25,Chatt,33.876,10.105,3,respiratoire,0.675,1.354,5.617,15.188,6.417,24.47,262.0,61.1,15.7,0,Normal
2023-11-25,Metouia,33.971,10.001,2,respiratoire,0.675,1.354,5.617,15.188,6.417,24.47,262.0,61.1,15.7,0,Normal
2023-11-25,Chenini,33.899,10.044,0,oculaire,0.675,1.354,5.617,15.188,6.417,24.47,262.0,61.1,15.7,0,Normal
2023-11-25,El Akarit,33.849,10.143,0,digestif,0.675,1.354,5.617,15.188,6.417,24.47,262.0,61.1,15.7,0,Normal
2023-11-25,Oudhref,33.83,10.087,1,oculaire,0.675,1.354,5.617,15.188,6.417,24.47,262.0,61.1,15.7,0,Normal
2023-11-25,Bab Bhar,33.891,10.118,1,respiratoire,0.675,1.354,5.617,15.188,6.417,24.47,262.0,61.1,15.7,0,Normal
2023-11-25,Jara,33.905,10.071,1,oculaire,0.675,1.354,5.617,15.188,6.417,24.47,262.0,61.1,15.7,0,Normal
2023-11-26,Bou Chemma,33.882,10.098,2,oculaire,0.579,1.446,3.692,10.933,0.167,8.39,214.0,56.8,14.2,0,Normal
2023-11-26,Chatt,33.876,10.105,1,digestif,0.579,1.446,3.692,10.933,0.167,8.39,214.0,56.8,14.2,0,Normal
2023-11-26,Metouia,33.971,10.001,1,oculaire,0.579,1.446,3.692,10.933,0.167,8.39,214.0,56.8,14.2,0,Normal
2023-11-26,Chenini,33.899,10.044,0,oculaire,0.579,1.446,3.692,10.933,0.167,8.39,214.0,56.8,14.2,0,Normal
2023-11-26,El Akarit,33.849,10.143,1,respiratoire,0.579,1.446,3.692,10.933,0.167,8.39,214.0,56.8,14.2,0,Normal
2023-11-26,Oudhref,33.83,10.087,1,oculaire,0.579,1.446,3.692,10.933,0.167,8.39,214.0,56.8,14.2,0,Normal
2023-11-26,Bab Bhar,33.891,10.118,0,dermatologique,0.579,1.446,3.692,10.933,0.167,8.39,214.0,56.8,14.2,0,Normal
2023-11-26,Jara,33.905,10.071,2,oculaire,0.579,1.446,3.692,10.933,0.167,8.39,214.0,56.8,14.2,0,Normal
2023-11-27,Bou Chemma,33.882,10.098,1,respiratoire,0.65,1.542,7.608,18.6,7.333,13.71,231.6,49.4,14.3,0,Normal
2023-11-27,Chatt,33.876,10.105,3,digestif,0.65,1.542,7.608,18.6,7.333,13.71,231.6,49.4,14.3,0,Normal
2023-11-27,Metouia,33.971,10.001,0,digestif,0.65,1.542,7.608,18.6,7.333,13.71,231.6,49.4,14.3,0,Normal
2023-11-27,Chenini,33.899,10.044,0,respiratoire,0.65,1.542,7.608,18.6,7.333,13.71,231.6,49.4,14.3,0,Normal
2023-11-27,El Akarit,33.849,10.143,2,digestif,0.65,1.542,7.608,18.6,7.333,13.71,231.6,49.4,14.3,0,Normal
2023-11-27,Oudhref,33.83,10.087,1,oculaire,0.65,1.542,7.608,18.6,7.333,13.71,231.6,49.4,14.3,0,Normal
2023-11-27,Bab Bhar,33.891,10.118,0,digestif,0.65,1.542,7.608,18.6,7.333,13.71,231.6,49.4,14.3,0,Normal
2023-11-27,Jara,33.905,10.071,0,respiratoire,0.65,1.542,7.608,18.6,7.333,13.71,231.6,49.4,14.3,0,Normal
2023-11-28,Bou Chemma,33.882,10.098,6,respiratoire,0.854,0.925,10.942,20.996,12.542,24.54,248.2,38.2,15.6,2,Critique
2023-11-28,Chatt,33.876,10.105,2,respiratoire,0.854,0.925,10.942,20.996,12.542,24.54,248.2,38.2,15.6,1,Vigilance
2023-11-28,Metouia,33.971,10.001,2,oculaire,0.854,0.925,10.942,20.996,12.542,24.54,248.2,38.2,15.6,1,Vigilance
2023-11-28,Chenini,33.899,10.044,3,respiratoire,0.854,0.925,10.942,20.996,12.542,24.54,248.2,38.2,15.6,1,Vigilance
2023-11-28,El Akarit,33.849,10.143,1,respiratoire,0.854,0.925,10.942,20.996,12.542,24.54,248.2,38.2,15.6,1,Vigilance
2023-11-28,Oudhref,33.83,10.087,0,oculaire,0.854,0.925,10.942,20.996,12.542,24.54,248.2,38.2,15.6,0,Normal
2023-11-28,Bab Bhar,33.891,10.118,1,respiratoire,0.854,0.925,10.942,20.996,12.542,24.54,248.2,38.2,15.6,1,Vigilance
2023-11-28,Jara,33.905,10.071,2,respiratoire,0.854,0.925,10.942,20.996,12.542,24.54,248.2,38.2,15.6,1,Vigilance
2023-11-29,Bou Chemma,33.882,10.098,1,respiratoire,1.183,1.658,8.562,13.342,4.0,15.75,245.9,33.2,17.2,1,Vigilance
2023-11-29,Chatt,33.876,10.105,4,digestif,1.183,1.658,8.562,13.342,4.0,15.75,245.9,33.2,17.2,2,Critique
2023-11-29,Metouia,33.971,10.001,2,respiratoire,1.183,1.658,8.562,13.342,4.0,15.75,245.9,33.2,17.2,1,Vigilance
2023-11-29,Chenini,33.899,10.044,2,respiratoire,1.183,1.658,8.562,13.342,4.0,15.75,245.9,33.2,17.2,1,Vigilance
2023-11-29,El Akarit,33.849,10.143,6,respiratoire,1.183,1.658,8.562,13.342,4.0,15.75,245.9,33.2,17.2,2,Critique
2023-11-29,Oudhref,33.83,10.087,1,respiratoire,1.183,1.658,8.562,13.342,4.0,15.75,245.9,33.2,17.2,1,Vigilance
2023-11-29,Bab Bhar,33.891,10.118,0,dermatologique,1.183,1.658,8.562,13.342,4.0,15.75,245.9,33.2,17.2,1,Vigilance
2023-11-29,Jara,33.905,10.071,0,respiratoire,1.183,1.658,8.562,13.342,4.0,15.75,245.9,33.2,17.2,1,Vigilance
2023-11-30,Bou Chemma,33.882,10.098,5,oculaire,0.812,1.113,12.067,15.533,9.708,17.12,233.0,25.4,19.6,2,Critique
2023-11-30,Chatt,33.876,10.105,0,oculaire,0.812,1.113,12.067,15.533,9.708,17.12,233.0,25.4,19.6,1,Vigilance
2023-11-30,Metouia,33.971,10.001,1,respiratoire,0.812,1.113,12.067,15.533,9.708,17.12,233.0,25.4,19.6,1,Vigilance
2023-11-30,Chenini,33.899,10.044,2,dermatologique,0.812,1.113,12.067,15.533,9.708,17.12,233.0,25.4,19.6,1,Vigilance
2023-11-30,El Akarit,33.849,10.143,1,digestif,0.812,1.113,12.067,15.533,9.708,17.12,233.0,25.4,19.6,1,Vigilance
2023-11-30,Oudhref,33.83,10.087,2,digestif,0.812,1.113,12.067,15.533,9.708,17.12,233.0,25.4,19.6,1,Vigilance
2023-11-30,Bab Bhar,33.891,10.118,1,respiratoire,0.812,1.113,12.067,15.533,9.708,17.12,233.0,25.4,19.6,1,Vigilance
2023-11-30,Jara,33.905,10.071,5,respiratoire,0.812,1.113,12.067,15.533,9.708,17.12,233.0,25.4,19.6,2,Critique
2023-12-01,Bou Chemma,33.882,10.098,6,oculaire,0.592,0.9,19.229,30.171,26.417,18.46,234.5,22.5,19.2,2,Critique
2023-12-01,Chatt,33.876,10.105,5,oculaire,0.592,0.9,19.229,30.171,26.417,18.46,234.5,22.5,19.2,2,Critique
2023-12-01,Metouia,33.971,10.001,4,oculaire,0.592,0.9,19.229,30.171,26.417,18.46,234.5,22.5,19.2,2,Critique
2023-12-01,Chenini,33.899,10.044,4,oculaire,0.592,0.9,19.229,30.171,26.417,18.46,234.5,22.5,19.2,2,Critique
2023-12-01,El Akarit,33.849,10.143,6,oculaire,0.592,0.9,19.229,30.171,26.417,18.46,234.5,22.5,19.2,2,Critique
2023-12-01,Oudhref,33.83,10.087,1,respiratoire,0.592,0.9,19.229,30.171,26.417,18.46,234.5,22.5,19.2,1,Vigilance
2023-12-01,Bab Bhar,33.891,10.118,2,oculaire,0.592,0.9,19.229,30.171,26.417,18.46,234.5,22.5,19.2,2,Critique
2023-12-01,Jara,33.905,10.071,4,digestif,0.592,0.9,19.229,30.171,26.417,18.46,234.5,22.5,19.2,2,Critique
2023-12-02,Bou Chemma,33.882,10.098,5,respiratoire,0.475,0.983,14.617,27.946,24.083,15.92,210.7,30.5,18.8,1,Vigilance
2023-12-02,Chatt,33.876,10.105,3,oculaire,0.475,0.983,14.617,27.946,24.083,15.92,210.7,30.5,18.8,1,Vigilance
2023-12-02,Metouia,33.971,10.001,4,digestif,0.475,0.983,14.617,27.946,24.083,15.92,210.7,30.5,18.8,1,Vigilance
2023-12-02,Chenini,33.899,10.044,2,oculaire,0.475,0.983,14.617,27.946,24.083,15.92,210.7,30.5,18.8,1,Vigilance
2023-12-02,El Akarit,33.849,10.143,7,oculaire,0.475,0.983,14.617,27.946,24.083,15.92,210.7,30.5,18.8,2,Critique
2023-12-02,Oudhref,33.83,10.087,1,oculaire,0.475,0.983,14.617,27.946,24.083,15.92,210.7,30.5,18.8,1,Vigilance
2023-12-02,Bab Bhar,33.891,10.118,1,respiratoire,0.475,0.983,14.617,27.946,24.083,15.92,210.7,30.5,18.8,1,Vigilance
2023-12-02,Jara,33.905,10.071,1,respiratoire,0.475,0.983,14.617,27.946,24.083,15.92,210.7,30.5,18.8,1,Vigilance
2023-12-03,Bou Chemma,33.882,10.098,3,dermatologique,0.746,1.021,4.554,12.379,1.5,18.15,23.3,69.7,16.3,0,Normal
2023-12-03,Chatt,33.876,10.105,1,digestif,0.746,1.021,4.554,12.379,1.5,18.15,23.3,69.7,16.3,0,Normal
2023-12-03,Metouia,33.971,10.001,0,oculaire,0.746,1.021,4.554,12.379,1.5,18.15,23.3,69.7,16.3,0,Normal
2023-12-03,Chenini,33.899,10.044,0,respiratoire,0.746,1.021,4.554,12.379,1.5,18.15,23.3,69.7,16.3,0,Normal
2023-12-03,El Akarit,33.849,10.143,2,dermatologique,0.746,1.021,4.554,12.379,1.5,18.15,23.3,69.7,16.3,0,Normal
2023-12-03,Oudhref,33.83,10.087,2,respiratoire,0.746,1.021,4.554,12.379,1.5,18.15,23.3,69.7,16.3,0,Normal
2023-12-03,Bab Bhar,33.891,10.118,1,respiratoire,0.746,1.021,4.554,12.379,1.5,18.15,23.3,69.7,16.3,0,Normal
2023-12-03,Jara,33.905,10.071,1,respiratoire,0.746,1.021,4.554,12.379,1.5,18.15,23.3,69.7,16.3,0,Normal
2023-12-04,Bou Chemma,33.882,10.098,1,respiratoire,0.879,1.667,4.25,9.258,0.0,9.7,290.0,64.9,13.2,0,Normal
2023-12-04,Chatt,33.876,10.105,0,respiratoire,0.879,1.667,4.25,9.258,0.0,9.7,290.0,64.9,13.2,0,Normal
2023-12-04,Metouia,33.971,10.001,2,oculaire,0.879,1.667,4.25,9.258,0.0,9.7,290.0,64.9,13.2,0,Normal
2023-12-04,Chenini,33.899,10.044,0,respiratoire,0.879,1.667,4.25,9.258,0.0,9.7,290.0,64.9,13.2,0,Normal
2023-12-04,El Akarit,33.849,10.143,1,oculaire,0.879,1.667,4.25,9.258,0.0,9.7,290.0,64.9,13.2,0,Normal
2023-12-04,Oudhref,33.83,10.087,1,respiratoire,0.879,1.667,4.25,9.258,0.0,9.7,290.0,64.9,13.2,0,Normal
2023-12-04,Bab Bhar,33.891,10.118,1,oculaire,0.879,1.667,4.25,9.258,0.0,9.7,290.0,64.9,13.2,0,Normal
2023-12-04,Jara,33.905,10.071,1,dermatologique,0.879,1.667,4.25,9.258,0.0,9.7,290.0,64.9,13.2,0,Normal
2023-12-05,Bou Chemma,33.882,10.098,3,dermatologique,0.688,1.129,4.629,8.392,1.667,19.38,248.1,60.1,13.9,0,Normal
2023-12-05,Chatt,33.876,10.105,1,respiratoire,0.688,1.129,4.629,8.392,1.667,19.38,248.1,60.1,13.9,0,Normal
2023-12-05,Metouia,33.971,10.001,0,oculaire,0.688,1.129,4.629,8.392,1.667,19.38,248.1,60.1,13.9,0,Normal
2023-12-05,Chenini,33.899,10.044,1,respiratoire,0.688,1.129,4.629,8.392,1.667,19.38,248.1,60.1,13.9,0,Normal
2023-12-05,El Akarit,33.849,10.143,4,respiratoire,0.688,1.129,4.629,8.392,1.667,19.38,248.1,60.1,13.9,0,Normal
2023-12-05,Oudhref,33.83,10.087,0,respiratoire,0.688,1.129,4.629,8.392,1.667,19.38,248.1,60.1,13.9,0,Normal
2023-12-05,Bab Bhar,33.891,10.118,0,respiratoire,0.688,1.129,4.629,8.392,1.667,19.38,248.1,60.1,13.9,0,Normal
2023-12-05,Jara,33.905,10.071,1,respiratoire,0.688,1.129,4.629,8.392,1.667,19.38,248.1,60.1,13.9,0,Normal
2023-12-06,Bou Chemma,33.882,10.098,3,oculaire,1.75,3.367,7.921,13.846,2.0,4.62,221.1,74.8,13.7,2,Critique
2023-12-06,Chatt,33.876,10.105,6,respiratoire,1.75,3.367,7.921,13.846,2.0,4.62,221.1,74.8,13.7,2,Critique
2023-12-06,Metouia,33.971,10.001,2,respiratoire,1.75,3.367,7.921,13.846,2.0,4.62,221.1,74.8,13.7,2,Critique
2023-12-06,Chenini,33.899,10.044,2,respiratoire,1.75,3.367,7.921,13.846,2.0,4.62,221.1,74.8,13.7,2,Critique
2023-12-06,El Akarit,33.849,10.143,4,respiratoire,1.75,3.367,7.921,13.846,2.0,4.62,221.1,74.8,13.7,2,Critique
2023-12-06,Oudhref,33.83,10.087,2,respiratoire,1.75,3.367,7.921,13.846,2.0,4.62,221.1,74.8,13.7,2,Critique
2023-12-06,Bab Bhar,33.891,10.118,1,respiratoire,1.75,3.367,7.921,13.846,2.0,4.62,221.1,74.8,13.7,2,Critique
2023-12-06,Jara,33.905,10.071,3,oculaire,1.75,3.367,7.921,13.846,2.0,4.62,221.1,74.8,13.7,2,Critique
2023-12-07,Bou Chemma,33.882,10.098,5,respiratoire,1.204,2.775,5.933,10.075,0.458,10.92,201.4,71.2,13.3,2,Critique
2023-12-07,Chatt,33.876,10.105,2,respiratoire,1.204,2.775,5.933,10.075,0.458,10.92,201.4,71.2,13.3,1,Vigilance
2023-12-07,Metouia,33.971,10.001,1,respiratoire,1.204,2.775,5.933,10.075,0.458,10.92,201.4,71.2,13.3,1,Vigilance
2023-12-07,Chenini,33.899,10.044,2,respiratoire,1.204,2.775,5.933,10.075,0.458,10.92,201.4,71.2,13.3,1,Vigilance
2023-12-07,El Akarit,33.849,10.143,1,respiratoire,1.204,2.775,5.933,10.075,0.458,10.92,201.4,71.2,13.3,1,Vigilance
2023-12-07,Oudhref,33.83,10.087,1,respiratoire,1.204,2.775,5.933,10.075,0.458,10.92,201.4,71.2,13.3,1,Vigilance
2023-12-07,Bab Bhar,33.891,10.118,0,dermatologique,1.204,2.775,5.933,10.075,0.458,10.92,201.4,71.2,13.3,0,Normal
2023-12-07,Jara,33.905,10.071,2,respiratoire,1.204,2.775,5.933,10.075,0.458,10.92,201.4,71.2,13.3,1,Vigilance
2023-12-08,Bou Chemma,33.882,10.098,1,oculaire,0.779,1.346,3.854,7.983,1.167,19.95,244.4,69.3,12.6,0,Normal
2023-12-08,Chatt,33.876,10.105,1,respiratoire,0.779,1.346,3.854,7.983,1.167,19.95,244.4,69.3,12.6,0,Normal
2023-12-08,Metouia,33.971,10.001,1,digestif,0.779,1.346,3.854,7.983,1.167,19.95,244.4,69.3,12.6,0,Normal
2023-12-08,Chenini,33.899,10.044,0,oculaire,0.779,1.346,3.854,7.983,1.167,19.95,244.4,69.3,12.6,0,Normal
2023-12-08,El Akarit,33.849,10.143,1,oculaire,0.779,1.346,3.854,7.983,1.167,19.95,244.4,69.3,12.6,0,Normal
2023-12-08,Oudhref,33.83,10.087,1,dermatologique,0.779,1.346,3.854,7.983,1.167,19.95,244.4,69.3,12.6,0,Normal
2023-12-08,Bab Bhar,33.891,10.118,1,respiratoire,0.779,1.346,3.854,7.983,1.167,19.95,244.4,69.3,12.6,0,Normal
2023-12-08,Jara,33.905,10.071,0,digestif,0.779,1.346,3.854,7.983,1.167,19.95,244.4,69.3,12.6,0,Normal
2023-12-09,Bou Chemma,33.882,10.098,2,respiratoire,0.829,1.267,3.729,9.362,2.625,26.39,281.0,68.0,14.4,0,Normal
2023-12-09,Chatt,33.876,10.105,3,respiratoire,0.829,1.267,3.729,9.362,2.625,26.39,281.0,68.0,14.4,0,Normal
2023-12-09,Metouia,33.971,10.001,0,respiratoire,0.829,1.267,3.729,9.362,2.625,26.39,281.0,68.0,14.4,0,Normal
2023-12-09,Chenini,33.899,10.044,2,digestif,0.829,1.267,3.729,9.362,2.625,26.39,281.0,68.0,14.4,0,Normal
2023-12-09,El Akarit,33.849,10.143,2,oculaire,0.829,1.267,3.729,9.362,2.625,26.39,281.0,68.0,14.4,0,Normal
2023-12-09,Oudhref,33.83,10.087,0,respiratoire,0.829,1.267,3.729,9.362,2.625,26.39,281.0,68.0,14.4,0,Normal
2023-12-09,Bab Bhar,33.891,10.118,0,respiratoire,0.829,1.267,3.729,9.362,2.625,26.39,281.0,68.0,14.4,0,Normal
2023-12-09,Jara,33.905,10.071,0,respiratoire,0.829,1.267,3.729,9.362,2.625,26.39,281.0,68.0,14.4,0,Normal
2023-12-10,Bou Chemma,33.882,10.098,0,oculaire,0.933,1.5,4.221,9.037,0.5,17.22,285.5,59.5,14.8,0,Normal
2023-12-10,Chatt,33.876,10.105,0,oculaire,0.933,1.5,4.221,9.037,0.5,17.22,285.5,59.5,14.8,0,Normal
2023-12-10,Metouia,33.971,10.001,0,dermatologique,0.933,1.5,4.221,9.037,0.5,17.22,285.5,59.5,14.8,0,Normal
2023-12-10,Chenini,33.899,10.044,1,oculaire,0.933,1.5,4.221,9.037,0.5,17.22,285.5,59.5,14.8,0,Normal
2023-12-10,El Akarit,33.849,10.143,0,dermatologique,0.933,1.5,4.221,9.037,0.5,17.22,285.5,59.5,14.8,0,Normal
2023-12-10,Oudhref,33.83,10.087,1,respiratoire,0.933,1.5,4.221,9.037,0.5,17.22,285.5,59.5,14.8,0,Normal
2023-12-10,Bab Bhar,33.891,10.118,0,respiratoire,0.933,1.5,4.221,9.037,0.5,17.22,285.5,59.5,14.8,0,Normal
2023-12-10,Jara,33.905,10.071,1,respiratoire,0.933,1.5,4.221,9.037,0.5,17.22,285.5,59.5,14.8,0,Normal
2023-12-11,Bou Chemma,33.882,10.098,0,respiratoire,0.867,1.267,4.679,8.862,1.958,21.02,249.8,52.9,14.5,0,Normal
2023-12-11,Chatt,33.876,10.105,0,digestif,0.867,1.267,4.679,8.862,1.958,21.02,249.8,52.9,14.5,0,Normal
2023-12-11,Metouia,33.971,10.001,0,oculaire,0.867,1.267,4.679,8.862,1.958,21.02,249.8,52.9,14.5,0,Normal
2023-12-11,Chenini,33.899,10.044,0,respiratoire,0.867,1.267,4.679,8.862,1.958,21.02,249.8,52.9,14.5,0,Normal
2023-12-11,El Akarit,33.849,10.143,2,oculaire,0.867,1.267,4.679,8.862,1.958,21.02,249.8,52.9,14.5,0,Normal
2023-12-11,Oudhref,33.83,10.087,1,oculaire,0.867,1.267,4.679,8.862,1.958,21.02,249.8,52.9,14.5,0,Normal
2023-12-11,Bab Bhar,33.891,10.118,1,respiratoire,0.867,1.267,4.679,8.862,1.958,21.02,249.8,52.9,14.5,0,Normal
2023-12-11,Jara,33.905,10.071,0,respiratoire,0.867,1.267,4.679,8.862,1.958,21.02,249.8,52.9,14.5,0,Normal
2023-12-12,Bou Chemma,33.882,10.098,3,respiratoire,0.725,0.883,10.579,21.804,12.208,26.75,244.5,39.8,17.0,1,Vigilance
2023-12-12,Chatt,33.876,10.105,5,respiratoire,0.725,0.883,10.579,21.804,12.208,26.75,244.5,39.8,17.0,1,Vigilance
2023-12-12,Metouia,33.971,10.001,3,oculaire,0.725,0.883,10.579,21.804,12.208,26.75,244.5,39.8,17.0,1,Vigilance
2023-12-12,Chenini,33.899,10.044,1,oculaire,0.725,0.883,10.579,21.804,12.208,26.75,244.5,39.8,17.0,0,Normal
2023-12-12,El Akarit,33.849,10.143,2,oculaire,0.725,0.883,10.579,21.804,12.208,26.75,244.5,39.8,17.0,1,Vigilance
2023-12-12,Oudhref,33.83,10.087,2,respiratoire,0.725,0.883,10.579,21.804,12.208,26.75,244.5,39.8,17.0,1,Vigilance
2023-12-12,Bab Bhar,33.891,10.118,2,digestif,0.725,0.883,10.579,21.804,12.208,26.75,244.5,39.8,17.0,1,Vigilance
2023-12-12,Jara,33.905,10.071,0,respiratoire,0.725,0.883,10.579,21.804,12.208,26.75,244.5,39.8,17.0,0,Normal
2023-12-13,Bou Chemma,33.882,10.098,12,oculaire,0.542,0.633,14.888,69.237,61.125,33.02,240.6,29.5,19.5,2,Critique
2023-12-13,Chatt,33.876,10.105,8,respiratoire,0.542,0.633,14.888,69.237,61.125,33.02,240.6,29.5,19.5,2,Critique
2023-12-13,Metouia,33.971,10.001,3,respiratoire,0.542,0.633,14.888,69.237,61.125,33.02,240.6,29.5,19.5,1,Vigilance
2023-12-13,Chenini,33.899,10.044,1,oculaire,0.542,0.633,14.888,69.237,61.125,33.02,240.6,29.5,19.5,1,Vigilance
2023-12-13,El Akarit,33.849,10.143,7,respiratoire,0.542,0.633,14.888,69.237,61.125,33.02,240.6,29.5,19.5,2,Critique
2023-12-13,Oudhref,33.83,10.087,2,respiratoire,0.542,0.633,14.888,69.237,61.125,33.02,240.6,29.5,19.5,1,Vigilance
2023-12-13,Bab Bhar,33.891,10.118,2,oculaire,0.542,0.633,14.888,69.237,61.125,33.02,240.6,29.5,19.5,1,Vigilance
2023-12-13,Jara,33.905,10.071,3,dermatologique,0.542,0.633,14.888,69.237,61.125,33.02,240.6,29.5,19.5,1,Vigilance
2023-12-14,Bou Chemma,33.882,10.098,1,respiratoire,1.1,1.35,9.183,22.404,13.5,17.2,229.8,43.5,16.4,1,Vigilance
2023-12-14,Chatt,33.876,10.105,4,respiratoire,1.1,1.35,9.183,22.404,13.5,17.2,229.8,43.5,16.4,2,Critique
2023-12-14,Metouia,33.971,10.001,2,respiratoire,1.1,1.35,9.183,22.404,13.5,17.2,229.8,43.5,16.4,1,Vigilance
2023-12-14,Chenini,33.899,10.044,1,oculaire,1.1,1.35,9.183,22.404,13.5,17.2,229.8,43.5,16.4,1,Vigilance
2023-12-14,El Akarit,33.849,10.143,2,digestif,1.1,1.35,9.183,22.404,13.5,17.2,229.8,43.5,16.4,1,Vigilance
2023-12-14,Oudhref,33.83,10.087,2,respiratoire,1.1,1.35,9.183,22.404,13.5,17.2,229.8,43.5,16.4,1,Vigilance
2023-12-14,Bab Bhar,33.891,10.118,2,respiratoire,1.1,1.35,9.183,22.404,13.5,17.2,229.8,43.5,16.4,1,Vigilance
2023-12-14,Jara,33.905,10.071,5,respiratoire,1.1,1.35,9.183,22.404,13.5,17.2,229.8,43.5,16.4,2,Critique
2023-12-15,Bou Chemma,33.882,10.098,0,respiratoire,1.004,2.229,3.913,7.508,0.583,18.27,285.3,58.2,13.3,0,Normal
2023-12-15,Chatt,33.876,10.105,2,oculaire,1.004,2.229,3.913,7.508,0.583,18.27,285.3,58.2,13.3,0,Normal
2023-12-15,Metouia,33.971,10.001,1,respiratoire,1.004,2.229,3.913,7.508,0.583,18.27,285.3,58.2,13.3,0,Normal
2023-12-15,Chenini,33.899,10.044,0,respiratoire,1.004,2.229,3.913,7.508,0.583,18.27,285.3,58.2,13.3,0,Normal
2023-12-15,El Akarit,33.849,10.143,2,dermatologique,1.004,2.229,3.913,7.508,0.583,18.27,285.3,58.2,13.3,0,Normal
2023-12-15,Oudhref,33.83,10.087,1,dermatologique,1.004,2.229,3.913,7.508,0.583,18.27,285.3,58.2,13.3,0,Normal
2023-12-15,Bab Bhar,33.891,10.118,0,respiratoire,1.004,2.229,3.913,7.508,0.583,18.27,285.3,58.2,13.3,0,Normal
2023-12-15,Jara,33.905,10.071,1,digestif,1.004,2.229,3.913,7.508,0.583,18.27,285.3,58.2,13.3,0,Normal
2023-12-16,Bou Chemma,33.882,10.098,3,oculaire,1.042,1.925,5.092,13.475,0.75,17.55,158.7,54.2,12.8,2,Critique
2023-12-16,Chatt,33.876,10.105,11,respiratoire,1.042,1.925,5.092,13.475,0.75,17.55,158.7,54.2,12.8,3,Urgence
2023-12-16,Metouia,33.971,10.001,2,respiratoire,1.042,1.925,5.092,13.475,0.75,17.55,158.7,54.2,12.8,1,Vigilance
2023-12-16,Chenini,33.899,10.044,3,respiratoire,1.042,1.925,5.092,13.475,0.75,17.55,158.7,54.2,12.8,2,Critique
2023-12-16,El Akarit,33.849,10.143,14,oculaire,1.042,1.925,5.092,13.475,0.75,17.55,158.7,54.2,12.8,3,Urgence
2023-12-16,Oudhref,33.83,10.087,5,respiratoire,1.042,1.925,5.092,13.475,0.75,17.55,158.7,54.2,12.8,2,Critique
2023-12-16,Bab Bhar,33.891,10.118,3,respiratoire,1.042,1.925,5.092,13.475,0.75,17.55,158.7,54.2,12.8,2,Critique
2023-12-16,Jara,33.905,10.071,1,respiratoire,1.042,1.925,5.092,13.475,0.75,17.55,158.7,54.2,12.8,1,Vigilance
2023-12-17,Bou Chemma,33.882,10.098,2,dermatologique,0.675,1.463,3.913,8.225,0.0,18.64,317.2,84.5,11.1,0,Normal
2023-12-17,Chatt,33.876,10.105,1,respiratoire,0.675,1.463,3.913,8.225,0.0,18.64,317.2,84.5,11.1,0,Normal
2023-12-17,Metouia,33.971,10.001,0,digestif,0.675,1.463,3.913,8.225,0.0,18.64,317.2,84.5,11.1,0,Normal
2023-12-17,Chenini,33.899,10.044,0,respiratoire,0.675,1.463,3.913,8.225,0.0,18.64,317.2,84.5,11.1,0,Normal
2023-12-17,El Akarit,33.849,10.143,3,respiratoire,0.675,1.463,3.913,8.225,0.0,18.64,317.2,84.5,11.1,0,Normal
2023-12-17,Oudhref,33.83,10.087,1,oculaire,0.675,1.463,3.913,8.225,0.0,18.64,317.2,84.5,11.1,0,Normal
2023-12-17,Bab Bhar,33.891,10.118,1,dermatologique,0.675,1.463,3.913,8.225,0.0,18.64,317.2,84.5,11.1,0,Normal
2023-12-17,Jara,33.905,10.071,0,respiratoire,0.675,1.463,3.913,8.225,0.0,18.64,317.2,84.5,11.1,0,Normal
2023-12-18,Bou Chemma,33.882,10.098,6,respiratoire,1.075,2.283,4.808,7.325,0.542,7.54,151.4,85.4,11.3,2,Critique
2023-12-18,Chatt,33.876,10.105,4,oculaire,1.075,2.283,4.808,7.325,0.542,7.54,151.4,85.4,11.3,2,Critique
2023-12-18,Metouia,33.971,10.001,3,respiratoire,1.075,2.283,4.808,7.325,0.542,7.54,151.4,85.4,11.3,2,Critique
2023-12-18,Chenini,33.899,10.044,0,respiratoire,1.075,2.283,4.808,7.325,0.542,7.54,151.4,85.4,11.3,1,Vigilance
2023-12-18,El Akarit,33.849,10.143,9,respiratoire,1.075,2.283,4.808,7.325,0.542,7.54,151.4,85.4,11.3,2,Critique
2023-12-18,Oudhref,33.83,10.087,1,respiratoire,1.075,2.283,4.808,7.325,0.542,7.54,151.4,85.4,11.3,1,Vigilance
2023-12-18,Bab Bhar,33.891,10.118,2,respiratoire,1.075,2.283,4.808,7.325,0.542,7.54,151.4,85.4,11.3,1,Vigilance
2023-12-18,Jara,33.905,10.071,3,respiratoire,1.075,2.283,4.808,7.325,0.542,7.54,151.4,85.4,11.3,2,Critique
2023-12-19,Bou Chemma,33.882,10.098,4,digestif,0.5,0.85,3.721,6.846,0.625,14.21,36.3,87.3,13.6,0,Normal
2023-12-19,Chatt,33.876,10.105,0,respiratoire,0.5,0.85,3.721,6.846,0.625,14.21,36.3,87.3,13.6,0,Normal
2023-12-19,Metouia,33.971,10.001,2,respiratoire,0.5,0.85,3.721,6.846,0.625,14.21,36.3,87.3,13.6,0,Normal
2023-12-19,Chenini,33.899,10.044,0,respiratoire,0.5,0.85,3.721,6.846,0.625,14.21,36.3,87.3,13.6,0,Normal
2023-12-19,El Akarit,33.849,10.143,1,digestif,0.5,0.85,3.721,6.846,0.625,14.21,36.3,87.3,13.6,0,Normal
2023-12-19,Oudhref,33.83,10.087,0,digestif,0.5,0.85,3.721,6.846,0.625,14.21,36.3,87.3,13.6,0,Normal
2023-12-19,Bab Bhar,33.891,10.118,1,respiratoire,0.5,0.85,3.721,6.846,0.625,14.21,36.3,87.3,13.6,0,Normal
2023-12-19,Jara,33.905,10.071,1,oculaire,0.5,0.85,3.721,6.846,0.625,14.21,36.3,87.3,13.6,0,Normal
2023-12-20,Bou Chemma,33.882,10.098,1,digestif,1.033,1.692,4.538,7.942,0.0,19.89,252.4,78.5,13.1,0,Normal
2023-12-20,Chatt,33.876,10.105,2,oculaire,1.033,1.692,4.538,7.942,0.0,19.89,252.4,78.5,13.1,0,Normal
2023-12-20,Metouia,33.971,10.001,0,respiratoire,1.033,1.692,4.538,7.942,0.0,19.89,252.4,78.5,13.1,0,Normal
2023-12-20,Chenini,33.899,10.044,0,oculaire,1.033,1.692,4.538,7.942,0.0,19.89,252.4,78.5,13.1,0,Normal
2023-12-20,El Akarit,33.849,10.143,2,oculaire,1.033,1.692,4.538,7.942,0.0,19.89,252.4,78.5,13.1,0,Normal
2023-12-20,Oudhref,33.83,10.087,1,respiratoire,1.033,1.692,4.538,7.942,0.0,19.89,252.4,78.5,13.1,0,Normal
2023-12-20,Bab Bhar,33.891,10.118,1,respiratoire,1.033,1.692,4.538,7.942,0.0,19.89,252.4,78.5,13.1,0,Normal
2023-12-20,Jara,33.905,10.071,1,oculaire,1.033,1.692,4.538,7.942,0.0,19.89,252.4,78.5,13.1,0,Normal
2023-12-21,Bou Chemma,33.882,10.098,3,oculaire,1.054,1.904,5.525,10.246,0.542,19.48,260.5,71.3,12.6,1,Vigilance
2023-12-21,Chatt,33.876,10.105,3,oculaire,1.054,1.904,5.525,10.246,0.542,19.48,260.5,71.3,12.6,1,Vigilance
2023-12-21,Metouia,33.971,10.001,1,oculaire,1.054,1.904,5.525,10.246,0.542,19.48,260.5,71.3,12.6,0,Normal
2023-12-21,Chenini,33.899,10.044,0,oculaire,1.054,1.904,5.525,10.246,0.542,19.48,260.5,71.3,12.6,0,Normal
2023-12-21,El Akarit,33.849,10.143,0,oculaire,1.054,1.904,5.525,10.246,0.542,19.48,260.5,71.3,12.6,0,Normal
2023-12-21,Oudhref,33.83,10.087,0,respiratoire,1.054,1.904,5.525,10.246,0.542,19.48,260.5,71.3,12.6,0,Normal
2023-12-21,Bab Bhar,33.891,10.118,1,respiratoire,1.054,1.904,5.525,10.246,0.542,19.48,260.5,71.3,12.6,0,Normal
2023-12-21,Jara,33.905,10.071,1,respiratoire,1.054,1.904,5.525,10.246,0.542,19.48,260.5,71.3,12.6,0,Normal
2023-12-22,Bou Chemma,33.882,10.098,2,dermatologique,0.933,1.671,4.971,9.75,1.042,22.63,256.4,70.2,13.0,0,Normal
2023-12-22,Chatt,33.876,10.105,1,respiratoire,0.933,1.671,4.971,9.75,1.042,22.63,256.4,70.2,13.0,0,Normal
2023-12-22,Metouia,33.971,10.001,1,oculaire,0.933,1.671,4.971,9.75,1.042,22.63,256.4,70.2,13.0,0,Normal
2023-12-22,Chenini,33.899,10.044,1,digestif,0.933,1.671,4.971,9.75,1.042,22.63,256.4,70.2,13.0,0,Normal
2023-12-22,El Akarit,33.849,10.143,1,digestif,0.933,1.671,4.971,9.75,1.042,22.63,256.4,70.2,13.0,0,Normal
2023-12-22,Oudhref,33.83,10.087,2,oculaire,0.933,1.671,4.971,9.75,1.042,22.63,256.4,70.2,13.0,0,Normal
2023-12-22,Bab Bhar,33.891,10.118,1,digestif,0.933,1.671,4.971,9.75,1.042,22.63,256.4,70.2,13.0,0,Normal
2023-12-22,Jara,33.905,10.071,1,oculaire,0.933,1.671,4.971,9.75,1.042,22.63,256.4,70.2,13.0,0,Normal
2023-12-23,Bou Chemma,33.882,10.098,0,oculaire,0.979,1.221,5.429,9.354,1.958,20.0,250.7,71.1,12.5,0,Normal
2023-12-23,Chatt,33.876,10.105,2,oculaire,0.979,1.221,5.429,9.354,1.958,20.0,250.7,71.1,12.5,0,Normal
2023-12-23,Metouia,33.971,10.001,0,oculaire,0.979,1.221,5.429,9.354,1.958,20.0,250.7,71.1,12.5,0,Normal
2023-12-23,Chenini,33.899,10.044,3,respiratoire,0.979,1.221,5.429,9.354,1.958,20.0,250.7,71.1,12.5,1,Vigilance
2023-12-23,El Akarit,33.849,10.143,2,respiratoire,0.979,1.221,5.429,9.354,1.958,20.0,250.7,71.1,12.5,0,Normal
2023-12-23,Oudhref,33.83,10.087,1,respiratoire,0.979,1.221,5.429,9.354,1.958,20.0,250.7,71.1,12.5,0,Normal
2023-12-23,Bab Bhar,33.891,10.118,1,respiratoire,0.979,1.221,5.429,9.354,1.958,20.0,250.7,71.1,12.5,0,Normal
2023-12-23,Jara,33.905,10.071,0,digestif,0.979,1.221,5.429,9.354,1.958,20.0,250.7,71.1,12.5,0,Normal
2023-12-24,Bou Chemma,33.882,10.098,4,digestif,0.975,1.158,4.592,7.163,1.125,18.17,250.4,71.4,12.7,1,Vigilance
2023-12-24,Chatt,33.876,10.105,2,respiratoire,0.975,1.158,4.592,7.163,1.125,18.17,250.4,71.4,12.7,0,Normal
2023-12-24,Metouia,33.971,10.001,0,digestif,0.975,1.158,4.592,7.163,1.125,18.17,250.4,71.4,12.7,0,Normal
2023-12-24,Chenini,33.899,10.044,2,respiratoire,0.975,1.158,4.592,7.163,1.125,18.17,250.4,71.4,12.7,0,Normal
2023-12-24,El Akarit,33.849,10.143,0,respiratoire,0.975,1.158,4.592,7.163,1.125,18.17,250.4,71.4,12.7,0,Normal
2023-12-24,Oudhref,33.83,10.087,1,respiratoire,0.975,1.158,4.592,7.163,1.125,18.17,250.4,71.4,12.7,0,Normal
2023-12-24,Bab Bhar,33.891,10.118,1,digestif,0.975,1.158,4.592,7.163,1.125,18.17,250.4,71.4,12.7,0,Normal
2023-12-24,Jara,33.905,10.071,1,digestif,0.975,1.158,4.592,7.163,1.125,18.17,250.4,71.4,12.7,0,Normal
2023-12-25,Bou Chemma,33.882,10.098,2,respiratoire,0.8,1.137,3.962,5.967,1.292,17.84,249.3,69.9,12.4,0,Normal
2023-12-25,Chatt,33.876,10.105,2,respiratoire,0.8,1.137,3.962,5.967,1.292,17.84,249.3,69.9,12.4,0,Normal
2023-12-25,Metouia,33.971,10.001,1,oculaire,0.8,1.137,3.962,5.967,1.292,17.84,249.3,69.9,12.4,0,Normal
2023-12-25,Chenini,33.899,10.044,1,respiratoire,0.8,1.137,3.962,5.967,1.292,17.84,249.3,69.9,12.4,0,Normal
2023-12-25,El Akarit,33.849,10.143,1,oculaire,0.8,1.137,3.962,5.967,1.292,17.84,249.3,69.9,12.4,0,Normal
2023-12-25,Oudhref,33.83,10.087,1,oculaire,0.8,1.137,3.962,5.967,1.292,17.84,249.3,69.9,12.4,0,Normal
2023-12-25,Bab Bhar,33.891,10.118,0,respiratoire,0.8,1.137,3.962,5.967,1.292,17.84,249.3,69.9,12.4,0,Normal
2023-12-25,Jara,33.905,10.071,1,respiratoire,0.8,1.137,3.962,5.967,1.292,17.84,249.3,69.9,12.4,0,Normal
2023-12-26,Bou Chemma,33.882,10.098,0,respiratoire,0.767,1.629,4.875,7.417,1.25,14.85,251.8,69.5,12.1,0,Normal
2023-12-26,Chatt,33.876,10.105,5,oculaire,0.767,1.629,4.875,7.417,1.25,14.85,251.8,69.5,12.1,1,Vigilance
2023-12-26,Metouia,33.971,10.001,0,digestif,0.767,1.629,4.875,7.417,1.25,14.85,251.8,69.5,12.1,0,Normal
2023-12-26,Chenini,33.899,10.044,0,respiratoire,0.767,1.629,4.875,7.417,1.25,14.85,251.8,69.5,12.1,0,Normal
2023-12-26,El Akarit,33.849,10.143,1,respiratoire,0.767,1.629,4.875,7.417,1.25,14.85,251.8,69.5,12.1,0,Normal
2023-12-26,Oudhref,33.83,10.087,0,respiratoire,0.767,1.629,4.875,7.417,1.25,14.85,251.8,69.5,12.1,0,Normal
2023-12-26,Bab Bhar,33.891,10.118,2,respiratoire,0.767,1.629,4.875,7.417,1.25,14.85,251.8,69.5,12.1,0,Normal
2023-12-26,Jara,33.905,10.071,0,oculaire,0.767,1.629,4.875,7.417,1.25,14.85,251.8,69.5,12.1,0,Normal
2023-12-27,Bou Chemma,33.882,10.098,8,respiratoire,1.075,2.417,6.367,10.871,1.0,6.92,178.2,77.9,11.1,2,Critique
2023-12-27,Chatt,33.876,10.105,3,respiratoire,1.075,2.417,6.367,10.871,1.0,6.92,178.2,77.9,11.1,2,Critique
2023-12-27,Metouia,33.971,10.001,3,respiratoire,1.075,2.417,6.367,10.871,1.0,6.92,178.2,77.9,11.1,2,Critique
2023-12-27,Chenini,33.899,10.044,3,respiratoire,1.075,2.417,6.367,10.871,1.0,6.92,178.2,77.9,11.1,2,Critique
2023-12-27,El Akarit,33.849,10.143,11,respiratoire,1.075,2.417,6.367,10.871,1.0,6.92,178.2,77.9,11.1,3,Urgence
2023-12-27,Oudhref,33.83,10.087,5,respiratoire,1.075,2.417,6.367,10.871,1.0,6.92,178.2,77.9,11.1,2,Critique
2023-12-27,Bab Bhar,33.891,10.118,5,oculaire,1.075,2.417,6.367,10.871,1.0,6.92,178.2,77.9,11.1,2,Critique
2023-12-27,Jara,33.905,10.071,2,respiratoire,1.075,2.417,6.367,10.871,1.0,6.92,178.2,77.9,11.1,2,Critique
2023-12-28,Bou Chemma,33.882,10.098,5,oculaire,1.088,2.188,6.488,9.362,0.417,6.7,154.7,87.0,12.5,2,Critique
2023-12-28,Chatt,33.876,10.105,9,respiratoire,1.088,2.188,6.488,9.362,0.417,6.7,154.7,87.0,12.5,3,Urgence
2023-12-28,Metouia,33.971,10.001,0,respiratoire,1.088,2.188,6.488,9.362,0.417,6.7,154.7,87.0,12.5,1,Vigilance
2023-12-28,Chenini,33.899,10.044,3,respiratoire,1.088,2.188,6.488,9.362,0.417,6.7,154.7,87.0,12.5,2,Critique
2023-12-28,El Akarit,33.849,10.143,5,respiratoire,1.088,2.188,6.488,9.362,0.417,6.7,154.7,87.0,12.5,2,Critique
2023-12-28,Oudhref,33.83,10.087,3,respiratoire,1.088,2.188,6.488,9.362,0.417,6.7,154.7,87.0,12.5,2,Critique
2023-12-28,Bab Bhar,33.891,10.118,0,respiratoire,1.088,2.188,6.488,9.362,0.417,6.7,154.7,87.0,12.5,1,Vigilance
2023-12-28,Jara,33.905,10.071,5,respiratoire,1.088,2.188,6.488,9.362,0.417,6.7,154.7,87.0,12.5,2,Critique
2023-12-29,Bou Chemma,33.882,10.098,4,oculaire,1.567,2.15,6.946,11.088,0.042,8.36,113.8,84.3,14.3,2,Critique
2023-12-29,Chatt,33.876,10.105,9,respiratoire,1.567,2.15,6.946,11.088,0.042,8.36,113.8,84.3,14.3,3,Urgence
2023-12-29,Metouia,33.971,10.001,6,respiratoire,1.567,2.15,6.946,11.088,0.042,8.36,113.8,84.3,14.3,3,Urgence
2023-12-29,Chenini,33.899,10.044,1,respiratoire,1.567,2.15,6.946,11.088,0.042,8.36,113.8,84.3,14.3,2,Critique
2023-12-29,El Akarit,33.849,10.143,6,oculaire,1.567,2.15,6.946,11.088,0.042,8.36,113.8,84.3,14.3,3,Urgence
2023-12-29,Oudhref,33.83,10.087,0,oculaire,1.567,2.15,6.946,11.088,0.042,8.36,113.8,84.3,14.3,2,Critique
2023-12-29,Bab Bhar,33.891,10.118,0,oculaire,1.567,2.15,6.946,11.088,0.042,8.36,113.8,84.3,14.3,2,Critique
2023-12-29,Jara,33.905,10.071,3,oculaire,1.567,2.15,6.946,11.088,0.042,8.36,113.8,84.3,14.3,2,Critique
2023-12-30,Bou Chemma,33.882,10.098,2,respiratoire,2.204,2.65,8.129,10.875,0.792,9.63,249.8,78.2,12.7,2,Critique
2023-12-30,Chatt,33.876,10.105,6,respiratoire,2.204,2.65,8.129,10.875,0.792,9.63,249.8,78.2,12.7,3,Urgence
2023-12-30,Metouia,33.971,10.001,1,oculaire,2.204,2.65,8.129,10.875,0.792,9.63,249.8,78.2,12.7,2,Critique
2023-12-30,Chenini,33.899,10.044,1,respiratoire,2.204,2.65,8.129,10.875,0.792,9.63,249.8,78.2,12.7,2,Critique
2023-12-30,El Akarit,33.849,10.143,6,respiratoire,2.204,2.65,8.129,10.875,0.792,9.63,249.8,78.2,12.7,3,Urgence
2023-12-30,Oudhref,33.83,10.087,0,respiratoire,2.204,2.65,8.129,10.875,0.792,9.63,249.8,78.2,12.7,2,Critique
2023-12-30,Bab Bhar,33.891,10.118,2,digestif,2.204,2.65,8.129,10.875,0.792,9.63,249.8,78.2,12.7,2,Critique
2023-12-30,Jara,33.905,10.071,2,respiratoire,2.204,2.65,8.129,10.875,0.792,9.63,249.8,78.2,12.7,2,Critique
2023-12-31,Bou Chemma,33.882,10.098,0,respiratoire,1.446,1.275,7.388,9.912,1.167,15.02,254.5,74.5,12.7,1,Vigilance
2023-12-31,Chatt,33.876,10.105,2,respiratoire,1.446,1.275,7.388,9.912,1.167,15.02,254.5,74.5,12.7,2,Critique
2023-12-31,Metouia,33.971,10.001,0,respiratoire,1.446,1.275,7.388,9.912,1.167,15.02,254.5,74.5,12.7,1,Vigilance
2023-12-31,Chenini,33.899,10.044,2,respiratoire,1.446,1.275,7.388,9.912,1.167,15.02,254.5,74.5,12.7,2,Critique
2023-12-31,El Akarit,33.849,10.143,1,oculaire,1.446,1.275,7.388,9.912,1.167,15.02,254.5,74.5,12.7,1,Vigilance
2023-12-31,Oudhref,33.83,10.087,4,dermatologique,1.446,1.275,7.388,9.912,1.167,15.02,254.5,74.5,12.7,2,Critique
2023-12-31,Bab Bhar,33.891,10.118,0,respiratoire,1.446,1.275,7.388,9.912,1.167,15.02,254.5,74.5,12.7,1,Vigilance
2023-12-31,Jara,33.905,10.071,0,respiratoire,1.446,1.275,7.388,9.912,1.167,15.02,254.5,74.5,12.7,1,Vigilance
2024-01-01,Bou Chemma,33.882,10.098,2,respiratoire,0.871,1.162,7.138,9.517,2.417,15.97,252.0,71.5,12.2,0,Normal
2024-01-01,Chatt,33.876,10.105,4,digestif,0.871,1.162,7.138,9.517,2.417,15.97,252.0,71.5,12.2,1,Vigilance
2024-01-01,Metouia,33.971,10.001,0,respiratoire,0.871,1.162,7.138,9.517,2.417,15.97,252.0,71.5,12.2,0,Normal
2024-01-01,Chenini,33.899,10.044,0,digestif,0.871,1.162,7.138,9.517,2.417,15.97,252.0,71.5,12.2,0,Normal
2024-01-01,El Akarit,33.849,10.143,1,respiratoire,0.871,1.162,7.138,9.517,2.417,15.97,252.0,71.5,12.2,0,Normal
2024-01-01,Oudhref,33.83,10.087,0,oculaire,0.871,1.162,7.138,9.517,2.417,15.97,252.0,71.5,12.2,0,Normal
2024-01-01,Bab Bhar,33.891,10.118,1,respiratoire,0.871,1.162,7.138,9.517,2.417,15.97,252.0,71.5,12.2,0,Normal
2024-01-01,Jara,33.905,10.071,0,digestif,0.871,1.162,7.138,9.517,2.417,15.97,252.0,71.5,12.2,0,Normal
2024-01-02,Bou Chemma,33.882,10.098,2,respiratoire,1.279,1.846,7.871,10.971,2.75,10.56,190.1,65.4,14.0,1,Vigilance
2024-01-02,Chatt,33.876,10.105,6,respiratoire,1.279,1.846,7.871,10.971,2.75,10.56,190.1,65.4,14.0,2,Critique
2024-01-02,Metouia,33.971,10.001,0,oculaire,1.279,1.846,7.871,10.971,2.75,10.56,190.1,65.4,14.0,1,Vigilance
2024-01-02,Chenini,33.899,10.044,2,respiratoire,1.279,1.846,7.871,10.971,2.75,10.56,190.1,65.4,14.0,1,Vigilance
2024-01-02,El Akarit,33.849,10.143,2,respiratoire,1.279,1.846,7.871,10.971,2.75,10.56,190.1,65.4,14.0,1,Vigilance
2024-01-02,Oudhref,33.83,10.087,1,respiratoire,1.279,1.846,7.871,10.971,2.75,10.56,190.1,65.4,14.0,1,Vigilance
2024-01-02,Bab Bhar,33.891,10.118,0,oculaire,1.279,1.846,7.871,10.971,2.75,10.56,190.1,65.4,14.0,1,Vigilance
2024-01-02,Jara,33.905,10.071,2,digestif,1.279,1.846,7.871,10.971,2.75,10.56,190.1,65.4,14.0,1,Vigilance
2024-01-03,Bou Chemma,33.882,10.098,4,respiratoire,1.012,1.258,8.071,12.954,4.5,19.36,242.2,67.4,12.7,1,Vigilance
2024-01-03,Chatt,33.876,10.105,3,respiratoire,1.012,1.258,8.071,12.954,4.5,19.36,242.2,67.4,12.7,1,Vigilance
2024-01-03,Metouia,33.971,10.001,0,oculaire,1.012,1.258,8.071,12.954,4.5,19.36,242.2,67.4,12.7,0,Normal
2024-01-03,Chenini,33.899,10.044,0,dermatologique,1.012,1.258,8.071,12.954,4.5,19.36,242.2,67.4,12.7,0,Normal
2024-01-03,El Akarit,33.849,10.143,1,digestif,1.012,1.258,8.071,12.954,4.5,19.36,242.2,67.4,12.7,1,Vigilance
2024-01-03,Oudhref,33.83,10.087,1,respiratoire,1.012,1.258,8.071,12.954,4.5,19.36,242.2,67.4,12.7,1,Vigilance
2024-01-03,Bab Bhar,33.891,10.118,0,dermatologique,1.012,1.258,8.071,12.954,4.5,19.36,242.2,67.4,12.7,0,Normal
2024-01-03,Jara,33.905,10.071,1,oculaire,1.012,1.258,8.071,12.954,4.5,19.36,242.2,67.4,12.7,1,Vigilance
2024-01-04,Bou Chemma,33.882,10.098,0,digestif,0.7,0.812,7.721,14.225,7.167,23.84,246.8,56.5,13.6,0,Normal
2024-01-04,Chatt,33.876,10.105,3,respiratoire,0.7,0.812,7.721,14.225,7.167,23.84,246.8,56.5,13.6,0,Normal
2024-01-04,Metouia,33.971,10.001,2,dermatologique,0.7,0.812,7.721,14.225,7.167,23.84,246.8,56.5,13.6,0,Normal
2024-01-04,Chenini,33.899,10.044,0,respiratoire,0.7,0.812,7.721,14.225,7.167,23.84,246.8,56.5,13.6,0,Normal
2024-01-04,El Akarit,33.849,10.143,0,respiratoire,0.7,0.812,7.721,14.225,7.167,23.84,246.8,56.5,13.6,0,Normal
2024-01-04,Oudhref,33.83,10.087,0,oculaire,0.7,0.812,7.721,14.225,7.167,23.84,246.8,56.5,13.6,0,Normal
2024-01-04,Bab Bhar,33.891,10.118,0,respiratoire,0.7,0.812,7.721,14.225,7.167,23.84,246.8,56.5,13.6,0,Normal
2024-01-04,Jara,33.905,10.071,1,oculaire,0.7,0.812,7.721,14.225,7.167,23.84,246.8,56.5,13.6,0,Normal
2024-01-05,Bou Chemma,33.882,10.098,3,oculaire,0.704,1.037,11.933,20.454,15.792,15.29,235.0,45.9,15.2,1,Vigilance
2024-01-05,Chatt,33.876,10.105,6,respiratoire,0.704,1.037,11.933,20.454,15.792,15.29,235.0,45.9,15.2,2,Critique
2024-01-05,Metouia,33.971,10.001,1,respiratoire,0.704,1.037,11.933,20.454,15.792,15.29,235.0,45.9,15.2,1,Vigilance
2024-01-05,Chenini,33.899,10.044,1,respiratoire,0.704,1.037,11.933,20.454,15.792,15.29,235.0,45.9,15.2,1,Vigilance
2024-01-05,El Akarit,33.849,10.143,3,dermatologique,0.704,1.037,11.933,20.454,15.792,15.29,235.0,45.9,15.2,1,Vigilance
2024-01-05,Oudhref,33.83,10.087,2,digestif,0.704,1.037,11.933,20.454,15.792,15.29,235.0,45.9,15.2,1,Vigilance
2024-01-05,Bab Bhar,33.891,10.118,1,oculaire,0.704,1.037,11.933,20.454,15.792,15.29,235.0,45.9,15.2,1,Vigilance
2024-01-05,Jara,33.905,10.071,4,respiratoire,0.704,1.037,11.933,20.454,15.792,15.29,235.0,45.9,15.2,1,Vigilance
2024-01-06,Bou Chemma,33.882,10.098,18,respiratoire,0.404,0.671,62.458,209.892,197.5,32.8,250.2,51.4,12.6,3,Urgence
2024-01-06,Chatt,33.876,10.105,22,respiratoire,0.404,0.671,62.458,209.892,197.5,32.8,250.2,51.4,12.6,3,Urgence
2024-01-06,Metouia,33.971,10.001,15,respiratoire,0.404,0.671,62.458,209.892,197.5,32.8,250.2,51.4,12.6,3,Urgence
2024-01-06,Chenini,33.899,10.044,7,dermatologique,0.404,0.671,62.458,209.892,197.5,32.8,250.2,51.4,12.6,3,Urgence
2024-01-06,El Akarit,33.849,10.143,23,oculaire,0.404,0.671,62.458,209.892,197.5,32.8,250.2,51.4,12.6,3,Urgence
2024-01-06,Oudhref,33.83,10.087,6,oculaire,0.404,0.671,62.458,209.892,197.5,32.8,250.2,51.4,12.6,3,Urgence
2024-01-06,Bab Bhar,33.891,10.118,8,oculaire,0.404,0.671,62.458,209.892,197.5,32.8,250.2,51.4,12.6,3,Urgence
2024-01-06,Jara,33.905,10.071,6,respiratoire,0.404,0.671,62.458,209.892,197.5,32.8,250.2,51.4,12.6,3,Urgence
2024-01-07,Bou Chemma,33.882,10.098,10,respiratoire,0.533,0.846,21.537,79.225,80.958,27.79,253.8,50.8,11.7,3,Urgence
2024-01-07,Chatt,33.876,10.105,10,digestif,0.533,0.846,21.537,79.225,80.958,27.79,253.8,50.8,11.7,3,Urgence
2024-01-07,Metouia,33.971,10.001,5,oculaire,0.533,0.846,21.537,79.225,80.958,27.79,253.8,50.8,11.7,2,Critique
2024-01-07,Chenini,33.899,10.044,6,dermatologique,0.533,0.846,21.537,79.225,80.958,27.79,253.8,50.8,11.7,2,Critique
2024-01-07,El Akarit,33.849,10.143,7,respiratoire,0.533,0.846,21.537,79.225,80.958,27.79,253.8,50.8,11.7,2,Critique
2024-01-07,Oudhref,33.83,10.087,1,dermatologique,0.533,0.846,21.537,79.225,80.958,27.79,253.8,50.8,11.7,2,Critique
2024-01-07,Bab Bhar,33.891,10.118,2,oculaire,0.533,0.846,21.537,79.225,80.958,27.79,253.8,50.8,11.7,2,Critique
2024-01-07,Jara,33.905,10.071,2,respiratoire,0.533,0.846,21.537,79.225,80.958,27.79,253.8,50.8,11.7,2,Critique
2024-01-08,Bou Chemma,33.882,10.098,9,respiratoire,0.713,1.175,10.446,29.617,26.625,23.46,257.7,49.8,10.9,2,Critique
2024-01-08,Chatt,33.876,10.105,7,dermatologique,0.713,1.175,10.446,29.617,26.625,23.46,257.7,49.8,10.9,2,Critique
2024-01-08,Metouia,33.971,10.001,3,digestif,0.713,1.175,10.446,29.617,26.625,23.46,257.7,49.8,10.9,1,Vigilance
2024-01-08,Chenini,33.899,10.044,2,dermatologique,0.713,1.175,10.446,29.617,26.625,23.46,257.7,49.8,10.9,1,Vigilance
2024-01-08,El Akarit,33.849,10.143,2,oculaire,0.713,1.175,10.446,29.617,26.625,23.46,257.7,49.8,10.9,1,Vigilance
2024-01-08,Oudhref,33.83,10.087,1,oculaire,0.713,1.175,10.446,29.617,26.625,23.46,257.7,49.8,10.9,0,Normal
2024-01-08,Bab Bhar,33.891,10.118,4,digestif,0.713,1.175,10.446,29.617,26.625,23.46,257.7,49.8,10.9,1,Vigilance
2024-01-08,Jara,33.905,10.071,3,respiratoire,0.713,1.175,10.446,29.617,26.625,23.46,257.7,49.8,10.9,1,Vigilance
2024-01-09,Bou Chemma,33.882,10.098,1,respiratoire,0.992,1.887,8.088,15.537,9.417,12.3,255.6,50.9,10.3,1,Vigilance
2024-01-09,Chatt,33.876,10.105,1,oculaire,0.992,1.887,8.088,15.537,9.417,12.3,255.6,50.9,10.3,1,Vigilance
2024-01-09,Metouia,33.971,10.001,0,respiratoire,0.992,1.887,8.088,15.537,9.417,12.3,255.6,50.9,10.3,0,Normal
2024-01-09,Chenini,33.899,10.044,0,respiratoire,0.992,1.887,8.088,15.537,9.417,12.3,255.6,50.9,10.3,0,Normal
2024-01-09,El Akarit,33.849,10.143,5,respiratoire,0.992,1.887,8.088,15.537,9.417,12.3,255.6,50.9,10.3,1,Vigilance
2024-01-09,Oudhref,33.83,10.087,0,digestif,0.992,1.887,8.088,15.537,9.417,12.3,255.6,50.9,10.3,0,Normal
2024-01-09,Bab Bhar,33.891,10.118,0,oculaire,0.992,1.887,8.088,15.537,9.417,12.3,255.6,50.9,10.3,0,Normal
2024-01-09,Jara,33.905,10.071,0,respiratoire,0.992,1.887,8.088,15.537,9.417,12.3,255.6,50.9,10.3,0,Normal
2024-01-10,Bou Chemma,33.882,10.098,7,oculaire,0.854,1.596,5.1,7.954,2.5,9.73,223.7,47.0,11.2,1,Vigilance
2024-01-10,Chatt,33.876,10.105,4,respiratoire,0.854,1.596,5.1,7.954,2.5,9.73,223.7,47.0,11.2,1,Vigilance
2024-01-10,Metouia,33.971,10.001,1,oculaire,0.854,1.596,5.1,7.954,2.5,9.73,223.7,47.0,11.2,0,Normal
2024-01-10,Chenini,33.899,10.044,0,oculaire,0.854,1.596,5.1,7.954,2.5,9.73,223.7,47.0,11.2,0,Normal
2024-01-10,El Akarit,33.849,10.143,0,digestif,0.854,1.596,5.1,7.954,2.5,9.73,223.7,47.0,11.2,0,Normal
2024-01-10,Oudhref,33.83,10.087,0,respiratoire,0.854,1.596,5.1,7.954,2.5,9.73,223.7,47.0,11.2,0,Normal
2024-01-10,Bab Bhar,33.891,10.118,1,respiratoire,0.854,1.596,5.1,7.954,2.5,9.73,223.7,47.0,11.2,0,Normal
2024-01-10,Jara,33.905,10.071,0,respiratoire,0.854,1.596,5.1,7.954,2.5,9.73,223.7,47.0,11.2,0,Normal
2024-01-11,Bou Chemma,33.882,10.098,5,respiratoire,0.742,1.033,6.337,14.458,10.542,19.27,245.2,34.4,13.2,1,Vigilance
2024-01-11,Chatt,33.876,10.105,3,respiratoire,0.742,1.033,6.337,14.458,10.542,19.27,245.2,34.4,13.2,0,Normal
2024-01-11,Metouia,33.971,10.001,1,digestif,0.742,1.033,6.337,14.458,10.542,19.27,245.2,34.4,13.2,0,Normal
2024-01-11,Chenini,33.899,10.044,2,oculaire,0.742,1.033,6.337,14.458,10.542,19.27,245.2,34.4,13.2,0,Normal
2024-01-11,El Akarit,33.849,10.143,2,respiratoire,0.742,1.033,6.337,14.458,10.542,19.27,245.2,34.4,13.2,0,Normal
2024-01-11,Oudhref,33.83,10.087,1,oculaire,0.742,1.033,6.337,14.458,10.542,19.27,245.2,34.4,13.2,0,Normal
2024-01-11,Bab Bhar,33.891,10.118,1,respiratoire,0.742,1.033,6.337,14.458,10.542,19.27,245.2,34.4,13.2,0,Normal
2024-01-11,Jara,33.905,10.071,0,digestif,0.742,1.033,6.337,14.458,10.542,19.27,245.2,34.4,13.2,0,Normal
2024-01-12,Bou Chemma,33.882,10.098,2,digestif,0.963,1.708,5.837,9.404,3.042,16.1,295.5,49.0,13.5,0,Normal
2024-01-12,Chatt,33.876,10.105,4,oculaire,0.963,1.708,5.837,9.404,3.042,16.1,295.5,49.0,13.5,1,Vigilance
2024-01-12,Metouia,33.971,10.001,0,oculaire,0.963,1.708,5.837,9.404,3.042,16.1,295.5,49.0,13.5,0,Normal
2024-01-12,Chenini,33.899,10.044,1,respiratoire,0.963,1.708,5.837,9.404,3.042,16.1,295.5,49.0,13.5,0,Normal
2024-01-12,El Akarit,33.849,10.143,1,oculaire,0.963,1.708,5.837,9.404,3.042,16.1,295.5,49.0,13.5,0,Normal
2024-01-12,Oudhref,33.83,10.087,1,respiratoire,0.963,1.708,5.837,9.404,3.042,16.1,295.5,49.0,13.5,0,Normal
2024-01-12,Bab Bhar,33.891,10.118,1,respiratoire,0.963,1.708,5.837,9.404,3.042,16.1,295.5,49.0,13.5,0,Normal
2024-01-12,Jara,33.905,10.071,2,respiratoire,0.963,1.708,5.837,9.404,3.042,16.1,295.5,49.0,13.5,0,Normal
2024-01-13,Bou Chemma,33.882,10.098,5,respiratoire,0.85,2.042,6.917,10.429,0.667,11.92,297.6,59.9,12.4,1,Vigilance
2024-01-13,Chatt,33.876,10.105,1,digestif,0.85,2.042,6.917,10.429,0.667,11.92,297.6,59.9,12.4,0,Normal
2024-01-13,Metouia,33.971,10.001,1,respiratoire,0.85,2.042,6.917,10.429,0.667,11.92,297.6,59.9,12.4,0,Normal
2024-01-13,Chenini,33.899,10.044,0,oculaire,0.85,2.042,6.917,10.429,0.667,11.92,297.6,59.9,12.4,0,Normal
2024-01-13,El Akarit,33.849,10.143,3,oculaire,0.85,2.042,6.917,10.429,0.667,11.92,297.6,59.9,12.4,1,Vigilance
2024-01-13,Oudhref,33.83,10.087,0,dermatologique,0.85,2.042,6.917,10.429,0.667,11.92,297.6,59.9,12.4,0,Normal
2024-01-13,Bab Bhar,33.891,10.118,2,oculaire,0.85,2.042,6.917,10.429,0.667,11.92,297.6,59.9,12.4,0,Normal
2024-01-13,Jara,33.905,10.071,0,oculaire,0.85,2.042,6.917,10.429,0.667,11.92,297.6,59.9,12.4,0,Normal
2024-01-14,Bou Chemma,33.882,10.098,6,dermatologique,0.513,0.742,5.692,22.367,17.458,24.82,244.1,59.5,12.4,1,Vigilance
2024-01-14,Chatt,33.876,10.105,2,dermatologique,0.513,0.742,5.692,22.367,17.458,24.82,244.1,59.5,12.4,0,Normal
2024-01-14,Metouia,33.971,10.001,0,oculaire,0.513,0.742,5.692,22.367,17.458,24.82,244.1,59.5,12.4,0,Normal
2024-01-14,Chenini,33.899,10.044,1,oculaire,0.513,0.742,5.692,22.367,17.458,24.82,244.1,59.5,12.4,0,Normal
2024-01-14,El Akarit,33.849,10.143,4,respiratoire,0.513,0.742,5.692,22.367,17.458,24.82,244.1,59.5,12.4,0,Normal
2024-01-14,Oudhref,33.83,10.087,1,respiratoire,0.513,0.742,5.692,22.367,17.458,24.82,244.1,59.5,12.4,0,Normal
2024-01-14,Bab Bhar,33.891,10.118,1,dermatologique,0.513,0.742,5.692,22.367,17.458,24.82,244.1,59.5,12.4,0,Normal
2024-01-14,Jara,33.905,10.071,0,digestif,0.513,0.742,5.692,22.367,17.458,24.82,244.1,59.5,12.4,0,Normal
2024-01-15,Bou Chemma,33.882,10.098,6,dermatologique,0.508,0.575,20.204,78.292,67.583,33.85,241.9,41.1,14.2,2,Critique
2024-01-15,Chatt,33.876,10.105,11,respiratoire,0.508,0.575,20.204,78.292,67.583,33.85,241.9,41.1,14.2,3,Urgence
2024-01-15,Metouia,33.971,10.001,2,respiratoire,0.508,0.575,20.204,78.292,67.583,33.85,241.9,41.1,14.2,2,Critique
2024-01-15,Chenini,33.899,10.044,3,oculaire,0.508,0.575,20.204,78.292,67.583,33.85,241.9,41.1,14.2,2,Critique
2024-01-15,El Akarit,33.849,10.143,15,respiratoire,0.508,0.575,20.204,78.292,67.583,33.85,241.9,41.1,14.2,3,Urgence
2024-01-15,Oudhref,33.83,10.087,3,oculaire,0.508,0.575,20.204,78.292,67.583,33.85,241.9,41.1,14.2,2,Critique
2024-01-15,Bab Bhar,33.891,10.118,6,respiratoire,0.508,0.575,20.204,78.292,67.583,33.85,241.9,41.1,14.2,2,Critique
2024-01-15,Jara,33.905,10.071,4,respiratoire,0.508,0.575,20.204,78.292,67.583,33.85,241.9,41.1,14.2,2,Critique
2024-01-16,Bou Chemma,33.882,10.098,7,oculaire,0.996,1.033,16.254,36.242,29.458,23.86,244.3,30.8,16.5,2,Critique
2024-01-16,Chatt,33.876,10.105,5,dermatologique,0.996,1.033,16.254,36.242,29.458,23.86,244.3,30.8,16.5,2,Critique
2024-01-16,Metouia,33.971,10.001,0,respiratoire,0.996,1.033,16.254,36.242,29.458,23.86,244.3,30.8,16.5,1,Vigilance
2024-01-16,Chenini,33.899,10.044,2,oculaire,0.996,1.033,16.254,36.242,29.458,23.86,244.3,30.8,16.5,2,Critique
2024-01-16,El Akarit,33.849,10.143,8,respiratoire,0.996,1.033,16.254,36.242,29.458,23.86,244.3,30.8,16.5,3,Urgence
2024-01-16,Oudhref,33.83,10.087,3,oculaire,0.996,1.033,16.254,36.242,29.458,23.86,244.3,30.8,16.5,2,Critique
2024-01-16,Bab Bhar,33.891,10.118,4,oculaire,0.996,1.033,16.254,36.242,29.458,23.86,244.3,30.8,16.5,2,Critique
2024-01-16,Jara,33.905,10.071,1,oculaire,0.996,1.033,16.254,36.242,29.458,23.86,244.3,30.8,16.5,2,Critique
2024-01-17,Bou Chemma,33.882,10.098,6,respiratoire,0.879,0.771,23.296,55.279,46.0,27.17,240.6,17.2,19.2,3,Urgence
2024-01-17,Chatt,33.876,10.105,4,dermatologique,0.879,0.771,23.296,55.279,46.0,27.17,240.6,17.2,19.2,2,Critique
2024-01-17,Metouia,33.971,10.001,2,digestif,0.879,0.771,23.296,55.279,46.0,27.17,240.6,17.2,19.2,2,Critique
2024-01-17,Chenini,33.899,10.044,3,respiratoire,0.879,0.771,23.296,55.279,46.0,27.17,240.6,17.2,19.2,2,Critique
2024-01-17,El Akarit,33.849,10.143,7,respiratoire,0.879,0.771,23.296,55.279,46.0,27.17,240.6,17.2,19.2,3,Urgence
2024-01-17,Oudhref,33.83,10.087,1,respiratoire,0.879,0.771,23.296,55.279,46.0,27.17,240.6,17.2,19.2,2,Critique
2024-01-17,Bab Bhar,33.891,10.118,3,oculaire,0.879,0.771,23.296,55.279,46.0,27.17,240.6,17.2,19.2,2,Critique
2024-01-17,Jara,33.905,10.071,4,oculaire,0.879,0.771,23.296,55.279,46.0,27.17,240.6,17.2,19.2,2,Critique
2024-01-18,Bou Chemma,33.882,10.098,3,oculaire,0.408,0.717,19.192,76.7,59.625,28.2,239.7,17.7,19.3,1,Vigilance
2024-01-18,Chatt,33.876,10.105,7,oculaire,0.408,0.717,19.192,76.7,59.625,28.2,239.7,17.7,19.3,2,Critique
2024-01-18,Metouia,33.971,10.001,5,oculaire,0.408,0.717,19.192,76.7,59.625,28.2,239.7,17.7,19.3,2,Critique
2024-01-18,Chenini,33.899,10.044,6,dermatologique,0.408,0.717,19.192,76.7,59.625,28.2,239.7,17.7,19.3,2,Critique
2024-01-18,El Akarit,33.849,10.143,9,oculaire,0.408,0.717,19.192,76.7,59.625,28.2,239.7,17.7,19.3,2,Critique
2024-01-18,Oudhref,33.83,10.087,5,respiratoire,0.408,0.717,19.192,76.7,59.625,28.2,239.7,17.7,19.3,2,Critique
2024-01-18,Bab Bhar,33.891,10.118,6,respiratoire,0.408,0.717,19.192,76.7,59.625,28.2,239.7,17.7,19.3,2,Critique
2024-01-18,Jara,33.905,10.071,6,digestif,0.408,0.717,19.192,76.7,59.625,28.2,239.7,17.7,19.3,2,Critique
2024-01-19,Bou Chemma,33.882,10.098,3,dermatologique,0.425,0.85,22.546,47.837,43.833,23.57,240.6,17.5,19.6,2,Critique
2024-01-19,Chatt,33.876,10.105,6,oculaire,0.425,0.85,22.546,47.837,43.833,23.57,240.6,17.5,19.6,2,Critique
2024-01-19,Metouia,33.971,10.001,1,oculaire,0.425,0.85,22.546,47.837,43.833,23.57,240.6,17.5,19.6,2,Critique
2024-01-19,Chenini,33.899,10.044,2,respiratoire,0.425,0.85,22.546,47.837,43.833,23.57,240.6,17.5,19.6,2,Critique
2024-01-19,El Akarit,33.849,10.143,5,respiratoire,0.425,0.85,22.546,47.837,43.833,23.57,240.6,17.5,19.6,2,Critique
2024-01-19,Oudhref,33.83,10.087,4,respiratoire,0.425,0.85,22.546,47.837,43.833,23.57,240.6,17.5,19.6,2,Critique
2024-01-19,Bab Bhar,33.891,10.118,5,respiratoire,0.425,0.85,22.546,47.837,43.833,23.57,240.6,17.5,19.6,2,Critique
2024-01-19,Jara,33.905,10.071,2,respiratoire,0.425,0.85,22.546,47.837,43.833,23.57,240.6,17.5,19.6,2,Critique
2024-01-20,Bou Chemma,33.882,10.098,2,respiratoire,0.646,0.933,11.917,29.071,21.042,16.92,185.3,33.1,18.5,1,Vigilance
2024-01-20,Chatt,33.876,10.105,5,respiratoire,0.646,0.933,11.917,29.071,21.042,16.92,185.3,33.1,18.5,1,Vigilance
2024-01-20,Metouia,33.971,10.001,2,respiratoire,0.646,0.933,11.917,29.071,21.042,16.92,185.3,33.1,18.5,1,Vigilance
2024-01-20,Chenini,33.899,10.044,3,dermatologique,0.646,0.933,11.917,29.071,21.042,16.92,185.3,33.1,18.5,1,Vigilance
2024-01-20,El Akarit,33.849,10.143,4,respiratoire,0.646,0.933,11.917,29.071,21.042,16.92,185.3,33.1,18.5,1,Vigilance
2024-01-20,Oudhref,33.83,10.087,4,respiratoire,0.646,0.933,11.917,29.071,21.042,16.92,185.3,33.1,18.5,1,Vigilance
2024-01-20,Bab Bhar,33.891,10.118,1,dermatologique,0.646,0.933,11.917,29.071,21.042,16.92,185.3,33.1,18.5,0,Normal
2024-01-20,Jara,33.905,10.071,2,respiratoire,0.646,0.933,11.917,29.071,21.042,16.92,185.3,33.1,18.5,1,Vigilance
2024-01-21,Bou Chemma,33.882,10.098,2,respiratoire,0.637,1.137,4.933,11.6,0.333,13.09,38.5,68.8,13.9,0,Normal
2024-01-21,Chatt,33.876,10.105,2,respiratoire,0.637,1.137,4.933,11.6,0.333,13.09,38.5,68.8,13.9,0,Normal
2024-01-21,Metouia,33.971,10.001,1,oculaire,0.637,1.137,4.933,11.6,0.333,13.09,38.5,68.8,13.9,0,Normal
2024-01-21,Chenini,33.899,10.044,0,dermatologique,0.637,1.137,4.933,11.6,0.333,13.09,38.5,68.8,13.9,0,Normal
2024-01-21,El Akarit,33.849,10.143,0,respiratoire,0.637,1.137,4.933,11.6,0.333,13.09,38.5,68.8,13.9,0,Normal
2024-01-21,Oudhref,33.83,10.087,0,respiratoire,0.637,1.137,4.933,11.6,0.333,13.09,38.5,68.8,13.9,0,Normal
2024-01-21,Bab Bhar,33.891,10.118,0,respiratoire,0.637,1.137,4.933,11.6,0.333,13.09,38.5,68.8,13.9,0,Normal
2024-01-21,Jara,33.905,10.071,2,oculaire,0.637,1.137,4.933,11.6,0.333,13.09,38.5,68.8,13.9,0,Normal
2024-01-22,Bou Chemma,33.882,10.098,3,digestif,0.808,1.037,4.175,10.471,0.0,16.65,104.0,55.9,12.3,1,Vigilance
2024-01-22,Chatt,33.876,10.105,8,respiratoire,0.808,1.037,4.175,10.471,0.0,16.65,104.0,55.9,12.3,2,Critique
2024-01-22,Metouia,33.971,10.001,2,dermatologique,0.808,1.037,4.175,10.471,0.0,16.65,104.0,55.9,12.3,1,Vigilance
2024-01-22,Chenini,33.899,10.044,2,oculaire,0.808,1.037,4.175,10.471,0.0,16.65,104.0,55.9,12.3,1,Vigilance
2024-01-22,El Akarit,33.849,10.143,6,respiratoire,0.808,1.037,4.175,10.471,0.0,16.65,104.0,55.9,12.3,2,Critique
2024-01-22,Oudhref,33.83,10.087,0,respiratoire,0.808,1.037,4.175,10.471,0.0,16.65,104.0,55.9,12.3,0,Normal
2024-01-22,Bab Bhar,33.891,10.118,3,oculaire,0.808,1.037,4.175,10.471,0.0,16.65,104.0,55.9,12.3,1,Vigilance
2024-01-22,Jara,33.905,10.071,0,respiratoire,0.808,1.037,4.175,10.471,0.0,16.65,104.0,55.9,12.3,0,Normal
2024-01-23,Bou Chemma,33.882,10.098,5,dermatologique,1.367,1.933,7.254,11.808,0.625,11.73,269.6,53.8,11.9,2,Critique
2024-01-23,Chatt,33.876,10.105,2,dermatologique,1.367,1.933,7.254,11.808,0.625,11.73,269.6,53.8,11.9,1,Vigilance
2024-01-23,Metouia,33.971,10.001,0,respiratoire,1.367,1.933,7.254,11.808,0.625,11.73,269.6,53.8,11.9,1,Vigilance
2024-01-23,Chenini,33.899,10.044,1,respiratoire,1.367,1.933,7.254,11.808,0.625,11.73,269.6,53.8,11.9,1,Vigilance
2024-01-23,El Akarit,33.849,10.143,0,respiratoire,1.367,1.933,7.254,11.808,0.625,11.73,269.6,53.8,11.9,1,Vigilance
2024-01-23,Oudhref,33.83,10.087,1,respiratoire,1.367,1.933,7.254,11.808,0.625,11.73,269.6,53.8,11.9,1,Vigilance
2024-01-23,Bab Bhar,33.891,10.118,0,dermatologique,1.367,1.933,7.254,11.808,0.625,11.73,269.6,53.8,11.9,1,Vigilance
2024-01-23,Jara,33.905,10.071,2,digestif,1.367,1.933,7.254,11.808,0.625,11.73,269.6,53.8,11.9,1,Vigilance
2024-01-24,Bou Chemma,33.882,10.098,2,oculaire,0.867,1.796,6.288,12.629,0.5,13.35,196.8,62.7,13.1,0,Normal
2024-01-24,Chatt,33.876,10.105,2,oculaire,0.867,1.796,6.288,12.629,0.5,13.35,196.8,62.7,13.1,0,Normal
2024-01-24,Metouia,33.971,10.001,1,respiratoire,0.867,1.796,6.288,12.629,0.5,13.35,196.8,62.7,13.1,0,Normal
2024-01-24,Chenini,33.899,10.044,1,respiratoire,0.867,1.796,6.288,12.629,0.5,13.35,196.8,62.7,13.1,0,Normal
2024-01-24,El Akarit,33.849,10.143,3,digestif,0.867,1.796,6.288,12.629,0.5,13.35,196.8,62.7,13.1,1,Vigilance
2024-01-24,Oudhref,33.83,10.087,1,dermatologique,0.867,1.796,6.288,12.629,0.5,13.35,196.8,62.7,13.1,0,Normal
2024-01-24,Bab Bhar,33.891,10.118,1,respiratoire,0.867,1.796,6.288,12.629,0.5,13.35,196.8,62.7,13.1,0,Normal
2024-01-24,Jara,33.905,10.071,0,respiratoire,0.867,1.796,6.288,12.629,0.5,13.35,196.8,62.7,13.1,0,Normal
2024-01-25,Bou Chemma,33.882,10.098,0,respiratoire,0.75,1.488,6.008,9.942,1.25,19.24,246.3,54.0,14.7,0,Normal
2024-01-25,Chatt,33.876,10.105,4,respiratoire,0.75,1.488,6.008,9.942,1.25,19.24,246.3,54.0,14.7,1,Vigilance
2024-01-25,Metouia,33.971,10.001,0,digestif,0.75,1.488,6.008,9.942,1.25,19.24,246.3,54.0,14.7,0,Normal
2024-01-25,Chenini,33.899,10.044,0,digestif,0.75,1.488,6.008,9.942,1.25,19.24,246.3,54.0,14.7,0,Normal
2024-01-25,El Akarit,33.849,10.143,1,respiratoire,0.75,1.488,6.008,9.942,1.25,19.24,246.3,54.0,14.7,0,Normal
2024-01-25,Oudhref,33.83,10.087,2,respiratoire,0.75,1.488,6.008,9.942,1.25,19.24,246.3,54.0,14.7,0,Normal
2024-01-25,Bab Bhar,33.891,10.118,1,dermatologique,0.75,1.488,6.008,9.942,1.25,19.24,246.3,54.0,14.7,0,Normal
2024-01-25,Jara,33.905,10.071,2,oculaire,0.75,1.488,6.008,9.942,1.25,19.24,246.3,54.0,14.7,0,Normal
2024-01-26,Bou Chemma,33.882,10.098,1,respiratoire,1.004,1.921,6.321,7.683,1.792,16.66,253.6,41.4,17.5,0,Normal
2024-01-26,Chatt,33.876,10.105,2,digestif,1.004,1.921,6.321,7.683,1.792,16.66,253.6,41.4,17.5,1,Vigilance
2024-01-26,Metouia,33.971,10.001,0,respiratoire,1.004,1.921,6.321,7.683,1.792,16.66,253.6,41.4,17.5,0,Normal
2024-01-26,Chenini,33.899,10.044,0,oculaire,1.004,1.921,6.321,7.683,1.792,16.66,253.6,41.4,17.5,0,Normal
2024-01-26,El Akarit,33.849,10.143,3,digestif,1.004,1.921,6.321,7.683,1.792,16.66,253.6,41.4,17.5,1,Vigilance
2024-01-26,Oudhref,33.83,10.087,0,digestif,1.004,1.921,6.321,7.683,1.792,16.66,253.6,41.4,17.5,0,Normal
2024-01-26,Bab Bhar,33.891,10.118,2,oculaire,1.004,1.921,6.321,7.683,1.792,16.66,253.6,41.4,17.5,1,Vigilance
2024-01-26,Jara,33.905,10.071,0,digestif,1.004,1.921,6.321,7.683,1.792,16.66,253.6,41.4,17.5,0,Normal
2024-01-27,Bou Chemma,33.882,10.098,0,respiratoire,0.871,1.533,7.446,11.375,4.375,13.75,196.0,53.7,16.9,0,Normal
2024-01-27,Chatt,33.876,10.105,2,dermatologique,0.871,1.533,7.446,11.375,4.375,13.75,196.0,53.7,16.9,0,Normal
2024-01-27,Metouia,33.971,10.001,2,oculaire,0.871,1.533,7.446,11.375,4.375,13.75,196.0,53.7,16.9,0,Normal
2024-01-27,Chenini,33.899,10.044,0,respiratoire,0.871,1.533,7.446,11.375,4.375,13.75,196.0,53.7,16.9,0,Normal
2024-01-27,El Akarit,33.849,10.143,4,respiratoire,0.871,1.533,7.446,11.375,4.375,13.75,196.0,53.7,16.9,1,Vigilance
2024-01-27,Oudhref,33.83,10.087,1,respiratoire,0.871,1.533,7.446,11.375,4.375,13.75,196.0,53.7,16.9,0,Normal
2024-01-27,Bab Bhar,33.891,10.118,2,digestif,0.871,1.533,7.446,11.375,4.375,13.75,196.0,53.7,16.9,0,Normal
2024-01-27,Jara,33.905,10.071,0,respiratoire,0.871,1.533,7.446,11.375,4.375,13.75,196.0,53.7,16.9,0,Normal
2024-01-28,Bou Chemma,33.882,10.098,8,oculaire,0.692,1.192,8.763,14.383,2.625,11.27,68.5,83.0,13.8,2,Critique
2024-01-28,Chatt,33.876,10.105,10,respiratoire,0.692,1.192,8.763,14.383,2.625,11.27,68.5,83.0,13.8,2,Critique
2024-01-28,Metouia,33.971,10.001,3,oculaire,0.692,1.192,8.763,14.383,2.625,11.27,68.5,83.0,13.8,1,Vigilance
2024-01-28,Chenini,33.899,10.044,5,dermatologique,0.692,1.192,8.763,14.383,2.625,11.27,68.5,83.0,13.8,2,Critique
2024-01-28,El Akarit,33.849,10.143,7,digestif,0.692,1.192,8.763,14.383,2.625,11.27,68.5,83.0,13.8,2,Critique
2024-01-28,Oudhref,33.83,10.087,7,respiratoire,0.692,1.192,8.763,14.383,2.625,11.27,68.5,83.0,13.8,2,Critique
2024-01-28,Bab Bhar,33.891,10.118,2,respiratoire,0.692,1.192,8.763,14.383,2.625,11.27,68.5,83.0,13.8,1,Vigilance
2024-01-28,Jara,33.905,10.071,6,respiratoire,0.692,1.192,8.763,14.383,2.625,11.27,68.5,83.0,13.8,2,Critique
2024-01-29,Bou Chemma,33.882,10.098,5,respiratoire,0.996,1.067,6.908,12.704,0.0,8.3,114.0,83.0,14.0,2,Critique
2024-01-29,Chatt,33.876,10.105,12,dermatologique,0.996,1.067,6.908,12.704,0.0,8.3,114.0,83.0,14.0,3,Urgence
2024-01-29,Metouia,33.971,10.001,2,respiratoire,0.996,1.067,6.908,12.704,0.0,8.3,114.0,83.0,14.0,2,Critique
2024-01-29,Chenini,33.899,10.044,1,digestif,0.996,1.067,6.908,12.704,0.0,8.3,114.0,83.0,14.0,1,Vigilance
2024-01-29,El Akarit,33.849,10.143,4,respiratoire,0.996,1.067,6.908,12.704,0.0,8.3,114.0,83.0,14.0,2,Critique
2024-01-29,Oudhref,33.83,10.087,1,respiratoire,0.996,1.067,6.908,12.704,0.0,8.3,114.0,83.0,14.0,1,Vigilance
2024-01-29,Bab Bhar,33.891,10.118,2,oculaire,0.996,1.067,6.908,12.704,0.0,8.3,114.0,83.0,14.0,2,Critique
2024-01-29,Jara,33.905,10.071,3,oculaire,0.996,1.067,6.908,12.704,0.0,8.3,114.0,83.0,14.0,2,Critique
2024-01-30,Bou Chemma,33.882,10.098,8,oculaire,0.767,1.262,6.075,11.062,0.0,7.03,129.5,82.7,12.6,2,Critique
2024-01-30,Chatt,33.876,10.105,3,oculaire,0.767,1.262,6.075,11.062,0.0,7.03,129.5,82.7,12.6,1,Vigilance
2024-01-30,Metouia,33.971,10.001,4,digestif,0.767,1.262,6.075,11.062,0.0,7.03,129.5,82.7,12.6,1,Vigilance
2024-01-30,Chenini,33.899,10.044,2,respiratoire,0.767,1.262,6.075,11.062,0.0,7.03,129.5,82.7,12.6,1,Vigilance
2024-01-30,El Akarit,33.849,10.143,5,oculaire,0.767,1.262,6.075,11.062,0.0,7.03,129.5,82.7,12.6,2,Critique
2024-01-30,Oudhref,33.83,10.087,2,digestif,0.767,1.262,6.075,11.062,0.0,7.03,129.5,82.7,12.6,1,Vigilance
2024-01-30,Bab Bhar,33.891,10.118,2,respiratoire,0.767,1.262,6.075,11.062,0.0,7.03,129.5,82.7,12.6,1,Vigilance
2024-01-30,Jara,33.905,10.071,1,oculaire,0.767,1.262,6.075,11.062,0.0,7.03,129.5,82.7,12.6,1,Vigilance
2024-01-31,Bou Chemma,33.882,10.098,4,dermatologique,0.917,1.971,6.521,10.796,0.0,4.43,226.3,71.8,11.4,1,Vigilance
2024-01-31,Chatt,33.876,10.105,1,respiratoire,0.917,1.971,6.521,10.796,0.0,4.43,226.3,71.8,11.4,0,Normal
2024-01-31,Metouia,33.971,10.001,1,respiratoire,0.917,1.971,6.521,10.796,0.0,4.43,226.3,71.8,11.4,0,Normal
2024-01-31,Chenini,33.899,10.044,2,respiratoire,0.917,1.971,6.521,10.796,0.0,4.43,226.3,71.8,11.4,0,Normal
2024-01-31,El Akarit,33.849,10.143,3,respiratoire,0.917,1.971,6.521,10.796,0.0,4.43,226.3,71.8,11.4,1,Vigilance
2024-01-31,Oudhref,33.83,10.087,1,oculaire,0.917,1.971,6.521,10.796,0.0,4.43,226.3,71.8,11.4,0,Normal
2024-01-31,Bab Bhar,33.891,10.118,1,respiratoire,0.917,1.971,6.521,10.796,0.0,4.43,226.3,71.8,11.4,0,Normal
2024-01-31,Jara,33.905,10.071,1,dermatologique,0.917,1.971,6.521,10.796,0.0,4.43,226.3,71.8,11.4,0,Normal
2024-02-01,Bou Chemma,33.882,10.098,3,respiratoire,1.162,1.4,7.417,12.638,1.042,14.47,250.4,58.3,12.6,1,Vigilance
2024-02-01,Chatt,33.876,10.105,4,respiratoire,1.162,1.4,7.417,12.638,1.042,14.47,250.4,58.3,12.6,1,Vigilance
2024-02-01,Metouia,33.971,10.001,2,digestif,1.162,1.4,7.417,12.638,1.042,14.47,250.4,58.3,12.6,1,Vigilance
2024-02-01,Chenini,33.899,10.044,0,respiratoire,1.162,1.4,7.417,12.638,1.042,14.47,250.4,58.3,12.6,1,Vigilance
2024-02-01,El Akarit,33.849,10.143,0,oculaire,1.162,1.4,7.417,12.638,1.042,14.47,250.4,58.3,12.6,1,Vigilance
2024-02-01,Oudhref,33.83,10.087,1,respiratoire,1.162,1.4,7.417,12.638,1.042,14.47,250.4,58.3,12.6,1,Vigilance
2024-02-01,Bab Bhar,33.891,10.118,0,respiratoire,1.162,1.4,7.417,12.638,1.042,14.47,250.4,58.3,12.6,1,Vigilance
2024-02-01,Jara,33.905,10.071,1,respiratoire,1.162,1.4,7.417,12.638,1.042,14.47,250.4,58.3,12.6,1,Vigilance
2024-02-02,Bou Chemma,33.882,10.098,3,respiratoire,1.379,2.212,9.213,13.546,1.792,13.19,271.5,65.7,12.2,2,Critique
2024-02-02,Chatt,33.876,10.105,2,oculaire,1.379,2.212,9.213,13.546,1.792,13.19,271.5,65.7,12.2,2,Critique
2024-02-02,Metouia,33.971,10.001,1,respiratoire,1.379,2.212,9.213,13.546,1.792,13.19,271.5,65.7,12.2,1,Vigilance
2024-02-02,Chenini,33.899,10.044,1,respiratoire,1.379,2.212,9.213,13.546,1.792,13.19,271.5,65.7,12.2,1,Vigilance
2024-02-02,El Akarit,33.849,10.143,4,oculaire,1.379,2.212,9.213,13.546,1.792,13.19,271.5,65.7,12.2,2,Critique
2024-02-02,Oudhref,33.83,10.087,4,oculaire,1.379,2.212,9.213,13.546,1.792,13.19,271.5,65.7,12.2,2,Critique
2024-02-02,Bab Bhar,33.891,10.118,2,oculaire,1.379,2.212,9.213,13.546,1.792,13.19,271.5,65.7,12.2,2,Critique
2024-02-02,Jara,33.905,10.071,1,oculaire,1.379,2.212,9.213,13.546,1.792,13.19,271.5,65.7,12.2,1,Vigilance
2024-02-03,Bou Chemma,33.882,10.098,7,digestif,0.783,1.179,8.679,15.85,1.25,16.59,124.4,76.1,12.8,2,Critique
2024-02-03,Chatt,33.876,10.105,4,respiratoire,0.783,1.179,8.679,15.85,1.25,16.59,124.4,76.1,12.8,2,Critique
2024-02-03,Metouia,33.971,10.001,3,respiratoire,0.783,1.179,8.679,15.85,1.25,16.59,124.4,76.1,12.8,2,Critique
2024-02-03,Chenini,33.899,10.044,1,respiratoire,0.783,1.179,8.679,15.85,1.25,16.59,124.4,76.1,12.8,1,Vigilance
2024-02-03,El Akarit,33.849,10.143,11,respiratoire,0.783,1.179,8.679,15.85,1.25,16.59,124.4,76.1,12.8,3,Urgence
2024-02-03,Oudhref,33.83,10.087,5,respiratoire,0.783,1.179,8.679,15.85,1.25,16.59,124.4,76.1,12.8,2,Critique
2024-02-03,Bab Bhar,33.891,10.118,2,oculaire,0.783,1.179,8.679,15.85,1.25,16.59,124.4,76.1,12.8,1,Vigilance
2024-02-03,Jara,33.905,10.071,3,respiratoire,0.783,1.179,8.679,15.85,1.25,16.59,124.4,76.1,12.8,2,Critique
2024-02-04,Bou Chemma,33.882,10.098,5,oculaire,1.037,1.9,9.85,14.671,1.417,12.52,257.3,63.4,13.2,2,Critique
2024-02-04,Chatt,33.876,10.105,3,digestif,1.037,1.9,9.85,14.671,1.417,12.52,257.3,63.4,13.2,1,Vigilance
2024-02-04,Metouia,33.971,10.001,0,respiratoire,1.037,1.9,9.85,14.671,1.417,12.52,257.3,63.4,13.2,1,Vigilance
2024-02-04,Chenini,33.899,10.044,2,oculaire,1.037,1.9,9.85,14.671,1.417,12.52,257.3,63.4,13.2,1,Vigilance
2024-02-04,El Akarit,33.849,10.143,2,oculaire,1.037,1.9,9.85,14.671,1.417,12.52,257.3,63.4,13.2,1,Vigilance
2024-02-04,Oudhref,33.83,10.087,2,respiratoire,1.037,1.9,9.85,14.671,1.417,12.52,257.3,63.4,13.2,1,Vigilance
2024-02-04,Bab Bhar,33.891,10.118,1,respiratoire,1.037,1.9,9.85,14.671,1.417,12.52,257.3,63.4,13.2,1,Vigilance
2024-02-04,Jara,33.905,10.071,0,oculaire,1.037,1.9,9.85,14.671,1.417,12.52,257.3,63.4,13.2,1,Vigilance
2024-02-05,Bou Chemma,33.882,10.098,0,respiratoire,0.612,0.963,8.617,13.9,5.417,22.06,248.2,42.6,15.2,0,Normal
2024-02-05,Chatt,33.876,10.105,2,respiratoire,0.612,0.963,8.617,13.9,5.417,22.06,248.2,42.6,15.2,0,Normal
2024-02-05,Metouia,33.971,10.001,2,digestif,0.612,0.963,8.617,13.9,5.417,22.06,248.2,42.6,15.2,0,Normal
2024-02-05,Chenini,33.899,10.044,1,dermatologique,0.612,0.963,8.617,13.9,5.417,22.06,248.2,42.6,15.2,0,Normal
2024-02-05,El Akarit,33.849,10.143,4,respiratoire,0.612,0.963,8.617,13.9,5.417,22.06,248.2,42.6,15.2,1,Vigilance
2024-02-05,Oudhref,33.83,10.087,1,respiratoire,0.612,0.963,8.617,13.9,5.417,22.06,248.2,42.6,15.2,0,Normal
2024-02-05,Bab Bhar,33.891,10.118,1,dermatologique,0.612,0.963,8.617,13.9,5.417,22.06,248.2,42.6,15.2,0,Normal
2024-02-05,Jara,33.905,10.071,1,respiratoire,0.612,0.963,8.617,13.9,5.417,22.06,248.2,42.6,15.2,0,Normal
2024-02-06,Bou Chemma,33.882,10.098,5,dermatologique,0.833,0.808,8.604,15.533,6.917,24.45,247.7,39.0,15.8,1,Vigilance
2024-02-06,Chatt,33.876,10.105,1,dermatologique,0.833,0.808,8.604,15.533,6.917,24.45,247.7,39.0,15.8,0,Normal
2024-02-06,Metouia,33.971,10.001,0,digestif,0.833,0.808,8.604,15.533,6.917,24.45,247.7,39.0,15.8,0,Normal
2024-02-06,Chenini,33.899,10.044,2,respiratoire,0.833,0.808,8.604,15.533,6.917,24.45,247.7,39.0,15.8,1,Vigilance
2024-02-06,El Akarit,33.849,10.143,0,digestif,0.833,0.808,8.604,15.533,6.917,24.45,247.7,39.0,15.8,0,Normal
2024-02-06,Oudhref,33.83,10.087,2,respiratoire,0.833,0.808,8.604,15.533,6.917,24.45,247.7,39.0,15.8,1,Vigilance
2024-02-06,Bab Bhar,33.891,10.118,4,oculaire,0.833,0.808,8.604,15.533,6.917,24.45,247.7,39.0,15.8,1,Vigilance
2024-02-06,Jara,33.905,10.071,1,dermatologique,0.833,0.808,8.604,15.533,6.917,24.45,247.7,39.0,15.8,0,Normal
2024-02-07,Bou Chemma,33.882,10.098,2,respiratoire,0.979,0.95,8.346,14.058,5.542,20.9,251.1,40.3,15.8,1,Vigilance
2024-02-07,Chatt,33.876,10.105,2,oculaire,0.979,0.95,8.346,14.058,5.542,20.9,251.1,40.3,15.8,1,Vigilance
2024-02-07,Metouia,33.971,10.001,0,digestif,0.979,0.95,8.346,14.058,5.542,20.9,251.1,40.3,15.8,0,Normal
2024-02-07,Chenini,33.899,10.044,1,respiratoire,0.979,0.95,8.346,14.058,5.542,20.9,251.1,40.3,15.8,1,Vigilance
2024-02-07,El Akarit,33.849,10.143,4,oculaire,0.979,0.95,8.346,14.058,5.542,20.9,251.1,40.3,15.8,1,Vigilance
2024-02-07,Oudhref,33.83,10.087,0,dermatologique,0.979,0.95,8.346,14.058,5.542,20.9,251.1,40.3,15.8,0,Normal
2024-02-07,Bab Bhar,33.891,10.118,3,oculaire,0.979,0.95,8.346,14.058,5.542,20.9,251.1,40.3,15.8,1,Vigilance
2024-02-07,Jara,33.905,10.071,3,digestif,0.979,0.95,8.346,14.058,5.542,20.9,251.1,40.3,15.8,1,Vigilance
2024-02-08,Bou Chemma,33.882,10.098,4,respiratoire,1.508,1.963,10.438,14.471,5.125,13.89,251.6,37.3,15.8,2,Critique
2024-02-08,Chatt,33.876,10.105,7,respiratoire,1.508,1.963,10.438,14.471,5.125,13.89,251.6,37.3,15.8,2,Critique
2024-02-08,Metouia,33.971,10.001,2,digestif,1.508,1.963,10.438,14.471,5.125,13.89,251.6,37.3,15.8,2,Critique
2024-02-08,Chenini,33.899,10.044,5,respiratoire,1.508,1.963,10.438,14.471,5.125,13.89,251.6,37.3,15.8,2,Critique
2024-02-08,El Akarit,33.849,10.143,1,respiratoire,1.508,1.963,10.438,14.471,5.125,13.89,251.6,37.3,15.8,2,Critique
2024-02-08,Oudhref,33.83,10.087,0,oculaire,1.508,1.963,10.438,14.471,5.125,13.89,251.6,37.3,15.8,2,Critique
2024-02-08,Bab Bhar,33.891,10.118,1,oculaire,1.508,1.963,10.438,14.471,5.125,13.89,251.6,37.3,15.8,2,Critique
2024-02-08,Jara,33.905,10.071,4,respiratoire,1.508,1.963,10.438,14.471,5.125,13.89,251.6,37.3,15.8,2,Critique
2024-02-09,Bou Chemma,33.882,10.098,3,respiratoire,0.662,0.717,19.05,51.183,38.042,22.87,229.1,27.5,18.1,2,Critique
2024-02-09,Chatt,33.876,10.105,5,respiratoire,0.662,0.717,19.05,51.183,38.042,22.87,229.1,27.5,18.1,2,Critique
2024-02-09,Metouia,33.971,10.001,1,oculaire,0.662,0.717,19.05,51.183,38.042,22.87,229.1,27.5,18.1,1,Vigilance
2024-02-09,Chenini,33.899,10.044,4,oculaire,0.662,0.717,19.05,51.183,38.042,22.87,229.1,27.5,18.1,2,Critique
2024-02-09,El Akarit,33.849,10.143,7,oculaire,0.662,0.717,19.05,51.183,38.042,22.87,229.1,27.5,18.1,2,Critique
2024-02-09,Oudhref,33.83,10.087,1,dermatologique,0.662,0.717,19.05,51.183,38.042,22.87,229.1,27.5,18.1,1,Vigilance
2024-02-09,Bab Bhar,33.891,10.118,2,oculaire,0.662,0.717,19.05,51.183,38.042,22.87,229.1,27.5,18.1,2,Critique
2024-02-09,Jara,33.905,10.071,4,oculaire,0.662,0.717,19.05,51.183,38.042,22.87,229.1,27.5,18.1,2,Critique
2024-02-10,Bou Chemma,33.882,10.098,22,oculaire,0.433,0.438,61.242,222.379,177.417,27.15,229.8,26.1,19.5,3,Urgence
2024-02-10,Chatt,33.876,10.105,24,oculaire,0.433,0.438,61.242,222.379,177.417,27.15,229.8,26.1,19.5,3,Urgence
2024-02-10,Metouia,33.971,10.001,11,respiratoire,0.433,0.438,61.242,222.379,177.417,27.15,229.8,26.1,19.5,3,Urgence
2024-02-10,Chenini,33.899,10.044,13,respiratoire,0.433,0.438,61.242,222.379,177.417,27.15,229.8,26.1,19.5,3,Urgence
2024-02-10,El Akarit,33.849,10.143,26,dermatologique,0.433,0.438,61.242,222.379,177.417,27.15,229.8,26.1,19.5,3,Urgence
2024-02-10,Oudhref,33.83,10.087,10,oculaire,0.433,0.438,61.242,222.379,177.417,27.15,229.8,26.1,19.5,3,Urgence
2024-02-10,Bab Bhar,33.891,10.118,10,oculaire,0.433,0.438,61.242,222.379,177.417,27.15,229.8,26.1,19.5,3,Urgence
2024-02-10,Jara,33.905,10.071,14,digestif,0.433,0.438,61.242,222.379,177.417,27.15,229.8,26.1,19.5,3,Urgence
2024-02-11,Bou Chemma,33.882,10.098,3,respiratoire,0.596,0.717,18.929,66.567,68.75,23.82,257.8,36.1,16.9,2,Critique
2024-02-11,Chatt,33.876,10.105,11,oculaire,0.596,0.717,18.929,66.567,68.75,23.82,257.8,36.1,16.9,3,Urgence
2024-02-11,Metouia,33.971,10.001,1,digestif,0.596,0.717,18.929,66.567,68.75,23.82,257.8,36.1,16.9,1,Vigilance
2024-02-11,Chenini,33.899,10.044,4,oculaire,0.596,0.717,18.929,66.567,68.75,23.82,257.8,36.1,16.9,2,Critique
2024-02-11,El Akarit,33.849,10.143,4,respiratoire,0.596,0.717,18.929,66.567,68.75,23.82,257.8,36.1,16.9,2,Critique
2024-02-11,Oudhref,33.83,10.087,1,oculaire,0.596,0.717,18.929,66.567,68.75,23.82,257.8,36.1,16.9,1,Vigilance
2024-02-11,Bab Bhar,33.891,10.118,5,oculaire,0.596,0.717,18.929,66.567,68.75,23.82,257.8,36.1,16.9,2,Critique
2024-02-11,Jara,33.905,10.071,5,respiratoire,0.596,0.717,18.929,66.567,68.75,23.82,257.8,36.1,16.9,2,Critique
2024-02-12,Bou Chemma,33.882,10.098,6,dermatologique,0.846,1.279,11.792,37.163,32.75,17.93,257.5,45.1,15.9,2,Critique
2024-02-12,Chatt,33.876,10.105,7,respiratoire,0.846,1.279,11.792,37.163,32.75,17.93,257.5,45.1,15.9,2,Critique
2024-02-12,Metouia,33.971,10.001,0,oculaire,0.846,1.279,11.792,37.163,32.75,17.93,257.5,45.1,15.9,1,Vigilance
2024-02-12,Chenini,33.899,10.044,2,oculaire,0.846,1.279,11.792,37.163,32.75,17.93,257.5,45.1,15.9,1,Vigilance
2024-02-12,El Akarit,33.849,10.143,6,oculaire,0.846,1.279,11.792,37.163,32.75,17.93,257.5,45.1,15.9,2,Critique
2024-02-12,Oudhref,33.83,10.087,3,oculaire,0.846,1.279,11.792,37.163,32.75,17.93,257.5,45.1,15.9,1,Vigilance
2024-02-12,Bab Bhar,33.891,10.118,5,oculaire,0.846,1.279,11.792,37.163,32.75,17.93,257.5,45.1,15.9,2,Critique
2024-02-12,Jara,33.905,10.071,3,respiratoire,0.846,1.279,11.792,37.163,32.75,17.93,257.5,45.1,15.9,1,Vigilance
2024-02-13,Bou Chemma,33.882,10.098,3,respiratoire,0.804,1.858,5.038,9.125,1.875,13.53,257.4,48.5,17.5,0,Normal
2024-02-13,Chatt,33.876,10.105,0,respiratoire,0.804,1.858,5.038,9.125,1.875,13.53,257.4,48.5,17.5,0,Normal
2024-02-13,Metouia,33.971,10.001,0,respiratoire,0.804,1.858,5.038,9.125,1.875,13.53,257.4,48.5,17.5,0,Normal
2024-02-13,Chenini,33.899,10.044,0,respiratoire,0.804,1.858,5.038,9.125,1.875,13.53,257.4,48.5,17.5,0,Normal
2024-02-13,El Akarit,33.849,10.143,0,dermatologique,0.804,1.858,5.038,9.125,1.875,13.53,257.4,48.5,17.5,0,Normal
2024-02-13,Oudhref,33.83,10.087,1,oculaire,0.804,1.858,5.038,9.125,1.875,13.53,257.4,48.5,17.5,0,Normal
2024-02-13,Bab Bhar,33.891,10.118,2,respiratoire,0.804,1.858,5.038,9.125,1.875,13.53,257.4,48.5,17.5,0,Normal
2024-02-13,Jara,33.905,10.071,1,respiratoire,0.804,1.858,5.038,9.125,1.875,13.53,257.4,48.5,17.5,0,Normal
2024-02-14,Bou Chemma,33.882,10.098,1,dermatologique,0.771,1.721,5.196,9.8,0.0,7.7,155.0,63.0,14.2,1,Vigilance
2024-02-14,Chatt,33.876,10.105,4,respiratoire,0.771,1.721,5.196,9.8,0.0,7.7,155.0,63.0,14.2,1,Vigilance
2024-02-14,Metouia,33.971,10.001,3,dermatologique,0.771,1.721,5.196,9.8,0.0,7.7,155.0,63.0,14.2,1,Vigilance
2024-02-14,Chenini,33.899,10.044,3,respiratoire,0.771,1.721,5.196,9.8,0.0,7.7,155.0,63.0,14.2,1,Vigilance
2024-02-14,El Akarit,33.849,10.143,2,respiratoire,0.771,1.721,5.196,9.8,0.0,7.7,155.0,63.0,14.2,1,Vigilance
2024-02-14,Oudhref,33.83,10.087,2,oculaire,0.771,1.721,5.196,9.8,0.0,7.7,155.0,63.0,14.2,1,Vigilance
2024-02-14,Bab Bhar,33.891,10.118,0,respiratoire,0.771,1.721,5.196,9.8,0.0,7.7,155.0,63.0,14.2,0,Normal
2024-02-14,Jara,33.905,10.071,3,respiratoire,0.771,1.721,5.196,9.8,0.0,7.7,155.0,63.0,14.2,1,Vigilance
2024-02-15,Bou Chemma,33.882,10.098,0,respiratoire,0.717,1.658,5.65,10.179,0.792,8.72,219.2,49.2,14.9,0,Normal
2024-02-15,Chatt,33.876,10.105,1,respiratoire,0.717,1.658,5.65,10.179,0.792,8.72,219.2,49.2,14.9,0,Normal
2024-02-15,Metouia,33.971,10.001,1,respiratoire,0.717,1.658,5.65,10.179,0.792,8.72,219.2,49.2,14.9,0,Normal
2024-02-15,Chenini,33.899,10.044,1,digestif,0.717,1.658,5.65,10.179,0.792,8.72,219.2,49.2,14.9,0,Normal
2024-02-15,El Akarit,33.849,10.143,1,respiratoire,0.717,1.658,5.65,10.179,0.792,8.72,219.2,49.2,14.9,0,Normal
2024-02-15,Oudhref,33.83,10.087,0,respiratoire,0.717,1.658,5.65,10.179,0.792,8.72,219.2,49.2,14.9,0,Normal
2024-02-15,Bab Bhar,33.891,10.118,0,digestif,0.717,1.658,5.65,10.179,0.792,8.72,219.2,49.2,14.9,0,Normal
2024-02-15,Jara,33.905,10.071,1,oculaire,0.717,1.658,5.65,10.179,0.792,8.72,219.2,49.2,14.9,0,Normal
2024-02-16,Bou Chemma,33.882,10.098,2,digestif,0.554,1.346,5.246,9.688,1.625,14.94,250.2,37.5,18.5,0,Normal
2024-02-16,Chatt,33.876,10.105,1,oculaire,0.554,1.346,5.246,9.688,1.625,14.94,250.2,37.5,18.5,0,Normal
2024-02-16,Metouia,33.971,10.001,3,dermatologique,0.554,1.346,5.246,9.688,1.625,14.94,250.2,37.5,18.5,0,Normal
2024-02-16,Chenini,33.899,10.044,0,respiratoire,0.554,1.346,5.246,9.688,1.625,14.94,250.2,37.5,18.5,0,Normal
2024-02-16,El Akarit,33.849,10.143,2,respiratoire,0.554,1.346,5.246,9.688,1.625,14.94,250.2,37.5,18.5,0,Normal
2024-02-16,Oudhref,33.83,10.087,1,respiratoire,0.554,1.346,5.246,9.688,1.625,14.94,250.2,37.5,18.5,0,Normal
2024-02-16,Bab Bhar,33.891,10.118,1,oculaire,0.554,1.346,5.246,9.688,1.625,14.94,250.2,37.5,18.5,0,Normal
2024-02-16,Jara,33.905,10.071,1,oculaire,0.554,1.346,5.246,9.688,1.625,14.94,250.2,37.5,18.5,0,Normal
2024-02-17,Bou Chemma,33.882,10.098,4,respiratoire,1.108,2.221,6.846,12.0,1.875,11.05,135.8,75.9,15.8,2,Critique
2024-02-17,Chatt,33.876,10.105,13,oculaire,1.108,2.221,6.846,12.0,1.875,11.05,135.8,75.9,15.8,3,Urgence
2024-02-17,Metouia,33.971,10.001,7,oculaire,1.108,2.221,6.846,12.0,1.875,11.05,135.8,75.9,15.8,2,Critique
2024-02-17,Chenini,33.899,10.044,6,oculaire,1.108,2.221,6.846,12.0,1.875,11.05,135.8,75.9,15.8,2,Critique
2024-02-17,El Akarit,33.849,10.143,9,respiratoire,1.108,2.221,6.846,12.0,1.875,11.05,135.8,75.9,15.8,3,Urgence
2024-02-17,Oudhref,33.83,10.087,4,respiratoire,1.108,2.221,6.846,12.0,1.875,11.05,135.8,75.9,15.8,2,Critique
2024-02-17,Bab Bhar,33.891,10.118,2,respiratoire,1.108,2.221,6.846,12.0,1.875,11.05,135.8,75.9,15.8,2,Critique
2024-02-17,Jara,33.905,10.071,6,respiratoire,1.108,2.221,6.846,12.0,1.875,11.05,135.8,75.9,15.8,2,Critique
2024-02-18,Bou Chemma,33.882,10.098,1,respiratoire,0.321,0.454,5.467,15.396,1.375,19.68,56.9,85.7,16.0,0,Normal
2024-02-18,Chatt,33.876,10.105,2,respiratoire,0.321,0.454,5.467,15.396,1.375,19.68,56.9,85.7,16.0,0,Normal
2024-02-18,Metouia,33.971,10.001,0,oculaire,0.321,0.454,5.467,15.396,1.375,19.68,56.9,85.7,16.0,0,Normal
2024-02-18,Chenini,33.899,10.044,1,oculaire,0.321,0.454,5.467,15.396,1.375,19.68,56.9,85.7,16.0,0,Normal
2024-02-18,El Akarit,33.849,10.143,5,respiratoire,0.321,0.454,5.467,15.396,1.375,19.68,56.9,85.7,16.0,1,Vigilance
2024-02-18,Oudhref,33.83,10.087,2,respiratoire,0.321,0.454,5.467,15.396,1.375,19.68,56.9,85.7,16.0,0,Normal
2024-02-18,Bab Bhar,33.891,10.118,3,respiratoire,0.321,0.454,5.467,15.396,1.375,19.68,56.9,85.7,16.0,0,Normal
2024-02-18,Jara,33.905,10.071,1,respiratoire,0.321,0.454,5.467,15.396,1.375,19.68,56.9,85.7,16.0,0,Normal
2024-02-19,Bou Chemma,33.882,10.098,4,respiratoire,0.717,0.996,6.683,10.429,0.0,8.22,95.8,78.1,14.5,1,Vigilance
2024-02-19,Chatt,33.876,10.105,7,respiratoire,0.717,0.996,6.683,10.429,0.0,8.22,95.8,78.1,14.5,2,Critique
2024-02-19,Metouia,33.971,10.001,5,oculaire,0.717,0.996,6.683,10.429,0.0,8.22,95.8,78.1,14.5,2,Critique
2024-02-19,Chenini,33.899,10.044,4,oculaire,0.717,0.996,6.683,10.429,0.0,8.22,95.8,78.1,14.5,1,Vigilance
2024-02-19,El Akarit,33.849,10.143,2,respiratoire,0.717,0.996,6.683,10.429,0.0,8.22,95.8,78.1,14.5,1,Vigilance
2024-02-19,Oudhref,33.83,10.087,3,respiratoire,0.717,0.996,6.683,10.429,0.0,8.22,95.8,78.1,14.5,1,Vigilance
2024-02-19,Bab Bhar,33.891,10.118,2,respiratoire,0.717,0.996,6.683,10.429,0.0,8.22,95.8,78.1,14.5,1,Vigilance
2024-02-19,Jara,33.905,10.071,3,respiratoire,0.717,0.996,6.683,10.429,0.0,8.22,95.8,78.1,14.5,1,Vigilance
2024-02-20,Bou Chemma,33.882,10.098,2,oculaire,1.075,2.008,7.35,11.5,0.542,9.5,255.4,62.7,14.8,1,Vigilance
2024-02-20,Chatt,33.876,10.105,0,digestif,1.075,2.008,7.35,11.5,0.542,9.5,255.4,62.7,14.8,0,Normal
2024-02-20,Metouia,33.971,10.001,0,digestif,1.075,2.008,7.35,11.5,0.542,9.5,255.4,62.7,14.8,0,Normal
2024-02-20,Chenini,33.899,10.044,1,dermatologique,1.075,2.008,7.35,11.5,0.542,9.5,255.4,62.7,14.8,1,Vigilance
2024-02-20,El Akarit,33.849,10.143,2,respiratoire,1.075,2.008,7.35,11.5,0.542,9.5,255.4,62.7,14.8,1,Vigilance
2024-02-20,Oudhref,33.83,10.087,1,respiratoire,1.075,2.008,7.35,11.5,0.542,9.5,255.4,62.7,14.8,1,Vigilance
2024-02-20,Bab Bhar,33.891,10.118,0,oculaire,1.075,2.008,7.35,11.5,0.542,9.5,255.4,62.7,14.8,0,Normal
2024-02-20,Jara,33.905,10.071,1,respiratoire,1.075,2.008,7.35,11.5,0.542,9.5,255.4,62.7,14.8,1,Vigilance
2024-02-21,Bou Chemma,33.882,10.098,4,oculaire,0.608,1.458,5.692,10.233,0.458,14.77,168.8,70.9,13.1,1,Vigilance
2024-02-21,Chatt,33.876,10.105,5,digestif,0.608,1.458,5.692,10.233,0.458,14.77,168.8,70.9,13.1,1,Vigilance
2024-02-21,Metouia,33.971,10.001,3,dermatologique,0.608,1.458,5.692,10.233,0.458,14.77,168.8,70.9,13.1,1,Vigilance
2024-02-21,Chenini,33.899,10.044,1,oculaire,0.608,1.458,5.692,10.233,0.458,14.77,168.8,70.9,13.1,0,Normal
2024-02-21,El Akarit,33.849,10.143,5,respiratoire,0.608,1.458,5.692,10.233,0.458,14.77,168.8,70.9,13.1,1,Vigilance
2024-02-21,Oudhref,33.83,10.087,4,digestif,0.608,1.458,5.692,10.233,0.458,14.77,168.8,70.9,13.1,1,Vigilance
2024-02-21,Bab Bhar,33.891,10.118,0,respiratoire,0.608,1.458,5.692,10.233,0.458,14.77,168.8,70.9,13.1,0,Normal
2024-02-21,Jara,33.905,10.071,3,respiratoire,0.608,1.458,5.692,10.233,0.458,14.77,168.8,70.9,13.1,1,Vigilance
2024-02-22,Bou Chemma,33.882,10.098,2,oculaire,0.958,1.642,8.054,12.188,0.333,10.45,217.6,67.2,13.4,1,Vigilance
2024-02-22,Chatt,33.876,10.105,2,digestif,0.958,1.642,8.054,12.188,0.333,10.45,217.6,67.2,13.4,1,Vigilance
2024-02-22,Metouia,33.971,10.001,2,respiratoire,0.958,1.642,8.054,12.188,0.333,10.45,217.6,67.2,13.4,1,Vigilance
2024-02-22,Chenini,33.899,10.044,1,respiratoire,0.958,1.642,8.054,12.188,0.333,10.45,217.6,67.2,13.4,1,Vigilance
2024-02-22,El Akarit,33.849,10.143,1,respiratoire,0.958,1.642,8.054,12.188,0.333,10.45,217.6,67.2,13.4,1,Vigilance
2024-02-22,Oudhref,33.83,10.087,1,oculaire,0.958,1.642,8.054,12.188,0.333,10.45,217.6,67.2,13.4,1,Vigilance
2024-02-22,Bab Bhar,33.891,10.118,1,respiratoire,0.958,1.642,8.054,12.188,0.333,10.45,217.6,67.2,13.4,1,Vigilance
2024-02-22,Jara,33.905,10.071,1,oculaire,0.958,1.642,8.054,12.188,0.333,10.45,217.6,67.2,13.4,1,Vigilance
2024-02-23,Bou Chemma,33.882,10.098,15,respiratoire,0.492,0.729,30.779,96.654,88.125,24.26,224.8,41.6,16.8,3,Urgence
2024-02-23,Chatt,33.876,10.105,7,oculaire,0.492,0.729,30.779,96.654,88.125,24.26,224.8,41.6,16.8,3,Urgence
2024-02-23,Metouia,33.971,10.001,4,oculaire,0.492,0.729,30.779,96.654,88.125,24.26,224.8,41.6,16.8,3,Urgence
2024-02-23,Chenini,33.899,10.044,5,oculaire,0.492,0.729,30.779,96.654,88.125,24.26,224.8,41.6,16.8,3,Urgence
2024-02-23,El Akarit,33.849,10.143,7,respiratoire,0.492,0.729,30.779,96.654,88.125,24.26,224.8,41.6,16.8,3,Urgence
2024-02-23,Oudhref,33.83,10.087,8,digestif,0.492,0.729,30.779,96.654,88.125,24.26,224.8,41.6,16.8,3,Urgence
2024-02-23,Bab Bhar,33.891,10.118,1,oculaire,0.492,0.729,30.779,96.654,88.125,24.26,224.8,41.6,16.8,2,Critique
2024-02-23,Jara,33.905,10.071,3,respiratoire,0.492,0.729,30.779,96.654,88.125,24.26,224.8,41.6,16.8,2,Critique
2024-02-24,Bou Chemma,33.882,10.098,4,dermatologique,0.683,1.0,14.112,47.308,37.042,14.67,235.7,50.4,15.4,2,Critique
2024-02-24,Chatt,33.876,10.105,4,respiratoire,0.683,1.0,14.112,47.308,37.042,14.67,235.7,50.4,15.4,2,Critique
2024-02-24,Metouia,33.971,10.001,5,respiratoire,0.683,1.0,14.112,47.308,37.042,14.67,235.7,50.4,15.4,2,Critique
2024-02-24,Chenini,33.899,10.044,3,respiratoire,0.683,1.0,14.112,47.308,37.042,14.67,235.7,50.4,15.4,1,Vigilance
2024-02-24,El Akarit,33.849,10.143,3,respiratoire,0.683,1.0,14.112,47.308,37.042,14.67,235.7,50.4,15.4,1,Vigilance
2024-02-24,Oudhref,33.83,10.087,1,oculaire,0.683,1.0,14.112,47.308,37.042,14.67,235.7,50.4,15.4,1,Vigilance
2024-02-24,Bab Bhar,33.891,10.118,4,oculaire,0.683,1.0,14.112,47.308,37.042,14.67,235.7,50.4,15.4,2,Critique
2024-02-24,Jara,33.905,10.071,1,oculaire,0.683,1.0,14.112,47.308,37.042,14.67,235.7,50.4,15.4,1,Vigilance
2024-02-25,Bou Chemma,33.882,10.098,1,respiratoire,0.662,0.833,6.408,17.525,12.708,21.42,266.3,51.3,12.7,0,Normal
2024-02-25,Chatt,33.876,10.105,2,respiratoire,0.662,0.833,6.408,17.525,12.708,21.42,266.3,51.3,12.7,0,Normal
2024-02-25,Metouia,33.971,10.001,1,respiratoire,0.662,0.833,6.408,17.525,12.708,21.42,266.3,51.3,12.7,0,Normal
2024-02-25,Chenini,33.899,10.044,0,respiratoire,0.662,0.833,6.408,17.525,12.708,21.42,266.3,51.3,12.7,0,Normal
2024-02-25,El Akarit,33.849,10.143,3,dermatologique,0.662,0.833,6.408,17.525,12.708,21.42,266.3,51.3,12.7,0,Normal
2024-02-25,Oudhref,33.83,10.087,2,respiratoire,0.662,0.833,6.408,17.525,12.708,21.42,266.3,51.3,12.7,0,Normal
2024-02-25,Bab Bhar,33.891,10.118,1,digestif,0.662,0.833,6.408,17.525,12.708,21.42,266.3,51.3,12.7,0,Normal
2024-02-25,Jara,33.905,10.071,3,respiratoire,0.662,0.833,6.408,17.525,12.708,21.42,266.3,51.3,12.7,0,Normal
2024-02-26,Bou Chemma,33.882,10.098,18,oculaire,0.542,0.558,39.308,139.321,129.417,25.87,238.5,33.2,16.3,3,Urgence
2024-02-26,Chatt,33.876,10.105,24,respiratoire,0.542,0.558,39.308,139.321,129.417,25.87,238.5,33.2,16.3,3,Urgence
2024-02-26,Metouia,33.971,10.001,3,respiratoire,0.542,0.558,39.308,139.321,129.417,25.87,238.5,33.2,16.3,3,Urgence
2024-02-26,Chenini,33.899,10.044,8,respiratoire,0.542,0.558,39.308,139.321,129.417,25.87,238.5,33.2,16.3,3,Urgence
2024-02-26,El Akarit,33.849,10.143,15,respiratoire,0.542,0.558,39.308,139.321,129.417,25.87,238.5,33.2,16.3,3,Urgence
2024-02-26,Oudhref,33.83,10.087,10,dermatologique,0.542,0.558,39.308,139.321,129.417,25.87,238.5,33.2,16.3,3,Urgence
2024-02-26,Bab Bhar,33.891,10.118,7,respiratoire,0.542,0.558,39.308,139.321,129.417,25.87,238.5,33.2,16.3,3,Urgence
2024-02-26,Jara,33.905,10.071,6,oculaire,0.542,0.558,39.308,139.321,129.417,25.87,238.5,33.2,16.3,3,Urgence
2024-02-27,Bou Chemma,33.882,10.098,8,oculaire,0.521,0.817,29.879,106.783,94.375,22.89,240.8,26.3,18.6,3,Urgence
2024-02-27,Chatt,33.876,10.105,18,respiratoire,0.521,0.817,29.879,106.783,94.375,22.89,240.8,26.3,18.6,3,Urgence
2024-02-27,Metouia,33.971,10.001,4,dermatologique,0.521,0.817,29.879,106.783,94.375,22.89,240.8,26.3,18.6,3,Urgence
2024-02-27,Chenini,33.899,10.044,5,respiratoire,0.521,0.817,29.879,106.783,94.375,22.89,240.8,26.3,18.6,3,Urgence
2024-02-27,El Akarit,33.849,10.143,12,respiratoire,0.521,0.817,29.879,106.783,94.375,22.89,240.8,26.3,18.6,3,Urgence
2024-02-27,Oudhref,33.83,10.087,11,respiratoire,0.521,0.817,29.879,106.783,94.375,22.89,240.8,26.3,18.6,3,Urgence
2024-02-27,Bab Bhar,33.891,10.118,5,respiratoire,0.521,0.817,29.879,106.783,94.375,22.89,240.8,26.3,18.6,3,Urgence
2024-02-27,Jara,33.905,10.071,6,respiratoire,0.521,0.817,29.879,106.783,94.375,22.89,240.8,26.3,18.6,3,Urgence
2024-02-28,Bou Chemma,33.882,10.098,4,respiratoire,0.833,1.554,8.371,16.725,10.0,6.91,246.5,59.1,14.1,1,Vigilance
2024-02-28,Chatt,33.876,10.105,2,oculaire,0.833,1.554,8.371,16.725,10.0,6.91,246.5,59.1,14.1,1,Vigilance
2024-02-28,Metouia,33.971,10.001,0,oculaire,0.833,1.554,8.371,16.725,10.0,6.91,246.5,59.1,14.1,0,Normal
2024-02-28,Chenini,33.899,10.044,1,oculaire,0.833,1.554,8.371,16.725,10.0,6.91,246.5,59.1,14.1,0,Normal
2024-02-28,El Akarit,33.849,10.143,3,respiratoire,0.833,1.554,8.371,16.725,10.0,6.91,246.5,59.1,14.1,1,Vigilance
2024-02-28,Oudhref,33.83,10.087,1,oculaire,0.833,1.554,8.371,16.725,10.0,6.91,246.5,59.1,14.1,0,Normal
2024-02-28,Bab Bhar,33.891,10.118,1,digestif,0.833,1.554,8.371,16.725,10.0,6.91,246.5,59.1,14.1,0,Normal
2024-02-28,Jara,33.905,10.071,1,respiratoire,0.833,1.554,8.371,16.725,10.0,6.91,246.5,59.1,14.1,0,Normal
2024-02-29,Bou Chemma,33.882,10.098,20,oculaire,0.413,1.125,38.479,171.483,125.167,29.26,252.9,55.8,12.4,3,Urgence
2024-02-29,Chatt,33.876,10.105,18,oculaire,0.413,1.125,38.479,171.483,125.167,29.26,252.9,55.8,12.4,3,Urgence
2024-02-29,Metouia,33.971,10.001,12,oculaire,0.413,1.125,38.479,171.483,125.167,29.26,252.9,55.8,12.4,3,Urgence
2024-02-29,Chenini,33.899,10.044,8,oculaire,0.413,1.125,38.479,171.483,125.167,29.26,252.9,55.8,12.4,3,Urgence
2024-02-29,El Akarit,33.849,10.143,12,dermatologique,0.413,1.125,38.479,171.483,125.167,29.26,252.9,55.8,12.4,3,Urgence
2024-02-29,Oudhref,33.83,10.087,15,oculaire,0.413,1.125,38.479,171.483,125.167,29.26,252.9,55.8,12.4,3,Urgence
2024-02-29,Bab Bhar,33.891,10.118,7,dermatologique,0.413,1.125,38.479,171.483,125.167,29.26,252.9,55.8,12.4,3,Urgence
2024-02-29,Jara,33.905,10.071,8,respiratoire,0.413,1.125,38.479,171.483,125.167,29.26,252.9,55.8,12.4,3,Urgence
2024-03-01,Bou Chemma,33.882,10.098,14,digestif,0.637,1.317,21.654,55.383,54.75,23.19,267.9,46.8,15.2,3,Urgence
2024-03-01,Chatt,33.876,10.105,9,respiratoire,0.637,1.317,21.654,55.383,54.75,23.19,267.9,46.8,15.2,3,Urgence
2024-03-01,Metouia,33.971,10.001,2,dermatologique,0.637,1.317,21.654,55.383,54.75,23.19,267.9,46.8,15.2,2,Critique
2024-03-01,Chenini,33.899,10.044,2,oculaire,0.637,1.317,21.654,55.383,54.75,23.19,267.9,46.8,15.2,2,Critique
2024-03-01,El Akarit,33.849,10.143,4,respiratoire,0.637,1.317,21.654,55.383,54.75,23.19,267.9,46.8,15.2,2,Critique
2024-03-01,Oudhref,33.83,10.087,2,respiratoire,0.637,1.317,21.654,55.383,54.75,23.19,267.9,46.8,15.2,2,Critique
2024-03-01,Bab Bhar,33.891,10.118,2,respiratoire,0.637,1.317,21.654,55.383,54.75,23.19,267.9,46.8,15.2,2,Critique
2024-03-01,Jara,33.905,10.071,2,respiratoire,0.637,1.317,21.654,55.383,54.75,23.19,267.9,46.8,15.2,2,Critique
2024-03-02,Bou Chemma,33.882,10.098,2,respiratoire,0.6,1.717,12.529,25.029,20.125,9.91,228.3,41.4,15.3,1,Vigilance
2024-03-02,Chatt,33.876,10.105,8,oculaire,0.6,1.717,12.529,25.029,20.125,9.91,228.3,41.4,15.3,2,Critique
2024-03-02,Metouia,33.971,10.001,3,respiratoire,0.6,1.717,12.529,25.029,20.125,9.91,228.3,41.4,15.3,1,Vigilance
2024-03-02,Chenini,33.899,10.044,2,oculaire,0.6,1.717,12.529,25.029,20.125,9.91,228.3,41.4,15.3,1,Vigilance
2024-03-02,El Akarit,33.849,10.143,5,oculaire,0.6,1.717,12.529,25.029,20.125,9.91,228.3,41.4,15.3,1,Vigilance
2024-03-02,Oudhref,33.83,10.087,1,respiratoire,0.6,1.717,12.529,25.029,20.125,9.91,228.3,41.4,15.3,0,Normal
2024-03-02,Bab Bhar,33.891,10.118,2,oculaire,0.6,1.717,12.529,25.029,20.125,9.91,228.3,41.4,15.3,1,Vigilance
2024-03-02,Jara,33.905,10.071,3,respiratoire,0.6,1.717,12.529,25.029,20.125,9.91,228.3,41.4,15.3,1,Vigilance
2024-03-03,Bou Chemma,33.882,10.098,3,oculaire,0.592,0.879,16.35,43.925,36.958,15.33,230.3,26.0,18.6,1,Vigilance
2024-03-03,Chatt,33.876,10.105,9,oculaire,0.592,0.879,16.35,43.925,36.958,15.33,230.3,26.0,18.6,2,Critique
2024-03-03,Metouia,33.971,10.001,2,dermatologique,0.592,0.879,16.35,43.925,36.958,15.33,230.3,26.0,18.6,1,Vigilance
2024-03-03,Chenini,33.899,10.044,3,respiratoire,0.592,0.879,16.35,43.925,36.958,15.33,230.3,26.0,18.6,1,Vigilance
2024-03-03,El Akarit,33.849,10.143,3,respiratoire,0.592,0.879,16.35,43.925,36.958,15.33,230.3,26.0,18.6,1,Vigilance
2024-03-03,Oudhref,33.83,10.087,1,oculaire,0.592,0.879,16.35,43.925,36.958,15.33,230.3,26.0,18.6,1,Vigilance
2024-03-03,Bab Bhar,33.891,10.118,2,oculaire,0.592,0.879,16.35,43.925,36.958,15.33,230.3,26.0,18.6,1,Vigilance
2024-03-03,Jara,33.905,10.071,1,oculaire,0.592,0.879,16.35,43.925,36.958,15.33,230.3,26.0,18.6,1,Vigilance
2024-03-04,Bou Chemma,33.882,10.098,8,respiratoire,0.763,1.308,7.812,20.1,14.292,13.73,218.5,43.6,15.4,2,Critique
2024-03-04,Chatt,33.876,10.105,5,respiratoire,0.763,1.308,7.812,20.1,14.292,13.73,218.5,43.6,15.4,1,Vigilance
2024-03-04,Metouia,33.971,10.001,0,oculaire,0.763,1.308,7.812,20.1,14.292,13.73,218.5,43.6,15.4,0,Normal
2024-03-04,Chenini,33.899,10.044,1,oculaire,0.763,1.308,7.812,20.1,14.292,13.73,218.5,43.6,15.4,0,Normal
2024-03-04,El Akarit,33.849,10.143,1,oculaire,0.763,1.308,7.812,20.1,14.292,13.73,218.5,43.6,15.4,0,Normal
2024-03-04,Oudhref,33.83,10.087,1,digestif,0.763,1.308,7.812,20.1,14.292,13.73,218.5,43.6,15.4,0,Normal
2024-03-04,Bab Bhar,33.891,10.118,1,oculaire,0.763,1.308,7.812,20.1,14.292,13.73,218.5,43.6,15.4,0,Normal
2024-03-04,Jara,33.905,10.071,3,respiratoire,0.763,1.308,7.812,20.1,14.292,13.73,218.5,43.6,15.4,1,Vigilance
2024-03-05,Bou Chemma,33.882,10.098,3,oculaire,0.787,1.621,7.3,23.617,16.708,13.44,264.0,34.8,16.3,1,Vigilance
2024-03-05,Chatt,33.876,10.105,2,respiratoire,0.787,1.621,7.3,23.617,16.708,13.44,264.0,34.8,16.3,0,Normal
2024-03-05,Metouia,33.971,10.001,1,respiratoire,0.787,1.621,7.3,23.617,16.708,13.44,264.0,34.8,16.3,0,Normal
2024-03-05,Chenini,33.899,10.044,0,respiratoire,0.787,1.621,7.3,23.617,16.708,13.44,264.0,34.8,16.3,0,Normal
2024-03-05,El Akarit,33.849,10.143,2,respiratoire,0.787,1.621,7.3,23.617,16.708,13.44,264.0,34.8,16.3,0,Normal
2024-03-05,Oudhref,33.83,10.087,0,respiratoire,0.787,1.621,7.3,23.617,16.708,13.44,264.0,34.8,16.3,0,Normal
2024-03-05,Bab Bhar,33.891,10.118,0,oculaire,0.787,1.621,7.3,23.617,16.708,13.44,264.0,34.8,16.3,0,Normal
2024-03-05,Jara,33.905,10.071,2,respiratoire,0.787,1.621,7.3,23.617,16.708,13.44,264.0,34.8,16.3,0,Normal
2024-03-06,Bou Chemma,33.882,10.098,4,respiratoire,0.642,1.162,4.667,9.188,0.208,12.73,78.1,59.4,15.6,1,Vigilance
2024-03-06,Chatt,33.876,10.105,5,oculaire,0.642,1.162,4.667,9.188,0.208,12.73,78.1,59.4,15.6,1,Vigilance
2024-03-06,Metouia,33.971,10.001,1,oculaire,0.642,1.162,4.667,9.188,0.208,12.73,78.1,59.4,15.6,0,Normal
2024-03-06,Chenini,33.899,10.044,3,respiratoire,0.642,1.162,4.667,9.188,0.208,12.73,78.1,59.4,15.6,1,Vigilance
2024-03-06,El Akarit,33.849,10.143,3,respiratoire,0.642,1.162,4.667,9.188,0.208,12.73,78.1,59.4,15.6,1,Vigilance
2024-03-06,Oudhref,33.83,10.087,3,dermatologique,0.642,1.162,4.667,9.188,0.208,12.73,78.1,59.4,15.6,1,Vigilance
2024-03-06,Bab Bhar,33.891,10.118,1,dermatologique,0.642,1.162,4.667,9.188,0.208,12.73,78.1,59.4,15.6,0,Normal
2024-03-06,Jara,33.905,10.071,2,digestif,0.642,1.162,4.667,9.188,0.208,12.73,78.1,59.4,15.6,1,Vigilance
2024-03-07,Bou Chemma,33.882,10.098,1,dermatologique,1.121,1.675,5.892,10.171,0.792,6.23,202.0,48.6,16.5,1,Vigilance
2024-03-07,Chatt,33.876,10.105,1,respiratoire,1.121,1.675,5.892,10.171,0.792,6.23,202.0,48.6,16.5,1,Vigilance
2024-03-07,Metouia,33.971,10.001,0,respiratoire,1.121,1.675,5.892,10.171,0.792,6.23,202.0,48.6,16.5,0,Normal
2024-03-07,Chenini,33.899,10.044,1,respiratoire,1.121,1.675,5.892,10.171,0.792,6.23,202.0,48.6,16.5,1,Vigilance
2024-03-07,El Akarit,33.849,10.143,3,respiratoire,1.121,1.675,5.892,10.171,0.792,6.23,202.0,48.6,16.5,1,Vigilance
2024-03-07,Oudhref,33.83,10.087,2,digestif,1.121,1.675,5.892,10.171,0.792,6.23,202.0,48.6,16.5,1,Vigilance
2024-03-07,Bab Bhar,33.891,10.118,1,dermatologique,1.121,1.675,5.892,10.171,0.792,6.23,202.0,48.6,16.5,1,Vigilance
2024-03-07,Jara,33.905,10.071,1,respiratoire,1.121,1.675,5.892,10.171,0.792,6.23,202.0,48.6,16.5,1,Vigilance
2024-03-08,Bou Chemma,33.882,10.098,4,oculaire,0.671,1.804,8.779,28.608,22.917,9.03,194.1,30.9,19.7,1,Vigilance
2024-03-08,Chatt,33.876,10.105,1,oculaire,0.671,1.804,8.779,28.608,22.917,9.03,194.1,30.9,19.7,0,Normal
2024-03-08,Metouia,33.971,10.001,2,respiratoire,0.671,1.804,8.779,28.608,22.917,9.03,194.1,30.9,19.7,0,Normal
2024-03-08,Chenini,33.899,10.044,3,respiratoire,0.671,1.804,8.779,28.608,22.917,9.03,194.1,30.9,19.7,1,Vigilance
2024-03-08,El Akarit,33.849,10.143,8,dermatologique,0.671,1.804,8.779,28.608,22.917,9.03,194.1,30.9,19.7,2,Critique
2024-03-08,Oudhref,33.83,10.087,1,dermatologique,0.671,1.804,8.779,28.608,22.917,9.03,194.1,30.9,19.7,0,Normal
2024-03-08,Bab Bhar,33.891,10.118,2,oculaire,0.671,1.804,8.779,28.608,22.917,9.03,194.1,30.9,19.7,0,Normal
2024-03-08,Jara,33.905,10.071,0,oculaire,0.671,1.804,8.779,28.608,22.917,9.03,194.1,30.9,19.7,0,Normal
2024-03-09,Bou Chemma,33.882,10.098,15,respiratoire,0.658,1.317,16.604,56.542,49.875,12.7,142.0,29.1,21.3,3,Urgence
2024-03-09,Chatt,33.876,10.105,22,respiratoire,0.658,1.317,16.604,56.542,49.875,12.7,142.0,29.1,21.3,3,Urgence
2024-03-09,Metouia,33.971,10.001,14,oculaire,0.658,1.317,16.604,56.542,49.875,12.7,142.0,29.1,21.3,3,Urgence
2024-03-09,Chenini,33.899,10.044,7,oculaire,0.658,1.317,16.604,56.542,49.875,12.7,142.0,29.1,21.3,3,Urgence
2024-03-09,El Akarit,33.849,10.143,23,dermatologique,0.658,1.317,16.604,56.542,49.875,12.7,142.0,29.1,21.3,3,Urgence
2024-03-09,Oudhref,33.83,10.087,7,oculaire,0.658,1.317,16.604,56.542,49.875,12.7,142.0,29.1,21.3,3,Urgence
2024-03-09,Bab Bhar,33.891,10.118,9,dermatologique,0.658,1.317,16.604,56.542,49.875,12.7,142.0,29.1,21.3,3,Urgence
2024-03-09,Jara,33.905,10.071,14,respiratoire,0.658,1.317,16.604,56.542,49.875,12.7,142.0,29.1,21.3,3,Urgence
2024-03-10,Bou Chemma,33.882,10.098,20,dermatologique,0.3,0.504,50.367,202.546,197.208,26.73,228.9,12.8,24.7,3,Urgence
2024-03-10,Chatt,33.876,10.105,25,oculaire,0.3,0.504,50.367,202.546,197.208,26.73,228.9,12.8,24.7,3,Urgence
2024-03-10,Metouia,33.971,10.001,7,dermatologique,0.3,0.504,50.367,202.546,197.208,26.73,228.9,12.8,24.7,3,Urgence
2024-03-10,Chenini,33.899,10.044,7,oculaire,0.3,0.504,50.367,202.546,197.208,26.73,228.9,12.8,24.7,3,Urgence
2024-03-10,El Akarit,33.849,10.143,24,dermatologique,0.3,0.504,50.367,202.546,197.208,26.73,228.9,12.8,24.7,3,Urgence
2024-03-10,Oudhref,33.83,10.087,9,digestif,0.3,0.504,50.367,202.546,197.208,26.73,228.9,12.8,24.7,3,Urgence
2024-03-10,Bab Bhar,33.891,10.118,11,oculaire,0.3,0.504,50.367,202.546,197.208,26.73,228.9,12.8,24.7,3,Urgence
2024-03-10,Jara,33.905,10.071,13,oculaire,0.3,0.504,50.367,202.546,197.208,26.73,228.9,12.8,24.7,3,Urgence
2024-03-11,Bou Chemma,33.882,10.098,5,oculaire,0.542,1.05,11.612,49.4,41.208,15.97,209.8,46.4,17.8,1,Vigilance
2024-03-11,Chatt,33.876,10.105,7,respiratoire,0.542,1.05,11.612,49.4,41.208,15.97,209.8,46.4,17.8,2,Critique
2024-03-11,Metouia,33.971,10.001,5,oculaire,0.542,1.05,11.612,49.4,41.208,15.97,209.8,46.4,17.8,1,Vigilance
2024-03-11,Chenini,33.899,10.044,1,respiratoire,0.542,1.05,11.612,49.4,41.208,15.97,209.8,46.4,17.8,0,Normal
2024-03-11,El Akarit,33.849,10.143,4,dermatologique,0.542,1.05,11.612,49.4,41.208,15.97,209.8,46.4,17.8,1,Vigilance
2024-03-11,Oudhref,33.83,10.087,1,oculaire,0.542,1.05,11.612,49.4,41.208,15.97,209.8,46.4,17.8,0,Normal
2024-03-11,Bab Bhar,33.891,10.118,1,respiratoire,0.542,1.05,11.612,49.4,41.208,15.97,209.8,46.4,17.8,0,Normal
2024-03-11,Jara,33.905,10.071,3,respiratoire,0.542,1.05,11.612,49.4,41.208,15.97,209.8,46.4,17.8,1,Vigilance
2024-03-12,Bou Chemma,33.882,10.098,2,digestif,0.629,1.533,5.446,11.392,2.5,7.73,184.1,49.0,16.6,0,Normal
2024-03-12,Chatt,33.876,10.105,3,oculaire,0.629,1.533,5.446,11.392,2.5,7.73,184.1,49.0,16.6,0,Normal
2024-03-12,Metouia,33.971,10.001,0,respiratoire,0.629,1.533,5.446,11.392,2.5,7.73,184.1,49.0,16.6,0,Normal
2024-03-12,Chenini,33.899,10.044,1,digestif,0.629,1.533,5.446,11.392,2.5,7.73,184.1,49.0,16.6,0,Normal
2024-03-12,El Akarit,33.849,10.143,3,dermatologique,0.629,1.533,5.446,11.392,2.5,7.73,184.1,49.0,16.6,0,Normal
2024-03-12,Oudhref,33.83,10.087,0,oculaire,0.629,1.533,5.446,11.392,2.5,7.73,184.1,49.0,16.6,0,Normal
2024-03-12,Bab Bhar,33.891,10.118,3,respiratoire,0.629,1.533,5.446,11.392,2.5,7.73,184.1,49.0,16.6,0,Normal
2024-03-12,Jara,33.905,10.071,0,respiratoire,0.629,1.533,5.446,11.392,2.5,7.73,184.1,49.0,16.6,0,Normal
2024-03-13,Bou Chemma,33.882,10.098,5,respiratoire,0.45,0.892,4.133,9.125,0.292,12.78,90.2,62.5,16.0,1,Vigilance
2024-03-13,Chatt,33.876,10.105,2,oculaire,0.45,0.892,4.133,9.125,0.292,12.78,90.2,62.5,16.0,0,Normal
2024-03-13,Metouia,33.971,10.001,2,respiratoire,0.45,0.892,4.133,9.125,0.292,12.78,90.2,62.5,16.0,0,Normal
2024-03-13,Chenini,33.899,10.044,1,respiratoire,0.45,0.892,4.133,9.125,0.292,12.78,90.2,62.5,16.0,0,Normal
2024-03-13,El Akarit,33.849,10.143,6,respiratoire,0.45,0.892,4.133,9.125,0.292,12.78,90.2,62.5,16.0,1,Vigilance
2024-03-13,Oudhref,33.83,10.087,1,digestif,0.45,0.892,4.133,9.125,0.292,12.78,90.2,62.5,16.0,0,Normal
2024-03-13,Bab Bhar,33.891,10.118,2,respiratoire,0.45,0.892,4.133,9.125,0.292,12.78,90.2,62.5,16.0,0,Normal
2024-03-13,Jara,33.905,10.071,1,respiratoire,0.45,0.892,4.133,9.125,0.292,12.78,90.2,62.5,16.0,0,Normal
2024-03-14,Bou Chemma,33.882,10.098,10,respiratoire,2.146,1.204,6.746,12.45,0.833,10.05,118.3,74.1,15.0,3,Urgence
2024-03-14,Chatt,33.876,10.105,8,oculaire,2.146,1.204,6.746,12.45,0.833,10.05,118.3,74.1,15.0,3,Urgence
2024-03-14,Metouia,33.971,10.001,5,respiratoire,2.146,1.204,6.746,12.45,0.833,10.05,118.3,74.1,15.0,3,Urgence
2024-03-14,Chenini,33.899,10.044,6,respiratoire,2.146,1.204,6.746,12.45,0.833,10.05,118.3,74.1,15.0,3,Urgence
2024-03-14,El Akarit,33.849,10.143,9,dermatologique,2.146,1.204,6.746,12.45,0.833,10.05,118.3,74.1,15.0,3,Urgence
2024-03-14,Oudhref,33.83,10.087,6,oculaire,2.146,1.204,6.746,12.45,0.833,10.05,118.3,74.1,15.0,3,Urgence
2024-03-14,Bab Bhar,33.891,10.118,9,respiratoire,2.146,1.204,6.746,12.45,0.833,10.05,118.3,74.1,15.0,3,Urgence
2024-03-14,Jara,33.905,10.071,4,respiratoire,2.146,1.204,6.746,12.45,0.833,10.05,118.3,74.1,15.0,3,Urgence
2024-03-15,Bou Chemma,33.882,10.098,10,dermatologique,0.525,1.025,6.546,11.696,0.333,9.65,107.1,76.6,16.0,2,Critique
2024-03-15,Chatt,33.876,10.105,4,dermatologique,0.525,1.025,6.546,11.696,0.333,9.65,107.1,76.6,16.0,1,Vigilance
2024-03-15,Metouia,33.971,10.001,6,oculaire,0.525,1.025,6.546,11.696,0.333,9.65,107.1,76.6,16.0,2,Critique
2024-03-15,Chenini,33.899,10.044,4,oculaire,0.525,1.025,6.546,11.696,0.333,9.65,107.1,76.6,16.0,1,Vigilance
2024-03-15,El Akarit,33.849,10.143,2,respiratoire,0.525,1.025,6.546,11.696,0.333,9.65,107.1,76.6,16.0,1,Vigilance
2024-03-15,Oudhref,33.83,10.087,1,respiratoire,0.525,1.025,6.546,11.696,0.333,9.65,107.1,76.6,16.0,0,Normal
2024-03-15,Bab Bhar,33.891,10.118,3,oculaire,0.525,1.025,6.546,11.696,0.333,9.65,107.1,76.6,16.0,1,Vigilance
2024-03-15,Jara,33.905,10.071,3,respiratoire,0.525,1.025,6.546,11.696,0.333,9.65,107.1,76.6,16.0,1,Vigilance
2024-03-16,Bou Chemma,33.882,10.098,5,respiratoire,0.454,1.058,5.65,9.808,0.625,9.25,90.5,69.5,16.7,1,Vigilance
2024-03-16,Chatt,33.876,10.105,8,oculaire,0.454,1.058,5.65,9.808,0.625,9.25,90.5,69.5,16.7,2,Critique
2024-03-16,Metouia,33.971,10.001,1,respiratoire,0.454,1.058,5.65,9.808,0.625,9.25,90.5,69.5,16.7,0,Normal
2024-03-16,Chenini,33.899,10.044,5,respiratoire,0.454,1.058,5.65,9.808,0.625,9.25,90.5,69.5,16.7,1,Vigilance
2024-03-16,El Akarit,33.849,10.143,1,respiratoire,0.454,1.058,5.65,9.808,0.625,9.25,90.5,69.5,16.7,0,Normal
2024-03-16,Oudhref,33.83,10.087,5,digestif,0.454,1.058,5.65,9.808,0.625,9.25,90.5,69.5,16.7,1,Vigilance
2024-03-16,Bab Bhar,33.891,10.118,1,dermatologique,0.454,1.058,5.65,9.808,0.625,9.25,90.5,69.5,16.7,0,Normal
2024-03-16,Jara,33.905,10.071,2,oculaire,0.454,1.058,5.65,9.808,0.625,9.25,90.5,69.5,16.7,0,Normal
2024-03-17,Bou Chemma,33.882,10.098,3,respiratoire,0.571,1.158,7.696,12.125,1.667,8.81,126.1,67.7,17.5,1,Vigilance
2024-03-17,Chatt,33.876,10.105,3,respiratoire,0.571,1.158,7.696,12.125,1.667,8.81,126.1,67.7,17.5,1,Vigilance
2024-03-17,Metouia,33.971,10.001,2,respiratoire,0.571,1.158,7.696,12.125,1.667,8.81,126.1,67.7,17.5,1,Vigilance
2024-03-17,Chenini,33.899,10.044,3,respiratoire,0.571,1.158,7.696,12.125,1.667,8.81,126.1,67.7,17.5,1,Vigilance
2024-03-17,El Akarit,33.849,10.143,11,respiratoire,0.571,1.158,7.696,12.125,1.667,8.81,126.1,67.7,17.5,2,Critique
2024-03-17,Oudhref,33.83,10.087,4,respiratoire,0.571,1.158,7.696,12.125,1.667,8.81,126.1,67.7,17.5,1,Vigilance
2024-03-17,Bab Bhar,33.891,10.118,1,oculaire,0.571,1.158,7.696,12.125,1.667,8.81,126.1,67.7,17.5,1,Vigilance
2024-03-17,Jara,33.905,10.071,3,dermatologique,0.571,1.158,7.696,12.125,1.667,8.81,126.1,67.7,17.5,1,Vigilance
2024-03-18,Bou Chemma,33.882,10.098,5,oculaire,0.471,0.942,8.2,14.338,4.625,14.25,204.4,47.9,20.3,1,Vigilance
2024-03-18,Chatt,33.876,10.105,6,respiratoire,0.471,0.942,8.2,14.338,4.625,14.25,204.4,47.9,20.3,1,Vigilance
2024-03-18,Metouia,33.971,10.001,0,digestif,0.471,0.942,8.2,14.338,4.625,14.25,204.4,47.9,20.3,0,Normal
2024-03-18,Chenini,33.899,10.044,1,respiratoire,0.471,0.942,8.2,14.338,4.625,14.25,204.4,47.9,20.3,0,Normal
2024-03-18,El Akarit,33.849,10.143,3,respiratoire,0.471,0.942,8.2,14.338,4.625,14.25,204.4,47.9,20.3,0,Normal
2024-03-18,Oudhref,33.83,10.087,1,respiratoire,0.471,0.942,8.2,14.338,4.625,14.25,204.4,47.9,20.3,0,Normal
2024-03-18,Bab Bhar,33.891,10.118,0,respiratoire,0.471,0.942,8.2,14.338,4.625,14.25,204.4,47.9,20.3,0,Normal
2024-03-18,Jara,33.905,10.071,0,dermatologique,0.471,0.942,8.2,14.338,4.625,14.25,204.4,47.9,20.3,0,Normal
2024-03-19,Bou Chemma,33.882,10.098,1,digestif,0.575,0.792,7.925,13.446,3.625,18.97,182.0,37.2,22.0,0,Normal
2024-03-19,Chatt,33.876,10.105,6,oculaire,0.575,0.792,7.925,13.446,3.625,18.97,182.0,37.2,22.0,1,Vigilance
2024-03-19,Metouia,33.971,10.001,0,digestif,0.575,0.792,7.925,13.446,3.625,18.97,182.0,37.2,22.0,0,Normal
2024-03-19,Chenini,33.899,10.044,2,respiratoire,0.575,0.792,7.925,13.446,3.625,18.97,182.0,37.2,22.0,0,Normal
2024-03-19,El Akarit,33.849,10.143,5,oculaire,0.575,0.792,7.925,13.446,3.625,18.97,182.0,37.2,22.0,1,Vigilance
2024-03-19,Oudhref,33.83,10.087,4,dermatologique,0.575,0.792,7.925,13.446,3.625,18.97,182.0,37.2,22.0,0,Normal
2024-03-19,Bab Bhar,33.891,10.118,0,respiratoire,0.575,0.792,7.925,13.446,3.625,18.97,182.0,37.2,22.0,0,Normal
2024-03-19,Jara,33.905,10.071,1,digestif,0.575,0.792,7.925,13.446,3.625,18.97,182.0,37.2,22.0,0,Normal
2024-03-20,Bou Chemma,33.882,10.098,4,oculaire,0.454,0.829,7.237,11.875,0.625,11.46,98.8,74.6,17.5,1,Vigilance
2024-03-20,Chatt,33.876,10.105,1,oculaire,0.454,0.829,7.237,11.875,0.625,11.46,98.8,74.6,17.5,0,Normal
2024-03-20,Metouia,33.971,10.001,1,digestif,0.454,0.829,7.237,11.875,0.625,11.46,98.8,74.6,17.5,0,Normal
2024-03-20,Chenini,33.899,10.044,0,respiratoire,0.454,0.829,7.237,11.875,0.625,11.46,98.8,74.6,17.5,0,Normal
2024-03-20,El Akarit,33.849,10.143,1,oculaire,0.454,0.829,7.237,11.875,0.625,11.46,98.8,74.6,17.5,0,Normal
2024-03-20,Oudhref,33.83,10.087,0,digestif,0.454,0.829,7.237,11.875,0.625,11.46,98.8,74.6,17.5,0,Normal
2024-03-20,Bab Bhar,33.891,10.118,1,dermatologique,0.454,0.829,7.237,11.875,0.625,11.46,98.8,74.6,17.5,0,Normal
2024-03-20,Jara,33.905,10.071,1,respiratoire,0.454,0.829,7.237,11.875,0.625,11.46,98.8,74.6,17.5,0,Normal
2024-03-21,Bou Chemma,33.882,10.098,8,respiratoire,0.308,0.737,7.292,13.138,1.375,12.81,104.7,78.2,17.3,2,Critique
2024-03-21,Chatt,33.876,10.105,6,respiratoire,0.308,0.737,7.292,13.138,1.375,12.81,104.7,78.2,17.3,1,Vigilance
2024-03-21,Metouia,33.971,10.001,2,dermatologique,0.308,0.737,7.292,13.138,1.375,12.81,104.7,78.2,17.3,0,Normal
2024-03-21,Chenini,33.899,10.044,1,respiratoire,0.308,0.737,7.292,13.138,1.375,12.81,104.7,78.2,17.3,0,Normal
2024-03-21,El Akarit,33.849,10.143,8,respiratoire,0.308,0.737,7.292,13.138,1.375,12.81,104.7,78.2,17.3,2,Critique
2024-03-21,Oudhref,33.83,10.087,4,respiratoire,0.308,0.737,7.292,13.138,1.375,12.81,104.7,78.2,17.3,1,Vigilance
2024-03-21,Bab Bhar,33.891,10.118,1,respiratoire,0.308,0.737,7.292,13.138,1.375,12.81,104.7,78.2,17.3,0,Normal
2024-03-21,Jara,33.905,10.071,2,respiratoire,0.308,0.737,7.292,13.138,1.375,12.81,104.7,78.2,17.3,0,Normal
2024-03-22,Bou Chemma,33.882,10.098,10,oculaire,0.867,1.392,9.454,18.004,5.875,6.8,126.3,76.3,17.8,3,Urgence
2024-03-22,Chatt,33.876,10.105,8,dermatologique,0.867,1.392,9.454,18.004,5.875,6.8,126.3,76.3,17.8,2,Critique
2024-03-22,Metouia,33.971,10.001,3,dermatologique,0.867,1.392,9.454,18.004,5.875,6.8,126.3,76.3,17.8,2,Critique
2024-03-22,Chenini,33.899,10.044,5,oculaire,0.867,1.392,9.454,18.004,5.875,6.8,126.3,76.3,17.8,2,Critique
2024-03-22,El Akarit,33.849,10.143,4,oculaire,0.867,1.392,9.454,18.004,5.875,6.8,126.3,76.3,17.8,2,Critique
2024-03-22,Oudhref,33.83,10.087,5,digestif,0.867,1.392,9.454,18.004,5.875,6.8,126.3,76.3,17.8,2,Critique
2024-03-22,Bab Bhar,33.891,10.118,3,digestif,0.867,1.392,9.454,18.004,5.875,6.8,126.3,76.3,17.8,2,Critique
2024-03-22,Jara,33.905,10.071,3,oculaire,0.867,1.392,9.454,18.004,5.875,6.8,126.3,76.3,17.8,2,Critique
2024-03-23,Bou Chemma,33.882,10.098,4,respiratoire,0.571,0.829,7.846,14.825,2.958,12.47,73.2,74.0,16.7,1,Vigilance
2024-03-23,Chatt,33.876,10.105,5,respiratoire,0.571,0.829,7.846,14.825,2.958,12.47,73.2,74.0,16.7,2,Critique
2024-03-23,Metouia,33.971,10.001,2,respiratoire,0.571,0.829,7.846,14.825,2.958,12.47,73.2,74.0,16.7,1,Vigilance
2024-03-23,Chenini,33.899,10.044,1,respiratoire,0.571,0.829,7.846,14.825,2.958,12.47,73.2,74.0,16.7,1,Vigilance
2024-03-23,El Akarit,33.849,10.143,6,respiratoire,0.571,0.829,7.846,14.825,2.958,12.47,73.2,74.0,16.7,2,Critique
2024-03-23,Oudhref,33.83,10.087,0,respiratoire,0.571,0.829,7.846,14.825,2.958,12.47,73.2,74.0,16.7,0,Normal
2024-03-23,Bab Bhar,33.891,10.118,0,respiratoire,0.571,0.829,7.846,14.825,2.958,12.47,73.2,74.0,16.7,0,Normal
2024-03-23,Jara,33.905,10.071,1,respiratoire,0.571,0.829,7.846,14.825,2.958,12.47,73.2,74.0,16.7,1,Vigilance
2024-03-24,Bou Chemma,33.882,10.098,4,respiratoire,0.475,1.125,6.837,12.775,5.375,13.89,232.4,50.0,19.7,0,Normal
2024-03-24,Chatt,33.876,10.105,1,respiratoire,0.475,1.125,6.837,12.775,5.375,13.89,232.4,50.0,19.7,0,Normal
2024-03-24,Metouia,33.971,10.001,3,respiratoire,0.475,1.125,6.837,12.775,5.375,13.89,232.4,50.0,19.7,0,Normal
2024-03-24,Chenini,33.899,10.044,0,oculaire,0.475,1.125,6.837,12.775,5.375,13.89,232.4,50.0,19.7,0,Normal
2024-03-24,El Akarit,33.849,10.143,2,oculaire,0.475,1.125,6.837,12.775,5.375,13.89,232.4,50.0,19.7,0,Normal
2024-03-24,Oudhref,33.83,10.087,0,respiratoire,0.475,1.125,6.837,12.775,5.375,13.89,232.4,50.0,19.7,0,Normal
2024-03-24,Bab Bhar,33.891,10.118,1,respiratoire,0.475,1.125,6.837,12.775,5.375,13.89,232.4,50.0,19.7,0,Normal
2024-03-24,Jara,33.905,10.071,0,respiratoire,0.475,1.125,6.837,12.775,5.375,13.89,232.4,50.0,19.7,0,Normal
2024-03-25,Bou Chemma,33.882,10.098,13,respiratoire,0.629,0.933,31.175,112.921,117.708,14.92,206.6,25.5,24.9,3,Urgence
2024-03-25,Chatt,33.876,10.105,21,dermatologique,0.629,0.933,31.175,112.921,117.708,14.92,206.6,25.5,24.9,3,Urgence
2024-03-25,Metouia,33.971,10.001,7,respiratoire,0.629,0.933,31.175,112.921,117.708,14.92,206.6,25.5,24.9,3,Urgence
2024-03-25,Chenini,33.899,10.044,3,respiratoire,0.629,0.933,31.175,112.921,117.708,14.92,206.6,25.5,24.9,3,Urgence
2024-03-25,El Akarit,33.849,10.143,9,respiratoire,0.629,0.933,31.175,112.921,117.708,14.92,206.6,25.5,24.9,3,Urgence
2024-03-25,Oudhref,33.83,10.087,5,dermatologique,0.629,0.933,31.175,112.921,117.708,14.92,206.6,25.5,24.9,3,Urgence
2024-03-25,Bab Bhar,33.891,10.118,10,oculaire,0.629,0.933,31.175,112.921,117.708,14.92,206.6,25.5,24.9,3,Urgence
2024-03-25,Jara,33.905,10.071,5,respiratoire,0.629,0.933,31.175,112.921,117.708,14.92,206.6,25.5,24.9,3,Urgence
2024-03-26,Bou Chemma,33.882,10.098,35,respiratoire,0.317,0.571,125.212,419.796,336.208,28.03,218.9,37.7,24.0,3,Urgence
2024-03-26,Chatt,33.876,10.105,42,respiratoire,0.317,0.571,125.212,419.796,336.208,28.03,218.9,37.7,24.0,3,Urgence
2024-03-26,Metouia,33.971,10.001,21,respiratoire,0.317,0.571,125.212,419.796,336.208,28.03,218.9,37.7,24.0,3,Urgence
2024-03-26,Chenini,33.899,10.044,20,respiratoire,0.317,0.571,125.212,419.796,336.208,28.03,218.9,37.7,24.0,3,Urgence
2024-03-26,El Akarit,33.849,10.143,42,respiratoire,0.317,0.571,125.212,419.796,336.208,28.03,218.9,37.7,24.0,3,Urgence
2024-03-26,Oudhref,33.83,10.087,20,respiratoire,0.317,0.571,125.212,419.796,336.208,28.03,218.9,37.7,24.0,3,Urgence
2024-03-26,Bab Bhar,33.891,10.118,20,respiratoire,0.317,0.571,125.212,419.796,336.208,28.03,218.9,37.7,24.0,3,Urgence
2024-03-26,Jara,33.905,10.071,15,respiratoire,0.317,0.571,125.212,419.796,336.208,28.03,218.9,37.7,24.0,3,Urgence
2024-03-27,Bou Chemma,33.882,10.098,33,oculaire,0.362,0.625,69.987,303.654,283.083,25.12,246.8,32.4,20.2,3,Urgence
2024-03-27,Chatt,33.876,10.105,27,dermatologique,0.362,0.625,69.987,303.654,283.083,25.12,246.8,32.4,20.2,3,Urgence
2024-03-27,Metouia,33.971,10.001,16,oculaire,0.362,0.625,69.987,303.654,283.083,25.12,246.8,32.4,20.2,3,Urgence
2024-03-27,Chenini,33.899,10.044,9,respiratoire,0.362,0.625,69.987,303.654,283.083,25.12,246.8,32.4,20.2,3,Urgence
2024-03-27,El Akarit,33.849,10.143,39,dermatologique,0.362,0.625,69.987,303.654,283.083,25.12,246.8,32.4,20.2,3,Urgence
2024-03-27,Oudhref,33.83,10.087,14,respiratoire,0.362,0.625,69.987,303.654,283.083,25.12,246.8,32.4,20.2,3,Urgence
2024-03-27,Bab Bhar,33.891,10.118,11,respiratoire,0.362,0.625,69.987,303.654,283.083,25.12,246.8,32.4,20.2,3,Urgence
2024-03-27,Jara,33.905,10.071,9,oculaire,0.362,0.625,69.987,303.654,283.083,25.12,246.8,32.4,20.2,3,Urgence
2024-03-28,Bou Chemma,33.882,10.098,5,respiratoire,0.5,0.812,14.708,51.325,46.375,18.34,237.3,25.8,21.1,1,Vigilance
2024-03-28,Chatt,33.876,10.105,6,respiratoire,0.5,0.812,14.708,51.325,46.375,18.34,237.3,25.8,21.1,2,Critique
2024-03-28,Metouia,33.971,10.001,1,oculaire,0.5,0.812,14.708,51.325,46.375,18.34,237.3,25.8,21.1,1,Vigilance
2024-03-28,Chenini,33.899,10.044,7,oculaire,0.5,0.812,14.708,51.325,46.375,18.34,237.3,25.8,21.1,2,Critique
2024-03-28,El Akarit,33.849,10.143,8,respiratoire,0.5,0.812,14.708,51.325,46.375,18.34,237.3,25.8,21.1,2,Critique
2024-03-28,Oudhref,33.83,10.087,2,respiratoire,0.5,0.812,14.708,51.325,46.375,18.34,237.3,25.8,21.1,1,Vigilance
2024-03-28,Bab Bhar,33.891,10.118,1,respiratoire,0.5,0.812,14.708,51.325,46.375,18.34,237.3,25.8,21.1,1,Vigilance
2024-03-28,Jara,33.905,10.071,5,oculaire,0.5,0.812,14.708,51.325,46.375,18.34,237.3,25.8,21.1,1,Vigilance
2024-03-29,Bou Chemma,33.882,10.098,26,oculaire,0.787,1.071,20.55,62.129,57.292,16.15,152.6,24.8,22.3,3,Urgence
2024-03-29,Chatt,33.876,10.105,22,respiratoire,0.787,1.071,20.55,62.129,57.292,16.15,152.6,24.8,22.3,3,Urgence
2024-03-29,Metouia,33.971,10.001,9,oculaire,0.787,1.071,20.55,62.129,57.292,16.15,152.6,24.8,22.3,3,Urgence
2024-03-29,Chenini,33.899,10.044,11,oculaire,0.787,1.071,20.55,62.129,57.292,16.15,152.6,24.8,22.3,3,Urgence
2024-03-29,El Akarit,33.849,10.143,22,respiratoire,0.787,1.071,20.55,62.129,57.292,16.15,152.6,24.8,22.3,3,Urgence
2024-03-29,Oudhref,33.83,10.087,11,oculaire,0.787,1.071,20.55,62.129,57.292,16.15,152.6,24.8,22.3,3,Urgence
2024-03-29,Bab Bhar,33.891,10.118,11,dermatologique,0.787,1.071,20.55,62.129,57.292,16.15,152.6,24.8,22.3,3,Urgence
2024-03-29,Jara,33.905,10.071,12,respiratoire,0.787,1.071,20.55,62.129,57.292,16.15,152.6,24.8,22.3,3,Urgence
2024-03-30,Bou Chemma,33.882,10.098,20,respiratoire,0.288,0.658,52.767,216.304,205.792,17.56,216.8,13.8,26.6,3,Urgence
2024-03-30,Chatt,33.876,10.105,21,respiratoire,0.288,0.658,52.767,216.304,205.792,17.56,216.8,13.8,26.6,3,Urgence
2024-03-30,Metouia,33.971,10.001,6,respiratoire,0.288,0.658,52.767,216.304,205.792,17.56,216.8,13.8,26.6,3,Urgence
2024-03-30,Chenini,33.899,10.044,15,oculaire,0.288,0.658,52.767,216.304,205.792,17.56,216.8,13.8,26.6,3,Urgence
2024-03-30,El Akarit,33.849,10.143,25,oculaire,0.288,0.658,52.767,216.304,205.792,17.56,216.8,13.8,26.6,3,Urgence
2024-03-30,Oudhref,33.83,10.087,7,respiratoire,0.288,0.658,52.767,216.304,205.792,17.56,216.8,13.8,26.6,3,Urgence
2024-03-30,Bab Bhar,33.891,10.118,16,respiratoire,0.288,0.658,52.767,216.304,205.792,17.56,216.8,13.8,26.6,3,Urgence
2024-03-30,Jara,33.905,10.071,9,dermatologique,0.288,0.658,52.767,216.304,205.792,17.56,216.8,13.8,26.6,3,Urgence
2024-03-31,Bou Chemma,33.882,10.098,19,oculaire,0.258,0.633,45.337,176.042,151.708,16.2,224.0,13.4,27.0,3,Urgence
2024-03-31,Chatt,33.876,10.105,21,respiratoire,0.258,0.633,45.337,176.042,151.708,16.2,224.0,13.4,27.0,3,Urgence
2024-03-31,Metouia,33.971,10.001,17,respiratoire,0.258,0.633,45.337,176.042,151.708,16.2,224.0,13.4,27.0,3,Urgence
2024-03-31,Chenini,33.899,10.044,9,dermatologique,0.258,0.633,45.337,176.042,151.708,16.2,224.0,13.4,27.0,3,Urgence
2024-03-31,El Akarit,33.849,10.143,16,respiratoire,0.258,0.633,45.337,176.042,151.708,16.2,224.0,13.4,27.0,3,Urgence
2024-03-31,Oudhref,33.83,10.087,4,respiratoire,0.258,0.633,45.337,176.042,151.708,16.2,224.0,13.4,27.0,3,Urgence
2024-03-31,Bab Bhar,33.891,10.118,15,oculaire,0.258,0.633,45.337,176.042,151.708,16.2,224.0,13.4,27.0,3,Urgence
2024-03-31,Jara,33.905,10.071,4,respiratoire,0.258,0.633,45.337,176.042,151.708,16.2,224.0,13.4,27.0,3,Urgence
2024-04-01,Bou Chemma,33.882,10.098,9,respiratoire,0.246,0.638,26.529,101.696,98.75,19.35,207.4,18.8,27.6,3,Urgence
2024-04-01,Chatt,33.876,10.105,15,oculaire,0.246,0.638,26.529,101.696,98.75,19.35,207.4,18.8,27.6,3,Urgence
2024-04-01,Metouia,33.971,10.001,4,respiratoire,0.246,0.638,26.529,101.696,98.75,19.35,207.4,18.8,27.6,2,Critique
2024-04-01,Chenini,33.899,10.044,4,oculaire,0.246,0.638,26.529,101.696,98.75,19.35,207.4,18.8,27.6,2,Critique
2024-04-01,El Akarit,33.849,10.143,14,respiratoire,0.246,0.638,26.529,101.696,98.75,19.35,207.4,18.8,27.6,3,Urgence
2024-04-01,Oudhref,33.83,10.087,2,dermatologique,0.246,0.638,26.529,101.696,98.75,19.35,207.4,18.8,27.6,2,Critique
2024-04-01,Bab Bhar,33.891,10.118,9,oculaire,0.246,0.638,26.529,101.696,98.75,19.35,207.4,18.8,27.6,3,Urgence
2024-04-01,Jara,33.905,10.071,10,respiratoire,0.246,0.638,26.529,101.696,98.75,19.35,207.4,18.8,27.6,3,Urgence
2024-04-02,Bou Chemma,33.882,10.098,4,respiratoire,0.654,0.713,5.592,16.279,3.167,17.83,69.8,62.6,17.8,1,Vigilance
2024-04-02,Chatt,33.876,10.105,6,oculaire,0.654,0.713,5.592,16.279,3.167,17.83,69.8,62.6,17.8,2,Critique
2024-04-02,Metouia,33.971,10.001,3,respiratoire,0.654,0.713,5.592,16.279,3.167,17.83,69.8,62.6,17.8,1,Vigilance
2024-04-02,Chenini,33.899,10.044,1,respiratoire,0.654,0.713,5.592,16.279,3.167,17.83,69.8,62.6,17.8,1,Vigilance
2024-04-02,El Akarit,33.849,10.143,5,respiratoire,0.654,0.713,5.592,16.279,3.167,17.83,69.8,62.6,17.8,1,Vigilance
2024-04-02,Oudhref,33.83,10.087,2,oculaire,0.654,0.713,5.592,16.279,3.167,17.83,69.8,62.6,17.8,1,Vigilance
2024-04-02,Bab Bhar,33.891,10.118,3,respiratoire,0.654,0.713,5.592,16.279,3.167,17.83,69.8,62.6,17.8,1,Vigilance
2024-04-02,Jara,33.905,10.071,2,oculaire,0.654,0.713,5.592,16.279,3.167,17.83,69.8,62.6,17.8,1,Vigilance
2024-04-03,Bou Chemma,33.882,10.098,2,oculaire,0.379,0.733,4.096,12.3,1.083,10.88,101.1,69.7,17.4,0,Normal
2024-04-03,Chatt,33.876,10.105,3,respiratoire,0.379,0.733,4.096,12.3,1.083,10.88,101.1,69.7,17.4,0,Normal
2024-04-03,Metouia,33.971,10.001,0,respiratoire,0.379,0.733,4.096,12.3,1.083,10.88,101.1,69.7,17.4,0,Normal
2024-04-03,Chenini,33.899,10.044,0,respiratoire,0.379,0.733,4.096,12.3,1.083,10.88,101.1,69.7,17.4,0,Normal
2024-04-03,El Akarit,33.849,10.143,6,respiratoire,0.379,0.733,4.096,12.3,1.083,10.88,101.1,69.7,17.4,1,Vigilance
2024-04-03,Oudhref,33.83,10.087,1,dermatologique,0.379,0.733,4.096,12.3,1.083,10.88,101.1,69.7,17.4,0,Normal
2024-04-03,Bab Bhar,33.891,10.118,0,respiratoire,0.379,0.733,4.096,12.3,1.083,10.88,101.1,69.7,17.4,0,Normal
2024-04-03,Jara,33.905,10.071,1,respiratoire,0.379,0.733,4.096,12.3,1.083,10.88,101.1,69.7,17.4,0,Normal
2024-04-04,Bou Chemma,33.882,10.098,0,respiratoire,0.333,0.621,3.646,8.858,1.0,15.45,73.2,65.3,18.4,0,Normal
2024-04-04,Chatt,33.876,10.105,2,oculaire,0.333,0.621,3.646,8.858,1.0,15.45,73.2,65.3,18.4,0,Normal
2024-04-04,Metouia,33.971,10.001,1,respiratoire,0.333,0.621,3.646,8.858,1.0,15.45,73.2,65.3,18.4,0,Normal
2024-04-04,Chenini,33.899,10.044,1,oculaire,0.333,0.621,3.646,8.858,1.0,15.45,73.2,65.3,18.4,0,Normal
2024-04-04,El Akarit,33.849,10.143,4,respiratoire,0.333,0.621,3.646,8.858,1.0,15.45,73.2,65.3,18.4,0,Normal
2024-04-04,Oudhref,33.83,10.087,0,digestif,0.333,0.621,3.646,8.858,1.0,15.45,73.2,65.3,18.4,0,Normal
2024-04-04,Bab Bhar,33.891,10.118,2,respiratoire,0.333,0.621,3.646,8.858,1.0,15.45,73.2,65.3,18.4,0,Normal
2024-04-04,Jara,33.905,10.071,1,respiratoire,0.333,0.621,3.646,8.858,1.0,15.45,73.2,65.3,18.4,0,Normal
2024-04-05,Bou Chemma,33.882,10.098,1,digestif,0.413,0.713,4.871,9.083,0.5,12.89,84.2,70.5,18.2,0,Normal
2024-04-05,Chatt,33.876,10.105,8,digestif,0.413,0.713,4.871,9.083,0.5,12.89,84.2,70.5,18.2,2,Critique
2024-04-05,Metouia,33.971,10.001,0,respiratoire,0.413,0.713,4.871,9.083,0.5,12.89,84.2,70.5,18.2,0,Normal
2024-04-05,Chenini,33.899,10.044,3,respiratoire,0.413,0.713,4.871,9.083,0.5,12.89,84.2,70.5,18.2,0,Normal
2024-04-05,El Akarit,33.849,10.143,7,respiratoire,0.413,0.713,4.871,9.083,0.5,12.89,84.2,70.5,18.2,1,Vigilance
2024-04-05,Oudhref,33.83,10.087,1,oculaire,0.413,0.713,4.871,9.083,0.5,12.89,84.2,70.5,18.2,0,Normal
2024-04-05,Bab Bhar,33.891,10.118,2,respiratoire,0.413,0.713,4.871,9.083,0.5,12.89,84.2,70.5,18.2,0,Normal
2024-04-05,Jara,33.905,10.071,2,respiratoire,0.413,0.713,4.871,9.083,0.5,12.89,84.2,70.5,18.2,0,Normal
2024-04-06,Bou Chemma,33.882,10.098,6,respiratoire,0.442,0.796,5.471,9.479,0.0,10.9,75.8,77.7,17.7,1,Vigilance
2024-04-06,Chatt,33.876,10.105,5,oculaire,0.442,0.796,5.471,9.479,0.0,10.9,75.8,77.7,17.7,1,Vigilance
2024-04-06,Metouia,33.971,10.001,1,respiratoire,0.442,0.796,5.471,9.479,0.0,10.9,75.8,77.7,17.7,0,Normal
2024-04-06,Chenini,33.899,10.044,0,respiratoire,0.442,0.796,5.471,9.479,0.0,10.9,75.8,77.7,17.7,0,Normal
2024-04-06,El Akarit,33.849,10.143,4,oculaire,0.442,0.796,5.471,9.479,0.0,10.9,75.8,77.7,17.7,1,Vigilance
2024-04-06,Oudhref,33.83,10.087,4,respiratoire,0.442,0.796,5.471,9.479,0.0,10.9,75.8,77.7,17.7,1,Vigilance
2024-04-06,Bab Bhar,33.891,10.118,1,respiratoire,0.442,0.796,5.471,9.479,0.0,10.9,75.8,77.7,17.7,0,Normal
2024-04-06,Jara,33.905,10.071,1,respiratoire,0.442,0.796,5.471,9.479,0.0,10.9,75.8,77.7,17.7,0,Normal
2024-04-07,Bou Chemma,33.882,10.098,9,respiratoire,1.092,1.017,5.875,9.617,0.5,8.48,109.4,69.6,18.7,2,Critique
2024-04-07,Chatt,33.876,10.105,7,respiratoire,1.092,1.017,5.875,9.617,0.5,8.48,109.4,69.6,18.7,2,Critique
2024-04-07,Metouia,33.971,10.001,5,respiratoire,1.092,1.017,5.875,9.617,0.5,8.48,109.4,69.6,18.7,2,Critique
2024-04-07,Chenini,33.899,10.044,1,respiratoire,1.092,1.017,5.875,9.617,0.5,8.48,109.4,69.6,18.7,1,Vigilance
2024-04-07,El Akarit,33.849,10.143,3,respiratoire,1.092,1.017,5.875,9.617,0.5,8.48,109.4,69.6,18.7,2,Critique
2024-04-07,Oudhref,33.83,10.087,5,oculaire,1.092,1.017,5.875,9.617,0.5,8.48,109.4,69.6,18.7,2,Critique
2024-04-07,Bab Bhar,33.891,10.118,1,respiratoire,1.092,1.017,5.875,9.617,0.5,8.48,109.4,69.6,18.7,1,Vigilance
2024-04-07,Jara,33.905,10.071,4,digestif,1.092,1.017,5.875,9.617,0.5,8.48,109.4,69.6,18.7,2,Critique
2024-04-08,Bou Chemma,33.882,10.098,7,oculaire,1.633,1.354,6.508,10.283,0.958,10.23,116.3,54.1,20.1,3,Urgence
2024-04-08,Chatt,33.876,10.105,9,respiratoire,1.633,1.354,6.508,10.283,0.958,10.23,116.3,54.1,20.1,3,Urgence
2024-04-08,Metouia,33.971,10.001,6,dermatologique,1.633,1.354,6.508,10.283,0.958,10.23,116.3,54.1,20.1,3,Urgence
2024-04-08,Chenini,33.899,10.044,1,respiratoire,1.633,1.354,6.508,10.283,0.958,10.23,116.3,54.1,20.1,2,Critique
2024-04-08,El Akarit,33.849,10.143,10,respiratoire,1.633,1.354,6.508,10.283,0.958,10.23,116.3,54.1,20.1,3,Urgence
2024-04-08,Oudhref,33.83,10.087,2,dermatologique,1.633,1.354,6.508,10.283,0.958,10.23,116.3,54.1,20.1,2,Critique
2024-04-08,Bab Bhar,33.891,10.118,4,respiratoire,1.633,1.354,6.508,10.283,0.958,10.23,116.3,54.1,20.1,2,Critique
2024-04-08,Jara,33.905,10.071,4,respiratoire,1.633,1.354,6.508,10.283,0.958,10.23,116.3,54.1,20.1,2,Critique
2024-04-09,Bou Chemma,33.882,10.098,5,respiratoire,1.0,1.017,7.583,15.25,1.167,12.01,64.4,72.7,19.0,2,Critique
2024-04-09,Chatt,33.876,10.105,9,oculaire,1.0,1.017,7.583,15.25,1.167,12.01,64.4,72.7,19.0,3,Urgence
2024-04-09,Metouia,33.971,10.001,1,respiratoire,1.0,1.017,7.583,15.25,1.167,12.01,64.4,72.7,19.0,1,Vigilance
2024-04-09,Chenini,33.899,10.044,0,respiratoire,1.0,1.017,7.583,15.25,1.167,12.01,64.4,72.7,19.0,1,Vigilance
2024-04-09,El Akarit,33.849,10.143,4,oculaire,1.0,1.017,7.583,15.25,1.167,12.01,64.4,72.7,19.0,2,Critique
2024-04-09,Oudhref,33.83,10.087,3,oculaire,1.0,1.017,7.583,15.25,1.167,12.01,64.4,72.7,19.0,2,Critique
2024-04-09,Bab Bhar,33.891,10.118,1,digestif,1.0,1.017,7.583,15.25,1.167,12.01,64.4,72.7,19.0,1,Vigilance
2024-04-09,Jara,33.905,10.071,4,respiratoire,1.0,1.017,7.583,15.25,1.167,12.01,64.4,72.7,19.0,2,Critique
2024-04-10,Bou Chemma,33.882,10.098,8,digestif,0.438,0.533,7.046,18.625,5.667,24.99,55.6,59.9,18.4,2,Critique
2024-04-10,Chatt,33.876,10.105,7,oculaire,0.438,0.533,7.046,18.625,5.667,24.99,55.6,59.9,18.4,2,Critique
2024-04-10,Metouia,33.971,10.001,3,oculaire,0.438,0.533,7.046,18.625,5.667,24.99,55.6,59.9,18.4,1,Vigilance
2024-04-10,Chenini,33.899,10.044,4,respiratoire,0.438,0.533,7.046,18.625,5.667,24.99,55.6,59.9,18.4,1,Vigilance
2024-04-10,El Akarit,33.849,10.143,6,respiratoire,0.438,0.533,7.046,18.625,5.667,24.99,55.6,59.9,18.4,1,Vigilance
2024-04-10,Oudhref,33.83,10.087,4,respiratoire,0.438,0.533,7.046,18.625,5.667,24.99,55.6,59.9,18.4,1,Vigilance
2024-04-10,Bab Bhar,33.891,10.118,1,oculaire,0.438,0.533,7.046,18.625,5.667,24.99,55.6,59.9,18.4,0,Normal
2024-04-10,Jara,33.905,10.071,1,oculaire,0.438,0.533,7.046,18.625,5.667,24.99,55.6,59.9,18.4,0,Normal
2024-04-11,Bou Chemma,33.882,10.098,2,digestif,0.333,0.438,4.013,11.358,0.0,17.6,50.6,76.2,15.0,0,Normal
2024-04-11,Chatt,33.876,10.105,2,respiratoire,0.333,0.438,4.013,11.358,0.0,17.6,50.6,76.2,15.0,0,Normal
2024-04-11,Metouia,33.971,10.001,0,oculaire,0.333,0.438,4.013,11.358,0.0,17.6,50.6,76.2,15.0,0,Normal
2024-04-11,Chenini,33.899,10.044,2,digestif,0.333,0.438,4.013,11.358,0.0,17.6,50.6,76.2,15.0,0,Normal
2024-04-11,El Akarit,33.849,10.143,2,respiratoire,0.333,0.438,4.013,11.358,0.0,17.6,50.6,76.2,15.0,0,Normal
2024-04-11,Oudhref,33.83,10.087,1,digestif,0.333,0.438,4.013,11.358,0.0,17.6,50.6,76.2,15.0,0,Normal
2024-04-11,Bab Bhar,33.891,10.118,1,oculaire,0.333,0.438,4.013,11.358,0.0,17.6,50.6,76.2,15.0,0,Normal
2024-04-11,Jara,33.905,10.071,1,dermatologique,0.333,0.438,4.013,11.358,0.0,17.6,50.6,76.2,15.0,0,Normal
2024-04-12,Bou Chemma,33.882,10.098,7,respiratoire,0.283,0.429,6.858,17.604,3.458,32.27,49.9,86.1,15.7,1,Vigilance
2024-04-12,Chatt,33.876,10.105,6,dermatologique,0.283,0.429,6.858,17.604,3.458,32.27,49.9,86.1,15.7,1,Vigilance
2024-04-12,Metouia,33.971,10.001,3,dermatologique,0.283,0.429,6.858,17.604,3.458,32.27,49.9,86.1,15.7,0,Normal
2024-04-12,Chenini,33.899,10.044,1,oculaire,0.283,0.429,6.858,17.604,3.458,32.27,49.9,86.1,15.7,0,Normal
2024-04-12,El Akarit,33.849,10.143,8,respiratoire,0.283,0.429,6.858,17.604,3.458,32.27,49.9,86.1,15.7,2,Critique
2024-04-12,Oudhref,33.83,10.087,0,respiratoire,0.283,0.429,6.858,17.604,3.458,32.27,49.9,86.1,15.7,0,Normal
2024-04-12,Bab Bhar,33.891,10.118,1,respiratoire,0.283,0.429,6.858,17.604,3.458,32.27,49.9,86.1,15.7,0,Normal
2024-04-12,Jara,33.905,10.071,0,oculaire,0.283,0.429,6.858,17.604,3.458,32.27,49.9,86.1,15.7,0,Normal
2024-04-13,Bou Chemma,33.882,10.098,8,dermatologique,0.458,0.392,12.513,27.208,5.292,31.25,52.9,79.2,18.3,2,Critique
2024-04-13,Chatt,33.876,10.105,10,respiratoire,0.458,0.392,12.513,27.208,5.292,31.25,52.9,79.2,18.3,2,Critique
2024-04-13,Metouia,33.971,10.001,2,respiratoire,0.458,0.392,12.513,27.208,5.292,31.25,52.9,79.2,18.3,1,Vigilance
2024-04-13,Chenini,33.899,10.044,7,oculaire,0.458,0.392,12.513,27.208,5.292,31.25,52.9,79.2,18.3,2,Critique
2024-04-13,El Akarit,33.849,10.143,4,respiratoire,0.458,0.392,12.513,27.208,5.292,31.25,52.9,79.2,18.3,2,Critique
2024-04-13,Oudhref,33.83,10.087,5,respiratoire,0.458,0.392,12.513,27.208,5.292,31.25,52.9,79.2,18.3,2,Critique
2024-04-13,Bab Bhar,33.891,10.118,1,respiratoire,0.458,0.392,12.513,27.208,5.292,31.25,52.9,79.2,18.3,1,Vigilance
2024-04-13,Jara,33.905,10.071,6,oculaire,0.458,0.392,12.513,27.208,5.292,31.25,52.9,79.2,18.3,2,Critique
2024-04-14,Bou Chemma,33.882,10.098,12,digestif,0.504,0.388,20.512,48.688,14.625,24.94,51.1,75.8,19.2,3,Urgence
2024-04-14,Chatt,33.876,10.105,12,dermatologique,0.504,0.388,20.512,48.688,14.625,24.94,51.1,75.8,19.2,3,Urgence
2024-04-14,Metouia,33.971,10.001,6,dermatologique,0.504,0.388,20.512,48.688,14.625,24.94,51.1,75.8,19.2,3,Urgence
2024-04-14,Chenini,33.899,10.044,8,oculaire,0.504,0.388,20.512,48.688,14.625,24.94,51.1,75.8,19.2,3,Urgence
2024-04-14,El Akarit,33.849,10.143,17,respiratoire,0.504,0.388,20.512,48.688,14.625,24.94,51.1,75.8,19.2,3,Urgence
2024-04-14,Oudhref,33.83,10.087,7,oculaire,0.504,0.388,20.512,48.688,14.625,24.94,51.1,75.8,19.2,3,Urgence
2024-04-14,Bab Bhar,33.891,10.118,10,oculaire,0.504,0.388,20.512,48.688,14.625,24.94,51.1,75.8,19.2,3,Urgence
2024-04-14,Jara,33.905,10.071,4,oculaire,0.504,0.388,20.512,48.688,14.625,24.94,51.1,75.8,19.2,2,Critique
2024-04-15,Bou Chemma,33.882,10.098,19,oculaire,0.733,0.992,24.871,69.108,42.333,14.32,157.9,74.9,19.7,3,Urgence
2024-04-15,Chatt,33.876,10.105,20,oculaire,0.733,0.992,24.871,69.108,42.333,14.32,157.9,74.9,19.7,3,Urgence
2024-04-15,Metouia,33.971,10.001,14,respiratoire,0.733,0.992,24.871,69.108,42.333,14.32,157.9,74.9,19.7,3,Urgence
2024-04-15,Chenini,33.899,10.044,5,dermatologique,0.733,0.992,24.871,69.108,42.333,14.32,157.9,74.9,19.7,3,Urgence
2024-04-15,El Akarit,33.849,10.143,22,respiratoire,0.733,0.992,24.871,69.108,42.333,14.32,157.9,74.9,19.7,3,Urgence
2024-04-15,Oudhref,33.83,10.087,9,respiratoire,0.733,0.992,24.871,69.108,42.333,14.32,157.9,74.9,19.7,3,Urgence
2024-04-15,Bab Bhar,33.891,10.118,17,oculaire,0.733,0.992,24.871,69.108,42.333,14.32,157.9,74.9,19.7,3,Urgence
2024-04-15,Jara,33.905,10.071,5,dermatologique,0.733,0.992,24.871,69.108,42.333,14.32,157.9,74.9,19.7,3,Urgence
2024-04-16,Bou Chemma,33.882,10.098,6,respiratoire,0.625,1.688,26.246,54.858,40.542,12.58,290.4,69.8,19.5,3,Urgence
2024-04-16,Chatt,33.876,10.105,8,respiratoire,0.625,1.688,26.246,54.858,40.542,12.58,290.4,69.8,19.5,3,Urgence
2024-04-16,Metouia,33.971,10.001,6,respiratoire,0.625,1.688,26.246,54.858,40.542,12.58,290.4,69.8,19.5,3,Urgence
2024-04-16,Chenini,33.899,10.044,4,respiratoire,0.625,1.688,26.246,54.858,40.542,12.58,290.4,69.8,19.5,2,Critique
2024-04-16,El Akarit,33.849,10.143,2,oculaire,0.625,1.688,26.246,54.858,40.542,12.58,290.4,69.8,19.5,2,Critique
2024-04-16,Oudhref,33.83,10.087,2,respiratoire,0.625,1.688,26.246,54.858,40.542,12.58,290.4,69.8,19.5,2,Critique
2024-04-16,Bab Bhar,33.891,10.118,4,respiratoire,0.625,1.688,26.246,54.858,40.542,12.58,290.4,69.8,19.5,2,Critique
2024-04-16,Jara,33.905,10.071,3,dermatologique,0.625,1.688,26.246,54.858,40.542,12.58,290.4,69.8,19.5,2,Critique
2024-04-17,Bou Chemma,33.882,10.098,10,respiratoire,0.513,1.279,11.654,22.621,13.458,10.34,156.7,70.1,19.4,2,Critique
2024-04-17,Chatt,33.876,10.105,14,oculaire,0.513,1.279,11.654,22.621,13.458,10.34,156.7,70.1,19.4,3,Urgence
2024-04-17,Metouia,33.971,10.001,5,oculaire,0.513,1.279,11.654,22.621,13.458,10.34,156.7,70.1,19.4,2,Critique
2024-04-17,Chenini,33.899,10.044,3,oculaire,0.513,1.279,11.654,22.621,13.458,10.34,156.7,70.1,19.4,2,Critique
2024-04-17,El Akarit,33.849,10.143,11,dermatologique,0.513,1.279,11.654,22.621,13.458,10.34,156.7,70.1,19.4,3,Urgence
2024-04-17,Oudhref,33.83,10.087,2,respiratoire,0.513,1.279,11.654,22.621,13.458,10.34,156.7,70.1,19.4,1,Vigilance
2024-04-17,Bab Bhar,33.891,10.118,5,respiratoire,0.513,1.279,11.654,22.621,13.458,10.34,156.7,70.1,19.4,2,Critique
2024-04-17,Jara,33.905,10.071,8,respiratoire,0.513,1.279,11.654,22.621,13.458,10.34,156.7,70.1,19.4,2,Critique
2024-04-18,Bou Chemma,33.882,10.098,7,respiratoire,0.321,0.55,6.067,15.896,3.833,18.86,100.5,68.0,17.7,1,Vigilance
2024-04-18,Chatt,33.876,10.105,2,digestif,0.321,0.55,6.067,15.896,3.833,18.86,100.5,68.0,17.7,0,Normal
2024-04-18,Metouia,33.971,10.001,1,respiratoire,0.321,0.55,6.067,15.896,3.833,18.86,100.5,68.0,17.7,0,Normal
2024-04-18,Chenini,33.899,10.044,1,digestif,0.321,0.55,6.067,15.896,3.833,18.86,100.5,68.0,17.7,0,Normal
2024-04-18,El Akarit,33.849,10.143,5,oculaire,0.321,0.55,6.067,15.896,3.833,18.86,100.5,68.0,17.7,1,Vigilance
2024-04-18,Oudhref,33.83,10.087,2,digestif,0.321,0.55,6.067,15.896,3.833,18.86,100.5,68.0,17.7,0,Normal
2024-04-18,Bab Bhar,33.891,10.118,0,respiratoire,0.321,0.55,6.067,15.896,3.833,18.86,100.5,68.0,17.7,0,Normal
2024-04-18,Jara,33.905,10.071,2,respiratoire,0.321,0.55,6.067,15.896,3.833,18.86,100.5,68.0,17.7,0,Normal
2024-04-19,Bou Chemma,33.882,10.098,3,oculaire,0.304,0.696,3.958,10.025,1.542,14.36,61.8,59.0,17.8,0,Normal
2024-04-19,Chatt,33.876,10.105,5,digestif,0.304,0.696,3.958,10.025,1.542,14.36,61.8,59.0,17.8,1,Vigilance
2024-04-19,Metouia,33.971,10.001,3,respiratoire,0.304,0.696,3.958,10.025,1.542,14.36,61.8,59.0,17.8,0,Normal
2024-04-19,Chenini,33.899,10.044,0,respiratoire,0.304,0.696,3.958,10.025,1.542,14.36,61.8,59.0,17.8,0,Normal
2024-04-19,El Akarit,33.849,10.143,2,respiratoire,0.304,0.696,3.958,10.025,1.542,14.36,61.8,59.0,17.8,0,Normal
2024-04-19,Oudhref,33.83,10.087,0,dermatologique,0.304,0.696,3.958,10.025,1.542,14.36,61.8,59.0,17.8,0,Normal
2024-04-19,Bab Bhar,33.891,10.118,4,respiratoire,0.304,0.696,3.958,10.025,1.542,14.36,61.8,59.0,17.8,0,Normal
2024-04-19,Jara,33.905,10.071,0,oculaire,0.304,0.696,3.958,10.025,1.542,14.36,61.8,59.0,17.8,0,Normal
2024-04-20,Bou Chemma,33.882,10.098,1,oculaire,0.442,0.838,4.217,9.829,0.042,11.55,120.8,62.3,17.1,0,Normal
2024-04-20,Chatt,33.876,10.105,5,digestif,0.442,0.838,4.217,9.829,0.042,11.55,120.8,62.3,17.1,1,Vigilance
2024-04-20,Metouia,33.971,10.001,1,respiratoire,0.442,0.838,4.217,9.829,0.042,11.55,120.8,62.3,17.1,0,Normal
2024-04-20,Chenini,33.899,10.044,1,digestif,0.442,0.838,4.217,9.829,0.042,11.55,120.8,62.3,17.1,0,Normal
2024-04-20,El Akarit,33.849,10.143,4,respiratoire,0.442,0.838,4.217,9.829,0.042,11.55,120.8,62.3,17.1,1,Vigilance
2024-04-20,Oudhref,33.83,10.087,0,respiratoire,0.442,0.838,4.217,9.829,0.042,11.55,120.8,62.3,17.1,0,Normal
2024-04-20,Bab Bhar,33.891,10.118,2,digestif,0.442,0.838,4.217,9.829,0.042,11.55,120.8,62.3,17.1,0,Normal
2024-04-20,Jara,33.905,10.071,3,digestif,0.442,0.838,4.217,9.829,0.042,11.55,120.8,62.3,17.1,0,Normal
2024-04-21,Bou Chemma,33.882,10.098,5,oculaire,0.329,0.45,5.292,13.733,1.583,24.8,60.8,68.0,17.1,1,Vigilance
2024-04-21,Chatt,33.876,10.105,6,respiratoire,0.329,0.45,5.292,13.733,1.583,24.8,60.8,68.0,17.1,1,Vigilance
2024-04-21,Metouia,33.971,10.001,3,digestif,0.329,0.45,5.292,13.733,1.583,24.8,60.8,68.0,17.1,0,Normal
2024-04-21,Chenini,33.899,10.044,3,oculaire,0.329,0.45,5.292,13.733,1.583,24.8,60.8,68.0,17.1,0,Normal
2024-04-21,El Akarit,33.849,10.143,4,digestif,0.329,0.45,5.292,13.733,1.583,24.8,60.8,68.0,17.1,1,Vigilance
2024-04-21,Oudhref,33.83,10.087,1,oculaire,0.329,0.45,5.292,13.733,1.583,24.8,60.8,68.0,17.1,0,Normal
2024-04-21,Bab Bhar,33.891,10.118,0,dermatologique,0.329,0.45,5.292,13.733,1.583,24.8,60.8,68.0,17.1,0,Normal
2024-04-21,Jara,33.905,10.071,4,dermatologique,0.329,0.45,5.292,13.733,1.583,24.8,60.8,68.0,17.1,1,Vigilance
2024-04-22,Bou Chemma,33.882,10.098,1,oculaire,0.45,0.529,5.438,16.746,3.375,24.92,48.4,66.8,17.1,0,Normal
2024-04-22,Chatt,33.876,10.105,5,dermatologique,0.45,0.529,5.438,16.746,3.375,24.92,48.4,66.8,17.1,1,Vigilance
2024-04-22,Metouia,33.971,10.001,2,respiratoire,0.45,0.529,5.438,16.746,3.375,24.92,48.4,66.8,17.1,0,Normal
2024-04-22,Chenini,33.899,10.044,1,respiratoire,0.45,0.529,5.438,16.746,3.375,24.92,48.4,66.8,17.1,0,Normal
2024-04-22,El Akarit,33.849,10.143,6,respiratoire,0.45,0.529,5.438,16.746,3.375,24.92,48.4,66.8,17.1,1,Vigilance
2024-04-22,Oudhref,33.83,10.087,5,respiratoire,0.45,0.529,5.438,16.746,3.375,24.92,48.4,66.8,17.1,1,Vigilance
2024-04-22,Bab Bhar,33.891,10.118,3,digestif,0.45,0.529,5.438,16.746,3.375,24.92,48.4,66.8,17.1,1,Vigilance
2024-04-22,Jara,33.905,10.071,2,oculaire,0.45,0.529,5.438,16.746,3.375,24.92,48.4,66.8,17.1,0,Normal
2024-04-23,Bou Chemma,33.882,10.098,4,respiratoire,0.446,0.7,4.254,10.358,1.042,14.44,138.1,54.4,17.2,1,Vigilance
2024-04-23,Chatt,33.876,10.105,3,respiratoire,0.446,0.7,4.254,10.358,1.042,14.44,138.1,54.4,17.2,0,Normal
2024-04-23,Metouia,33.971,10.001,2,dermatologique,0.446,0.7,4.254,10.358,1.042,14.44,138.1,54.4,17.2,0,Normal
2024-04-23,Chenini,33.899,10.044,2,digestif,0.446,0.7,4.254,10.358,1.042,14.44,138.1,54.4,17.2,0,Normal
2024-04-23,El Akarit,33.849,10.143,2,digestif,0.446,0.7,4.254,10.358,1.042,14.44,138.1,54.4,17.2,0,Normal
2024-04-23,Oudhref,33.83,10.087,2,oculaire,0.446,0.7,4.254,10.358,1.042,14.44,138.1,54.4,17.2,0,Normal
2024-04-23,Bab Bhar,33.891,10.118,3,digestif,0.446,0.7,4.254,10.358,1.042,14.44,138.1,54.4,17.2,0,Normal
2024-04-23,Jara,33.905,10.071,0,oculaire,0.446,0.7,4.254,10.358,1.042,14.44,138.1,54.4,17.2,0,Normal
2024-04-24,Bou Chemma,33.882,10.098,7,respiratoire,0.479,0.871,7.35,16.379,8.083,16.25,155.9,59.9,16.4,2,Critique
2024-04-24,Chatt,33.876,10.105,10,respiratoire,0.479,0.871,7.35,16.379,8.083,16.25,155.9,59.9,16.4,2,Critique
2024-04-24,Metouia,33.971,10.001,4,digestif,0.479,0.871,7.35,16.379,8.083,16.25,155.9,59.9,16.4,1,Vigilance
2024-04-24,Chenini,33.899,10.044,2,respiratoire,0.479,0.871,7.35,16.379,8.083,16.25,155.9,59.9,16.4,1,Vigilance
2024-04-24,El Akarit,33.849,10.143,8,digestif,0.479,0.871,7.35,16.379,8.083,16.25,155.9,59.9,16.4,2,Critique
2024-04-24,Oudhref,33.83,10.087,2,respiratoire,0.479,0.871,7.35,16.379,8.083,16.25,155.9,59.9,16.4,1,Vigilance
2024-04-24,Bab Bhar,33.891,10.118,5,respiratoire,0.479,0.871,7.35,16.379,8.083,16.25,155.9,59.9,16.4,1,Vigilance
2024-04-24,Jara,33.905,10.071,0,respiratoire,0.479,0.871,7.35,16.379,8.083,16.25,155.9,59.9,16.4,0,Normal
2024-04-25,Bou Chemma,33.882,10.098,1,respiratoire,0.425,0.983,3.892,8.429,0.375,7.19,165.9,49.7,16.5,0,Normal
2024-04-25,Chatt,33.876,10.105,2,oculaire,0.425,0.983,3.892,8.429,0.375,7.19,165.9,49.7,16.5,0,Normal
2024-04-25,Metouia,33.971,10.001,2,oculaire,0.425,0.983,3.892,8.429,0.375,7.19,165.9,49.7,16.5,0,Normal
2024-04-25,Chenini,33.899,10.044,1,dermatologique,0.425,0.983,3.892,8.429,0.375,7.19,165.9,49.7,16.5,0,Normal
2024-04-25,El Akarit,33.849,10.143,3,oculaire,0.425,0.983,3.892,8.429,0.375,7.19,165.9,49.7,16.5,0,Normal
2024-04-25,Oudhref,33.83,10.087,2,respiratoire,0.425,0.983,3.892,8.429,0.375,7.19,165.9,49.7,16.5,0,Normal
2024-04-25,Bab Bhar,33.891,10.118,3,respiratoire,0.425,0.983,3.892,8.429,0.375,7.19,165.9,49.7,16.5,0,Normal
2024-04-25,Jara,33.905,10.071,4,oculaire,0.425,0.983,3.892,8.429,0.375,7.19,165.9,49.7,16.5,1,Vigilance
2024-04-26,Bou Chemma,33.882,10.098,5,respiratoire,2.392,1.371,9.5,18.9,12.375,13.53,104.3,50.3,18.2,3,Urgence
2024-04-26,Chatt,33.876,10.105,21,respiratoire,2.392,1.371,9.5,18.9,12.375,13.53,104.3,50.3,18.2,3,Urgence
2024-04-26,Metouia,33.971,10.001,6,respiratoire,2.392,1.371,9.5,18.9,12.375,13.53,104.3,50.3,18.2,3,Urgence
2024-04-26,Chenini,33.899,10.044,5,respiratoire,2.392,1.371,9.5,18.9,12.375,13.53,104.3,50.3,18.2,3,Urgence
2024-04-26,El Akarit,33.849,10.143,16,respiratoire,2.392,1.371,9.5,18.9,12.375,13.53,104.3,50.3,18.2,3,Urgence
2024-04-26,Oudhref,33.83,10.087,6,respiratoire,2.392,1.371,9.5,18.9,12.375,13.53,104.3,50.3,18.2,3,Urgence
2024-04-26,Bab Bhar,33.891,10.118,5,respiratoire,2.392,1.371,9.5,18.9,12.375,13.53,104.3,50.3,18.2,3,Urgence
2024-04-26,Jara,33.905,10.071,3,respiratoire,2.392,1.371,9.5,18.9,12.375,13.53,104.3,50.3,18.2,3,Urgence
2024-04-27,Bou Chemma,33.882,10.098,14,oculaire,0.317,0.404,12.325,35.296,22.125,22.03,69.4,78.3,18.5,3,Urgence
2024-04-27,Chatt,33.876,10.105,8,digestif,0.317,0.404,12.325,35.296,22.125,22.03,69.4,78.3,18.5,2,Critique
2024-04-27,Metouia,33.971,10.001,5,oculaire,0.317,0.404,12.325,35.296,22.125,22.03,69.4,78.3,18.5,2,Critique
2024-04-27,Chenini,33.899,10.044,4,oculaire,0.317,0.404,12.325,35.296,22.125,22.03,69.4,78.3,18.5,2,Critique
2024-04-27,El Akarit,33.849,10.143,10,oculaire,0.317,0.404,12.325,35.296,22.125,22.03,69.4,78.3,18.5,2,Critique
2024-04-27,Oudhref,33.83,10.087,3,oculaire,0.317,0.404,12.325,35.296,22.125,22.03,69.4,78.3,18.5,1,Vigilance
2024-04-27,Bab Bhar,33.891,10.118,5,respiratoire,0.317,0.404,12.325,35.296,22.125,22.03,69.4,78.3,18.5,2,Critique
2024-04-27,Jara,33.905,10.071,9,oculaire,0.317,0.404,12.325,35.296,22.125,22.03,69.4,78.3,18.5,2,Critique
2024-04-28,Bou Chemma,33.882,10.098,8,digestif,0.408,0.35,13.108,46.837,25.25,17.76,61.5,77.9,18.4,2,Critique
2024-04-28,Chatt,33.876,10.105,12,oculaire,0.408,0.35,13.108,46.837,25.25,17.76,61.5,77.9,18.4,3,Urgence
2024-04-28,Metouia,33.971,10.001,4,respiratoire,0.408,0.35,13.108,46.837,25.25,17.76,61.5,77.9,18.4,2,Critique
2024-04-28,Chenini,33.899,10.044,3,dermatologique,0.408,0.35,13.108,46.837,25.25,17.76,61.5,77.9,18.4,2,Critique
2024-04-28,El Akarit,33.849,10.143,18,oculaire,0.408,0.35,13.108,46.837,25.25,17.76,61.5,77.9,18.4,3,Urgence
2024-04-28,Oudhref,33.83,10.087,4,oculaire,0.408,0.35,13.108,46.837,25.25,17.76,61.5,77.9,18.4,2,Critique
2024-04-28,Bab Bhar,33.891,10.118,2,respiratoire,0.408,0.35,13.108,46.837,25.25,17.76,61.5,77.9,18.4,1,Vigilance
2024-04-28,Jara,33.905,10.071,8,respiratoire,0.408,0.35,13.108,46.837,25.25,17.76,61.5,77.9,18.4,2,Critique
2024-04-29,Bou Chemma,33.882,10.098,32,oculaire,0.408,0.754,21.825,74.904,54.625,11.83,51.0,81.5,18.7,3,Urgence
2024-04-29,Chatt,33.876,10.105,25,oculaire,0.408,0.754,21.825,74.904,54.625,11.83,51.0,81.5,18.7,3,Urgence
2024-04-29,Metouia,33.971,10.001,14,respiratoire,0.408,0.754,21.825,74.904,54.625,11.83,51.0,81.5,18.7,3,Urgence
2024-04-29,Chenini,33.899,10.044,7,dermatologique,0.408,0.754,21.825,74.904,54.625,11.83,51.0,81.5,18.7,3,Urgence
2024-04-29,El Akarit,33.849,10.143,20,dermatologique,0.408,0.754,21.825,74.904,54.625,11.83,51.0,81.5,18.7,3,Urgence
2024-04-29,Oudhref,33.83,10.087,10,dermatologique,0.408,0.754,21.825,74.904,54.625,11.83,51.0,81.5,18.7,3,Urgence
2024-04-29,Bab Bhar,33.891,10.118,10,respiratoire,0.408,0.754,21.825,74.904,54.625,11.83,51.0,81.5,18.7,3,Urgence
2024-04-29,Jara,33.905,10.071,7,oculaire,0.408,0.754,21.825,74.904,54.625,11.83,51.0,81.5,18.7,3,Urgence
2024-04-30,Bou Chemma,33.882,10.098,75,dermatologique,0.333,0.767,59.504,195.196,180.083,11.34,142.5,76.5,20.9,3,Urgence
2024-04-30,Chatt,33.876,10.105,70,oculaire,0.333,0.767,59.504,195.196,180.083,11.34,142.5,76.5,20.9,3,Urgence
2024-04-30,Metouia,33.971,10.001,36,respiratoire,0.333,0.767,59.504,195.196,180.083,11.34,142.5,76.5,20.9,3,Urgence
2024-04-30,Chenini,33.899,10.044,29,oculaire,0.333,0.767,59.504,195.196,180.083,11.34,142.5,76.5,20.9,3,Urgence
2024-04-30,El Akarit,33.849,10.143,63,respiratoire,0.333,0.767,59.504,195.196,180.083,11.34,142.5,76.5,20.9,3,Urgence
2024-04-30,Oudhref,33.83,10.087,29,dermatologique,0.333,0.767,59.504,195.196,180.083,11.34,142.5,76.5,20.9,3,Urgence
2024-04-30,Bab Bhar,33.891,10.118,31,respiratoire,0.333,0.767,59.504,195.196,180.083,11.34,142.5,76.5,20.9,3,Urgence
2024-04-30,Jara,33.905,10.071,31,respiratoire,0.333,0.767,59.504,195.196,180.083,11.34,142.5,76.5,20.9,3,Urgence
2024-05-01,Bou Chemma,33.882,10.098,31,dermatologique,0.471,0.942,42.992,201.117,157.667,12.2,208.9,51.8,19.6,3,Urgence
2024-05-01,Chatt,33.876,10.105,11,respiratoire,0.471,0.942,42.992,201.117,157.667,12.2,208.9,51.8,19.6,3,Urgence
2024-05-01,Metouia,33.971,10.001,4,respiratoire,0.471,0.942,42.992,201.117,157.667,12.2,208.9,51.8,19.6,3,Urgence
2024-05-01,Chenini,33.899,10.044,5,oculaire,0.471,0.942,42.992,201.117,157.667,12.2,208.9,51.8,19.6,3,Urgence
2024-05-01,El Akarit,33.849,10.143,22,oculaire,0.471,0.942,42.992,201.117,157.667,12.2,208.9,51.8,19.6,3,Urgence
2024-05-01,Oudhref,33.83,10.087,10,respiratoire,0.471,0.942,42.992,201.117,157.667,12.2,208.9,51.8,19.6,3,Urgence
2024-05-01,Bab Bhar,33.891,10.118,6,respiratoire,0.471,0.942,42.992,201.117,157.667,12.2,208.9,51.8,19.6,3,Urgence
2024-05-01,Jara,33.905,10.071,6,oculaire,0.471,0.942,42.992,201.117,157.667,12.2,208.9,51.8,19.6,3,Urgence
2024-05-02,Bou Chemma,33.882,10.098,4,dermatologique,0.371,0.929,7.612,25.946,20.5,17.35,224.1,35.2,22.8,0,Normal
2024-05-02,Chatt,33.876,10.105,5,dermatologique,0.371,0.929,7.612,25.946,20.5,17.35,224.1,35.2,22.8,0,Normal
2024-05-02,Metouia,33.971,10.001,2,respiratoire,0.371,0.929,7.612,25.946,20.5,17.35,224.1,35.2,22.8,0,Normal
2024-05-02,Chenini,33.899,10.044,4,oculaire,0.371,0.929,7.612,25.946,20.5,17.35,224.1,35.2,22.8,0,Normal
2024-05-02,El Akarit,33.849,10.143,4,respiratoire,0.371,0.929,7.612,25.946,20.5,17.35,224.1,35.2,22.8,0,Normal
2024-05-02,Oudhref,33.83,10.087,1,respiratoire,0.371,0.929,7.612,25.946,20.5,17.35,224.1,35.2,22.8,0,Normal
2024-05-02,Bab Bhar,33.891,10.118,3,dermatologique,0.371,0.929,7.612,25.946,20.5,17.35,224.1,35.2,22.8,0,Normal
2024-05-02,Jara,33.905,10.071,0,respiratoire,0.371,0.929,7.612,25.946,20.5,17.35,224.1,35.2,22.8,0,Normal
2024-05-03,Bou Chemma,33.882,10.098,7,respiratoire,0.483,0.596,4.767,13.9,1.167,18.06,80.1,61.3,19.3,1,Vigilance
2024-05-03,Chatt,33.876,10.105,3,respiratoire,0.483,0.596,4.767,13.9,1.167,18.06,80.1,61.3,19.3,1,Vigilance
2024-05-03,Metouia,33.971,10.001,2,digestif,0.483,0.596,4.767,13.9,1.167,18.06,80.1,61.3,19.3,0,Normal
2024-05-03,Chenini,33.899,10.044,4,respiratoire,0.483,0.596,4.767,13.9,1.167,18.06,80.1,61.3,19.3,1,Vigilance
2024-05-03,El Akarit,33.849,10.143,6,oculaire,0.483,0.596,4.767,13.9,1.167,18.06,80.1,61.3,19.3,1,Vigilance
2024-05-03,Oudhref,33.83,10.087,3,respiratoire,0.483,0.596,4.767,13.9,1.167,18.06,80.1,61.3,19.3,1,Vigilance
2024-05-03,Bab Bhar,33.891,10.118,2,respiratoire,0.483,0.596,4.767,13.9,1.167,18.06,80.1,61.3,19.3,0,Normal
2024-05-03,Jara,33.905,10.071,3,respiratoire,0.483,0.596,4.767,13.9,1.167,18.06,80.1,61.3,19.3,1,Vigilance
2024-05-04,Bou Chemma,33.882,10.098,2,digestif,0.346,0.654,4.475,10.388,1.125,14.28,105.5,65.6,19.3,0,Normal
2024-05-04,Chatt,33.876,10.105,6,respiratoire,0.346,0.654,4.475,10.388,1.125,14.28,105.5,65.6,19.3,1,Vigilance
2024-05-04,Metouia,33.971,10.001,2,oculaire,0.346,0.654,4.475,10.388,1.125,14.28,105.5,65.6,19.3,0,Normal
2024-05-04,Chenini,33.899,10.044,1,digestif,0.346,0.654,4.475,10.388,1.125,14.28,105.5,65.6,19.3,0,Normal
2024-05-04,El Akarit,33.849,10.143,2,respiratoire,0.346,0.654,4.475,10.388,1.125,14.28,105.5,65.6,19.3,0,Normal
2024-05-04,Oudhref,33.83,10.087,3,oculaire,0.346,0.654,4.475,10.388,1.125,14.28,105.5,65.6,19.3,0,Normal
2024-05-04,Bab Bhar,33.891,10.118,3,respiratoire,0.346,0.654,4.475,10.388,1.125,14.28,105.5,65.6,19.3,0,Normal
2024-05-04,Jara,33.905,10.071,1,dermatologique,0.346,0.654,4.475,10.388,1.125,14.28,105.5,65.6,19.3,0,Normal
2024-05-05,Bou Chemma,33.882,10.098,5,respiratoire,0.321,0.604,4.571,9.575,2.625,15.67,108.2,51.3,20.4,1,Vigilance
2024-05-05,Chatt,33.876,10.105,3,respiratoire,0.321,0.604,4.571,9.575,2.625,15.67,108.2,51.3,20.4,0,Normal
2024-05-05,Metouia,33.971,10.001,1,respiratoire,0.321,0.604,4.571,9.575,2.625,15.67,108.2,51.3,20.4,0,Normal
2024-05-05,Chenini,33.899,10.044,3,dermatologique,0.321,0.604,4.571,9.575,2.625,15.67,108.2,51.3,20.4,0,Normal
2024-05-05,El Akarit,33.849,10.143,7,respiratoire,0.321,0.604,4.571,9.575,2.625,15.67,108.2,51.3,20.4,1,Vigilance
2024-05-05,Oudhref,33.83,10.087,1,digestif,0.321,0.604,4.571,9.575,2.625,15.67,108.2,51.3,20.4,0,Normal
2024-05-05,Bab Bhar,33.891,10.118,1,digestif,0.321,0.604,4.571,9.575,2.625,15.67,108.2,51.3,20.4,0,Normal
2024-05-05,Jara,33.905,10.071,5,oculaire,0.321,0.604,4.571,9.575,2.625,15.67,108.2,51.3,20.4,1,Vigilance
2024-05-06,Bou Chemma,33.882,10.098,8,respiratoire,2.062,1.325,7.375,11.729,3.375,11.39,102.5,40.2,23.5,3,Urgence
2024-05-06,Chatt,33.876,10.105,16,respiratoire,2.062,1.325,7.375,11.729,3.375,11.39,102.5,40.2,23.5,3,Urgence
2024-05-06,Metouia,33.971,10.001,7,respiratoire,2.062,1.325,7.375,11.729,3.375,11.39,102.5,40.2,23.5,3,Urgence
2024-05-06,Chenini,33.899,10.044,7,respiratoire,2.062,1.325,7.375,11.729,3.375,11.39,102.5,40.2,23.5,3,Urgence
2024-05-06,El Akarit,33.849,10.143,9,respiratoire,2.062,1.325,7.375,11.729,3.375,11.39,102.5,40.2,23.5,3,Urgence
2024-05-06,Oudhref,33.83,10.087,7,digestif,2.062,1.325,7.375,11.729,3.375,11.39,102.5,40.2,23.5,3,Urgence
2024-05-06,Bab Bhar,33.891,10.118,5,digestif,2.062,1.325,7.375,11.729,3.375,11.39,102.5,40.2,23.5,3,Urgence
2024-05-06,Jara,33.905,10.071,3,respiratoire,2.062,1.325,7.375,11.729,3.375,11.39,102.5,40.2,23.5,3,Urgence
2024-05-07,Bou Chemma,33.882,10.098,12,respiratoire,1.929,1.329,10.325,20.304,7.0,17.4,72.0,54.2,22.7,3,Urgence
2024-05-07,Chatt,33.876,10.105,13,oculaire,1.929,1.329,10.325,20.304,7.0,17.4,72.0,54.2,22.7,3,Urgence
2024-05-07,Metouia,33.971,10.001,8,respiratoire,1.929,1.329,10.325,20.304,7.0,17.4,72.0,54.2,22.7,3,Urgence
2024-05-07,Chenini,33.899,10.044,8,digestif,1.929,1.329,10.325,20.304,7.0,17.4,72.0,54.2,22.7,3,Urgence
2024-05-07,El Akarit,33.849,10.143,17,respiratoire,1.929,1.329,10.325,20.304,7.0,17.4,72.0,54.2,22.7,3,Urgence
2024-05-07,Oudhref,33.83,10.087,4,oculaire,1.929,1.329,10.325,20.304,7.0,17.4,72.0,54.2,22.7,3,Urgence
2024-05-07,Bab Bhar,33.891,10.118,1,respiratoire,1.929,1.329,10.325,20.304,7.0,17.4,72.0,54.2,22.7,3,Urgence
2024-05-07,Jara,33.905,10.071,5,respiratoire,1.929,1.329,10.325,20.304,7.0,17.4,72.0,54.2,22.7,3,Urgence
2024-05-08,Bou Chemma,33.882,10.098,5,dermatologique,0.5,0.883,6.112,13.425,4.375,15.59,79.5,73.2,18.5,1,Vigilance
2024-05-08,Chatt,33.876,10.105,10,dermatologique,0.5,0.883,6.112,13.425,4.375,15.59,79.5,73.2,18.5,2,Critique
2024-05-08,Metouia,33.971,10.001,4,oculaire,0.5,0.883,6.112,13.425,4.375,15.59,79.5,73.2,18.5,1,Vigilance
2024-05-08,Chenini,33.899,10.044,3,dermatologique,0.5,0.883,6.112,13.425,4.375,15.59,79.5,73.2,18.5,1,Vigilance
2024-05-08,El Akarit,33.849,10.143,4,respiratoire,0.5,0.883,6.112,13.425,4.375,15.59,79.5,73.2,18.5,1,Vigilance
2024-05-08,Oudhref,33.83,10.087,3,dermatologique,0.5,0.883,6.112,13.425,4.375,15.59,79.5,73.2,18.5,1,Vigilance
2024-05-08,Bab Bhar,33.891,10.118,0,digestif,0.5,0.883,6.112,13.425,4.375,15.59,79.5,73.2,18.5,0,Normal
2024-05-08,Jara,33.905,10.071,4,digestif,0.5,0.883,6.112,13.425,4.375,15.59,79.5,73.2,18.5,1,Vigilance
2024-05-09,Bou Chemma,33.882,10.098,0,respiratoire,0.433,1.271,3.271,6.046,0.917,12.75,263.3,58.4,18.3,0,Normal
2024-05-09,Chatt,33.876,10.105,0,digestif,0.433,1.271,3.271,6.046,0.917,12.75,263.3,58.4,18.3,0,Normal
2024-05-09,Metouia,33.971,10.001,0,respiratoire,0.433,1.271,3.271,6.046,0.917,12.75,263.3,58.4,18.3,0,Normal
2024-05-09,Chenini,33.899,10.044,0,digestif,0.433,1.271,3.271,6.046,0.917,12.75,263.3,58.4,18.3,0,Normal
2024-05-09,El Akarit,33.849,10.143,2,respiratoire,0.433,1.271,3.271,6.046,0.917,12.75,263.3,58.4,18.3,0,Normal
2024-05-09,Oudhref,33.83,10.087,0,dermatologique,0.433,1.271,3.271,6.046,0.917,12.75,263.3,58.4,18.3,0,Normal
2024-05-09,Bab Bhar,33.891,10.118,0,respiratoire,0.433,1.271,3.271,6.046,0.917,12.75,263.3,58.4,18.3,0,Normal
2024-05-09,Jara,33.905,10.071,0,oculaire,0.433,1.271,3.271,6.046,0.917,12.75,263.3,58.4,18.3,0,Normal
2024-05-10,Bou Chemma,33.882,10.098,2,respiratoire,0.4,0.838,4.967,8.258,1.667,10.93,189.2,58.6,20.0,0,Normal
2024-05-10,Chatt,33.876,10.105,1,oculaire,0.4,0.838,4.967,8.258,1.667,10.93,189.2,58.6,20.0,0,Normal
2024-05-10,Metouia,33.971,10.001,0,dermatologique,0.4,0.838,4.967,8.258,1.667,10.93,189.2,58.6,20.0,0,Normal
2024-05-10,Chenini,33.899,10.044,0,oculaire,0.4,0.838,4.967,8.258,1.667,10.93,189.2,58.6,20.0,0,Normal
2024-05-10,El Akarit,33.849,10.143,1,digestif,0.4,0.838,4.967,8.258,1.667,10.93,189.2,58.6,20.0,0,Normal
2024-05-10,Oudhref,33.83,10.087,1,oculaire,0.4,0.838,4.967,8.258,1.667,10.93,189.2,58.6,20.0,0,Normal
2024-05-10,Bab Bhar,33.891,10.118,0,oculaire,0.4,0.838,4.967,8.258,1.667,10.93,189.2,58.6,20.0,0,Normal
2024-05-10,Jara,33.905,10.071,0,digestif,0.4,0.838,4.967,8.258,1.667,10.93,189.2,58.6,20.0,0,Normal
2024-05-11,Bou Chemma,33.882,10.098,1,respiratoire,0.408,0.967,5.975,9.254,2.208,9.65,161.9,49.0,22.5,0,Normal
2024-05-11,Chatt,33.876,10.105,4,oculaire,0.408,0.967,5.975,9.254,2.208,9.65,161.9,49.0,22.5,1,Vigilance
2024-05-11,Metouia,33.971,10.001,6,dermatologique,0.408,0.967,5.975,9.254,2.208,9.65,161.9,49.0,22.5,1,Vigilance
2024-05-11,Chenini,33.899,10.044,0,oculaire,0.408,0.967,5.975,9.254,2.208,9.65,161.9,49.0,22.5,0,Normal
2024-05-11,El Akarit,33.849,10.143,6,digestif,0.408,0.967,5.975,9.254,2.208,9.65,161.9,49.0,22.5,1,Vigilance
2024-05-11,Oudhref,33.83,10.087,2,respiratoire,0.408,0.967,5.975,9.254,2.208,9.65,161.9,49.0,22.5,0,Normal
2024-05-11,Bab Bhar,33.891,10.118,2,oculaire,0.408,0.967,5.975,9.254,2.208,9.65,161.9,49.0,22.5,0,Normal
2024-05-11,Jara,33.905,10.071,1,oculaire,0.408,0.967,5.975,9.254,2.208,9.65,161.9,49.0,22.5,0,Normal
2024-05-12,Bou Chemma,33.882,10.098,0,respiratoire,0.292,0.904,5.829,9.742,3.125,9.05,211.3,28.5,26.9,0,Normal
2024-05-12,Chatt,33.876,10.105,0,respiratoire,0.292,0.904,5.829,9.742,3.125,9.05,211.3,28.5,26.9,0,Normal
2024-05-12,Metouia,33.971,10.001,0,respiratoire,0.292,0.904,5.829,9.742,3.125,9.05,211.3,28.5,26.9,0,Normal
2024-05-12,Chenini,33.899,10.044,0,oculaire,0.292,0.904,5.829,9.742,3.125,9.05,211.3,28.5,26.9,0,Normal
2024-05-12,El Akarit,33.849,10.143,0,respiratoire,0.292,0.904,5.829,9.742,3.125,9.05,211.3,28.5,26.9,0,Normal
2024-05-12,Oudhref,33.83,10.087,2,dermatologique,0.292,0.904,5.829,9.742,3.125,9.05,211.3,28.5,26.9,0,Normal
2024-05-12,Bab Bhar,33.891,10.118,0,respiratoire,0.292,0.904,5.829,9.742,3.125,9.05,211.3,28.5,26.9,0,Normal
2024-05-12,Jara,33.905,10.071,2,oculaire,0.292,0.904,5.829,9.742,3.125,9.05,211.3,28.5,26.9,0,Normal
2024-05-13,Bou Chemma,33.882,10.098,3,dermatologique,0.879,1.2,12.883,24.779,17.25,13.68,224.9,19.2,30.4,1,Vigilance
2024-05-13,Chatt,33.876,10.105,0,oculaire,0.879,1.2,12.883,24.779,17.25,13.68,224.9,19.2,30.4,1,Vigilance
2024-05-13,Metouia,33.971,10.001,0,oculaire,0.879,1.2,12.883,24.779,17.25,13.68,224.9,19.2,30.4,1,Vigilance
2024-05-13,Chenini,33.899,10.044,2,respiratoire,0.879,1.2,12.883,24.779,17.25,13.68,224.9,19.2,30.4,1,Vigilance
2024-05-13,El Akarit,33.849,10.143,2,oculaire,0.879,1.2,12.883,24.779,17.25,13.68,224.9,19.2,30.4,1,Vigilance
2024-05-13,Oudhref,33.83,10.087,1,oculaire,0.879,1.2,12.883,24.779,17.25,13.68,224.9,19.2,30.4,1,Vigilance
2024-05-13,Bab Bhar,33.891,10.118,1,oculaire,0.879,1.2,12.883,24.779,17.25,13.68,224.9,19.2,30.4,1,Vigilance
2024-05-13,Jara,33.905,10.071,0,respiratoire,0.879,1.2,12.883,24.779,17.25,13.68,224.9,19.2,30.4,1,Vigilance
2024-05-14,Bou Chemma,33.882,10.098,9,digestif,0.317,0.879,34.538,127.375,119.667,11.78,212.1,24.5,31.5,3,Urgence
2024-05-14,Chatt,33.876,10.105,11,respiratoire,0.317,0.879,34.538,127.375,119.667,11.78,212.1,24.5,31.5,3,Urgence
2024-05-14,Metouia,33.971,10.001,10,respiratoire,0.317,0.879,34.538,127.375,119.667,11.78,212.1,24.5,31.5,3,Urgence
2024-05-14,Chenini,33.899,10.044,6,oculaire,0.317,0.879,34.538,127.375,119.667,11.78,212.1,24.5,31.5,3,Urgence
2024-05-14,El Akarit,33.849,10.143,7,oculaire,0.317,0.879,34.538,127.375,119.667,11.78,212.1,24.5,31.5,3,Urgence
2024-05-14,Oudhref,33.83,10.087,11,oculaire,0.317,0.879,34.538,127.375,119.667,11.78,212.1,24.5,31.5,3,Urgence
2024-05-14,Bab Bhar,33.891,10.118,3,respiratoire,0.317,0.879,34.538,127.375,119.667,11.78,212.1,24.5,31.5,3,Urgence
2024-05-14,Jara,33.905,10.071,6,oculaire,0.317,0.879,34.538,127.375,119.667,11.78,212.1,24.5,31.5,3,Urgence
2024-05-15,Bou Chemma,33.882,10.098,66,respiratoire,0.367,1.117,40.233,155.033,150.042,14.17,143.5,28.0,32.4,3,Urgence
2024-05-15,Chatt,33.876,10.105,56,oculaire,0.367,1.117,40.233,155.033,150.042,14.17,143.5,28.0,32.4,3,Urgence
2024-05-15,Metouia,33.971,10.001,22,respiratoire,0.367,1.117,40.233,155.033,150.042,14.17,143.5,28.0,32.4,3,Urgence
2024-05-15,Chenini,33.899,10.044,28,respiratoire,0.367,1.117,40.233,155.033,150.042,14.17,143.5,28.0,32.4,3,Urgence
2024-05-15,El Akarit,33.849,10.143,47,oculaire,0.367,1.117,40.233,155.033,150.042,14.17,143.5,28.0,32.4,3,Urgence
2024-05-15,Oudhref,33.83,10.087,32,respiratoire,0.367,1.117,40.233,155.033,150.042,14.17,143.5,28.0,32.4,3,Urgence
2024-05-15,Bab Bhar,33.891,10.118,22,digestif,0.367,1.117,40.233,155.033,150.042,14.17,143.5,28.0,32.4,3,Urgence
2024-05-15,Jara,33.905,10.071,27,respiratoire,0.367,1.117,40.233,155.033,150.042,14.17,143.5,28.0,32.4,3,Urgence
2024-05-16,Bou Chemma,33.882,10.098,54,respiratoire,0.721,0.838,39.221,143.271,122.583,15.6,130.9,45.6,27.1,3,Urgence
2024-05-16,Chatt,33.876,10.105,35,oculaire,0.721,0.838,39.221,143.271,122.583,15.6,130.9,45.6,27.1,3,Urgence
2024-05-16,Metouia,33.971,10.001,16,respiratoire,0.721,0.838,39.221,143.271,122.583,15.6,130.9,45.6,27.1,3,Urgence
2024-05-16,Chenini,33.899,10.044,22,digestif,0.721,0.838,39.221,143.271,122.583,15.6,130.9,45.6,27.1,3,Urgence
2024-05-16,El Akarit,33.849,10.143,48,oculaire,0.721,0.838,39.221,143.271,122.583,15.6,130.9,45.6,27.1,3,Urgence
2024-05-16,Oudhref,33.83,10.087,27,oculaire,0.721,0.838,39.221,143.271,122.583,15.6,130.9,45.6,27.1,3,Urgence
2024-05-16,Bab Bhar,33.891,10.118,26,respiratoire,0.721,0.838,39.221,143.271,122.583,15.6,130.9,45.6,27.1,3,Urgence
2024-05-16,Jara,33.905,10.071,31,respiratoire,0.721,0.838,39.221,143.271,122.583,15.6,130.9,45.6,27.1,3,Urgence
2024-05-17,Bou Chemma,33.882,10.098,43,respiratoire,0.304,0.996,42.125,171.783,157.208,14.18,98.0,61.5,25.8,3,Urgence
2024-05-17,Chatt,33.876,10.105,42,oculaire,0.304,0.996,42.125,171.783,157.208,14.18,98.0,61.5,25.8,3,Urgence
2024-05-17,Metouia,33.971,10.001,27,oculaire,0.304,0.996,42.125,171.783,157.208,14.18,98.0,61.5,25.8,3,Urgence
2024-05-17,Chenini,33.899,10.044,22,respiratoire,0.304,0.996,42.125,171.783,157.208,14.18,98.0,61.5,25.8,3,Urgence
2024-05-17,El Akarit,33.849,10.143,53,dermatologique,0.304,0.996,42.125,171.783,157.208,14.18,98.0,61.5,25.8,3,Urgence
2024-05-17,Oudhref,33.83,10.087,19,respiratoire,0.304,0.996,42.125,171.783,157.208,14.18,98.0,61.5,25.8,3,Urgence
2024-05-17,Bab Bhar,33.891,10.118,28,respiratoire,0.304,0.996,42.125,171.783,157.208,14.18,98.0,61.5,25.8,3,Urgence
2024-05-17,Jara,33.905,10.071,24,respiratoire,0.304,0.996,42.125,171.783,157.208,14.18,98.0,61.5,25.8,3,Urgence
2024-05-18,Bou Chemma,33.882,10.098,49,oculaire,0.467,0.629,47.296,140.521,137.625,12.78,144.2,45.3,30.0,3,Urgence
2024-05-18,Chatt,33.876,10.105,49,dermatologique,0.467,0.629,47.296,140.521,137.625,12.78,144.2,45.3,30.0,3,Urgence
2024-05-18,Metouia,33.971,10.001,22,respiratoire,0.467,0.629,47.296,140.521,137.625,12.78,144.2,45.3,30.0,3,Urgence
2024-05-18,Chenini,33.899,10.044,24,respiratoire,0.467,0.629,47.296,140.521,137.625,12.78,144.2,45.3,30.0,3,Urgence
2024-05-18,El Akarit,33.849,10.143,54,oculaire,0.467,0.629,47.296,140.521,137.625,12.78,144.2,45.3,30.0,3,Urgence
2024-05-18,Oudhref,33.83,10.087,25,respiratoire,0.467,0.629,47.296,140.521,137.625,12.78,144.2,45.3,30.0,3,Urgence
2024-05-18,Bab Bhar,33.891,10.118,20,oculaire,0.467,0.629,47.296,140.521,137.625,12.78,144.2,45.3,30.0,3,Urgence
2024-05-18,Jara,33.905,10.071,29,dermatologique,0.467,0.629,47.296,140.521,137.625,12.78,144.2,45.3,30.0,3,Urgence
2024-05-19,Bou Chemma,33.882,10.098,50,respiratoire,0.737,0.804,41.375,122.608,116.0,12.69,68.6,68.3,24.7,3,Urgence
2024-05-19,Chatt,33.876,10.105,41,respiratoire,0.737,0.804,41.375,122.608,116.0,12.69,68.6,68.3,24.7,3,Urgence
2024-05-19,Metouia,33.971,10.001,25,respiratoire,0.737,0.804,41.375,122.608,116.0,12.69,68.6,68.3,24.7,3,Urgence
2024-05-19,Chenini,33.899,10.044,19,respiratoire,0.737,0.804,41.375,122.608,116.0,12.69,68.6,68.3,24.7,3,Urgence
2024-05-19,El Akarit,33.849,10.143,45,digestif,0.737,0.804,41.375,122.608,116.0,12.69,68.6,68.3,24.7,3,Urgence
2024-05-19,Oudhref,33.83,10.087,25,oculaire,0.737,0.804,41.375,122.608,116.0,12.69,68.6,68.3,24.7,3,Urgence
2024-05-19,Bab Bhar,33.891,10.118,14,dermatologique,0.737,0.804,41.375,122.608,116.0,12.69,68.6,68.3,24.7,3,Urgence
2024-05-19,Jara,33.905,10.071,25,dermatologique,0.737,0.804,41.375,122.608,116.0,12.69,68.6,68.3,24.7,3,Urgence
2024-05-20,Bou Chemma,33.882,10.098,65,respiratoire,0.35,0.896,57.983,198.933,169.25,17.25,170.0,47.4,29.4,3,Urgence
2024-05-20,Chatt,33.876,10.105,54,respiratoire,0.35,0.896,57.983,198.933,169.25,17.25,170.0,47.4,29.4,3,Urgence
2024-05-20,Metouia,33.971,10.001,21,respiratoire,0.35,0.896,57.983,198.933,169.25,17.25,170.0,47.4,29.4,3,Urgence
2024-05-20,Chenini,33.899,10.044,36,dermatologique,0.35,0.896,57.983,198.933,169.25,17.25,170.0,47.4,29.4,3,Urgence
2024-05-20,El Akarit,33.849,10.143,60,respiratoire,0.35,0.896,57.983,198.933,169.25,17.25,170.0,47.4,29.4,3,Urgence
2024-05-20,Oudhref,33.83,10.087,31,oculaire,0.35,0.896,57.983,198.933,169.25,17.25,170.0,47.4,29.4,3,Urgence
2024-05-20,Bab Bhar,33.891,10.118,31,respiratoire,0.35,0.896,57.983,198.933,169.25,17.25,170.0,47.4,29.4,3,Urgence
2024-05-20,Jara,33.905,10.071,29,oculaire,0.35,0.896,57.983,198.933,169.25,17.25,170.0,47.4,29.4,3,Urgence
2024-05-21,Bou Chemma,33.882,10.098,13,oculaire,0.433,0.758,9.979,26.762,18.833,16.38,72.2,59.6,23.1,3,Urgence
2024-05-21,Chatt,33.876,10.105,9,oculaire,0.433,0.758,9.979,26.762,18.833,16.38,72.2,59.6,23.1,2,Critique
2024-05-21,Metouia,33.971,10.001,4,respiratoire,0.433,0.758,9.979,26.762,18.833,16.38,72.2,59.6,23.1,1,Vigilance
2024-05-21,Chenini,33.899,10.044,6,oculaire,0.433,0.758,9.979,26.762,18.833,16.38,72.2,59.6,23.1,2,Critique
2024-05-21,El Akarit,33.849,10.143,5,oculaire,0.433,0.758,9.979,26.762,18.833,16.38,72.2,59.6,23.1,2,Critique
2024-05-21,Oudhref,33.83,10.087,2,digestif,0.433,0.758,9.979,26.762,18.833,16.38,72.2,59.6,23.1,1,Vigilance
2024-05-21,Bab Bhar,33.891,10.118,4,digestif,0.433,0.758,9.979,26.762,18.833,16.38,72.2,59.6,23.1,1,Vigilance
2024-05-21,Jara,33.905,10.071,5,dermatologique,0.433,0.758,9.979,26.762,18.833,16.38,72.2,59.6,23.1,2,Critique
2024-05-22,Bou Chemma,33.882,10.098,8,respiratoire,0.375,0.537,6.658,14.229,4.083,16.53,104.0,64.5,23.8,2,Critique
2024-05-22,Chatt,33.876,10.105,2,oculaire,0.375,0.537,6.658,14.229,4.083,16.53,104.0,64.5,23.8,0,Normal
2024-05-22,Metouia,33.971,10.001,2,oculaire,0.375,0.537,6.658,14.229,4.083,16.53,104.0,64.5,23.8,0,Normal
2024-05-22,Chenini,33.899,10.044,2,respiratoire,0.375,0.537,6.658,14.229,4.083,16.53,104.0,64.5,23.8,0,Normal
2024-05-22,El Akarit,33.849,10.143,7,oculaire,0.375,0.537,6.658,14.229,4.083,16.53,104.0,64.5,23.8,2,Critique
2024-05-22,Oudhref,33.83,10.087,2,respiratoire,0.375,0.537,6.658,14.229,4.083,16.53,104.0,64.5,23.8,0,Normal
2024-05-22,Bab Bhar,33.891,10.118,0,oculaire,0.375,0.537,6.658,14.229,4.083,16.53,104.0,64.5,23.8,0,Normal
2024-05-22,Jara,33.905,10.071,2,dermatologique,0.375,0.537,6.658,14.229,4.083,16.53,104.0,64.5,23.8,0,Normal
2024-05-23,Bou Chemma,33.882,10.098,8,respiratoire,0.679,0.604,9.367,22.508,10.292,19.18,49.2,70.4,22.8,2,Critique
2024-05-23,Chatt,33.876,10.105,10,oculaire,0.679,0.604,9.367,22.508,10.292,19.18,49.2,70.4,22.8,2,Critique
2024-05-23,Metouia,33.971,10.001,1,respiratoire,0.679,0.604,9.367,22.508,10.292,19.18,49.2,70.4,22.8,1,Vigilance
2024-05-23,Chenini,33.899,10.044,5,respiratoire,0.679,0.604,9.367,22.508,10.292,19.18,49.2,70.4,22.8,2,Critique
2024-05-23,El Akarit,33.849,10.143,8,oculaire,0.679,0.604,9.367,22.508,10.292,19.18,49.2,70.4,22.8,2,Critique
2024-05-23,Oudhref,33.83,10.087,6,respiratoire,0.679,0.604,9.367,22.508,10.292,19.18,49.2,70.4,22.8,2,Critique
2024-05-23,Bab Bhar,33.891,10.118,4,digestif,0.679,0.604,9.367,22.508,10.292,19.18,49.2,70.4,22.8,2,Critique
2024-05-23,Jara,33.905,10.071,0,digestif,0.679,0.604,9.367,22.508,10.292,19.18,49.2,70.4,22.8,1,Vigilance
2024-05-24,Bou Chemma,33.882,10.098,10,oculaire,0.462,0.383,15.188,44.125,21.0,24.22,54.0,66.5,23.1,3,Urgence
2024-05-24,Chatt,33.876,10.105,14,respiratoire,0.462,0.383,15.188,44.125,21.0,24.22,54.0,66.5,23.1,3,Urgence
2024-05-24,Metouia,33.971,10.001,5,respiratoire,0.462,0.383,15.188,44.125,21.0,24.22,54.0,66.5,23.1,2,Critique
2024-05-24,Chenini,33.899,10.044,2,dermatologique,0.462,0.383,15.188,44.125,21.0,24.22,54.0,66.5,23.1,2,Critique
2024-05-24,El Akarit,33.849,10.143,9,oculaire,0.462,0.383,15.188,44.125,21.0,24.22,54.0,66.5,23.1,3,Urgence
2024-05-24,Oudhref,33.83,10.087,3,oculaire,0.462,0.383,15.188,44.125,21.0,24.22,54.0,66.5,23.1,2,Critique
2024-05-24,Bab Bhar,33.891,10.118,4,dermatologique,0.462,0.383,15.188,44.125,21.0,24.22,54.0,66.5,23.1,2,Critique
2024-05-24,Jara,33.905,10.071,5,dermatologique,0.462,0.383,15.188,44.125,21.0,24.22,54.0,66.5,23.1,2,Critique
2024-05-25,Bou Chemma,33.882,10.098,13,respiratoire,0.588,0.487,11.688,31.387,12.917,18.95,54.9,65.9,22.6,3,Urgence
2024-05-25,Chatt,33.876,10.105,9,respiratoire,0.588,0.487,11.688,31.387,12.917,18.95,54.9,65.9,22.6,2,Critique
2024-05-25,Metouia,33.971,10.001,2,oculaire,0.588,0.487,11.688,31.387,12.917,18.95,54.9,65.9,22.6,1,Vigilance
2024-05-25,Chenini,33.899,10.044,4,oculaire,0.588,0.487,11.688,31.387,12.917,18.95,54.9,65.9,22.6,2,Critique
2024-05-25,El Akarit,33.849,10.143,6,oculaire,0.588,0.487,11.688,31.387,12.917,18.95,54.9,65.9,22.6,2,Critique
2024-05-25,Oudhref,33.83,10.087,4,oculaire,0.588,0.487,11.688,31.387,12.917,18.95,54.9,65.9,22.6,2,Critique
2024-05-25,Bab Bhar,33.891,10.118,10,respiratoire,0.588,0.487,11.688,31.387,12.917,18.95,54.9,65.9,22.6,3,Urgence
2024-05-25,Jara,33.905,10.071,7,digestif,0.588,0.487,11.688,31.387,12.917,18.95,54.9,65.9,22.6,2,Critique
2024-05-26,Bou Chemma,33.882,10.098,4,respiratoire,0.554,0.567,8.317,19.558,6.292,11.53,75.7,61.6,23.2,1,Vigilance
2024-05-26,Chatt,33.876,10.105,5,digestif,0.554,0.567,8.317,19.558,6.292,11.53,75.7,61.6,23.2,2,Critique
2024-05-26,Metouia,33.971,10.001,6,respiratoire,0.554,0.567,8.317,19.558,6.292,11.53,75.7,61.6,23.2,2,Critique
2024-05-26,Chenini,33.899,10.044,1,respiratoire,0.554,0.567,8.317,19.558,6.292,11.53,75.7,61.6,23.2,1,Vigilance
2024-05-26,El Akarit,33.849,10.143,9,dermatologique,0.554,0.567,8.317,19.558,6.292,11.53,75.7,61.6,23.2,2,Critique
2024-05-26,Oudhref,33.83,10.087,2,oculaire,0.554,0.567,8.317,19.558,6.292,11.53,75.7,61.6,23.2,1,Vigilance
2024-05-26,Bab Bhar,33.891,10.118,2,respiratoire,0.554,0.567,8.317,19.558,6.292,11.53,75.7,61.6,23.2,1,Vigilance
2024-05-26,Jara,33.905,10.071,0,dermatologique,0.554,0.567,8.317,19.558,6.292,11.53,75.7,61.6,23.2,0,Normal
2024-05-27,Bou Chemma,33.882,10.098,5,digestif,0.379,0.65,8.292,17.158,9.625,12.16,100.8,58.3,23.5,1,Vigilance
2024-05-27,Chatt,33.876,10.105,10,respiratoire,0.379,0.65,8.292,17.158,9.625,12.16,100.8,58.3,23.5,2,Critique
2024-05-27,Metouia,33.971,10.001,2,digestif,0.379,0.65,8.292,17.158,9.625,12.16,100.8,58.3,23.5,1,Vigilance
2024-05-27,Chenini,33.899,10.044,1,respiratoire,0.379,0.65,8.292,17.158,9.625,12.16,100.8,58.3,23.5,0,Normal
2024-05-27,El Akarit,33.849,10.143,9,dermatologique,0.379,0.65,8.292,17.158,9.625,12.16,100.8,58.3,23.5,2,Critique
2024-05-27,Oudhref,33.83,10.087,4,dermatologique,0.379,0.65,8.292,17.158,9.625,12.16,100.8,58.3,23.5,1,Vigilance
2024-05-27,Bab Bhar,33.891,10.118,6,digestif,0.379,0.65,8.292,17.158,9.625,12.16,100.8,58.3,23.5,2,Critique
2024-05-27,Jara,33.905,10.071,3,digestif,0.379,0.65,8.292,17.158,9.625,12.16,100.8,58.3,23.5,1,Vigilance
2024-05-28,Bou Chemma,33.882,10.098,7,digestif,1.021,0.946,8.121,12.679,4.292,9.64,129.2,37.2,26.5,2,Critique
2024-05-28,Chatt,33.876,10.105,11,respiratoire,1.021,0.946,8.121,12.679,4.292,9.64,129.2,37.2,26.5,3,Urgence
2024-05-28,Metouia,33.971,10.001,2,respiratoire,1.021,0.946,8.121,12.679,4.292,9.64,129.2,37.2,26.5,2,Critique
2024-05-28,Chenini,33.899,10.044,3,dermatologique,1.021,0.946,8.121,12.679,4.292,9.64,129.2,37.2,26.5,2,Critique
2024-05-28,El Akarit,33.849,10.143,4,oculaire,1.021,0.946,8.121,12.679,4.292,9.64,129.2,37.2,26.5,2,Critique
2024-05-28,Oudhref,33.83,10.087,3,digestif,1.021,0.946,8.121,12.679,4.292,9.64,129.2,37.2,26.5,2,Critique
2024-05-28,Bab Bhar,33.891,10.118,2,dermatologique,1.021,0.946,8.121,12.679,4.292,9.64,129.2,37.2,26.5,2,Critique
2024-05-28,Jara,33.905,10.071,7,respiratoire,1.021,0.946,8.121,12.679,4.292,9.64,129.2,37.2,26.5,2,Critique
2024-05-29,Bou Chemma,33.882,10.098,5,dermatologique,0.763,0.954,8.142,16.9,4.292,17.51,63.5,58.6,23.9,2,Critique
2024-05-29,Chatt,33.876,10.105,3,dermatologique,0.763,0.954,8.142,16.9,4.292,17.51,63.5,58.6,23.9,2,Critique
2024-05-29,Metouia,33.971,10.001,7,oculaire,0.763,0.954,8.142,16.9,4.292,17.51,63.5,58.6,23.9,2,Critique
2024-05-29,Chenini,33.899,10.044,1,digestif,0.763,0.954,8.142,16.9,4.292,17.51,63.5,58.6,23.9,1,Vigilance
2024-05-29,El Akarit,33.849,10.143,8,digestif,0.763,0.954,8.142,16.9,4.292,17.51,63.5,58.6,23.9,2,Critique
2024-05-29,Oudhref,33.83,10.087,1,respiratoire,0.763,0.954,8.142,16.9,4.292,17.51,63.5,58.6,23.9,1,Vigilance
2024-05-29,Bab Bhar,33.891,10.118,2,respiratoire,0.763,0.954,8.142,16.9,4.292,17.51,63.5,58.6,23.9,1,Vigilance
2024-05-29,Jara,33.905,10.071,2,oculaire,0.763,0.954,8.142,16.9,4.292,17.51,63.5,58.6,23.9,1,Vigilance
2024-05-30,Bou Chemma,33.882,10.098,2,dermatologique,0.354,0.662,4.5,9.763,0.167,12.68,114.0,56.7,24.0,0,Normal
2024-05-30,Chatt,33.876,10.105,1,digestif,0.354,0.662,4.5,9.763,0.167,12.68,114.0,56.7,24.0,0,Normal
2024-05-30,Metouia,33.971,10.001,1,respiratoire,0.354,0.662,4.5,9.763,0.167,12.68,114.0,56.7,24.0,0,Normal
2024-05-30,Chenini,33.899,10.044,1,oculaire,0.354,0.662,4.5,9.763,0.167,12.68,114.0,56.7,24.0,0,Normal
2024-05-30,El Akarit,33.849,10.143,3,respiratoire,0.354,0.662,4.5,9.763,0.167,12.68,114.0,56.7,24.0,0,Normal
2024-05-30,Oudhref,33.83,10.087,4,respiratoire,0.354,0.662,4.5,9.763,0.167,12.68,114.0,56.7,24.0,1,Vigilance
2024-05-30,Bab Bhar,33.891,10.118,1,digestif,0.354,0.662,4.5,9.763,0.167,12.68,114.0,56.7,24.0,0,Normal
2024-05-30,Jara,33.905,10.071,1,digestif,0.354,0.662,4.5,9.763,0.167,12.68,114.0,56.7,24.0,0,Normal
2024-05-31,Bou Chemma,33.882,10.098,5,respiratoire,1.012,0.787,6.217,10.871,1.458,13.07,106.6,44.8,25.6,2,Critique
2024-05-31,Chatt,33.876,10.105,7,oculaire,1.012,0.787,6.217,10.871,1.458,13.07,106.6,44.8,25.6,2,Critique
2024-05-31,Metouia,33.971,10.001,6,respiratoire,1.012,0.787,6.217,10.871,1.458,13.07,106.6,44.8,25.6,2,Critique
2024-05-31,Chenini,33.899,10.044,3,respiratoire,1.012,0.787,6.217,10.871,1.458,13.07,106.6,44.8,25.6,2,Critique
2024-05-31,El Akarit,33.849,10.143,6,oculaire,1.012,0.787,6.217,10.871,1.458,13.07,106.6,44.8,25.6,2,Critique
2024-05-31,Oudhref,33.83,10.087,3,oculaire,1.012,0.787,6.217,10.871,1.458,13.07,106.6,44.8,25.6,2,Critique
2024-05-31,Bab Bhar,33.891,10.118,4,dermatologique,1.012,0.787,6.217,10.871,1.458,13.07,106.6,44.8,25.6,2,Critique
2024-05-31,Jara,33.905,10.071,3,respiratoire,1.012,0.787,6.217,10.871,1.458,13.07,106.6,44.8,25.6,2,Critique
2024-06-01,Bou Chemma,33.882,10.098,5,oculaire,0.487,0.558,8.808,23.329,9.875,14.85,48.5,74.9,23.9,2,Critique
2024-06-01,Chatt,33.876,10.105,8,oculaire,0.487,0.558,8.808,23.329,9.875,14.85,48.5,74.9,23.9,2,Critique
2024-06-01,Metouia,33.971,10.001,5,digestif,0.487,0.558,8.808,23.329,9.875,14.85,48.5,74.9,23.9,2,Critique
2024-06-01,Chenini,33.899,10.044,2,respiratoire,0.487,0.558,8.808,23.329,9.875,14.85,48.5,74.9,23.9,1,Vigilance
2024-06-01,El Akarit,33.849,10.143,6,oculaire,0.487,0.558,8.808,23.329,9.875,14.85,48.5,74.9,23.9,2,Critique
2024-06-01,Oudhref,33.83,10.087,3,oculaire,0.487,0.558,8.808,23.329,9.875,14.85,48.5,74.9,23.9,1,Vigilance
2024-06-01,Bab Bhar,33.891,10.118,4,oculaire,0.487,0.558,8.808,23.329,9.875,14.85,48.5,74.9,23.9,1,Vigilance
2024-06-01,Jara,33.905,10.071,0,dermatologique,0.487,0.558,8.808,23.329,9.875,14.85,48.5,74.9,23.9,0,Normal
2024-06-02,Bou Chemma,33.882,10.098,15,oculaire,0.525,0.596,11.204,28.829,13.792,13.21,82.1,76.5,23.6,3,Urgence
2024-06-02,Chatt,33.876,10.105,16,respiratoire,0.525,0.596,11.204,28.829,13.792,13.21,82.1,76.5,23.6,3,Urgence
2024-06-02,Metouia,33.971,10.001,7,oculaire,0.525,0.596,11.204,28.829,13.792,13.21,82.1,76.5,23.6,2,Critique
2024-06-02,Chenini,33.899,10.044,3,respiratoire,0.525,0.596,11.204,28.829,13.792,13.21,82.1,76.5,23.6,2,Critique
2024-06-02,El Akarit,33.849,10.143,10,dermatologique,0.525,0.596,11.204,28.829,13.792,13.21,82.1,76.5,23.6,2,Critique
2024-06-02,Oudhref,33.83,10.087,5,respiratoire,0.525,0.596,11.204,28.829,13.792,13.21,82.1,76.5,23.6,2,Critique
2024-06-02,Bab Bhar,33.891,10.118,7,digestif,0.525,0.596,11.204,28.829,13.792,13.21,82.1,76.5,23.6,2,Critique
2024-06-02,Jara,33.905,10.071,3,digestif,0.525,0.596,11.204,28.829,13.792,13.21,82.1,76.5,23.6,2,Critique
2024-06-03,Bou Chemma,33.882,10.098,8,respiratoire,0.529,0.625,7.475,18.454,5.833,22.67,62.1,68.1,22.9,2,Critique
2024-06-03,Chatt,33.876,10.105,7,respiratoire,0.529,0.625,7.475,18.454,5.833,22.67,62.1,68.1,22.9,2,Critique
2024-06-03,Metouia,33.971,10.001,2,respiratoire,0.529,0.625,7.475,18.454,5.833,22.67,62.1,68.1,22.9,1,Vigilance
2024-06-03,Chenini,33.899,10.044,3,respiratoire,0.529,0.625,7.475,18.454,5.833,22.67,62.1,68.1,22.9,1,Vigilance
2024-06-03,El Akarit,33.849,10.143,8,digestif,0.529,0.625,7.475,18.454,5.833,22.67,62.1,68.1,22.9,2,Critique
2024-06-03,Oudhref,33.83,10.087,3,digestif,0.529,0.625,7.475,18.454,5.833,22.67,62.1,68.1,22.9,1,Vigilance
2024-06-03,Bab Bhar,33.891,10.118,1,digestif,0.529,0.625,7.475,18.454,5.833,22.67,62.1,68.1,22.9,1,Vigilance
2024-06-03,Jara,33.905,10.071,2,digestif,0.529,0.625,7.475,18.454,5.833,22.67,62.1,68.1,22.9,1,Vigilance
2024-06-04,Bou Chemma,33.882,10.098,10,respiratoire,0.379,0.525,8.142,25.863,12.917,19.88,51.7,71.0,23.2,2,Critique
2024-06-04,Chatt,33.876,10.105,9,digestif,0.379,0.525,8.142,25.863,12.917,19.88,51.7,71.0,23.2,2,Critique
2024-06-04,Metouia,33.971,10.001,2,respiratoire,0.379,0.525,8.142,25.863,12.917,19.88,51.7,71.0,23.2,1,Vigilance
2024-06-04,Chenini,33.899,10.044,1,oculaire,0.379,0.525,8.142,25.863,12.917,19.88,51.7,71.0,23.2,0,Normal
2024-06-04,El Akarit,33.849,10.143,12,dermatologique,0.379,0.525,8.142,25.863,12.917,19.88,51.7,71.0,23.2,2,Critique
2024-06-04,Oudhref,33.83,10.087,3,dermatologique,0.379,0.525,8.142,25.863,12.917,19.88,51.7,71.0,23.2,1,Vigilance
2024-06-04,Bab Bhar,33.891,10.118,3,respiratoire,0.379,0.525,8.142,25.863,12.917,19.88,51.7,71.0,23.2,1,Vigilance
2024-06-04,Jara,33.905,10.071,3,respiratoire,0.379,0.525,8.142,25.863,12.917,19.88,51.7,71.0,23.2,1,Vigilance
2024-06-05,Bou Chemma,33.882,10.098,12,oculaire,0.546,0.675,7.788,25.146,15.5,13.98,112.9,60.2,24.2,2,Critique
2024-06-05,Chatt,33.876,10.105,11,respiratoire,0.546,0.675,7.788,25.146,15.5,13.98,112.9,60.2,24.2,2,Critique
2024-06-05,Metouia,33.971,10.001,3,oculaire,0.546,0.675,7.788,25.146,15.5,13.98,112.9,60.2,24.2,1,Vigilance
2024-06-05,Chenini,33.899,10.044,3,oculaire,0.546,0.675,7.788,25.146,15.5,13.98,112.9,60.2,24.2,1,Vigilance
2024-06-05,El Akarit,33.849,10.143,8,dermatologique,0.546,0.675,7.788,25.146,15.5,13.98,112.9,60.2,24.2,2,Critique
2024-06-05,Oudhref,33.83,10.087,5,respiratoire,0.546,0.675,7.788,25.146,15.5,13.98,112.9,60.2,24.2,2,Critique
2024-06-05,Bab Bhar,33.891,10.118,2,oculaire,0.546,0.675,7.788,25.146,15.5,13.98,112.9,60.2,24.2,1,Vigilance
2024-06-05,Jara,33.905,10.071,3,respiratoire,0.546,0.675,7.788,25.146,15.5,13.98,112.9,60.2,24.2,1,Vigilance
2024-06-06,Bou Chemma,33.882,10.098,1,digestif,0.392,0.708,4.729,9.271,1.167,11.82,79.0,53.0,24.8,0,Normal
2024-06-06,Chatt,33.876,10.105,2,respiratoire,0.392,0.708,4.729,9.271,1.167,11.82,79.0,53.0,24.8,0,Normal
2024-06-06,Metouia,33.971,10.001,2,respiratoire,0.392,0.708,4.729,9.271,1.167,11.82,79.0,53.0,24.8,0,Normal
2024-06-06,Chenini,33.899,10.044,0,oculaire,0.392,0.708,4.729,9.271,1.167,11.82,79.0,53.0,24.8,0,Normal
2024-06-06,El Akarit,33.849,10.143,4,dermatologique,0.392,0.708,4.729,9.271,1.167,11.82,79.0,53.0,24.8,1,Vigilance
2024-06-06,Oudhref,33.83,10.087,1,respiratoire,0.392,0.708,4.729,9.271,1.167,11.82,79.0,53.0,24.8,0,Normal
2024-06-06,Bab Bhar,33.891,10.118,2,digestif,0.392,0.708,4.729,9.271,1.167,11.82,79.0,53.0,24.8,0,Normal
2024-06-06,Jara,33.905,10.071,1,respiratoire,0.392,0.708,4.729,9.271,1.167,11.82,79.0,53.0,24.8,0,Normal
2024-06-07,Bou Chemma,33.882,10.098,4,oculaire,0.396,1.004,6.25,11.317,3.083,11.15,158.2,34.6,28.8,1,Vigilance
2024-06-07,Chatt,33.876,10.105,9,oculaire,0.396,1.004,6.25,11.317,3.083,11.15,158.2,34.6,28.8,2,Critique
2024-06-07,Metouia,33.971,10.001,2,dermatologique,0.396,1.004,6.25,11.317,3.083,11.15,158.2,34.6,28.8,0,Normal
2024-06-07,Chenini,33.899,10.044,0,oculaire,0.396,1.004,6.25,11.317,3.083,11.15,158.2,34.6,28.8,0,Normal
2024-06-07,El Akarit,33.849,10.143,2,digestif,0.396,1.004,6.25,11.317,3.083,11.15,158.2,34.6,28.8,0,Normal
2024-06-07,Oudhref,33.83,10.087,1,digestif,0.396,1.004,6.25,11.317,3.083,11.15,158.2,34.6,28.8,0,Normal
2024-06-07,Bab Bhar,33.891,10.118,2,respiratoire,0.396,1.004,6.25,11.317,3.083,11.15,158.2,34.6,28.8,0,Normal
2024-06-07,Jara,33.905,10.071,4,respiratoire,0.396,1.004,6.25,11.317,3.083,11.15,158.2,34.6,28.8,1,Vigilance
2024-06-08,Bou Chemma,33.882,10.098,20,digestif,0.592,1.225,12.117,18.854,8.792,10.88,177.5,35.7,30.6,3,Urgence
2024-06-08,Chatt,33.876,10.105,7,respiratoire,0.592,1.225,12.117,18.854,8.792,10.88,177.5,35.7,30.6,2,Critique
2024-06-08,Metouia,33.971,10.001,6,dermatologique,0.592,1.225,12.117,18.854,8.792,10.88,177.5,35.7,30.6,2,Critique
2024-06-08,Chenini,33.899,10.044,4,dermatologique,0.592,1.225,12.117,18.854,8.792,10.88,177.5,35.7,30.6,2,Critique
2024-06-08,El Akarit,33.849,10.143,11,oculaire,0.592,1.225,12.117,18.854,8.792,10.88,177.5,35.7,30.6,3,Urgence
2024-06-08,Oudhref,33.83,10.087,0,dermatologique,0.592,1.225,12.117,18.854,8.792,10.88,177.5,35.7,30.6,1,Vigilance
2024-06-08,Bab Bhar,33.891,10.118,7,dermatologique,0.592,1.225,12.117,18.854,8.792,10.88,177.5,35.7,30.6,2,Critique
2024-06-08,Jara,33.905,10.071,5,respiratoire,0.592,1.225,12.117,18.854,8.792,10.88,177.5,35.7,30.6,2,Critique
2024-06-09,Bou Chemma,33.882,10.098,4,dermatologique,0.6,1.279,18.438,48.5,41.125,11.51,195.8,28.9,32.6,2,Critique
2024-06-09,Chatt,33.876,10.105,7,oculaire,0.6,1.279,18.438,48.5,41.125,11.51,195.8,28.9,32.6,2,Critique
2024-06-09,Metouia,33.971,10.001,6,dermatologique,0.6,1.279,18.438,48.5,41.125,11.51,195.8,28.9,32.6,2,Critique
2024-06-09,Chenini,33.899,10.044,1,dermatologique,0.6,1.279,18.438,48.5,41.125,11.51,195.8,28.9,32.6,1,Vigilance
2024-06-09,El Akarit,33.849,10.143,8,respiratoire,0.6,1.279,18.438,48.5,41.125,11.51,195.8,28.9,32.6,2,Critique
2024-06-09,Oudhref,33.83,10.087,2,respiratoire,0.6,1.279,18.438,48.5,41.125,11.51,195.8,28.9,32.6,2,Critique
2024-06-09,Bab Bhar,33.891,10.118,3,respiratoire,0.6,1.279,18.438,48.5,41.125,11.51,195.8,28.9,32.6,2,Critique
2024-06-09,Jara,33.905,10.071,2,oculaire,0.6,1.279,18.438,48.5,41.125,11.51,195.8,28.9,32.6,2,Critique
2024-06-10,Bou Chemma,33.882,10.098,14,respiratoire,0.796,0.763,16.325,41.342,23.542,20.15,77.8,56.5,27.1,3,Urgence
2024-06-10,Chatt,33.876,10.105,10,oculaire,0.796,0.763,16.325,41.342,23.542,20.15,77.8,56.5,27.1,3,Urgence
2024-06-10,Metouia,33.971,10.001,5,oculaire,0.796,0.763,16.325,41.342,23.542,20.15,77.8,56.5,27.1,2,Critique
2024-06-10,Chenini,33.899,10.044,9,respiratoire,0.796,0.763,16.325,41.342,23.542,20.15,77.8,56.5,27.1,3,Urgence
2024-06-10,El Akarit,33.849,10.143,22,respiratoire,0.796,0.763,16.325,41.342,23.542,20.15,77.8,56.5,27.1,3,Urgence
2024-06-10,Oudhref,33.83,10.087,1,oculaire,0.796,0.763,16.325,41.342,23.542,20.15,77.8,56.5,27.1,2,Critique
2024-06-10,Bab Bhar,33.891,10.118,5,respiratoire,0.796,0.763,16.325,41.342,23.542,20.15,77.8,56.5,27.1,2,Critique
2024-06-10,Jara,33.905,10.071,8,oculaire,0.796,0.763,16.325,41.342,23.542,20.15,77.8,56.5,27.1,3,Urgence
2024-06-11,Bou Chemma,33.882,10.098,16,respiratoire,0.496,0.571,11.654,32.012,19.292,15.74,65.8,72.1,25.4,3,Urgence
2024-06-11,Chatt,33.876,10.105,13,respiratoire,0.496,0.571,11.654,32.012,19.292,15.74,65.8,72.1,25.4,3,Urgence
2024-06-11,Metouia,33.971,10.001,11,dermatologique,0.496,0.571,11.654,32.012,19.292,15.74,65.8,72.1,25.4,3,Urgence
2024-06-11,Chenini,33.899,10.044,3,oculaire,0.496,0.571,11.654,32.012,19.292,15.74,65.8,72.1,25.4,2,Critique
2024-06-11,El Akarit,33.849,10.143,11,dermatologique,0.496,0.571,11.654,32.012,19.292,15.74,65.8,72.1,25.4,3,Urgence
2024-06-11,Oudhref,33.83,10.087,6,oculaire,0.496,0.571,11.654,32.012,19.292,15.74,65.8,72.1,25.4,2,Critique
2024-06-11,Bab Bhar,33.891,10.118,3,oculaire,0.496,0.571,11.654,32.012,19.292,15.74,65.8,72.1,25.4,2,Critique
2024-06-11,Jara,33.905,10.071,13,respiratoire,0.496,0.571,11.654,32.012,19.292,15.74,65.8,72.1,25.4,3,Urgence
2024-06-12,Bou Chemma,33.882,10.098,8,dermatologique,0.625,0.846,14.146,39.075,26.833,18.8,60.4,69.0,25.0,3,Urgence
2024-06-12,Chatt,33.876,10.105,12,oculaire,0.625,0.846,14.146,39.075,26.833,18.8,60.4,69.0,25.0,3,Urgence
2024-06-12,Metouia,33.971,10.001,9,oculaire,0.625,0.846,14.146,39.075,26.833,18.8,60.4,69.0,25.0,3,Urgence
2024-06-12,Chenini,33.899,10.044,5,oculaire,0.625,0.846,14.146,39.075,26.833,18.8,60.4,69.0,25.0,2,Critique
2024-06-12,El Akarit,33.849,10.143,7,oculaire,0.625,0.846,14.146,39.075,26.833,18.8,60.4,69.0,25.0,2,Critique
2024-06-12,Oudhref,33.83,10.087,11,dermatologique,0.625,0.846,14.146,39.075,26.833,18.8,60.4,69.0,25.0,3,Urgence
2024-06-12,Bab Bhar,33.891,10.118,10,oculaire,0.625,0.846,14.146,39.075,26.833,18.8,60.4,69.0,25.0,3,Urgence
2024-06-12,Jara,33.905,10.071,5,oculaire,0.625,0.846,14.146,39.075,26.833,18.8,60.4,69.0,25.0,2,Critique
2024-06-13,Bou Chemma,33.882,10.098,8,respiratoire,0.567,0.688,9.871,28.079,14.667,21.07,64.5,61.0,25.2,2,Critique
2024-06-13,Chatt,33.876,10.105,12,oculaire,0.567,0.688,9.871,28.079,14.667,21.07,64.5,61.0,25.2,3,Urgence
2024-06-13,Metouia,33.971,10.001,4,dermatologique,0.567,0.688,9.871,28.079,14.667,21.07,64.5,61.0,25.2,2,Critique
2024-06-13,Chenini,33.899,10.044,5,dermatologique,0.567,0.688,9.871,28.079,14.667,21.07,64.5,61.0,25.2,2,Critique
2024-06-13,El Akarit,33.849,10.143,16,oculaire,0.567,0.688,9.871,28.079,14.667,21.07,64.5,61.0,25.2,3,Urgence
2024-06-13,Oudhref,33.83,10.087,4,respiratoire,0.567,0.688,9.871,28.079,14.667,21.07,64.5,61.0,25.2,2,Critique
2024-06-13,Bab Bhar,33.891,10.118,3,oculaire,0.567,0.688,9.871,28.079,14.667,21.07,64.5,61.0,25.2,1,Vigilance
2024-06-13,Jara,33.905,10.071,3,dermatologique,0.567,0.688,9.871,28.079,14.667,21.07,64.5,61.0,25.2,1,Vigilance
2024-06-14,Bou Chemma,33.882,10.098,6,respiratoire,0.442,0.679,5.046,11.721,1.167,16.4,74.7,55.7,24.4,1,Vigilance
2024-06-14,Chatt,33.876,10.105,3,respiratoire,0.442,0.679,5.046,11.721,1.167,16.4,74.7,55.7,24.4,1,Vigilance
2024-06-14,Metouia,33.971,10.001,1,dermatologique,0.442,0.679,5.046,11.721,1.167,16.4,74.7,55.7,24.4,0,Normal
2024-06-14,Chenini,33.899,10.044,1,respiratoire,0.442,0.679,5.046,11.721,1.167,16.4,74.7,55.7,24.4,0,Normal
2024-06-14,El Akarit,33.849,10.143,2,digestif,0.442,0.679,5.046,11.721,1.167,16.4,74.7,55.7,24.4,0,Normal
2024-06-14,Oudhref,33.83,10.087,1,respiratoire,0.442,0.679,5.046,11.721,1.167,16.4,74.7,55.7,24.4,0,Normal
2024-06-14,Bab Bhar,33.891,10.118,1,respiratoire,0.442,0.679,5.046,11.721,1.167,16.4,74.7,55.7,24.4,0,Normal
2024-06-14,Jara,33.905,10.071,5,digestif,0.442,0.679,5.046,11.721,1.167,16.4,74.7,55.7,24.4,1,Vigilance
2024-06-15,Bou Chemma,33.882,10.098,7,respiratoire,0.442,0.713,7.05,12.287,3.417,11.33,120.2,45.5,28.0,2,Critique
2024-06-15,Chatt,33.876,10.105,7,respiratoire,0.442,0.713,7.05,12.287,3.417,11.33,120.2,45.5,28.0,2,Critique
2024-06-15,Metouia,33.971,10.001,2,respiratoire,0.442,0.713,7.05,12.287,3.417,11.33,120.2,45.5,28.0,1,Vigilance
2024-06-15,Chenini,33.899,10.044,7,dermatologique,0.442,0.713,7.05,12.287,3.417,11.33,120.2,45.5,28.0,2,Critique
2024-06-15,El Akarit,33.849,10.143,7,oculaire,0.442,0.713,7.05,12.287,3.417,11.33,120.2,45.5,28.0,2,Critique
2024-06-15,Oudhref,33.83,10.087,1,respiratoire,0.442,0.713,7.05,12.287,3.417,11.33,120.2,45.5,28.0,0,Normal
2024-06-15,Bab Bhar,33.891,10.118,4,respiratoire,0.442,0.713,7.05,12.287,3.417,11.33,120.2,45.5,28.0,1,Vigilance
2024-06-15,Jara,33.905,10.071,1,respiratoire,0.442,0.713,7.05,12.287,3.417,11.33,120.2,45.5,28.0,0,Normal
2024-06-16,Bou Chemma,33.882,10.098,8,respiratoire,0.525,0.892,7.542,13.112,5.333,13.68,110.0,45.8,27.7,2,Critique
2024-06-16,Chatt,33.876,10.105,4,oculaire,0.525,0.892,7.542,13.112,5.333,13.68,110.0,45.8,27.7,1,Vigilance
2024-06-16,Metouia,33.971,10.001,0,oculaire,0.525,0.892,7.542,13.112,5.333,13.68,110.0,45.8,27.7,0,Normal
2024-06-16,Chenini,33.899,10.044,1,digestif,0.525,0.892,7.542,13.112,5.333,13.68,110.0,45.8,27.7,1,Vigilance
2024-06-16,El Akarit,33.849,10.143,7,respiratoire,0.525,0.892,7.542,13.112,5.333,13.68,110.0,45.8,27.7,2,Critique
2024-06-16,Oudhref,33.83,10.087,9,oculaire,0.525,0.892,7.542,13.112,5.333,13.68,110.0,45.8,27.7,2,Critique
2024-06-16,Bab Bhar,33.891,10.118,6,respiratoire,0.525,0.892,7.542,13.112,5.333,13.68,110.0,45.8,27.7,2,Critique
2024-06-16,Jara,33.905,10.071,3,dermatologique,0.525,0.892,7.542,13.112,5.333,13.68,110.0,45.8,27.7,1,Vigilance
2024-06-17,Bou Chemma,33.882,10.098,8,respiratoire,0.358,0.633,6.737,15.908,5.167,14.12,82.0,63.5,25.7,2,Critique
2024-06-17,Chatt,33.876,10.105,5,dermatologique,0.358,0.633,6.737,15.908,5.167,14.12,82.0,63.5,25.7,1,Vigilance
2024-06-17,Metouia,33.971,10.001,3,digestif,0.358,0.633,6.737,15.908,5.167,14.12,82.0,63.5,25.7,1,Vigilance
2024-06-17,Chenini,33.899,10.044,2,digestif,0.358,0.633,6.737,15.908,5.167,14.12,82.0,63.5,25.7,0,Normal
2024-06-17,El Akarit,33.849,10.143,1,digestif,0.358,0.633,6.737,15.908,5.167,14.12,82.0,63.5,25.7,0,Normal
2024-06-17,Oudhref,33.83,10.087,4,respiratoire,0.358,0.633,6.737,15.908,5.167,14.12,82.0,63.5,25.7,1,Vigilance
2024-06-17,Bab Bhar,33.891,10.118,3,respiratoire,0.358,0.633,6.737,15.908,5.167,14.12,82.0,63.5,25.7,1,Vigilance
2024-06-17,Jara,33.905,10.071,3,respiratoire,0.358,0.633,6.737,15.908,5.167,14.12,82.0,63.5,25.7,1,Vigilance
2024-06-18,Bou Chemma,33.882,10.098,11,digestif,0.638,0.883,8.104,20.717,11.125,14.27,101.4,43.8,28.4,2,Critique
2024-06-18,Chatt,33.876,10.105,5,respiratoire,0.638,0.883,8.104,20.717,11.125,14.27,101.4,43.8,28.4,2,Critique
2024-06-18,Metouia,33.971,10.001,6,respiratoire,0.638,0.883,8.104,20.717,11.125,14.27,101.4,43.8,28.4,2,Critique
2024-06-18,Chenini,33.899,10.044,4,respiratoire,0.638,0.883,8.104,20.717,11.125,14.27,101.4,43.8,28.4,2,Critique
2024-06-18,El Akarit,33.849,10.143,8,respiratoire,0.638,0.883,8.104,20.717,11.125,14.27,101.4,43.8,28.4,2,Critique
2024-06-18,Oudhref,33.83,10.087,2,oculaire,0.638,0.883,8.104,20.717,11.125,14.27,101.4,43.8,28.4,1,Vigilance
2024-06-18,Bab Bhar,33.891,10.118,4,oculaire,0.638,0.883,8.104,20.717,11.125,14.27,101.4,43.8,28.4,2,Critique
2024-06-18,Jara,33.905,10.071,4,oculaire,0.638,0.883,8.104,20.717,11.125,14.27,101.4,43.8,28.4,2,Critique
2024-06-19,Bou Chemma,33.882,10.098,15,oculaire,0.95,0.787,16.283,27.092,13.958,14.39,91.8,52.0,28.3,3,Urgence
2024-06-19,Chatt,33.876,10.105,16,respiratoire,0.95,0.787,16.283,27.092,13.958,14.39,91.8,52.0,28.3,3,Urgence
2024-06-19,Metouia,33.971,10.001,7,oculaire,0.95,0.787,16.283,27.092,13.958,14.39,91.8,52.0,28.3,3,Urgence
2024-06-19,Chenini,33.899,10.044,1,oculaire,0.95,0.787,16.283,27.092,13.958,14.39,91.8,52.0,28.3,2,Critique
2024-06-19,El Akarit,33.849,10.143,8,dermatologique,0.95,0.787,16.283,27.092,13.958,14.39,91.8,52.0,28.3,3,Urgence
2024-06-19,Oudhref,33.83,10.087,7,respiratoire,0.95,0.787,16.283,27.092,13.958,14.39,91.8,52.0,28.3,3,Urgence
2024-06-19,Bab Bhar,33.891,10.118,10,respiratoire,0.95,0.787,16.283,27.092,13.958,14.39,91.8,52.0,28.3,3,Urgence
2024-06-19,Jara,33.905,10.071,6,respiratoire,0.95,0.787,16.283,27.092,13.958,14.39,91.8,52.0,28.3,3,Urgence
2024-06-20,Bou Chemma,33.882,10.098,11,respiratoire,0.592,0.779,11.338,22.838,10.292,11.66,80.8,67.2,26.2,3,Urgence
2024-06-20,Chatt,33.876,10.105,11,respiratoire,0.592,0.779,11.338,22.838,10.292,11.66,80.8,67.2,26.2,3,Urgence
2024-06-20,Metouia,33.971,10.001,2,dermatologique,0.592,0.779,11.338,22.838,10.292,11.66,80.8,67.2,26.2,1,Vigilance
2024-06-20,Chenini,33.899,10.044,3,digestif,0.592,0.779,11.338,22.838,10.292,11.66,80.8,67.2,26.2,2,Critique
2024-06-20,El Akarit,33.849,10.143,11,digestif,0.592,0.779,11.338,22.838,10.292,11.66,80.8,67.2,26.2,3,Urgence
2024-06-20,Oudhref,33.83,10.087,4,digestif,0.592,0.779,11.338,22.838,10.292,11.66,80.8,67.2,26.2,2,Critique
2024-06-20,Bab Bhar,33.891,10.118,1,respiratoire,0.592,0.779,11.338,22.838,10.292,11.66,80.8,67.2,26.2,1,Vigilance
2024-06-20,Jara,33.905,10.071,3,respiratoire,0.592,0.779,11.338,22.838,10.292,11.66,80.8,67.2,26.2,2,Critique
2024-06-21,Bou Chemma,33.882,10.098,8,oculaire,0.483,0.692,10.283,25.738,11.75,12.45,78.6,66.9,26.0,2,Critique
2024-06-21,Chatt,33.876,10.105,10,respiratoire,0.483,0.692,10.283,25.738,11.75,12.45,78.6,66.9,26.0,2,Critique
2024-06-21,Metouia,33.971,10.001,5,respiratoire,0.483,0.692,10.283,25.738,11.75,12.45,78.6,66.9,26.0,2,Critique
2024-06-21,Chenini,33.899,10.044,5,respiratoire,0.483,0.692,10.283,25.738,11.75,12.45,78.6,66.9,26.0,2,Critique
2024-06-21,El Akarit,33.849,10.143,6,oculaire,0.483,0.692,10.283,25.738,11.75,12.45,78.6,66.9,26.0,2,Critique
2024-06-21,Oudhref,33.83,10.087,3,oculaire,0.483,0.692,10.283,25.738,11.75,12.45,78.6,66.9,26.0,1,Vigilance
2024-06-21,Bab Bhar,33.891,10.118,5,dermatologique,0.483,0.692,10.283,25.738,11.75,12.45,78.6,66.9,26.0,2,Critique
2024-06-21,Jara,33.905,10.071,4,respiratoire,0.483,0.692,10.283,25.738,11.75,12.45,78.6,66.9,26.0,2,Critique
2024-06-22,Bou Chemma,33.882,10.098,16,respiratoire,0.567,0.671,12.204,29.042,16.5,14.36,81.8,61.3,26.6,3,Urgence
2024-06-22,Chatt,33.876,10.105,6,oculaire,0.567,0.671,12.204,29.042,16.5,14.36,81.8,61.3,26.6,2,Critique
2024-06-22,Metouia,33.971,10.001,3,oculaire,0.567,0.671,12.204,29.042,16.5,14.36,81.8,61.3,26.6,2,Critique
2024-06-22,Chenini,33.899,10.044,2,oculaire,0.567,0.671,12.204,29.042,16.5,14.36,81.8,61.3,26.6,2,Critique
2024-06-22,El Akarit,33.849,10.143,10,oculaire,0.567,0.671,12.204,29.042,16.5,14.36,81.8,61.3,26.6,3,Urgence
2024-06-22,Oudhref,33.83,10.087,10,respiratoire,0.567,0.671,12.204,29.042,16.5,14.36,81.8,61.3,26.6,3,Urgence
2024-06-22,Bab Bhar,33.891,10.118,5,oculaire,0.567,0.671,12.204,29.042,16.5,14.36,81.8,61.3,26.6,2,Critique
2024-06-22,Jara,33.905,10.071,2,respiratoire,0.567,0.671,12.204,29.042,16.5,14.36,81.8,61.3,26.6,2,Critique
2024-06-23,Bou Chemma,33.882,10.098,6,respiratoire,0.467,0.675,5.471,12.129,2.208,15.7,87.0,58.0,25.7,1,Vigilance
2024-06-23,Chatt,33.876,10.105,6,digestif,0.467,0.675,5.471,12.129,2.208,15.7,87.0,58.0,25.7,1,Vigilance
2024-06-23,Metouia,33.971,10.001,2,oculaire,0.467,0.675,5.471,12.129,2.208,15.7,87.0,58.0,25.7,0,Normal
2024-06-23,Chenini,33.899,10.044,4,respiratoire,0.467,0.675,5.471,12.129,2.208,15.7,87.0,58.0,25.7,1,Vigilance
2024-06-23,El Akarit,33.849,10.143,1,respiratoire,0.467,0.675,5.471,12.129,2.208,15.7,87.0,58.0,25.7,0,Normal
2024-06-23,Oudhref,33.83,10.087,0,respiratoire,0.467,0.675,5.471,12.129,2.208,15.7,87.0,58.0,25.7,0,Normal
2024-06-23,Bab Bhar,33.891,10.118,3,respiratoire,0.467,0.675,5.471,12.129,2.208,15.7,87.0,58.0,25.7,1,Vigilance
2024-06-23,Jara,33.905,10.071,2,respiratoire,0.467,0.675,5.471,12.129,2.208,15.7,87.0,58.0,25.7,0,Normal
2024-06-24,Bou Chemma,33.882,10.098,8,respiratoire,0.367,0.446,6.342,18.267,2.667,24.12,64.2,72.1,24.6,2,Critique
2024-06-24,Chatt,33.876,10.105,9,respiratoire,0.367,0.446,6.342,18.267,2.667,24.12,64.2,72.1,24.6,2,Critique
2024-06-24,Metouia,33.971,10.001,1,dermatologique,0.367,0.446,6.342,18.267,2.667,24.12,64.2,72.1,24.6,0,Normal
2024-06-24,Chenini,33.899,10.044,5,digestif,0.367,0.446,6.342,18.267,2.667,24.12,64.2,72.1,24.6,1,Vigilance
2024-06-24,El Akarit,33.849,10.143,6,respiratoire,0.367,0.446,6.342,18.267,2.667,24.12,64.2,72.1,24.6,1,Vigilance
2024-06-24,Oudhref,33.83,10.087,3,oculaire,0.367,0.446,6.342,18.267,2.667,24.12,64.2,72.1,24.6,1,Vigilance
2024-06-24,Bab Bhar,33.891,10.118,1,respiratoire,0.367,0.446,6.342,18.267,2.667,24.12,64.2,72.1,24.6,0,Normal
2024-06-24,Jara,33.905,10.071,0,oculaire,0.367,0.446,6.342,18.267,2.667,24.12,64.2,72.1,24.6,0,Normal
2024-06-25,Bou Chemma,33.882,10.098,6,respiratoire,0.513,0.567,10.721,28.954,15.75,19.81,53.3,59.7,25.6,2,Critique
2024-06-25,Chatt,33.876,10.105,11,respiratoire,0.513,0.567,10.721,28.954,15.75,19.81,53.3,59.7,25.6,3,Urgence
2024-06-25,Metouia,33.971,10.001,4,oculaire,0.513,0.567,10.721,28.954,15.75,19.81,53.3,59.7,25.6,2,Critique
2024-06-25,Chenini,33.899,10.044,5,oculaire,0.513,0.567,10.721,28.954,15.75,19.81,53.3,59.7,25.6,2,Critique
2024-06-25,El Akarit,33.849,10.143,7,respiratoire,0.513,0.567,10.721,28.954,15.75,19.81,53.3,59.7,25.6,2,Critique
2024-06-25,Oudhref,33.83,10.087,2,oculaire,0.513,0.567,10.721,28.954,15.75,19.81,53.3,59.7,25.6,1,Vigilance
2024-06-25,Bab Bhar,33.891,10.118,6,oculaire,0.513,0.567,10.721,28.954,15.75,19.81,53.3,59.7,25.6,2,Critique
2024-06-25,Jara,33.905,10.071,6,dermatologique,0.513,0.567,10.721,28.954,15.75,19.81,53.3,59.7,25.6,2,Critique
2024-06-26,Bou Chemma,33.882,10.098,5,digestif,0.367,0.654,6.671,15.112,4.833,12.68,98.6,60.2,26.2,1,Vigilance
2024-06-26,Chatt,33.876,10.105,1,respiratoire,0.367,0.654,6.671,15.112,4.833,12.68,98.6,60.2,26.2,0,Normal
2024-06-26,Metouia,33.971,10.001,2,respiratoire,0.367,0.654,6.671,15.112,4.833,12.68,98.6,60.2,26.2,0,Normal
2024-06-26,Chenini,33.899,10.044,2,respiratoire,0.367,0.654,6.671,15.112,4.833,12.68,98.6,60.2,26.2,0,Normal
2024-06-26,El Akarit,33.849,10.143,4,oculaire,0.367,0.654,6.671,15.112,4.833,12.68,98.6,60.2,26.2,1,Vigilance
2024-06-26,Oudhref,33.83,10.087,2,respiratoire,0.367,0.654,6.671,15.112,4.833,12.68,98.6,60.2,26.2,0,Normal
2024-06-26,Bab Bhar,33.891,10.118,3,respiratoire,0.367,0.654,6.671,15.112,4.833,12.68,98.6,60.2,26.2,1,Vigilance
2024-06-26,Jara,33.905,10.071,4,respiratoire,0.367,0.654,6.671,15.112,4.833,12.68,98.6,60.2,26.2,1,Vigilance
2024-06-27,Bou Chemma,33.882,10.098,25,oculaire,2.475,1.196,12.787,25.208,11.625,16.8,92.2,50.1,29.1,3,Urgence
2024-06-27,Chatt,33.876,10.105,13,oculaire,2.475,1.196,12.787,25.208,11.625,16.8,92.2,50.1,29.1,3,Urgence
2024-06-27,Metouia,33.971,10.001,4,respiratoire,2.475,1.196,12.787,25.208,11.625,16.8,92.2,50.1,29.1,3,Urgence
2024-06-27,Chenini,33.899,10.044,7,respiratoire,2.475,1.196,12.787,25.208,11.625,16.8,92.2,50.1,29.1,3,Urgence
2024-06-27,El Akarit,33.849,10.143,18,oculaire,2.475,1.196,12.787,25.208,11.625,16.8,92.2,50.1,29.1,3,Urgence
2024-06-27,Oudhref,33.83,10.087,6,respiratoire,2.475,1.196,12.787,25.208,11.625,16.8,92.2,50.1,29.1,3,Urgence
2024-06-27,Bab Bhar,33.891,10.118,5,oculaire,2.475,1.196,12.787,25.208,11.625,16.8,92.2,50.1,29.1,3,Urgence
2024-06-27,Jara,33.905,10.071,13,respiratoire,2.475,1.196,12.787,25.208,11.625,16.8,92.2,50.1,29.1,3,Urgence
2024-06-28,Bou Chemma,33.882,10.098,22,oculaire,1.363,1.129,14.129,38.425,26.0,10.83,65.0,61.6,29.0,3,Urgence
2024-06-28,Chatt,33.876,10.105,11,respiratoire,1.363,1.129,14.129,38.425,26.0,10.83,65.0,61.6,29.0,3,Urgence
2024-06-28,Metouia,33.971,10.001,6,oculaire,1.363,1.129,14.129,38.425,26.0,10.83,65.0,61.6,29.0,3,Urgence
2024-06-28,Chenini,33.899,10.044,1,oculaire,1.363,1.129,14.129,38.425,26.0,10.83,65.0,61.6,29.0,2,Critique
2024-06-28,El Akarit,33.849,10.143,17,respiratoire,1.363,1.129,14.129,38.425,26.0,10.83,65.0,61.6,29.0,3,Urgence
2024-06-28,Oudhref,33.83,10.087,2,dermatologique,1.363,1.129,14.129,38.425,26.0,10.83,65.0,61.6,29.0,2,Critique
2024-06-28,Bab Bhar,33.891,10.118,5,respiratoire,1.363,1.129,14.129,38.425,26.0,10.83,65.0,61.6,29.0,3,Urgence
2024-06-28,Jara,33.905,10.071,7,dermatologique,1.363,1.129,14.129,38.425,26.0,10.83,65.0,61.6,29.0,3,Urgence
2024-06-29,Bou Chemma,33.882,10.098,11,oculaire,0.429,0.629,10.312,27.071,14.375,14.88,79.8,66.7,27.6,2,Critique
2024-06-29,Chatt,33.876,10.105,12,oculaire,0.429,0.629,10.312,27.071,14.375,14.88,79.8,66.7,27.6,3,Urgence
2024-06-29,Metouia,33.971,10.001,6,respiratoire,0.429,0.629,10.312,27.071,14.375,14.88,79.8,66.7,27.6,2,Critique
2024-06-29,Chenini,33.899,10.044,4,respiratoire,0.429,0.629,10.312,27.071,14.375,14.88,79.8,66.7,27.6,1,Vigilance
2024-06-29,El Akarit,33.849,10.143,8,respiratoire,0.429,0.629,10.312,27.071,14.375,14.88,79.8,66.7,27.6,2,Critique
2024-06-29,Oudhref,33.83,10.087,10,respiratoire,0.429,0.629,10.312,27.071,14.375,14.88,79.8,66.7,27.6,2,Critique
2024-06-29,Bab Bhar,33.891,10.118,1,dermatologique,0.429,0.629,10.312,27.071,14.375,14.88,79.8,66.7,27.6,1,Vigilance
2024-06-29,Jara,33.905,10.071,7,respiratoire,0.429,0.629,10.312,27.071,14.375,14.88,79.8,66.7,27.6,2,Critique
2024-06-30,Bou Chemma,33.882,10.098,9,respiratoire,1.792,0.854,10.658,19.921,8.083,17.22,94.1,53.0,28.8,3,Urgence
2024-06-30,Chatt,33.876,10.105,15,oculaire,1.792,0.854,10.658,19.921,8.083,17.22,94.1,53.0,28.8,3,Urgence
2024-06-30,Metouia,33.971,10.001,7,respiratoire,1.792,0.854,10.658,19.921,8.083,17.22,94.1,53.0,28.8,3,Urgence
2024-06-30,Chenini,33.899,10.044,4,digestif,1.792,0.854,10.658,19.921,8.083,17.22,94.1,53.0,28.8,3,Urgence
2024-06-30,El Akarit,33.849,10.143,10,respiratoire,1.792,0.854,10.658,19.921,8.083,17.22,94.1,53.0,28.8,3,Urgence
2024-06-30,Oudhref,33.83,10.087,10,oculaire,1.792,0.854,10.658,19.921,8.083,17.22,94.1,53.0,28.8,3,Urgence
2024-06-30,Bab Bhar,33.891,10.118,6,dermatologique,1.792,0.854,10.658,19.921,8.083,17.22,94.1,53.0,28.8,3,Urgence
2024-06-30,Jara,33.905,10.071,4,respiratoire,1.792,0.854,10.658,19.921,8.083,17.22,94.1,53.0,28.8,3,Urgence
2024-07-01,Bou Chemma,33.882,10.098,10,respiratoire,1.492,1.433,19.433,58.575,50.333,10.68,181.8,31.4,35.8,3,Urgence
2024-07-01,Chatt,33.876,10.105,5,dermatologique,1.492,1.433,19.433,58.575,50.333,10.68,181.8,31.4,35.8,3,Urgence
2024-07-01,Metouia,33.971,10.001,2,respiratoire,1.492,1.433,19.433,58.575,50.333,10.68,181.8,31.4,35.8,3,Urgence
2024-07-01,Chenini,33.899,10.044,2,respiratoire,1.492,1.433,19.433,58.575,50.333,10.68,181.8,31.4,35.8,3,Urgence
2024-07-01,El Akarit,33.849,10.143,13,respiratoire,1.492,1.433,19.433,58.575,50.333,10.68,181.8,31.4,35.8,3,Urgence
2024-07-01,Oudhref,33.83,10.087,4,dermatologique,1.492,1.433,19.433,58.575,50.333,10.68,181.8,31.4,35.8,3,Urgence
2024-07-01,Bab Bhar,33.891,10.118,6,respiratoire,1.492,1.433,19.433,58.575,50.333,10.68,181.8,31.4,35.8,3,Urgence
2024-07-01,Jara,33.905,10.071,4,digestif,1.492,1.433,19.433,58.575,50.333,10.68,181.8,31.4,35.8,3,Urgence
2024-07-02,Bou Chemma,33.882,10.098,11,dermatologique,0.421,0.763,11.342,29.85,17.292,17.25,66.3,49.2,28.8,2,Critique
2024-07-02,Chatt,33.876,10.105,8,respiratoire,0.421,0.763,11.342,29.85,17.292,17.25,66.3,49.2,28.8,2,Critique
2024-07-02,Metouia,33.971,10.001,4,dermatologique,0.421,0.763,11.342,29.85,17.292,17.25,66.3,49.2,28.8,2,Critique
2024-07-02,Chenini,33.899,10.044,6,oculaire,0.421,0.763,11.342,29.85,17.292,17.25,66.3,49.2,28.8,2,Critique
2024-07-02,El Akarit,33.849,10.143,11,respiratoire,0.421,0.763,11.342,29.85,17.292,17.25,66.3,49.2,28.8,2,Critique
2024-07-02,Oudhref,33.83,10.087,6,oculaire,0.421,0.763,11.342,29.85,17.292,17.25,66.3,49.2,28.8,2,Critique
2024-07-02,Bab Bhar,33.891,10.118,6,respiratoire,0.421,0.763,11.342,29.85,17.292,17.25,66.3,49.2,28.8,2,Critique
2024-07-02,Jara,33.905,10.071,1,respiratoire,0.421,0.763,11.342,29.85,17.292,17.25,66.3,49.2,28.8,1,Vigilance
2024-07-03,Bou Chemma,33.882,10.098,4,respiratoire,0.25,0.646,4.271,9.55,1.625,12.3,118.5,45.6,28.2,0,Normal
2024-07-03,Chatt,33.876,10.105,3,oculaire,0.25,0.646,4.271,9.55,1.625,12.3,118.5,45.6,28.2,0,Normal
2024-07-03,Metouia,33.971,10.001,1,respiratoire,0.25,0.646,4.271,9.55,1.625,12.3,118.5,45.6,28.2,0,Normal
2024-07-03,Chenini,33.899,10.044,2,respiratoire,0.25,0.646,4.271,9.55,1.625,12.3,118.5,45.6,28.2,0,Normal
2024-07-03,El Akarit,33.849,10.143,5,respiratoire,0.25,0.646,4.271,9.55,1.625,12.3,118.5,45.6,28.2,1,Vigilance
2024-07-03,Oudhref,33.83,10.087,2,oculaire,0.25,0.646,4.271,9.55,1.625,12.3,118.5,45.6,28.2,0,Normal
2024-07-03,Bab Bhar,33.891,10.118,2,respiratoire,0.25,0.646,4.271,9.55,1.625,12.3,118.5,45.6,28.2,0,Normal
2024-07-03,Jara,33.905,10.071,2,dermatologique,0.25,0.646,4.271,9.55,1.625,12.3,118.5,45.6,28.2,0,Normal
2024-07-04,Bou Chemma,33.882,10.098,4,respiratoire,0.296,0.517,5.017,11.192,1.083,14.91,97.2,53.4,28.1,0,Normal
2024-07-04,Chatt,33.876,10.105,1,oculaire,0.296,0.517,5.017,11.192,1.083,14.91,97.2,53.4,28.1,0,Normal
2024-07-04,Metouia,33.971,10.001,1,oculaire,0.296,0.517,5.017,11.192,1.083,14.91,97.2,53.4,28.1,0,Normal
2024-07-04,Chenini,33.899,10.044,4,digestif,0.296,0.517,5.017,11.192,1.083,14.91,97.2,53.4,28.1,0,Normal
2024-07-04,El Akarit,33.849,10.143,4,dermatologique,0.296,0.517,5.017,11.192,1.083,14.91,97.2,53.4,28.1,0,Normal
2024-07-04,Oudhref,33.83,10.087,1,dermatologique,0.296,0.517,5.017,11.192,1.083,14.91,97.2,53.4,28.1,0,Normal
2024-07-04,Bab Bhar,33.891,10.118,0,respiratoire,0.296,0.517,5.017,11.192,1.083,14.91,97.2,53.4,28.1,0,Normal
2024-07-04,Jara,33.905,10.071,2,oculaire,0.296,0.517,5.017,11.192,1.083,14.91,97.2,53.4,28.1,0,Normal
2024-07-05,Bou Chemma,33.882,10.098,4,respiratoire,0.283,0.521,4.987,10.904,0.417,15.98,111.9,54.8,27.0,0,Normal
2024-07-05,Chatt,33.876,10.105,2,digestif,0.283,0.521,4.987,10.904,0.417,15.98,111.9,54.8,27.0,0,Normal
2024-07-05,Metouia,33.971,10.001,1,respiratoire,0.283,0.521,4.987,10.904,0.417,15.98,111.9,54.8,27.0,0,Normal
2024-07-05,Chenini,33.899,10.044,0,respiratoire,0.283,0.521,4.987,10.904,0.417,15.98,111.9,54.8,27.0,0,Normal
2024-07-05,El Akarit,33.849,10.143,4,digestif,0.283,0.521,4.987,10.904,0.417,15.98,111.9,54.8,27.0,0,Normal
2024-07-05,Oudhref,33.83,10.087,4,oculaire,0.283,0.521,4.987,10.904,0.417,15.98,111.9,54.8,27.0,0,Normal
2024-07-05,Bab Bhar,33.891,10.118,1,respiratoire,0.283,0.521,4.987,10.904,0.417,15.98,111.9,54.8,27.0,0,Normal
2024-07-05,Jara,33.905,10.071,0,respiratoire,0.283,0.521,4.987,10.904,0.417,15.98,111.9,54.8,27.0,0,Normal
2024-07-06,Bou Chemma,33.882,10.098,8,respiratoire,1.3,0.696,8.046,15.129,1.708,16.0,114.6,55.9,27.7,3,Urgence
2024-07-06,Chatt,33.876,10.105,3,respiratoire,1.3,0.696,8.046,15.129,1.708,16.0,114.6,55.9,27.7,2,Critique
2024-07-06,Metouia,33.971,10.001,3,respiratoire,1.3,0.696,8.046,15.129,1.708,16.0,114.6,55.9,27.7,2,Critique
2024-07-06,Chenini,33.899,10.044,4,respiratoire,1.3,0.696,8.046,15.129,1.708,16.0,114.6,55.9,27.7,2,Critique
2024-07-06,El Akarit,33.849,10.143,10,oculaire,1.3,0.696,8.046,15.129,1.708,16.0,114.6,55.9,27.7,3,Urgence
2024-07-06,Oudhref,33.83,10.087,4,respiratoire,1.3,0.696,8.046,15.129,1.708,16.0,114.6,55.9,27.7,2,Critique
2024-07-06,Bab Bhar,33.891,10.118,3,respiratoire,1.3,0.696,8.046,15.129,1.708,16.0,114.6,55.9,27.7,2,Critique
2024-07-06,Jara,33.905,10.071,5,respiratoire,1.3,0.696,8.046,15.129,1.708,16.0,114.6,55.9,27.7,2,Critique
2024-07-07,Bou Chemma,33.882,10.098,9,respiratoire,1.754,0.783,11.154,18.387,4.375,13.81,92.2,67.7,28.5,3,Urgence
2024-07-07,Chatt,33.876,10.105,14,respiratoire,1.754,0.783,11.154,18.387,4.375,13.81,92.2,67.7,28.5,3,Urgence
2024-07-07,Metouia,33.971,10.001,5,respiratoire,1.754,0.783,11.154,18.387,4.375,13.81,92.2,67.7,28.5,3,Urgence
2024-07-07,Chenini,33.899,10.044,9,oculaire,1.754,0.783,11.154,18.387,4.375,13.81,92.2,67.7,28.5,3,Urgence
2024-07-07,El Akarit,33.849,10.143,14,oculaire,1.754,0.783,11.154,18.387,4.375,13.81,92.2,67.7,28.5,3,Urgence
2024-07-07,Oudhref,33.83,10.087,4,respiratoire,1.754,0.783,11.154,18.387,4.375,13.81,92.2,67.7,28.5,3,Urgence
2024-07-07,Bab Bhar,33.891,10.118,6,oculaire,1.754,0.783,11.154,18.387,4.375,13.81,92.2,67.7,28.5,3,Urgence
2024-07-07,Jara,33.905,10.071,6,respiratoire,1.754,0.783,11.154,18.387,4.375,13.81,92.2,67.7,28.5,3,Urgence
2024-07-08,Bou Chemma,33.882,10.098,7,respiratoire,0.475,0.633,7.275,15.033,2.458,13.84,73.8,72.9,27.5,2,Critique
2024-07-08,Chatt,33.876,10.105,3,digestif,0.475,0.633,7.275,15.033,2.458,13.84,73.8,72.9,27.5,1,Vigilance
2024-07-08,Metouia,33.971,10.001,1,respiratoire,0.475,0.633,7.275,15.033,2.458,13.84,73.8,72.9,27.5,0,Normal
2024-07-08,Chenini,33.899,10.044,0,respiratoire,0.475,0.633,7.275,15.033,2.458,13.84,73.8,72.9,27.5,0,Normal
2024-07-08,El Akarit,33.849,10.143,9,oculaire,0.475,0.633,7.275,15.033,2.458,13.84,73.8,72.9,27.5,2,Critique
2024-07-08,Oudhref,33.83,10.087,3,digestif,0.475,0.633,7.275,15.033,2.458,13.84,73.8,72.9,27.5,1,Vigilance
2024-07-08,Bab Bhar,33.891,10.118,1,oculaire,0.475,0.633,7.275,15.033,2.458,13.84,73.8,72.9,27.5,0,Normal
2024-07-08,Jara,33.905,10.071,3,respiratoire,0.475,0.633,7.275,15.033,2.458,13.84,73.8,72.9,27.5,1,Vigilance
2024-07-09,Bou Chemma,33.882,10.098,9,respiratoire,0.838,0.954,8.279,18.433,5.5,10.68,84.8,57.2,30.1,2,Critique
2024-07-09,Chatt,33.876,10.105,8,respiratoire,0.838,0.954,8.279,18.433,5.5,10.68,84.8,57.2,30.1,2,Critique
2024-07-09,Metouia,33.971,10.001,3,oculaire,0.838,0.954,8.279,18.433,5.5,10.68,84.8,57.2,30.1,2,Critique
2024-07-09,Chenini,33.899,10.044,1,respiratoire,0.838,0.954,8.279,18.433,5.5,10.68,84.8,57.2,30.1,1,Vigilance
2024-07-09,El Akarit,33.849,10.143,7,respiratoire,0.838,0.954,8.279,18.433,5.5,10.68,84.8,57.2,30.1,2,Critique
2024-07-09,Oudhref,33.83,10.087,2,respiratoire,0.838,0.954,8.279,18.433,5.5,10.68,84.8,57.2,30.1,1,Vigilance
2024-07-09,Bab Bhar,33.891,10.118,3,digestif,0.838,0.954,8.279,18.433,5.5,10.68,84.8,57.2,30.1,2,Critique
2024-07-09,Jara,33.905,10.071,2,respiratoire,0.838,0.954,8.279,18.433,5.5,10.68,84.8,57.2,30.1,1,Vigilance
2024-07-10,Bou Chemma,33.882,10.098,16,respiratoire,0.675,1.025,9.237,24.867,13.583,11.87,83.8,56.9,29.3,3,Urgence
2024-07-10,Chatt,33.876,10.105,8,respiratoire,0.675,1.025,9.237,24.867,13.583,11.87,83.8,56.9,29.3,2,Critique
2024-07-10,Metouia,33.971,10.001,7,respiratoire,0.675,1.025,9.237,24.867,13.583,11.87,83.8,56.9,29.3,2,Critique
2024-07-10,Chenini,33.899,10.044,4,oculaire,0.675,1.025,9.237,24.867,13.583,11.87,83.8,56.9,29.3,2,Critique
2024-07-10,El Akarit,33.849,10.143,8,respiratoire,0.675,1.025,9.237,24.867,13.583,11.87,83.8,56.9,29.3,2,Critique
2024-07-10,Oudhref,33.83,10.087,4,dermatologique,0.675,1.025,9.237,24.867,13.583,11.87,83.8,56.9,29.3,2,Critique
2024-07-10,Bab Bhar,33.891,10.118,5,respiratoire,0.675,1.025,9.237,24.867,13.583,11.87,83.8,56.9,29.3,2,Critique
2024-07-10,Jara,33.905,10.071,1,oculaire,0.675,1.025,9.237,24.867,13.583,11.87,83.8,56.9,29.3,1,Vigilance
2024-07-11,Bou Chemma,33.882,10.098,6,respiratoire,0.508,0.688,9.287,20.525,8.75,13.62,65.9,63.5,27.9,2,Critique
2024-07-11,Chatt,33.876,10.105,9,respiratoire,0.508,0.688,9.287,20.525,8.75,13.62,65.9,63.5,27.9,2,Critique
2024-07-11,Metouia,33.971,10.001,1,oculaire,0.508,0.688,9.287,20.525,8.75,13.62,65.9,63.5,27.9,1,Vigilance
2024-07-11,Chenini,33.899,10.044,1,respiratoire,0.508,0.688,9.287,20.525,8.75,13.62,65.9,63.5,27.9,1,Vigilance
2024-07-11,El Akarit,33.849,10.143,9,respiratoire,0.508,0.688,9.287,20.525,8.75,13.62,65.9,63.5,27.9,2,Critique
2024-07-11,Oudhref,33.83,10.087,2,respiratoire,0.508,0.688,9.287,20.525,8.75,13.62,65.9,63.5,27.9,1,Vigilance
2024-07-11,Bab Bhar,33.891,10.118,3,oculaire,0.508,0.688,9.287,20.525,8.75,13.62,65.9,63.5,27.9,1,Vigilance
2024-07-11,Jara,33.905,10.071,3,oculaire,0.508,0.688,9.287,20.525,8.75,13.62,65.9,63.5,27.9,1,Vigilance
2024-07-12,Bou Chemma,33.882,10.098,8,respiratoire,0.85,0.763,13.25,19.479,4.167,9.86,78.8,66.0,28.8,3,Urgence
2024-07-12,Chatt,33.876,10.105,7,respiratoire,0.85,0.763,13.25,19.479,4.167,9.86,78.8,66.0,28.8,3,Urgence
2024-07-12,Metouia,33.971,10.001,3,digestif,0.85,0.763,13.25,19.479,4.167,9.86,78.8,66.0,28.8,2,Critique
2024-07-12,Chenini,33.899,10.044,4,respiratoire,0.85,0.763,13.25,19.479,4.167,9.86,78.8,66.0,28.8,2,Critique
2024-07-12,El Akarit,33.849,10.143,10,oculaire,0.85,0.763,13.25,19.479,4.167,9.86,78.8,66.0,28.8,3,Urgence
2024-07-12,Oudhref,33.83,10.087,2,oculaire,0.85,0.763,13.25,19.479,4.167,9.86,78.8,66.0,28.8,2,Critique
2024-07-12,Bab Bhar,33.891,10.118,5,respiratoire,0.85,0.763,13.25,19.479,4.167,9.86,78.8,66.0,28.8,2,Critique
2024-07-12,Jara,33.905,10.071,7,oculaire,0.85,0.763,13.25,19.479,4.167,9.86,78.8,66.0,28.8,3,Urgence
2024-07-13,Bou Chemma,33.882,10.098,14,respiratoire,1.812,0.925,18.067,25.096,6.25,11.54,98.8,52.5,31.3,3,Urgence
2024-07-13,Chatt,33.876,10.105,26,oculaire,1.812,0.925,18.067,25.096,6.25,11.54,98.8,52.5,31.3,3,Urgence
2024-07-13,Metouia,33.971,10.001,9,respiratoire,1.812,0.925,18.067,25.096,6.25,11.54,98.8,52.5,31.3,3,Urgence
2024-07-13,Chenini,33.899,10.044,4,respiratoire,1.812,0.925,18.067,25.096,6.25,11.54,98.8,52.5,31.3,3,Urgence
2024-07-13,El Akarit,33.849,10.143,12,respiratoire,1.812,0.925,18.067,25.096,6.25,11.54,98.8,52.5,31.3,3,Urgence
2024-07-13,Oudhref,33.83,10.087,9,respiratoire,1.812,0.925,18.067,25.096,6.25,11.54,98.8,52.5,31.3,3,Urgence
2024-07-13,Bab Bhar,33.891,10.118,9,digestif,1.812,0.925,18.067,25.096,6.25,11.54,98.8,52.5,31.3,3,Urgence
2024-07-13,Jara,33.905,10.071,8,dermatologique,1.812,0.925,18.067,25.096,6.25,11.54,98.8,52.5,31.3,3,Urgence
2024-07-14,Bou Chemma,33.882,10.098,17,oculaire,0.9,0.921,16.883,24.713,12.542,11.62,124.7,33.4,34.6,3,Urgence
2024-07-14,Chatt,33.876,10.105,15,respiratoire,0.9,0.921,16.883,24.713,12.542,11.62,124.7,33.4,34.6,3,Urgence
2024-07-14,Metouia,33.971,10.001,7,dermatologique,0.9,0.921,16.883,24.713,12.542,11.62,124.7,33.4,34.6,3,Urgence
2024-07-14,Chenini,33.899,10.044,5,oculaire,0.9,0.921,16.883,24.713,12.542,11.62,124.7,33.4,34.6,3,Urgence
2024-07-14,El Akarit,33.849,10.143,13,oculaire,0.9,0.921,16.883,24.713,12.542,11.62,124.7,33.4,34.6,3,Urgence
2024-07-14,Oudhref,33.83,10.087,9,digestif,0.9,0.921,16.883,24.713,12.542,11.62,124.7,33.4,34.6,3,Urgence
2024-07-14,Bab Bhar,33.891,10.118,5,respiratoire,0.9,0.921,16.883,24.713,12.542,11.62,124.7,33.4,34.6,3,Urgence
2024-07-14,Jara,33.905,10.071,6,dermatologique,0.9,0.921,16.883,24.713,12.542,11.62,124.7,33.4,34.6,3,Urgence
2024-07-15,Bou Chemma,33.882,10.098,15,oculaire,0.529,0.696,14.362,25.717,9.208,15.24,57.4,69.4,29.4,3,Urgence
2024-07-15,Chatt,33.876,10.105,12,respiratoire,0.529,0.696,14.362,25.717,9.208,15.24,57.4,69.4,29.4,3,Urgence
2024-07-15,Metouia,33.971,10.001,3,respiratoire,0.529,0.696,14.362,25.717,9.208,15.24,57.4,69.4,29.4,2,Critique
2024-07-15,Chenini,33.899,10.044,4,respiratoire,0.529,0.696,14.362,25.717,9.208,15.24,57.4,69.4,29.4,2,Critique
2024-07-15,El Akarit,33.849,10.143,10,oculaire,0.529,0.696,14.362,25.717,9.208,15.24,57.4,69.4,29.4,3,Urgence
2024-07-15,Oudhref,33.83,10.087,8,digestif,0.529,0.696,14.362,25.717,9.208,15.24,57.4,69.4,29.4,2,Critique
2024-07-15,Bab Bhar,33.891,10.118,0,oculaire,0.529,0.696,14.362,25.717,9.208,15.24,57.4,69.4,29.4,1,Vigilance
2024-07-15,Jara,33.905,10.071,2,oculaire,0.529,0.696,14.362,25.717,9.208,15.24,57.4,69.4,29.4,2,Critique
2024-07-16,Bou Chemma,33.882,10.098,8,respiratoire,0.413,0.767,12.358,23.275,7.75,9.4,74.3,56.9,29.9,2,Critique
2024-07-16,Chatt,33.876,10.105,9,respiratoire,0.413,0.767,12.358,23.275,7.75,9.4,74.3,56.9,29.9,2,Critique
2024-07-16,Metouia,33.971,10.001,4,oculaire,0.413,0.767,12.358,23.275,7.75,9.4,74.3,56.9,29.9,2,Critique
2024-07-16,Chenini,33.899,10.044,5,digestif,0.413,0.767,12.358,23.275,7.75,9.4,74.3,56.9,29.9,2,Critique
2024-07-16,El Akarit,33.849,10.143,8,digestif,0.413,0.767,12.358,23.275,7.75,9.4,74.3,56.9,29.9,2,Critique
2024-07-16,Oudhref,33.83,10.087,3,respiratoire,0.413,0.767,12.358,23.275,7.75,9.4,74.3,56.9,29.9,1,Vigilance
2024-07-16,Bab Bhar,33.891,10.118,6,respiratoire,0.413,0.767,12.358,23.275,7.75,9.4,74.3,56.9,29.9,2,Critique
2024-07-16,Jara,33.905,10.071,2,oculaire,0.413,0.767,12.358,23.275,7.75,9.4,74.3,56.9,29.9,1,Vigilance
2024-07-17,Bou Chemma,33.882,10.098,7,respiratoire,0.379,0.804,9.029,15.95,5.542,11.04,87.3,54.0,30.5,2,Critique
2024-07-17,Chatt,33.876,10.105,14,respiratoire,0.379,0.804,9.029,15.95,5.542,11.04,87.3,54.0,30.5,3,Urgence
2024-07-17,Metouia,33.971,10.001,0,respiratoire,0.379,0.804,9.029,15.95,5.542,11.04,87.3,54.0,30.5,0,Normal
2024-07-17,Chenini,33.899,10.044,3,respiratoire,0.379,0.804,9.029,15.95,5.542,11.04,87.3,54.0,30.5,1,Vigilance
2024-07-17,El Akarit,33.849,10.143,11,digestif,0.379,0.804,9.029,15.95,5.542,11.04,87.3,54.0,30.5,2,Critique
2024-07-17,Oudhref,33.83,10.087,4,dermatologique,0.379,0.804,9.029,15.95,5.542,11.04,87.3,54.0,30.5,1,Vigilance
2024-07-17,Bab Bhar,33.891,10.118,5,digestif,0.379,0.804,9.029,15.95,5.542,11.04,87.3,54.0,30.5,1,Vigilance
2024-07-17,Jara,33.905,10.071,3,respiratoire,0.379,0.804,9.029,15.95,5.542,11.04,87.3,54.0,30.5,1,Vigilance
2024-07-18,Bou Chemma,33.882,10.098,4,respiratoire,0.342,0.708,8.192,14.779,3.667,11.06,76.2,60.5,29.9,1,Vigilance
2024-07-18,Chatt,33.876,10.105,2,respiratoire,0.342,0.708,8.192,14.779,3.667,11.06,76.2,60.5,29.9,1,Vigilance
2024-07-18,Metouia,33.971,10.001,1,digestif,0.342,0.708,8.192,14.779,3.667,11.06,76.2,60.5,29.9,0,Normal
2024-07-18,Chenini,33.899,10.044,1,respiratoire,0.342,0.708,8.192,14.779,3.667,11.06,76.2,60.5,29.9,0,Normal
2024-07-18,El Akarit,33.849,10.143,5,respiratoire,0.342,0.708,8.192,14.779,3.667,11.06,76.2,60.5,29.9,1,Vigilance
2024-07-18,Oudhref,33.83,10.087,2,oculaire,0.342,0.708,8.192,14.779,3.667,11.06,76.2,60.5,29.9,1,Vigilance
2024-07-18,Bab Bhar,33.891,10.118,3,respiratoire,0.342,0.708,8.192,14.779,3.667,11.06,76.2,60.5,29.9,1,Vigilance
2024-07-18,Jara,33.905,10.071,2,oculaire,0.342,0.708,8.192,14.779,3.667,11.06,76.2,60.5,29.9,1,Vigilance
2024-07-19,Bou Chemma,33.882,10.098,9,respiratoire,0.467,0.812,7.858,12.142,1.833,9.96,69.5,57.4,29.7,2,Critique
2024-07-19,Chatt,33.876,10.105,6,digestif,0.467,0.812,7.858,12.142,1.833,9.96,69.5,57.4,29.7,2,Critique
2024-07-19,Metouia,33.971,10.001,3,respiratoire,0.467,0.812,7.858,12.142,1.833,9.96,69.5,57.4,29.7,1,Vigilance
2024-07-19,Chenini,33.899,10.044,1,digestif,0.467,0.812,7.858,12.142,1.833,9.96,69.5,57.4,29.7,1,Vigilance
2024-07-19,El Akarit,33.849,10.143,9,respiratoire,0.467,0.812,7.858,12.142,1.833,9.96,69.5,57.4,29.7,2,Critique
2024-07-19,Oudhref,33.83,10.087,5,respiratoire,0.467,0.812,7.858,12.142,1.833,9.96,69.5,57.4,29.7,1,Vigilance
2024-07-19,Bab Bhar,33.891,10.118,2,dermatologique,0.467,0.812,7.858,12.142,1.833,9.96,69.5,57.4,29.7,1,Vigilance
2024-07-19,Jara,33.905,10.071,8,respiratoire,0.467,0.812,7.858,12.142,1.833,9.96,69.5,57.4,29.7,2,Critique
2024-07-20,Bou Chemma,33.882,10.098,6,respiratoire,0.333,0.804,6.558,10.842,1.792,9.38,85.2,52.9,30.6,1,Vigilance
2024-07-20,Chatt,33.876,10.105,4,digestif,0.333,0.804,6.558,10.842,1.792,9.38,85.2,52.9,30.6,1,Vigilance
2024-07-20,Metouia,33.971,10.001,0,oculaire,0.333,0.804,6.558,10.842,1.792,9.38,85.2,52.9,30.6,0,Normal
2024-07-20,Chenini,33.899,10.044,2,oculaire,0.333,0.804,6.558,10.842,1.792,9.38,85.2,52.9,30.6,0,Normal
2024-07-20,El Akarit,33.849,10.143,2,digestif,0.333,0.804,6.558,10.842,1.792,9.38,85.2,52.9,30.6,0,Normal
2024-07-20,Oudhref,33.83,10.087,2,respiratoire,0.333,0.804,6.558,10.842,1.792,9.38,85.2,52.9,30.6,0,Normal
2024-07-20,Bab Bhar,33.891,10.118,1,digestif,0.333,0.804,6.558,10.842,1.792,9.38,85.2,52.9,30.6,0,Normal
2024-07-20,Jara,33.905,10.071,3,oculaire,0.333,0.804,6.558,10.842,1.792,9.38,85.2,52.9,30.6,1,Vigilance
2024-07-21,Bou Chemma,33.882,10.098,7,respiratoire,0.604,0.842,8.592,19.354,11.0,9.26,170.8,23.8,34.5,2,Critique
2024-07-21,Chatt,33.876,10.105,6,oculaire,0.604,0.842,8.592,19.354,11.0,9.26,170.8,23.8,34.5,2,Critique
2024-07-21,Metouia,33.971,10.001,1,digestif,0.604,0.842,8.592,19.354,11.0,9.26,170.8,23.8,34.5,1,Vigilance
2024-07-21,Chenini,33.899,10.044,3,oculaire,0.604,0.842,8.592,19.354,11.0,9.26,170.8,23.8,34.5,1,Vigilance
2024-07-21,El Akarit,33.849,10.143,11,respiratoire,0.604,0.842,8.592,19.354,11.0,9.26,170.8,23.8,34.5,2,Critique
2024-07-21,Oudhref,33.83,10.087,6,dermatologique,0.604,0.842,8.592,19.354,11.0,9.26,170.8,23.8,34.5,2,Critique
2024-07-21,Bab Bhar,33.891,10.118,5,respiratoire,0.604,0.842,8.592,19.354,11.0,9.26,170.8,23.8,34.5,2,Critique
2024-07-21,Jara,33.905,10.071,1,respiratoire,0.604,0.842,8.592,19.354,11.0,9.26,170.8,23.8,34.5,1,Vigilance
2024-07-22,Bou Chemma,33.882,10.098,9,respiratoire,0.604,0.829,13.217,28.683,13.542,18.97,109.6,53.7,30.4,3,Urgence
2024-07-22,Chatt,33.876,10.105,4,respiratoire,0.604,0.829,13.217,28.683,13.542,18.97,109.6,53.7,30.4,2,Critique
2024-07-22,Metouia,33.971,10.001,2,dermatologique,0.604,0.829,13.217,28.683,13.542,18.97,109.6,53.7,30.4,2,Critique
2024-07-22,Chenini,33.899,10.044,3,respiratoire,0.604,0.829,13.217,28.683,13.542,18.97,109.6,53.7,30.4,2,Critique
2024-07-22,El Akarit,33.849,10.143,10,digestif,0.604,0.829,13.217,28.683,13.542,18.97,109.6,53.7,30.4,3,Urgence
2024-07-22,Oudhref,33.83,10.087,1,respiratoire,0.604,0.829,13.217,28.683,13.542,18.97,109.6,53.7,30.4,1,Vigilance
2024-07-22,Bab Bhar,33.891,10.118,5,respiratoire,0.604,0.829,13.217,28.683,13.542,18.97,109.6,53.7,30.4,2,Critique
2024-07-22,Jara,33.905,10.071,2,oculaire,0.604,0.829,13.217,28.683,13.542,18.97,109.6,53.7,30.4,2,Critique
2024-07-23,Bou Chemma,33.882,10.098,4,respiratoire,0.346,0.658,5.558,14.042,3.417,13.22,63.5,52.2,28.9,1,Vigilance
2024-07-23,Chatt,33.876,10.105,8,digestif,0.346,0.658,5.558,14.042,3.417,13.22,63.5,52.2,28.9,2,Critique
2024-07-23,Metouia,33.971,10.001,0,respiratoire,0.346,0.658,5.558,14.042,3.417,13.22,63.5,52.2,28.9,0,Normal
2024-07-23,Chenini,33.899,10.044,2,respiratoire,0.346,0.658,5.558,14.042,3.417,13.22,63.5,52.2,28.9,0,Normal
2024-07-23,El Akarit,33.849,10.143,8,respiratoire,0.346,0.658,5.558,14.042,3.417,13.22,63.5,52.2,28.9,2,Critique
2024-07-23,Oudhref,33.83,10.087,4,oculaire,0.346,0.658,5.558,14.042,3.417,13.22,63.5,52.2,28.9,1,Vigilance
2024-07-23,Bab Bhar,33.891,10.118,1,oculaire,0.346,0.658,5.558,14.042,3.417,13.22,63.5,52.2,28.9,0,Normal
2024-07-23,Jara,33.905,10.071,0,oculaire,0.346,0.658,5.558,14.042,3.417,13.22,63.5,52.2,28.9,0,Normal
2024-07-24,Bou Chemma,33.882,10.098,9,oculaire,0.375,0.746,6.267,13.588,3.917,10.04,133.7,51.0,28.8,2,Critique
2024-07-24,Chatt,33.876,10.105,5,respiratoire,0.375,0.746,6.267,13.588,3.917,10.04,133.7,51.0,28.8,1,Vigilance
2024-07-24,Metouia,33.971,10.001,0,respiratoire,0.375,0.746,6.267,13.588,3.917,10.04,133.7,51.0,28.8,0,Normal
2024-07-24,Chenini,33.899,10.044,2,respiratoire,0.375,0.746,6.267,13.588,3.917,10.04,133.7,51.0,28.8,0,Normal
2024-07-24,El Akarit,33.849,10.143,4,oculaire,0.375,0.746,6.267,13.588,3.917,10.04,133.7,51.0,28.8,1,Vigilance
2024-07-24,Oudhref,33.83,10.087,3,respiratoire,0.375,0.746,6.267,13.588,3.917,10.04,133.7,51.0,28.8,1,Vigilance
2024-07-24,Bab Bhar,33.891,10.118,1,digestif,0.375,0.746,6.267,13.588,3.917,10.04,133.7,51.0,28.8,0,Normal
2024-07-24,Jara,33.905,10.071,0,oculaire,0.375,0.746,6.267,13.588,3.917,10.04,133.7,51.0,28.8,0,Normal
2024-07-25,Bou Chemma,33.882,10.098,5,digestif,0.421,0.933,6.071,12.658,3.542,11.29,160.7,44.8,29.6,1,Vigilance
2024-07-25,Chatt,33.876,10.105,4,dermatologique,0.421,0.933,6.071,12.658,3.542,11.29,160.7,44.8,29.6,1,Vigilance
2024-07-25,Metouia,33.971,10.001,2,respiratoire,0.421,0.933,6.071,12.658,3.542,11.29,160.7,44.8,29.6,0,Normal
2024-07-25,Chenini,33.899,10.044,2,respiratoire,0.421,0.933,6.071,12.658,3.542,11.29,160.7,44.8,29.6,0,Normal
2024-07-25,El Akarit,33.849,10.143,3,respiratoire,0.421,0.933,6.071,12.658,3.542,11.29,160.7,44.8,29.6,1,Vigilance
2024-07-25,Oudhref,33.83,10.087,3,oculaire,0.421,0.933,6.071,12.658,3.542,11.29,160.7,44.8,29.6,1,Vigilance
2024-07-25,Bab Bhar,33.891,10.118,2,respiratoire,0.421,0.933,6.071,12.658,3.542,11.29,160.7,44.8,29.6,0,Normal
2024-07-25,Jara,33.905,10.071,1,respiratoire,0.421,0.933,6.071,12.658,3.542,11.29,160.7,44.8,29.6,0,Normal
2024-07-26,Bou Chemma,33.882,10.098,8,respiratoire,0.321,0.633,5.996,11.517,2.25,16.01,109.8,60.1,29.3,2,Critique
2024-07-26,Chatt,33.876,10.105,4,respiratoire,0.321,0.633,5.996,11.517,2.25,16.01,109.8,60.1,29.3,1,Vigilance
2024-07-26,Metouia,33.971,10.001,2,oculaire,0.321,0.633,5.996,11.517,2.25,16.01,109.8,60.1,29.3,0,Normal
2024-07-26,Chenini,33.899,10.044,5,dermatologique,0.321,0.633,5.996,11.517,2.25,16.01,109.8,60.1,29.3,1,Vigilance
2024-07-26,El Akarit,33.849,10.143,8,oculaire,0.321,0.633,5.996,11.517,2.25,16.01,109.8,60.1,29.3,2,Critique
2024-07-26,Oudhref,33.83,10.087,1,digestif,0.321,0.633,5.996,11.517,2.25,16.01,109.8,60.1,29.3,0,Normal
2024-07-26,Bab Bhar,33.891,10.118,2,respiratoire,0.321,0.633,5.996,11.517,2.25,16.01,109.8,60.1,29.3,0,Normal
2024-07-26,Jara,33.905,10.071,1,respiratoire,0.321,0.633,5.996,11.517,2.25,16.01,109.8,60.1,29.3,0,Normal
2024-07-27,Bou Chemma,33.882,10.098,5,dermatologique,0.383,0.546,7.571,14.725,2.083,16.24,92.8,70.8,28.4,1,Vigilance
2024-07-27,Chatt,33.876,10.105,2,digestif,0.383,0.546,7.571,14.725,2.083,16.24,92.8,70.8,28.4,1,Vigilance
2024-07-27,Metouia,33.971,10.001,2,oculaire,0.383,0.546,7.571,14.725,2.083,16.24,92.8,70.8,28.4,1,Vigilance
2024-07-27,Chenini,33.899,10.044,4,digestif,0.383,0.546,7.571,14.725,2.083,16.24,92.8,70.8,28.4,1,Vigilance
2024-07-27,El Akarit,33.849,10.143,1,respiratoire,0.383,0.546,7.571,14.725,2.083,16.24,92.8,70.8,28.4,0,Normal
2024-07-27,Oudhref,33.83,10.087,1,respiratoire,0.383,0.546,7.571,14.725,2.083,16.24,92.8,70.8,28.4,0,Normal
2024-07-27,Bab Bhar,33.891,10.118,4,respiratoire,0.383,0.546,7.571,14.725,2.083,16.24,92.8,70.8,28.4,1,Vigilance
2024-07-27,Jara,33.905,10.071,2,respiratoire,0.383,0.546,7.571,14.725,2.083,16.24,92.8,70.8,28.4,1,Vigilance
2024-07-28,Bou Chemma,33.882,10.098,5,respiratoire,0.371,0.438,8.175,16.267,2.292,16.31,84.8,76.3,28.0,1,Vigilance
2024-07-28,Chatt,33.876,10.105,7,respiratoire,0.371,0.438,8.175,16.267,2.292,16.31,84.8,76.3,28.0,2,Critique
2024-07-28,Metouia,33.971,10.001,2,oculaire,0.371,0.438,8.175,16.267,2.292,16.31,84.8,76.3,28.0,1,Vigilance
2024-07-28,Chenini,33.899,10.044,0,oculaire,0.371,0.438,8.175,16.267,2.292,16.31,84.8,76.3,28.0,0,Normal
2024-07-28,El Akarit,33.849,10.143,4,respiratoire,0.371,0.438,8.175,16.267,2.292,16.31,84.8,76.3,28.0,1,Vigilance
2024-07-28,Oudhref,33.83,10.087,0,dermatologique,0.371,0.438,8.175,16.267,2.292,16.31,84.8,76.3,28.0,0,Normal
2024-07-28,Bab Bhar,33.891,10.118,3,oculaire,0.371,0.438,8.175,16.267,2.292,16.31,84.8,76.3,28.0,1,Vigilance
2024-07-28,Jara,33.905,10.071,1,oculaire,0.371,0.438,8.175,16.267,2.292,16.31,84.8,76.3,28.0,0,Normal
2024-07-29,Bou Chemma,33.882,10.098,2,digestif,0.35,0.671,6.146,10.517,1.0,8.08,118.9,65.0,28.3,0,Normal
2024-07-29,Chatt,33.876,10.105,2,digestif,0.35,0.671,6.146,10.517,1.0,8.08,118.9,65.0,28.3,0,Normal
2024-07-29,Metouia,33.971,10.001,3,respiratoire,0.35,0.671,6.146,10.517,1.0,8.08,118.9,65.0,28.3,1,Vigilance
2024-07-29,Chenini,33.899,10.044,1,respiratoire,0.35,0.671,6.146,10.517,1.0,8.08,118.9,65.0,28.3,0,Normal
2024-07-29,El Akarit,33.849,10.143,3,digestif,0.35,0.671,6.146,10.517,1.0,8.08,118.9,65.0,28.3,1,Vigilance
2024-07-29,Oudhref,33.83,10.087,3,respiratoire,0.35,0.671,6.146,10.517,1.0,8.08,118.9,65.0,28.3,1,Vigilance
2024-07-29,Bab Bhar,33.891,10.118,1,oculaire,0.35,0.671,6.146,10.517,1.0,8.08,118.9,65.0,28.3,0,Normal
2024-07-29,Jara,33.905,10.071,1,oculaire,0.35,0.671,6.146,10.517,1.0,8.08,118.9,65.0,28.3,0,Normal
2024-07-30,Bou Chemma,33.882,10.098,5,digestif,0.5,1.021,6.962,10.883,1.458,9.67,154.6,58.4,29.4,1,Vigilance
2024-07-30,Chatt,33.876,10.105,4,respiratoire,0.5,1.021,6.962,10.883,1.458,9.67,154.6,58.4,29.4,1,Vigilance
2024-07-30,Metouia,33.971,10.001,4,dermatologique,0.5,1.021,6.962,10.883,1.458,9.67,154.6,58.4,29.4,1,Vigilance
2024-07-30,Chenini,33.899,10.044,2,dermatologique,0.5,1.021,6.962,10.883,1.458,9.67,154.6,58.4,29.4,1,Vigilance
2024-07-30,El Akarit,33.849,10.143,6,oculaire,0.5,1.021,6.962,10.883,1.458,9.67,154.6,58.4,29.4,2,Critique
2024-07-30,Oudhref,33.83,10.087,0,oculaire,0.5,1.021,6.962,10.883,1.458,9.67,154.6,58.4,29.4,0,Normal
2024-07-30,Bab Bhar,33.891,10.118,3,respiratoire,0.5,1.021,6.962,10.883,1.458,9.67,154.6,58.4,29.4,1,Vigilance
2024-07-30,Jara,33.905,10.071,1,respiratoire,0.5,1.021,6.962,10.883,1.458,9.67,154.6,58.4,29.4,0,Normal
2024-07-31,Bou Chemma,33.882,10.098,3,digestif,0.554,1.117,8.646,14.096,1.75,7.7,147.0,60.9,30.8,1,Vigilance
2024-07-31,Chatt,33.876,10.105,3,respiratoire,0.554,1.117,8.646,14.096,1.75,7.7,147.0,60.9,30.8,1,Vigilance
2024-07-31,Metouia,33.971,10.001,3,respiratoire,0.554,1.117,8.646,14.096,1.75,7.7,147.0,60.9,30.8,1,Vigilance
2024-07-31,Chenini,33.899,10.044,6,dermatologique,0.554,1.117,8.646,14.096,1.75,7.7,147.0,60.9,30.8,2,Critique
2024-07-31,El Akarit,33.849,10.143,3,dermatologique,0.554,1.117,8.646,14.096,1.75,7.7,147.0,60.9,30.8,1,Vigilance
2024-07-31,Oudhref,33.83,10.087,2,respiratoire,0.554,1.117,8.646,14.096,1.75,7.7,147.0,60.9,30.8,1,Vigilance
2024-07-31,Bab Bhar,33.891,10.118,3,respiratoire,0.554,1.117,8.646,14.096,1.75,7.7,147.0,60.9,30.8,1,Vigilance
2024-07-31,Jara,33.905,10.071,2,dermatologique,0.554,1.117,8.646,14.096,1.75,7.7,147.0,60.9,30.8,1,Vigilance
2024-08-01,Bou Chemma,33.882,10.098,3,oculaire,0.396,0.829,8.133,12.463,2.458,10.99,102.1,52.7,31.5,1,Vigilance
2024-08-01,Chatt,33.876,10.105,6,respiratoire,0.396,0.829,8.133,12.463,2.458,10.99,102.1,52.7,31.5,2,Critique
2024-08-01,Metouia,33.971,10.001,2,dermatologique,0.396,0.829,8.133,12.463,2.458,10.99,102.1,52.7,31.5,1,Vigilance
2024-08-01,Chenini,33.899,10.044,1,oculaire,0.396,0.829,8.133,12.463,2.458,10.99,102.1,52.7,31.5,0,Normal
2024-08-01,El Akarit,33.849,10.143,11,respiratoire,0.396,0.829,8.133,12.463,2.458,10.99,102.1,52.7,31.5,2,Critique
2024-08-01,Oudhref,33.83,10.087,0,respiratoire,0.396,0.829,8.133,12.463,2.458,10.99,102.1,52.7,31.5,0,Normal
2024-08-01,Bab Bhar,33.891,10.118,0,respiratoire,0.396,0.829,8.133,12.463,2.458,10.99,102.1,52.7,31.5,0,Normal
2024-08-01,Jara,33.905,10.071,3,respiratoire,0.396,0.829,8.133,12.463,2.458,10.99,102.1,52.7,31.5,1,Vigilance
2024-08-02,Bou Chemma,33.882,10.098,7,respiratoire,0.9,1.042,10.192,18.704,6.458,10.85,159.2,30.0,34.0,2,Critique
2024-08-02,Chatt,33.876,10.105,11,digestif,0.9,1.042,10.192,18.704,6.458,10.85,159.2,30.0,34.0,3,Urgence
2024-08-02,Metouia,33.971,10.001,8,oculaire,0.9,1.042,10.192,18.704,6.458,10.85,159.2,30.0,34.0,2,Critique
2024-08-02,Chenini,33.899,10.044,7,respiratoire,0.9,1.042,10.192,18.704,6.458,10.85,159.2,30.0,34.0,2,Critique
2024-08-02,El Akarit,33.849,10.143,9,oculaire,0.9,1.042,10.192,18.704,6.458,10.85,159.2,30.0,34.0,3,Urgence
2024-08-02,Oudhref,33.83,10.087,4,oculaire,0.9,1.042,10.192,18.704,6.458,10.85,159.2,30.0,34.0,2,Critique
2024-08-02,Bab Bhar,33.891,10.118,3,digestif,0.9,1.042,10.192,18.704,6.458,10.85,159.2,30.0,34.0,2,Critique
2024-08-02,Jara,33.905,10.071,0,respiratoire,0.9,1.042,10.192,18.704,6.458,10.85,159.2,30.0,34.0,1,Vigilance
2024-08-03,Bou Chemma,33.882,10.098,15,respiratoire,2.054,0.95,14.725,26.162,11.375,14.06,126.0,35.7,34.9,3,Urgence
2024-08-03,Chatt,33.876,10.105,21,oculaire,2.054,0.95,14.725,26.162,11.375,14.06,126.0,35.7,34.9,3,Urgence
2024-08-03,Metouia,33.971,10.001,8,respiratoire,2.054,0.95,14.725,26.162,11.375,14.06,126.0,35.7,34.9,3,Urgence
2024-08-03,Chenini,33.899,10.044,8,respiratoire,2.054,0.95,14.725,26.162,11.375,14.06,126.0,35.7,34.9,3,Urgence
2024-08-03,El Akarit,33.849,10.143,11,respiratoire,2.054,0.95,14.725,26.162,11.375,14.06,126.0,35.7,34.9,3,Urgence
2024-08-03,Oudhref,33.83,10.087,12,oculaire,2.054,0.95,14.725,26.162,11.375,14.06,126.0,35.7,34.9,3,Urgence
2024-08-03,Bab Bhar,33.891,10.118,6,respiratoire,2.054,0.95,14.725,26.162,11.375,14.06,126.0,35.7,34.9,3,Urgence
2024-08-03,Jara,33.905,10.071,14,respiratoire,2.054,0.95,14.725,26.162,11.375,14.06,126.0,35.7,34.9,3,Urgence
2024-08-04,Bou Chemma,33.882,10.098,8,digestif,0.525,0.558,12.175,26.5,10.458,18.69,64.8,63.0,29.6,2,Critique
2024-08-04,Chatt,33.876,10.105,7,respiratoire,0.525,0.558,12.175,26.5,10.458,18.69,64.8,63.0,29.6,2,Critique
2024-08-04,Metouia,33.971,10.001,3,respiratoire,0.525,0.558,12.175,26.5,10.458,18.69,64.8,63.0,29.6,2,Critique
2024-08-04,Chenini,33.899,10.044,2,oculaire,0.525,0.558,12.175,26.5,10.458,18.69,64.8,63.0,29.6,1,Vigilance
2024-08-04,El Akarit,33.849,10.143,15,respiratoire,0.525,0.558,12.175,26.5,10.458,18.69,64.8,63.0,29.6,3,Urgence
2024-08-04,Oudhref,33.83,10.087,5,oculaire,0.525,0.558,12.175,26.5,10.458,18.69,64.8,63.0,29.6,2,Critique
2024-08-04,Bab Bhar,33.891,10.118,3,respiratoire,0.525,0.558,12.175,26.5,10.458,18.69,64.8,63.0,29.6,2,Critique
2024-08-04,Jara,33.905,10.071,3,digestif,0.525,0.558,12.175,26.5,10.458,18.69,64.8,63.0,29.6,2,Critique
2024-08-05,Bou Chemma,33.882,10.098,7,oculaire,0.425,0.7,7.938,14.717,1.458,12.42,79.7,57.2,28.8,2,Critique
2024-08-05,Chatt,33.876,10.105,5,oculaire,0.425,0.7,7.938,14.717,1.458,12.42,79.7,57.2,28.8,1,Vigilance
2024-08-05,Metouia,33.971,10.001,1,oculaire,0.425,0.7,7.938,14.717,1.458,12.42,79.7,57.2,28.8,0,Normal
2024-08-05,Chenini,33.899,10.044,2,oculaire,0.425,0.7,7.938,14.717,1.458,12.42,79.7,57.2,28.8,1,Vigilance
2024-08-05,El Akarit,33.849,10.143,7,respiratoire,0.425,0.7,7.938,14.717,1.458,12.42,79.7,57.2,28.8,2,Critique
2024-08-05,Oudhref,33.83,10.087,1,respiratoire,0.425,0.7,7.938,14.717,1.458,12.42,79.7,57.2,28.8,0,Normal
2024-08-05,Bab Bhar,33.891,10.118,3,respiratoire,0.425,0.7,7.938,14.717,1.458,12.42,79.7,57.2,28.8,1,Vigilance
2024-08-05,Jara,33.905,10.071,3,respiratoire,0.425,0.7,7.938,14.717,1.458,12.42,79.7,57.2,28.8,1,Vigilance
2024-08-06,Bou Chemma,33.882,10.098,7,oculaire,0.329,0.558,10.213,16.421,3.042,11.59,77.1,66.3,28.2,2,Critique
2024-08-06,Chatt,33.876,10.105,8,oculaire,0.329,0.558,10.213,16.421,3.042,11.59,77.1,66.3,28.2,2,Critique
2024-08-06,Metouia,33.971,10.001,1,respiratoire,0.329,0.558,10.213,16.421,3.042,11.59,77.1,66.3,28.2,1,Vigilance
2024-08-06,Chenini,33.899,10.044,1,respiratoire,0.329,0.558,10.213,16.421,3.042,11.59,77.1,66.3,28.2,1,Vigilance
2024-08-06,El Akarit,33.849,10.143,5,respiratoire,0.329,0.558,10.213,16.421,3.042,11.59,77.1,66.3,28.2,1,Vigilance
2024-08-06,Oudhref,33.83,10.087,0,respiratoire,0.329,0.558,10.213,16.421,3.042,11.59,77.1,66.3,28.2,0,Normal
2024-08-06,Bab Bhar,33.891,10.118,0,oculaire,0.329,0.558,10.213,16.421,3.042,11.59,77.1,66.3,28.2,0,Normal
2024-08-06,Jara,33.905,10.071,3,digestif,0.329,0.558,10.213,16.421,3.042,11.59,77.1,66.3,28.2,1,Vigilance
2024-08-07,Bou Chemma,33.882,10.098,11,respiratoire,0.417,0.542,11.671,20.567,7.917,10.83,91.5,72.7,27.9,2,Critique
2024-08-07,Chatt,33.876,10.105,8,respiratoire,0.417,0.542,11.671,20.567,7.917,10.83,91.5,72.7,27.9,2,Critique
2024-08-07,Metouia,33.971,10.001,7,oculaire,0.417,0.542,11.671,20.567,7.917,10.83,91.5,72.7,27.9,2,Critique
2024-08-07,Chenini,33.899,10.044,5,dermatologique,0.417,0.542,11.671,20.567,7.917,10.83,91.5,72.7,27.9,2,Critique
2024-08-07,El Akarit,33.849,10.143,7,oculaire,0.417,0.542,11.671,20.567,7.917,10.83,91.5,72.7,27.9,2,Critique
2024-08-07,Oudhref,33.83,10.087,5,respiratoire,0.417,0.542,11.671,20.567,7.917,10.83,91.5,72.7,27.9,2,Critique
2024-08-07,Bab Bhar,33.891,10.118,5,dermatologique,0.417,0.542,11.671,20.567,7.917,10.83,91.5,72.7,27.9,2,Critique
2024-08-07,Jara,33.905,10.071,3,oculaire,0.417,0.542,11.671,20.567,7.917,10.83,91.5,72.7,27.9,1,Vigilance
2024-08-08,Bou Chemma,33.882,10.098,10,respiratoire,0.471,0.6,14.321,22.938,9.5,9.23,114.2,66.5,28.2,3,Urgence
2024-08-08,Chatt,33.876,10.105,10,respiratoire,0.471,0.6,14.321,22.938,9.5,9.23,114.2,66.5,28.2,3,Urgence
2024-08-08,Metouia,33.971,10.001,3,respiratoire,0.471,0.6,14.321,22.938,9.5,9.23,114.2,66.5,28.2,2,Critique
2024-08-08,Chenini,33.899,10.044,4,respiratoire,0.471,0.6,14.321,22.938,9.5,9.23,114.2,66.5,28.2,2,Critique
2024-08-08,El Akarit,33.849,10.143,9,dermatologique,0.471,0.6,14.321,22.938,9.5,9.23,114.2,66.5,28.2,2,Critique
2024-08-08,Oudhref,33.83,10.087,5,digestif,0.471,0.6,14.321,22.938,9.5,9.23,114.2,66.5,28.2,2,Critique
2024-08-08,Bab Bhar,33.891,10.118,5,respiratoire,0.471,0.6,14.321,22.938,9.5,9.23,114.2,66.5,28.2,2,Critique
2024-08-08,Jara,33.905,10.071,6,oculaire,0.471,0.6,14.321,22.938,9.5,9.23,114.2,66.5,28.2,2,Critique
2024-08-09,Bou Chemma,33.882,10.098,7,respiratoire,0.413,0.792,11.979,21.713,8.333,8.38,126.0,63.0,28.3,2,Critique
2024-08-09,Chatt,33.876,10.105,7,oculaire,0.413,0.792,11.979,21.713,8.333,8.38,126.0,63.0,28.3,2,Critique
2024-08-09,Metouia,33.971,10.001,3,respiratoire,0.413,0.792,11.979,21.713,8.333,8.38,126.0,63.0,28.3,1,Vigilance
2024-08-09,Chenini,33.899,10.044,6,dermatologique,0.413,0.792,11.979,21.713,8.333,8.38,126.0,63.0,28.3,2,Critique
2024-08-09,El Akarit,33.849,10.143,5,digestif,0.413,0.792,11.979,21.713,8.333,8.38,126.0,63.0,28.3,2,Critique
2024-08-09,Oudhref,33.83,10.087,4,respiratoire,0.413,0.792,11.979,21.713,8.333,8.38,126.0,63.0,28.3,2,Critique
2024-08-09,Bab Bhar,33.891,10.118,5,respiratoire,0.413,0.792,11.979,21.713,8.333,8.38,126.0,63.0,28.3,2,Critique
2024-08-09,Jara,33.905,10.071,2,respiratoire,0.413,0.792,11.979,21.713,8.333,8.38,126.0,63.0,28.3,1,Vigilance
2024-08-10,Bou Chemma,33.882,10.098,6,oculaire,0.342,0.758,9.396,14.221,4.792,9.79,105.6,55.7,29.8,2,Critique
2024-08-10,Chatt,33.876,10.105,9,respiratoire,0.342,0.758,9.396,14.221,4.792,9.79,105.6,55.7,29.8,2,Critique
2024-08-10,Metouia,33.971,10.001,4,respiratoire,0.342,0.758,9.396,14.221,4.792,9.79,105.6,55.7,29.8,1,Vigilance
2024-08-10,Chenini,33.899,10.044,4,respiratoire,0.342,0.758,9.396,14.221,4.792,9.79,105.6,55.7,29.8,1,Vigilance
2024-08-10,El Akarit,33.849,10.143,6,oculaire,0.342,0.758,9.396,14.221,4.792,9.79,105.6,55.7,29.8,2,Critique
2024-08-10,Oudhref,33.83,10.087,2,oculaire,0.342,0.758,9.396,14.221,4.792,9.79,105.6,55.7,29.8,1,Vigilance
2024-08-10,Bab Bhar,33.891,10.118,3,respiratoire,0.342,0.758,9.396,14.221,4.792,9.79,105.6,55.7,29.8,1,Vigilance
2024-08-10,Jara,33.905,10.071,1,respiratoire,0.342,0.758,9.396,14.221,4.792,9.79,105.6,55.7,29.8,0,Normal
2024-08-11,Bou Chemma,33.882,10.098,6,dermatologique,0.346,0.6,9.146,13.942,2.875,11.3,97.8,67.4,29.2,2,Critique
2024-08-11,Chatt,33.876,10.105,2,respiratoire,0.346,0.6,9.146,13.942,2.875,11.3,97.8,67.4,29.2,1,Vigilance
2024-08-11,Metouia,33.971,10.001,6,digestif,0.346,0.6,9.146,13.942,2.875,11.3,97.8,67.4,29.2,2,Critique
2024-08-11,Chenini,33.899,10.044,1,respiratoire,0.346,0.6,9.146,13.942,2.875,11.3,97.8,67.4,29.2,0,Normal
2024-08-11,El Akarit,33.849,10.143,10,respiratoire,0.346,0.6,9.146,13.942,2.875,11.3,97.8,67.4,29.2,2,Critique
2024-08-11,Oudhref,33.83,10.087,0,respiratoire,0.346,0.6,9.146,13.942,2.875,11.3,97.8,67.4,29.2,0,Normal
2024-08-11,Bab Bhar,33.891,10.118,1,respiratoire,0.346,0.6,9.146,13.942,2.875,11.3,97.8,67.4,29.2,0,Normal
2024-08-11,Jara,33.905,10.071,4,respiratoire,0.346,0.6,9.146,13.942,2.875,11.3,97.8,67.4,29.2,1,Vigilance
2024-08-12,Bou Chemma,33.882,10.098,13,respiratoire,1.425,0.654,11.15,17.342,2.5,13.84,120.1,59.2,30.2,3,Urgence
2024-08-12,Chatt,33.876,10.105,10,respiratoire,1.425,0.654,11.15,17.342,2.5,13.84,120.1,59.2,30.2,3,Urgence
2024-08-12,Metouia,33.971,10.001,7,respiratoire,1.425,0.654,11.15,17.342,2.5,13.84,120.1,59.2,30.2,3,Urgence
2024-08-12,Chenini,33.899,10.044,3,dermatologique,1.425,0.654,11.15,17.342,2.5,13.84,120.1,59.2,30.2,2,Critique
2024-08-12,El Akarit,33.849,10.143,11,respiratoire,1.425,0.654,11.15,17.342,2.5,13.84,120.1,59.2,30.2,3,Urgence
2024-08-12,Oudhref,33.83,10.087,5,respiratoire,1.425,0.654,11.15,17.342,2.5,13.84,120.1,59.2,30.2,3,Urgence
2024-08-12,Bab Bhar,33.891,10.118,3,respiratoire,1.425,0.654,11.15,17.342,2.5,13.84,120.1,59.2,30.2,2,Critique
2024-08-12,Jara,33.905,10.071,5,respiratoire,1.425,0.654,11.15,17.342,2.5,13.84,120.1,59.2,30.2,3,Urgence
2024-08-13,Bou Chemma,33.882,10.098,14,oculaire,2.729,0.975,10.1,15.821,1.208,17.88,119.4,48.8,31.0,3,Urgence
2024-08-13,Chatt,33.876,10.105,16,oculaire,2.729,0.975,10.1,15.821,1.208,17.88,119.4,48.8,31.0,3,Urgence
2024-08-13,Metouia,33.971,10.001,6,respiratoire,2.729,0.975,10.1,15.821,1.208,17.88,119.4,48.8,31.0,3,Urgence
2024-08-13,Chenini,33.899,10.044,3,oculaire,2.729,0.975,10.1,15.821,1.208,17.88,119.4,48.8,31.0,3,Urgence
2024-08-13,El Akarit,33.849,10.143,10,respiratoire,2.729,0.975,10.1,15.821,1.208,17.88,119.4,48.8,31.0,3,Urgence
2024-08-13,Oudhref,33.83,10.087,3,dermatologique,2.729,0.975,10.1,15.821,1.208,17.88,119.4,48.8,31.0,3,Urgence
2024-08-13,Bab Bhar,33.891,10.118,4,oculaire,2.729,0.975,10.1,15.821,1.208,17.88,119.4,48.8,31.0,3,Urgence
2024-08-13,Jara,33.905,10.071,7,respiratoire,2.729,0.975,10.1,15.821,1.208,17.88,119.4,48.8,31.0,3,Urgence
2024-08-14,Bou Chemma,33.882,10.098,22,oculaire,3.567,0.879,12.217,19.667,1.75,17.03,109.4,61.9,30.6,3,Urgence
2024-08-14,Chatt,33.876,10.105,10,respiratoire,3.567,0.879,12.217,19.667,1.75,17.03,109.4,61.9,30.6,3,Urgence
2024-08-14,Metouia,33.971,10.001,10,oculaire,3.567,0.879,12.217,19.667,1.75,17.03,109.4,61.9,30.6,3,Urgence
2024-08-14,Chenini,33.899,10.044,9,digestif,3.567,0.879,12.217,19.667,1.75,17.03,109.4,61.9,30.6,3,Urgence
2024-08-14,El Akarit,33.849,10.143,16,respiratoire,3.567,0.879,12.217,19.667,1.75,17.03,109.4,61.9,30.6,3,Urgence
2024-08-14,Oudhref,33.83,10.087,8,respiratoire,3.567,0.879,12.217,19.667,1.75,17.03,109.4,61.9,30.6,3,Urgence
2024-08-14,Bab Bhar,33.891,10.118,3,oculaire,3.567,0.879,12.217,19.667,1.75,17.03,109.4,61.9,30.6,3,Urgence
2024-08-14,Jara,33.905,10.071,8,respiratoire,3.567,0.879,12.217,19.667,1.75,17.03,109.4,61.9,30.6,3,Urgence
2024-08-15,Bou Chemma,33.882,10.098,11,respiratoire,1.371,0.792,7.95,16.475,1.292,15.81,90.2,66.8,29.6,3,Urgence
2024-08-15,Chatt,33.876,10.105,11,respiratoire,1.371,0.792,7.95,16.475,1.292,15.81,90.2,66.8,29.6,3,Urgence
2024-08-15,Metouia,33.971,10.001,1,respiratoire,1.371,0.792,7.95,16.475,1.292,15.81,90.2,66.8,29.6,2,Critique
2024-08-15,Chenini,33.899,10.044,4,respiratoire,1.371,0.792,7.95,16.475,1.292,15.81,90.2,66.8,29.6,2,Critique
2024-08-15,El Akarit,33.849,10.143,8,oculaire,1.371,0.792,7.95,16.475,1.292,15.81,90.2,66.8,29.6,3,Urgence
2024-08-15,Oudhref,33.83,10.087,3,oculaire,1.371,0.792,7.95,16.475,1.292,15.81,90.2,66.8,29.6,2,Critique
2024-08-15,Bab Bhar,33.891,10.118,1,dermatologique,1.371,0.792,7.95,16.475,1.292,15.81,90.2,66.8,29.6,2,Critique
2024-08-15,Jara,33.905,10.071,3,oculaire,1.371,0.792,7.95,16.475,1.292,15.81,90.2,66.8,29.6,2,Critique
2024-08-16,Bou Chemma,33.882,10.098,7,dermatologique,0.588,0.542,6.796,13.554,1.25,18.25,102.8,70.8,29.0,2,Critique
2024-08-16,Chatt,33.876,10.105,2,respiratoire,0.588,0.542,6.796,13.554,1.25,18.25,102.8,70.8,29.0,1,Vigilance
2024-08-16,Metouia,33.971,10.001,4,dermatologique,0.588,0.542,6.796,13.554,1.25,18.25,102.8,70.8,29.0,1,Vigilance
2024-08-16,Chenini,33.899,10.044,3,respiratoire,0.588,0.542,6.796,13.554,1.25,18.25,102.8,70.8,29.0,1,Vigilance
2024-08-16,El Akarit,33.849,10.143,6,oculaire,0.588,0.542,6.796,13.554,1.25,18.25,102.8,70.8,29.0,2,Critique
2024-08-16,Oudhref,33.83,10.087,1,respiratoire,0.588,0.542,6.796,13.554,1.25,18.25,102.8,70.8,29.0,1,Vigilance
2024-08-16,Bab Bhar,33.891,10.118,3,oculaire,0.588,0.542,6.796,13.554,1.25,18.25,102.8,70.8,29.0,1,Vigilance
2024-08-16,Jara,33.905,10.071,0,dermatologique,0.588,0.542,6.796,13.554,1.25,18.25,102.8,70.8,29.0,0,Normal
2024-08-17,Bou Chemma,33.882,10.098,5,oculaire,1.042,0.592,9.533,18.942,3.125,17.08,95.7,63.9,31.0,2,Critique
2024-08-17,Chatt,33.876,10.105,6,respiratoire,1.042,0.592,9.533,18.942,3.125,17.08,95.7,63.9,31.0,2,Critique
2024-08-17,Metouia,33.971,10.001,2,dermatologique,1.042,0.592,9.533,18.942,3.125,17.08,95.7,63.9,31.0,2,Critique
2024-08-17,Chenini,33.899,10.044,7,respiratoire,1.042,0.592,9.533,18.942,3.125,17.08,95.7,63.9,31.0,2,Critique
2024-08-17,El Akarit,33.849,10.143,8,respiratoire,1.042,0.592,9.533,18.942,3.125,17.08,95.7,63.9,31.0,3,Urgence
2024-08-17,Oudhref,33.83,10.087,5,respiratoire,1.042,0.592,9.533,18.942,3.125,17.08,95.7,63.9,31.0,2,Critique
2024-08-17,Bab Bhar,33.891,10.118,7,respiratoire,1.042,0.592,9.533,18.942,3.125,17.08,95.7,63.9,31.0,2,Critique
2024-08-17,Jara,33.905,10.071,4,respiratoire,1.042,0.592,9.533,18.942,3.125,17.08,95.7,63.9,31.0,2,Critique
2024-08-18,Bou Chemma,33.882,10.098,10,oculaire,0.733,0.554,12.425,23.312,8.083,15.57,56.5,69.2,29.4,3,Urgence
2024-08-18,Chatt,33.876,10.105,14,dermatologique,0.733,0.554,12.425,23.312,8.083,15.57,56.5,69.2,29.4,3,Urgence
2024-08-18,Metouia,33.971,10.001,5,digestif,0.733,0.554,12.425,23.312,8.083,15.57,56.5,69.2,29.4,2,Critique
2024-08-18,Chenini,33.899,10.044,3,respiratoire,0.733,0.554,12.425,23.312,8.083,15.57,56.5,69.2,29.4,2,Critique
2024-08-18,El Akarit,33.849,10.143,10,oculaire,0.733,0.554,12.425,23.312,8.083,15.57,56.5,69.2,29.4,3,Urgence
2024-08-18,Oudhref,33.83,10.087,0,respiratoire,0.733,0.554,12.425,23.312,8.083,15.57,56.5,69.2,29.4,1,Vigilance
2024-08-18,Bab Bhar,33.891,10.118,5,oculaire,0.733,0.554,12.425,23.312,8.083,15.57,56.5,69.2,29.4,2,Critique
2024-08-18,Jara,33.905,10.071,5,respiratoire,0.733,0.554,12.425,23.312,8.083,15.57,56.5,69.2,29.4,2,Critique
2024-08-19,Bou Chemma,33.882,10.098,4,digestif,0.433,0.579,8.85,16.367,5.667,13.15,115.5,66.1,29.4,1,Vigilance
2024-08-19,Chatt,33.876,10.105,7,respiratoire,0.433,0.579,8.85,16.367,5.667,13.15,115.5,66.1,29.4,2,Critique
2024-08-19,Metouia,33.971,10.001,2,respiratoire,0.433,0.579,8.85,16.367,5.667,13.15,115.5,66.1,29.4,1,Vigilance
2024-08-19,Chenini,33.899,10.044,4,respiratoire,0.433,0.579,8.85,16.367,5.667,13.15,115.5,66.1,29.4,1,Vigilance
2024-08-19,El Akarit,33.849,10.143,4,respiratoire,0.433,0.579,8.85,16.367,5.667,13.15,115.5,66.1,29.4,1,Vigilance
2024-08-19,Oudhref,33.83,10.087,1,respiratoire,0.433,0.579,8.85,16.367,5.667,13.15,115.5,66.1,29.4,1,Vigilance
2024-08-19,Bab Bhar,33.891,10.118,7,dermatologique,0.433,0.579,8.85,16.367,5.667,13.15,115.5,66.1,29.4,2,Critique
2024-08-19,Jara,33.905,10.071,5,respiratoire,0.433,0.579,8.85,16.367,5.667,13.15,115.5,66.1,29.4,1,Vigilance
2024-08-20,Bou Chemma,33.882,10.098,3,oculaire,0.333,0.479,7.279,13.213,1.542,15.95,83.5,70.8,28.7,1,Vigilance
2024-08-20,Chatt,33.876,10.105,2,respiratoire,0.333,0.479,7.279,13.213,1.542,15.95,83.5,70.8,28.7,0,Normal
2024-08-20,Metouia,33.971,10.001,2,respiratoire,0.333,0.479,7.279,13.213,1.542,15.95,83.5,70.8,28.7,0,Normal
2024-08-20,Chenini,33.899,10.044,2,respiratoire,0.333,0.479,7.279,13.213,1.542,15.95,83.5,70.8,28.7,0,Normal
2024-08-20,El Akarit,33.849,10.143,8,respiratoire,0.333,0.479,7.279,13.213,1.542,15.95,83.5,70.8,28.7,2,Critique
2024-08-20,Oudhref,33.83,10.087,3,respiratoire,0.333,0.479,7.279,13.213,1.542,15.95,83.5,70.8,28.7,1,Vigilance
2024-08-20,Bab Bhar,33.891,10.118,0,respiratoire,0.333,0.479,7.279,13.213,1.542,15.95,83.5,70.8,28.7,0,Normal
2024-08-20,Jara,33.905,10.071,5,respiratoire,0.333,0.479,7.279,13.213,1.542,15.95,83.5,70.8,28.7,1,Vigilance
2024-08-21,Bou Chemma,33.882,10.098,1,respiratoire,0.383,0.604,6.204,11.625,0.708,11.9,92.7,60.2,28.7,0,Normal
2024-08-21,Chatt,33.876,10.105,3,oculaire,0.383,0.604,6.204,11.625,0.708,11.9,92.7,60.2,28.7,1,Vigilance
2024-08-21,Metouia,33.971,10.001,1,respiratoire,0.383,0.604,6.204,11.625,0.708,11.9,92.7,60.2,28.7,0,Normal
2024-08-21,Chenini,33.899,10.044,1,oculaire,0.383,0.604,6.204,11.625,0.708,11.9,92.7,60.2,28.7,0,Normal
2024-08-21,El Akarit,33.849,10.143,5,oculaire,0.383,0.604,6.204,11.625,0.708,11.9,92.7,60.2,28.7,1,Vigilance
2024-08-21,Oudhref,33.83,10.087,3,respiratoire,0.383,0.604,6.204,11.625,0.708,11.9,92.7,60.2,28.7,1,Vigilance
2024-08-21,Bab Bhar,33.891,10.118,2,respiratoire,0.383,0.604,6.204,11.625,0.708,11.9,92.7,60.2,28.7,0,Normal
2024-08-21,Jara,33.905,10.071,0,respiratoire,0.383,0.604,6.204,11.625,0.708,11.9,92.7,60.2,28.7,0,Normal
2024-08-22,Bou Chemma,33.882,10.098,5,respiratoire,0.383,0.833,8.792,14.162,1.0,8.61,140.5,58.5,28.2,1,Vigilance
2024-08-22,Chatt,33.876,10.105,3,dermatologique,0.383,0.833,8.792,14.162,1.0,8.61,140.5,58.5,28.2,1,Vigilance
2024-08-22,Metouia,33.971,10.001,3,respiratoire,0.383,0.833,8.792,14.162,1.0,8.61,140.5,58.5,28.2,1,Vigilance
2024-08-22,Chenini,33.899,10.044,1,dermatologique,0.383,0.833,8.792,14.162,1.0,8.61,140.5,58.5,28.2,0,Normal
2024-08-22,El Akarit,33.849,10.143,3,respiratoire,0.383,0.833,8.792,14.162,1.0,8.61,140.5,58.5,28.2,1,Vigilance
2024-08-22,Oudhref,33.83,10.087,2,digestif,0.383,0.833,8.792,14.162,1.0,8.61,140.5,58.5,28.2,1,Vigilance
2024-08-22,Bab Bhar,33.891,10.118,2,oculaire,0.383,0.833,8.792,14.162,1.0,8.61,140.5,58.5,28.2,1,Vigilance
2024-08-22,Jara,33.905,10.071,3,oculaire,0.383,0.833,8.792,14.162,1.0,8.61,140.5,58.5,28.2,1,Vigilance
2024-08-23,Bou Chemma,33.882,10.098,6,digestif,0.337,0.713,8.05,13.371,0.75,12.23,112.6,64.3,27.2,1,Vigilance
2024-08-23,Chatt,33.876,10.105,6,respiratoire,0.337,0.713,8.05,13.371,0.75,12.23,112.6,64.3,27.2,1,Vigilance
2024-08-23,Metouia,33.971,10.001,3,respiratoire,0.337,0.713,8.05,13.371,0.75,12.23,112.6,64.3,27.2,1,Vigilance
2024-08-23,Chenini,33.899,10.044,2,oculaire,0.337,0.713,8.05,13.371,0.75,12.23,112.6,64.3,27.2,1,Vigilance
2024-08-23,El Akarit,33.849,10.143,3,digestif,0.337,0.713,8.05,13.371,0.75,12.23,112.6,64.3,27.2,1,Vigilance
2024-08-23,Oudhref,33.83,10.087,1,respiratoire,0.337,0.713,8.05,13.371,0.75,12.23,112.6,64.3,27.2,0,Normal
2024-08-23,Bab Bhar,33.891,10.118,3,oculaire,0.337,0.713,8.05,13.371,0.75,12.23,112.6,64.3,27.2,1,Vigilance
2024-08-23,Jara,33.905,10.071,2,digestif,0.337,0.713,8.05,13.371,0.75,12.23,112.6,64.3,27.2,1,Vigilance
2024-08-24,Bou Chemma,33.882,10.098,4,digestif,0.35,0.688,6.837,11.096,0.458,10.76,97.5,64.2,27.9,1,Vigilance
2024-08-24,Chatt,33.876,10.105,3,digestif,0.35,0.688,6.837,11.096,0.458,10.76,97.5,64.2,27.9,1,Vigilance
2024-08-24,Metouia,33.971,10.001,0,digestif,0.35,0.688,6.837,11.096,0.458,10.76,97.5,64.2,27.9,0,Normal
2024-08-24,Chenini,33.899,10.044,2,digestif,0.35,0.688,6.837,11.096,0.458,10.76,97.5,64.2,27.9,0,Normal
2024-08-24,El Akarit,33.849,10.143,4,respiratoire,0.35,0.688,6.837,11.096,0.458,10.76,97.5,64.2,27.9,1,Vigilance
2024-08-24,Oudhref,33.83,10.087,0,oculaire,0.35,0.688,6.837,11.096,0.458,10.76,97.5,64.2,27.9,0,Normal
2024-08-24,Bab Bhar,33.891,10.118,2,respiratoire,0.35,0.688,6.837,11.096,0.458,10.76,97.5,64.2,27.9,0,Normal
2024-08-24,Jara,33.905,10.071,2,respiratoire,0.35,0.688,6.837,11.096,0.458,10.76,97.5,64.2,27.9,0,Normal
2024-08-25,Bou Chemma,33.882,10.098,6,oculaire,0.408,0.642,7.587,11.225,1.333,9.97,115.3,58.4,29.3,1,Vigilance
2024-08-25,Chatt,33.876,10.105,3,respiratoire,0.408,0.642,7.587,11.225,1.333,9.97,115.3,58.4,29.3,1,Vigilance
2024-08-25,Metouia,33.971,10.001,1,respiratoire,0.408,0.642,7.587,11.225,1.333,9.97,115.3,58.4,29.3,0,Normal
2024-08-25,Chenini,33.899,10.044,3,dermatologique,0.408,0.642,7.587,11.225,1.333,9.97,115.3,58.4,29.3,1,Vigilance
2024-08-25,El Akarit,33.849,10.143,5,oculaire,0.408,0.642,7.587,11.225,1.333,9.97,115.3,58.4,29.3,1,Vigilance
2024-08-25,Oudhref,33.83,10.087,3,oculaire,0.408,0.642,7.587,11.225,1.333,9.97,115.3,58.4,29.3,1,Vigilance
2024-08-25,Bab Bhar,33.891,10.118,4,oculaire,0.408,0.642,7.587,11.225,1.333,9.97,115.3,58.4,29.3,1,Vigilance
2024-08-25,Jara,33.905,10.071,3,respiratoire,0.408,0.642,7.587,11.225,1.333,9.97,115.3,58.4,29.3,1,Vigilance
2024-08-26,Bou Chemma,33.882,10.098,2,dermatologique,0.825,0.783,7.688,11.746,1.833,12.4,90.0,56.7,29.2,1,Vigilance
2024-08-26,Chatt,33.876,10.105,9,oculaire,0.825,0.783,7.688,11.746,1.833,12.4,90.0,56.7,29.2,2,Critique
2024-08-26,Metouia,33.971,10.001,3,respiratoire,0.825,0.783,7.688,11.746,1.833,12.4,90.0,56.7,29.2,2,Critique
2024-08-26,Chenini,33.899,10.044,4,respiratoire,0.825,0.783,7.688,11.746,1.833,12.4,90.0,56.7,29.2,2,Critique
2024-08-26,El Akarit,33.849,10.143,5,digestif,0.825,0.783,7.688,11.746,1.833,12.4,90.0,56.7,29.2,2,Critique
2024-08-26,Oudhref,33.83,10.087,3,dermatologique,0.825,0.783,7.688,11.746,1.833,12.4,90.0,56.7,29.2,2,Critique
2024-08-26,Bab Bhar,33.891,10.118,2,respiratoire,0.825,0.783,7.688,11.746,1.833,12.4,90.0,56.7,29.2,1,Vigilance
2024-08-26,Jara,33.905,10.071,3,oculaire,0.825,0.783,7.688,11.746,1.833,12.4,90.0,56.7,29.2,2,Critique
2024-08-27,Bou Chemma,33.882,10.098,5,respiratoire,0.625,0.638,7.417,11.088,1.0,11.36,74.0,63.1,28.1,2,Critique
2024-08-27,Chatt,33.876,10.105,6,digestif,0.625,0.638,7.417,11.088,1.0,11.36,74.0,63.1,28.1,2,Critique
2024-08-27,Metouia,33.971,10.001,2,digestif,0.625,0.638,7.417,11.088,1.0,11.36,74.0,63.1,28.1,1,Vigilance
2024-08-27,Chenini,33.899,10.044,0,respiratoire,0.625,0.638,7.417,11.088,1.0,11.36,74.0,63.1,28.1,1,Vigilance
2024-08-27,El Akarit,33.849,10.143,5,dermatologique,0.625,0.638,7.417,11.088,1.0,11.36,74.0,63.1,28.1,2,Critique
2024-08-27,Oudhref,33.83,10.087,0,respiratoire,0.625,0.638,7.417,11.088,1.0,11.36,74.0,63.1,28.1,1,Vigilance
2024-08-27,Bab Bhar,33.891,10.118,3,respiratoire,0.625,0.638,7.417,11.088,1.0,11.36,74.0,63.1,28.1,1,Vigilance
2024-08-27,Jara,33.905,10.071,1,dermatologique,0.625,0.638,7.417,11.088,1.0,11.36,74.0,63.1,28.1,1,Vigilance
2024-08-28,Bou Chemma,33.882,10.098,6,respiratoire,0.588,0.638,7.812,12.625,1.0,11.16,94.3,72.1,27.8,2,Critique
2024-08-28,Chatt,33.876,10.105,8,oculaire,0.588,0.638,7.812,12.625,1.0,11.16,94.3,72.1,27.8,2,Critique
2024-08-28,Metouia,33.971,10.001,4,dermatologique,0.588,0.638,7.812,12.625,1.0,11.16,94.3,72.1,27.8,1,Vigilance
2024-08-28,Chenini,33.899,10.044,0,respiratoire,0.588,0.638,7.812,12.625,1.0,11.16,94.3,72.1,27.8,0,Normal
2024-08-28,El Akarit,33.849,10.143,3,digestif,0.588,0.638,7.812,12.625,1.0,11.16,94.3,72.1,27.8,1,Vigilance
2024-08-28,Oudhref,33.83,10.087,1,respiratoire,0.588,0.638,7.812,12.625,1.0,11.16,94.3,72.1,27.8,1,Vigilance
2024-08-28,Bab Bhar,33.891,10.118,4,respiratoire,0.588,0.638,7.812,12.625,1.0,11.16,94.3,72.1,27.8,1,Vigilance
2024-08-28,Jara,33.905,10.071,2,respiratoire,0.588,0.638,7.812,12.625,1.0,11.16,94.3,72.1,27.8,1,Vigilance
2024-08-29,Bou Chemma,33.882,10.098,5,oculaire,0.479,0.662,7.521,12.108,1.417,11.61,84.7,71.2,27.8,1,Vigilance
2024-08-29,Chatt,33.876,10.105,7,respiratoire,0.479,0.662,7.521,12.108,1.417,11.61,84.7,71.2,27.8,2,Critique
2024-08-29,Metouia,33.971,10.001,2,dermatologique,0.479,0.662,7.521,12.108,1.417,11.61,84.7,71.2,27.8,1,Vigilance
2024-08-29,Chenini,33.899,10.044,1,oculaire,0.479,0.662,7.521,12.108,1.417,11.61,84.7,71.2,27.8,0,Normal
2024-08-29,El Akarit,33.849,10.143,2,oculaire,0.479,0.662,7.521,12.108,1.417,11.61,84.7,71.2,27.8,1,Vigilance
2024-08-29,Oudhref,33.83,10.087,1,dermatologique,0.479,0.662,7.521,12.108,1.417,11.61,84.7,71.2,27.8,0,Normal
2024-08-29,Bab Bhar,33.891,10.118,1,respiratoire,0.479,0.662,7.521,12.108,1.417,11.61,84.7,71.2,27.8,0,Normal
2024-08-29,Jara,33.905,10.071,2,respiratoire,0.479,0.662,7.521,12.108,1.417,11.61,84.7,71.2,27.8,1,Vigilance
2024-08-30,Bou Chemma,33.882,10.098,9,dermatologique,0.425,0.654,7.163,12.392,2.0,11.16,127.0,73.0,27.8,2,Critique
2024-08-30,Chatt,33.876,10.105,4,dermatologique,0.425,0.654,7.163,12.392,2.0,11.16,127.0,73.0,27.8,1,Vigilance
2024-08-30,Metouia,33.971,10.001,3,respiratoire,0.425,0.654,7.163,12.392,2.0,11.16,127.0,73.0,27.8,1,Vigilance
2024-08-30,Chenini,33.899,10.044,0,oculaire,0.425,0.654,7.163,12.392,2.0,11.16,127.0,73.0,27.8,0,Normal
2024-08-30,El Akarit,33.849,10.143,7,respiratoire,0.425,0.654,7.163,12.392,2.0,11.16,127.0,73.0,27.8,2,Critique
2024-08-30,Oudhref,33.83,10.087,2,oculaire,0.425,0.654,7.163,12.392,2.0,11.16,127.0,73.0,27.8,1,Vigilance
2024-08-30,Bab Bhar,33.891,10.118,1,oculaire,0.425,0.654,7.163,12.392,2.0,11.16,127.0,73.0,27.8,0,Normal
2024-08-30,Jara,33.905,10.071,0,oculaire,0.425,0.654,7.163,12.392,2.0,11.16,127.0,73.0,27.8,0,Normal
2024-08-31,Bou Chemma,33.882,10.098,4,dermatologique,0.367,0.596,6.263,11.604,2.042,13.03,112.5,66.4,28.6,1,Vigilance
2024-08-31,Chatt,33.876,10.105,2,oculaire,0.367,0.596,6.263,11.604,2.042,13.03,112.5,66.4,28.6,0,Normal
2024-08-31,Metouia,33.971,10.001,1,respiratoire,0.367,0.596,6.263,11.604,2.042,13.03,112.5,66.4,28.6,0,Normal
2024-08-31,Chenini,33.899,10.044,3,respiratoire,0.367,0.596,6.263,11.604,2.042,13.03,112.5,66.4,28.6,1,Vigilance
2024-08-31,El Akarit,33.849,10.143,3,respiratoire,0.367,0.596,6.263,11.604,2.042,13.03,112.5,66.4,28.6,1,Vigilance
2024-08-31,Oudhref,33.83,10.087,0,respiratoire,0.367,0.596,6.263,11.604,2.042,13.03,112.5,66.4,28.6,0,Normal
2024-08-31,Bab Bhar,33.891,10.118,2,oculaire,0.367,0.596,6.263,11.604,2.042,13.03,112.5,66.4,28.6,0,Normal
2024-08-31,Jara,33.905,10.071,3,respiratoire,0.367,0.596,6.263,11.604,2.042,13.03,112.5,66.4,28.6,1,Vigilance
2024-09-01,Bou Chemma,33.882,10.098,6,respiratoire,0.963,0.658,7.575,13.138,3.042,11.7,122.7,48.8,30.3,2,Critique
2024-09-01,Chatt,33.876,10.105,6,respiratoire,0.963,0.658,7.575,13.138,3.042,11.7,122.7,48.8,30.3,2,Critique
2024-09-01,Metouia,33.971,10.001,6,oculaire,0.963,0.658,7.575,13.138,3.042,11.7,122.7,48.8,30.3,2,Critique
2024-09-01,Chenini,33.899,10.044,0,digestif,0.963,0.658,7.575,13.138,3.042,11.7,122.7,48.8,30.3,1,Vigilance
2024-09-01,El Akarit,33.849,10.143,9,respiratoire,0.963,0.658,7.575,13.138,3.042,11.7,122.7,48.8,30.3,2,Critique
2024-09-01,Oudhref,33.83,10.087,2,oculaire,0.963,0.658,7.575,13.138,3.042,11.7,122.7,48.8,30.3,2,Critique
2024-09-01,Bab Bhar,33.891,10.118,4,oculaire,0.963,0.658,7.575,13.138,3.042,11.7,122.7,48.8,30.3,2,Critique
2024-09-01,Jara,33.905,10.071,1,respiratoire,0.963,0.658,7.575,13.138,3.042,11.7,122.7,48.8,30.3,1,Vigilance
2024-09-02,Bou Chemma,33.882,10.098,12,digestif,1.546,0.979,13.042,23.75,9.25,10.65,120.5,48.7,31.6,3,Urgence
2024-09-02,Chatt,33.876,10.105,7,respiratoire,1.546,0.979,13.042,23.75,9.25,10.65,120.5,48.7,31.6,3,Urgence
2024-09-02,Metouia,33.971,10.001,4,respiratoire,1.546,0.979,13.042,23.75,9.25,10.65,120.5,48.7,31.6,3,Urgence
2024-09-02,Chenini,33.899,10.044,3,oculaire,1.546,0.979,13.042,23.75,9.25,10.65,120.5,48.7,31.6,3,Urgence
2024-09-02,El Akarit,33.849,10.143,13,respiratoire,1.546,0.979,13.042,23.75,9.25,10.65,120.5,48.7,31.6,3,Urgence
2024-09-02,Oudhref,33.83,10.087,6,respiratoire,1.546,0.979,13.042,23.75,9.25,10.65,120.5,48.7,31.6,3,Urgence
2024-09-02,Bab Bhar,33.891,10.118,7,respiratoire,1.546,0.979,13.042,23.75,9.25,10.65,120.5,48.7,31.6,3,Urgence
2024-09-02,Jara,33.905,10.071,7,oculaire,1.546,0.979,13.042,23.75,9.25,10.65,120.5,48.7,31.6,3,Urgence
2024-09-03,Bou Chemma,33.882,10.098,14,respiratoire,1.725,1.175,17.825,33.025,17.667,12.97,109.8,55.3,31.3,3,Urgence
2024-09-03,Chatt,33.876,10.105,17,oculaire,1.725,1.175,17.825,33.025,17.667,12.97,109.8,55.3,31.3,3,Urgence
2024-09-03,Metouia,33.971,10.001,10,respiratoire,1.725,1.175,17.825,33.025,17.667,12.97,109.8,55.3,31.3,3,Urgence
2024-09-03,Chenini,33.899,10.044,4,respiratoire,1.725,1.175,17.825,33.025,17.667,12.97,109.8,55.3,31.3,3,Urgence
2024-09-03,El Akarit,33.849,10.143,29,respiratoire,1.725,1.175,17.825,33.025,17.667,12.97,109.8,55.3,31.3,3,Urgence
2024-09-03,Oudhref,33.83,10.087,5,respiratoire,1.725,1.175,17.825,33.025,17.667,12.97,109.8,55.3,31.3,3,Urgence
2024-09-03,Bab Bhar,33.891,10.118,9,respiratoire,1.725,1.175,17.825,33.025,17.667,12.97,109.8,55.3,31.3,3,Urgence
2024-09-03,Jara,33.905,10.071,2,respiratoire,1.725,1.175,17.825,33.025,17.667,12.97,109.8,55.3,31.3,3,Urgence
2024-09-04,Bou Chemma,33.882,10.098,18,respiratoire,0.912,1.342,20.637,41.454,31.792,10.47,157.0,49.6,31.8,3,Urgence
2024-09-04,Chatt,33.876,10.105,21,respiratoire,0.912,1.342,20.637,41.454,31.792,10.47,157.0,49.6,31.8,3,Urgence
2024-09-04,Metouia,33.971,10.001,11,oculaire,0.912,1.342,20.637,41.454,31.792,10.47,157.0,49.6,31.8,3,Urgence
2024-09-04,Chenini,33.899,10.044,14,digestif,0.912,1.342,20.637,41.454,31.792,10.47,157.0,49.6,31.8,3,Urgence
2024-09-04,El Akarit,33.849,10.143,20,dermatologique,0.912,1.342,20.637,41.454,31.792,10.47,157.0,49.6,31.8,3,Urgence
2024-09-04,Oudhref,33.83,10.087,8,oculaire,0.912,1.342,20.637,41.454,31.792,10.47,157.0,49.6,31.8,3,Urgence
2024-09-04,Bab Bhar,33.891,10.118,8,oculaire,0.912,1.342,20.637,41.454,31.792,10.47,157.0,49.6,31.8,3,Urgence
2024-09-04,Jara,33.905,10.071,10,oculaire,0.912,1.342,20.637,41.454,31.792,10.47,157.0,49.6,31.8,3,Urgence
2024-09-05,Bou Chemma,33.882,10.098,22,respiratoire,1.208,0.938,19.883,46.908,35.583,10.32,69.3,64.1,30.8,3,Urgence
2024-09-05,Chatt,33.876,10.105,29,respiratoire,1.208,0.938,19.883,46.908,35.583,10.32,69.3,64.1,30.8,3,Urgence
2024-09-05,Metouia,33.971,10.001,10,respiratoire,1.208,0.938,19.883,46.908,35.583,10.32,69.3,64.1,30.8,3,Urgence
2024-09-05,Chenini,33.899,10.044,8,respiratoire,1.208,0.938,19.883,46.908,35.583,10.32,69.3,64.1,30.8,3,Urgence
2024-09-05,El Akarit,33.849,10.143,15,oculaire,1.208,0.938,19.883,46.908,35.583,10.32,69.3,64.1,30.8,3,Urgence
2024-09-05,Oudhref,33.83,10.087,10,respiratoire,1.208,0.938,19.883,46.908,35.583,10.32,69.3,64.1,30.8,3,Urgence
2024-09-05,Bab Bhar,33.891,10.118,6,respiratoire,1.208,0.938,19.883,46.908,35.583,10.32,69.3,64.1,30.8,3,Urgence
2024-09-05,Jara,33.905,10.071,5,dermatologique,1.208,0.938,19.883,46.908,35.583,10.32,69.3,64.1,30.8,3,Urgence
2024-09-06,Bou Chemma,33.882,10.098,16,dermatologique,0.558,1.146,19.971,55.079,46.5,10.68,103.1,65.5,30.8,3,Urgence
2024-09-06,Chatt,33.876,10.105,19,oculaire,0.558,1.146,19.971,55.079,46.5,10.68,103.1,65.5,30.8,3,Urgence
2024-09-06,Metouia,33.971,10.001,8,oculaire,0.558,1.146,19.971,55.079,46.5,10.68,103.1,65.5,30.8,3,Urgence
2024-09-06,Chenini,33.899,10.044,7,oculaire,0.558,1.146,19.971,55.079,46.5,10.68,103.1,65.5,30.8,3,Urgence
2024-09-06,El Akarit,33.849,10.143,16,oculaire,0.558,1.146,19.971,55.079,46.5,10.68,103.1,65.5,30.8,3,Urgence
2024-09-06,Oudhref,33.83,10.087,6,digestif,0.558,1.146,19.971,55.079,46.5,10.68,103.1,65.5,30.8,3,Urgence
2024-09-06,Bab Bhar,33.891,10.118,9,oculaire,0.558,1.146,19.971,55.079,46.5,10.68,103.1,65.5,30.8,3,Urgence
2024-09-06,Jara,33.905,10.071,7,oculaire,0.558,1.146,19.971,55.079,46.5,10.68,103.1,65.5,30.8,3,Urgence
2024-09-07,Bou Chemma,33.882,10.098,36,oculaire,0.342,1.025,31.279,105.013,84.167,10.21,170.4,54.0,31.9,3,Urgence
2024-09-07,Chatt,33.876,10.105,33,oculaire,0.342,1.025,31.279,105.013,84.167,10.21,170.4,54.0,31.9,3,Urgence
2024-09-07,Metouia,33.971,10.001,21,oculaire,0.342,1.025,31.279,105.013,84.167,10.21,170.4,54.0,31.9,3,Urgence
2024-09-07,Chenini,33.899,10.044,4,respiratoire,0.342,1.025,31.279,105.013,84.167,10.21,170.4,54.0,31.9,3,Urgence
2024-09-07,El Akarit,33.849,10.143,38,respiratoire,0.342,1.025,31.279,105.013,84.167,10.21,170.4,54.0,31.9,3,Urgence
2024-09-07,Oudhref,33.83,10.087,18,respiratoire,0.342,1.025,31.279,105.013,84.167,10.21,170.4,54.0,31.9,3,Urgence
2024-09-07,Bab Bhar,33.891,10.118,14,oculaire,0.342,1.025,31.279,105.013,84.167,10.21,170.4,54.0,31.9,3,Urgence
2024-09-07,Jara,33.905,10.071,13,dermatologique,0.342,1.025,31.279,105.013,84.167,10.21,170.4,54.0,31.9,3,Urgence
2024-09-08,Bou Chemma,33.882,10.098,40,dermatologique,1.033,0.992,31.463,94.812,70.667,6.28,114.8,57.0,32.1,3,Urgence
2024-09-08,Chatt,33.876,10.105,33,oculaire,1.033,0.992,31.463,94.812,70.667,6.28,114.8,57.0,32.1,3,Urgence
2024-09-08,Metouia,33.971,10.001,18,respiratoire,1.033,0.992,31.463,94.812,70.667,6.28,114.8,57.0,32.1,3,Urgence
2024-09-08,Chenini,33.899,10.044,18,digestif,1.033,0.992,31.463,94.812,70.667,6.28,114.8,57.0,32.1,3,Urgence
2024-09-08,El Akarit,33.849,10.143,26,respiratoire,1.033,0.992,31.463,94.812,70.667,6.28,114.8,57.0,32.1,3,Urgence
2024-09-08,Oudhref,33.83,10.087,15,respiratoire,1.033,0.992,31.463,94.812,70.667,6.28,114.8,57.0,32.1,3,Urgence
2024-09-08,Bab Bhar,33.891,10.118,10,oculaire,1.033,0.992,31.463,94.812,70.667,6.28,114.8,57.0,32.1,3,Urgence
2024-09-08,Jara,33.905,10.071,19,oculaire,1.033,0.992,31.463,94.812,70.667,6.28,114.8,57.0,32.1,3,Urgence
2024-09-09,Bou Chemma,33.882,10.098,5,oculaire,0.317,0.721,17.387,35.233,31.25,11.14,164.2,58.2,29.8,2,Critique
2024-09-09,Chatt,33.876,10.105,15,respiratoire,0.317,0.721,17.387,35.233,31.25,11.14,164.2,58.2,29.8,3,Urgence
2024-09-09,Metouia,33.971,10.001,4,oculaire,0.317,0.721,17.387,35.233,31.25,11.14,164.2,58.2,29.8,2,Critique
2024-09-09,Chenini,33.899,10.044,2,respiratoire,0.317,0.721,17.387,35.233,31.25,11.14,164.2,58.2,29.8,2,Critique
2024-09-09,El Akarit,33.849,10.143,18,respiratoire,0.317,0.721,17.387,35.233,31.25,11.14,164.2,58.2,29.8,3,Urgence
2024-09-09,Oudhref,33.83,10.087,8,respiratoire,0.317,0.721,17.387,35.233,31.25,11.14,164.2,58.2,29.8,2,Critique
2024-09-09,Bab Bhar,33.891,10.118,7,oculaire,0.317,0.721,17.387,35.233,31.25,11.14,164.2,58.2,29.8,2,Critique
2024-09-09,Jara,33.905,10.071,8,respiratoire,0.317,0.721,17.387,35.233,31.25,11.14,164.2,58.2,29.8,2,Critique
2024-09-10,Bou Chemma,33.882,10.098,4,oculaire,0.304,0.783,6.688,13.854,5.667,11.51,88.3,58.3,26.8,1,Vigilance
2024-09-10,Chatt,33.876,10.105,5,respiratoire,0.304,0.783,6.688,13.854,5.667,11.51,88.3,58.3,26.8,1,Vigilance
2024-09-10,Metouia,33.971,10.001,3,digestif,0.304,0.783,6.688,13.854,5.667,11.51,88.3,58.3,26.8,1,Vigilance
2024-09-10,Chenini,33.899,10.044,0,dermatologique,0.304,0.783,6.688,13.854,5.667,11.51,88.3,58.3,26.8,0,Normal
2024-09-10,El Akarit,33.849,10.143,7,respiratoire,0.304,0.783,6.688,13.854,5.667,11.51,88.3,58.3,26.8,1,Vigilance
2024-09-10,Oudhref,33.83,10.087,4,dermatologique,0.304,0.783,6.688,13.854,5.667,11.51,88.3,58.3,26.8,1,Vigilance
2024-09-10,Bab Bhar,33.891,10.118,2,oculaire,0.304,0.783,6.688,13.854,5.667,11.51,88.3,58.3,26.8,0,Normal
2024-09-10,Jara,33.905,10.071,1,respiratoire,0.304,0.783,6.688,13.854,5.667,11.51,88.3,58.3,26.8,0,Normal
2024-09-11,Bou Chemma,33.882,10.098,6,respiratoire,0.329,0.713,5.146,10.312,1.167,12.33,88.2,59.1,26.6,1,Vigilance
2024-09-11,Chatt,33.876,10.105,3,respiratoire,0.329,0.713,5.146,10.312,1.167,12.33,88.2,59.1,26.6,0,Normal
2024-09-11,Metouia,33.971,10.001,2,respiratoire,0.329,0.713,5.146,10.312,1.167,12.33,88.2,59.1,26.6,0,Normal
2024-09-11,Chenini,33.899,10.044,3,respiratoire,0.329,0.713,5.146,10.312,1.167,12.33,88.2,59.1,26.6,0,Normal
2024-09-11,El Akarit,33.849,10.143,4,respiratoire,0.329,0.713,5.146,10.312,1.167,12.33,88.2,59.1,26.6,1,Vigilance
2024-09-11,Oudhref,33.83,10.087,0,oculaire,0.329,0.713,5.146,10.312,1.167,12.33,88.2,59.1,26.6,0,Normal
2024-09-11,Bab Bhar,33.891,10.118,0,respiratoire,0.329,0.713,5.146,10.312,1.167,12.33,88.2,59.1,26.6,0,Normal
2024-09-11,Jara,33.905,10.071,1,respiratoire,0.329,0.713,5.146,10.312,1.167,12.33,88.2,59.1,26.6,0,Normal
2024-09-12,Bou Chemma,33.882,10.098,11,respiratoire,2.392,0.854,7.983,14.229,2.208,14.97,115.9,62.7,27.1,3,Urgence
2024-09-12,Chatt,33.876,10.105,12,respiratoire,2.392,0.854,7.983,14.229,2.208,14.97,115.9,62.7,27.1,3,Urgence
2024-09-12,Metouia,33.971,10.001,8,respiratoire,2.392,0.854,7.983,14.229,2.208,14.97,115.9,62.7,27.1,3,Urgence
2024-09-12,Chenini,33.899,10.044,3,dermatologique,2.392,0.854,7.983,14.229,2.208,14.97,115.9,62.7,27.1,3,Urgence
2024-09-12,El Akarit,33.849,10.143,16,respiratoire,2.392,0.854,7.983,14.229,2.208,14.97,115.9,62.7,27.1,3,Urgence
2024-09-12,Oudhref,33.83,10.087,3,respiratoire,2.392,0.854,7.983,14.229,2.208,14.97,115.9,62.7,27.1,3,Urgence
2024-09-12,Bab Bhar,33.891,10.118,8,oculaire,2.392,0.854,7.983,14.229,2.208,14.97,115.9,62.7,27.1,3,Urgence
2024-09-12,Jara,33.905,10.071,3,oculaire,2.392,0.854,7.983,14.229,2.208,14.97,115.9,62.7,27.1,3,Urgence
2024-09-13,Bou Chemma,33.882,10.098,16,respiratoire,0.592,0.612,6.917,15.112,3.292,14.16,76.6,71.7,26.8,3,Urgence
2024-09-13,Chatt,33.876,10.105,9,digestif,0.592,0.612,6.917,15.112,3.292,14.16,76.6,71.7,26.8,2,Critique
2024-09-13,Metouia,33.971,10.001,1,dermatologique,0.592,0.612,6.917,15.112,3.292,14.16,76.6,71.7,26.8,1,Vigilance
2024-09-13,Chenini,33.899,10.044,4,respiratoire,0.592,0.612,6.917,15.112,3.292,14.16,76.6,71.7,26.8,1,Vigilance
2024-09-13,El Akarit,33.849,10.143,9,respiratoire,0.592,0.612,6.917,15.112,3.292,14.16,76.6,71.7,26.8,2,Critique
2024-09-13,Oudhref,33.83,10.087,6,respiratoire,0.592,0.612,6.917,15.112,3.292,14.16,76.6,71.7,26.8,2,Critique
2024-09-13,Bab Bhar,33.891,10.118,2,digestif,0.592,0.612,6.917,15.112,3.292,14.16,76.6,71.7,26.8,1,Vigilance
2024-09-13,Jara,33.905,10.071,5,oculaire,0.592,0.612,6.917,15.112,3.292,14.16,76.6,71.7,26.8,2,Critique
2024-09-14,Bou Chemma,33.882,10.098,5,respiratoire,0.346,0.629,3.721,10.987,0.583,14.3,69.5,63.7,23.8,1,Vigilance
2024-09-14,Chatt,33.876,10.105,3,digestif,0.346,0.629,3.721,10.987,0.583,14.3,69.5,63.7,23.8,0,Normal
2024-09-14,Metouia,33.971,10.001,0,oculaire,0.346,0.629,3.721,10.987,0.583,14.3,69.5,63.7,23.8,0,Normal
2024-09-14,Chenini,33.899,10.044,1,respiratoire,0.346,0.629,3.721,10.987,0.583,14.3,69.5,63.7,23.8,0,Normal
2024-09-14,El Akarit,33.849,10.143,4,oculaire,0.346,0.629,3.721,10.987,0.583,14.3,69.5,63.7,23.8,0,Normal
2024-09-14,Oudhref,33.83,10.087,2,respiratoire,0.346,0.629,3.721,10.987,0.583,14.3,69.5,63.7,23.8,0,Normal
2024-09-14,Bab Bhar,33.891,10.118,2,oculaire,0.346,0.629,3.721,10.987,0.583,14.3,69.5,63.7,23.8,0,Normal
2024-09-14,Jara,33.905,10.071,1,oculaire,0.346,0.629,3.721,10.987,0.583,14.3,69.5,63.7,23.8,0,Normal
2024-09-15,Bou Chemma,33.882,10.098,2,oculaire,0.321,0.646,3.608,9.95,0.833,11.8,85.1,48.5,23.1,0,Normal
2024-09-15,Chatt,33.876,10.105,1,respiratoire,0.321,0.646,3.608,9.95,0.833,11.8,85.1,48.5,23.1,0,Normal
2024-09-15,Metouia,33.971,10.001,1,digestif,0.321,0.646,3.608,9.95,0.833,11.8,85.1,48.5,23.1,0,Normal
2024-09-15,Chenini,33.899,10.044,1,oculaire,0.321,0.646,3.608,9.95,0.833,11.8,85.1,48.5,23.1,0,Normal
2024-09-15,El Akarit,33.849,10.143,4,respiratoire,0.321,0.646,3.608,9.95,0.833,11.8,85.1,48.5,23.1,0,Normal
2024-09-15,Oudhref,33.83,10.087,0,respiratoire,0.321,0.646,3.608,9.95,0.833,11.8,85.1,48.5,23.1,0,Normal
2024-09-15,Bab Bhar,33.891,10.118,0,digestif,0.321,0.646,3.608,9.95,0.833,11.8,85.1,48.5,23.1,0,Normal
2024-09-15,Jara,33.905,10.071,1,respiratoire,0.321,0.646,3.608,9.95,0.833,11.8,85.1,48.5,23.1,0,Normal
2024-09-16,Bou Chemma,33.882,10.098,0,respiratoire,0.325,0.754,3.913,9.812,0.917,12.55,118.9,54.1,24.0,0,Normal
2024-09-16,Chatt,33.876,10.105,3,respiratoire,0.325,0.754,3.913,9.812,0.917,12.55,118.9,54.1,24.0,0,Normal
2024-09-16,Metouia,33.971,10.001,0,respiratoire,0.325,0.754,3.913,9.812,0.917,12.55,118.9,54.1,24.0,0,Normal
2024-09-16,Chenini,33.899,10.044,1,dermatologique,0.325,0.754,3.913,9.812,0.917,12.55,118.9,54.1,24.0,0,Normal
2024-09-16,El Akarit,33.849,10.143,3,respiratoire,0.325,0.754,3.913,9.812,0.917,12.55,118.9,54.1,24.0,0,Normal
2024-09-16,Oudhref,33.83,10.087,1,oculaire,0.325,0.754,3.913,9.812,0.917,12.55,118.9,54.1,24.0,0,Normal
2024-09-16,Bab Bhar,33.891,10.118,0,respiratoire,0.325,0.754,3.913,9.812,0.917,12.55,118.9,54.1,24.0,0,Normal
2024-09-16,Jara,33.905,10.071,0,dermatologique,0.325,0.754,3.913,9.812,0.917,12.55,118.9,54.1,24.0,0,Normal
2024-09-17,Bou Chemma,33.882,10.098,9,respiratoire,2.471,1.15,9.433,15.346,1.958,9.53,166.3,57.8,24.5,3,Urgence
2024-09-17,Chatt,33.876,10.105,11,respiratoire,2.471,1.15,9.433,15.346,1.958,9.53,166.3,57.8,24.5,3,Urgence
2024-09-17,Metouia,33.971,10.001,7,respiratoire,2.471,1.15,9.433,15.346,1.958,9.53,166.3,57.8,24.5,3,Urgence
2024-09-17,Chenini,33.899,10.044,3,respiratoire,2.471,1.15,9.433,15.346,1.958,9.53,166.3,57.8,24.5,3,Urgence
2024-09-17,El Akarit,33.849,10.143,10,digestif,2.471,1.15,9.433,15.346,1.958,9.53,166.3,57.8,24.5,3,Urgence
2024-09-17,Oudhref,33.83,10.087,5,digestif,2.471,1.15,9.433,15.346,1.958,9.53,166.3,57.8,24.5,3,Urgence
2024-09-17,Bab Bhar,33.891,10.118,3,respiratoire,2.471,1.15,9.433,15.346,1.958,9.53,166.3,57.8,24.5,3,Urgence
2024-09-17,Jara,33.905,10.071,9,respiratoire,2.471,1.15,9.433,15.346,1.958,9.53,166.3,57.8,24.5,3,Urgence
2024-09-18,Bou Chemma,33.882,10.098,10,respiratoire,0.554,0.746,8.546,18.929,8.0,11.3,135.0,79.1,24.9,2,Critique
2024-09-18,Chatt,33.876,10.105,4,digestif,0.554,0.746,8.546,18.929,8.0,11.3,135.0,79.1,24.9,1,Vigilance
2024-09-18,Metouia,33.971,10.001,3,oculaire,0.554,0.746,8.546,18.929,8.0,11.3,135.0,79.1,24.9,1,Vigilance
2024-09-18,Chenini,33.899,10.044,3,dermatologique,0.554,0.746,8.546,18.929,8.0,11.3,135.0,79.1,24.9,1,Vigilance
2024-09-18,El Akarit,33.849,10.143,7,respiratoire,0.554,0.746,8.546,18.929,8.0,11.3,135.0,79.1,24.9,2,Critique
2024-09-18,Oudhref,33.83,10.087,4,oculaire,0.554,0.746,8.546,18.929,8.0,11.3,135.0,79.1,24.9,1,Vigilance
2024-09-18,Bab Bhar,33.891,10.118,3,oculaire,0.554,0.746,8.546,18.929,8.0,11.3,135.0,79.1,24.9,1,Vigilance
2024-09-18,Jara,33.905,10.071,4,digestif,0.554,0.746,8.546,18.929,8.0,11.3,135.0,79.1,24.9,1,Vigilance
2024-09-19,Bou Chemma,33.882,10.098,2,oculaire,0.404,0.846,8.721,18.621,10.875,9.96,138.5,82.6,24.4,1,Vigilance
2024-09-19,Chatt,33.876,10.105,3,dermatologique,0.404,0.846,8.721,18.621,10.875,9.96,138.5,82.6,24.4,1,Vigilance
2024-09-19,Metouia,33.971,10.001,6,respiratoire,0.404,0.846,8.721,18.621,10.875,9.96,138.5,82.6,24.4,2,Critique
2024-09-19,Chenini,33.899,10.044,1,respiratoire,0.404,0.846,8.721,18.621,10.875,9.96,138.5,82.6,24.4,1,Vigilance
2024-09-19,El Akarit,33.849,10.143,8,respiratoire,0.404,0.846,8.721,18.621,10.875,9.96,138.5,82.6,24.4,2,Critique
2024-09-19,Oudhref,33.83,10.087,4,digestif,0.404,0.846,8.721,18.621,10.875,9.96,138.5,82.6,24.4,1,Vigilance
2024-09-19,Bab Bhar,33.891,10.118,4,dermatologique,0.404,0.846,8.721,18.621,10.875,9.96,138.5,82.6,24.4,1,Vigilance
2024-09-19,Jara,33.905,10.071,5,respiratoire,0.404,0.846,8.721,18.621,10.875,9.96,138.5,82.6,24.4,1,Vigilance
2024-09-20,Bou Chemma,33.882,10.098,6,oculaire,0.504,1.238,12.65,19.021,10.25,9.47,164.4,77.8,23.3,2,Critique
2024-09-20,Chatt,33.876,10.105,9,oculaire,0.504,1.238,12.65,19.021,10.25,9.47,164.4,77.8,23.3,2,Critique
2024-09-20,Metouia,33.971,10.001,5,respiratoire,0.504,1.238,12.65,19.021,10.25,9.47,164.4,77.8,23.3,2,Critique
2024-09-20,Chenini,33.899,10.044,3,respiratoire,0.504,1.238,12.65,19.021,10.25,9.47,164.4,77.8,23.3,2,Critique
2024-09-20,El Akarit,33.849,10.143,12,respiratoire,0.504,1.238,12.65,19.021,10.25,9.47,164.4,77.8,23.3,3,Urgence
2024-09-20,Oudhref,33.83,10.087,4,digestif,0.504,1.238,12.65,19.021,10.25,9.47,164.4,77.8,23.3,2,Critique
2024-09-20,Bab Bhar,33.891,10.118,5,respiratoire,0.504,1.238,12.65,19.021,10.25,9.47,164.4,77.8,23.3,2,Critique
2024-09-20,Jara,33.905,10.071,3,oculaire,0.504,1.238,12.65,19.021,10.25,9.47,164.4,77.8,23.3,2,Critique
2024-09-21,Bou Chemma,33.882,10.098,6,oculaire,0.271,1.012,6.358,11.55,3.375,8.14,142.5,79.2,24.9,1,Vigilance
2024-09-21,Chatt,33.876,10.105,4,respiratoire,0.271,1.012,6.358,11.55,3.375,8.14,142.5,79.2,24.9,1,Vigilance
2024-09-21,Metouia,33.971,10.001,3,oculaire,0.271,1.012,6.358,11.55,3.375,8.14,142.5,79.2,24.9,0,Normal
2024-09-21,Chenini,33.899,10.044,3,digestif,0.271,1.012,6.358,11.55,3.375,8.14,142.5,79.2,24.9,0,Normal
2024-09-21,El Akarit,33.849,10.143,2,digestif,0.271,1.012,6.358,11.55,3.375,8.14,142.5,79.2,24.9,0,Normal
2024-09-21,Oudhref,33.83,10.087,2,dermatologique,0.271,1.012,6.358,11.55,3.375,8.14,142.5,79.2,24.9,0,Normal
2024-09-21,Bab Bhar,33.891,10.118,1,digestif,0.271,1.012,6.358,11.55,3.375,8.14,142.5,79.2,24.9,0,Normal
2024-09-21,Jara,33.905,10.071,1,respiratoire,0.271,1.012,6.358,11.55,3.375,8.14,142.5,79.2,24.9,0,Normal
2024-09-22,Bou Chemma,33.882,10.098,8,respiratoire,0.425,1.104,11.371,16.338,11.583,10.39,143.2,80.1,26.3,2,Critique
2024-09-22,Chatt,33.876,10.105,8,dermatologique,0.425,1.104,11.371,16.338,11.583,10.39,143.2,80.1,26.3,2,Critique
2024-09-22,Metouia,33.971,10.001,4,oculaire,0.425,1.104,11.371,16.338,11.583,10.39,143.2,80.1,26.3,2,Critique
2024-09-22,Chenini,33.899,10.044,5,respiratoire,0.425,1.104,11.371,16.338,11.583,10.39,143.2,80.1,26.3,2,Critique
2024-09-22,El Akarit,33.849,10.143,8,oculaire,0.425,1.104,11.371,16.338,11.583,10.39,143.2,80.1,26.3,2,Critique
2024-09-22,Oudhref,33.83,10.087,4,oculaire,0.425,1.104,11.371,16.338,11.583,10.39,143.2,80.1,26.3,2,Critique
2024-09-22,Bab Bhar,33.891,10.118,3,oculaire,0.425,1.104,11.371,16.338,11.583,10.39,143.2,80.1,26.3,1,Vigilance
2024-09-22,Jara,33.905,10.071,1,oculaire,0.425,1.104,11.371,16.338,11.583,10.39,143.2,80.1,26.3,1,Vigilance
2024-09-23,Bou Chemma,33.882,10.098,3,oculaire,0.342,0.996,11.796,16.412,12.667,12.78,187.5,78.7,24.8,0,Normal
2024-09-23,Chatt,33.876,10.105,3,respiratoire,0.342,0.996,11.796,16.412,12.667,12.78,187.5,78.7,24.8,0,Normal
2024-09-23,Metouia,33.971,10.001,2,dermatologique,0.342,0.996,11.796,16.412,12.667,12.78,187.5,78.7,24.8,0,Normal
2024-09-23,Chenini,33.899,10.044,1,respiratoire,0.342,0.996,11.796,16.412,12.667,12.78,187.5,78.7,24.8,0,Normal
2024-09-23,El Akarit,33.849,10.143,4,oculaire,0.342,0.996,11.796,16.412,12.667,12.78,187.5,78.7,24.8,1,Vigilance
2024-09-23,Oudhref,33.83,10.087,5,respiratoire,0.342,0.996,11.796,16.412,12.667,12.78,187.5,78.7,24.8,1,Vigilance
2024-09-23,Bab Bhar,33.891,10.118,2,respiratoire,0.342,0.996,11.796,16.412,12.667,12.78,187.5,78.7,24.8,0,Normal
2024-09-23,Jara,33.905,10.071,3,respiratoire,0.342,0.996,11.796,16.412,12.667,12.78,187.5,78.7,24.8,0,Normal
2024-09-24,Bou Chemma,33.882,10.098,3,oculaire,0.208,0.717,5.067,8.429,3.167,7.84,148.9,76.8,24.4,0,Normal
2024-09-24,Chatt,33.876,10.105,6,respiratoire,0.208,0.717,5.067,8.429,3.167,7.84,148.9,76.8,24.4,1,Vigilance
2024-09-24,Metouia,33.971,10.001,1,respiratoire,0.208,0.717,5.067,8.429,3.167,7.84,148.9,76.8,24.4,0,Normal
2024-09-24,Chenini,33.899,10.044,0,respiratoire,0.208,0.717,5.067,8.429,3.167,7.84,148.9,76.8,24.4,0,Normal
2024-09-24,El Akarit,33.849,10.143,3,oculaire,0.208,0.717,5.067,8.429,3.167,7.84,148.9,76.8,24.4,0,Normal
2024-09-24,Oudhref,33.83,10.087,1,oculaire,0.208,0.717,5.067,8.429,3.167,7.84,148.9,76.8,24.4,0,Normal
2024-09-24,Bab Bhar,33.891,10.118,0,respiratoire,0.208,0.717,5.067,8.429,3.167,7.84,148.9,76.8,24.4,0,Normal
2024-09-24,Jara,33.905,10.071,0,respiratoire,0.208,0.717,5.067,8.429,3.167,7.84,148.9,76.8,24.4,0,Normal
2024-09-25,Bou Chemma,33.882,10.098,4,respiratoire,0.462,1.558,9.583,12.646,8.583,9.57,184.9,69.0,25.1,1,Vigilance
2024-09-25,Chatt,33.876,10.105,4,respiratoire,0.462,1.558,9.583,12.646,8.583,9.57,184.9,69.0,25.1,1,Vigilance
2024-09-25,Metouia,33.971,10.001,0,respiratoire,0.462,1.558,9.583,12.646,8.583,9.57,184.9,69.0,25.1,0,Normal
2024-09-25,Chenini,33.899,10.044,1,respiratoire,0.462,1.558,9.583,12.646,8.583,9.57,184.9,69.0,25.1,0,Normal
2024-09-25,El Akarit,33.849,10.143,2,respiratoire,0.462,1.558,9.583,12.646,8.583,9.57,184.9,69.0,25.1,0,Normal
2024-09-25,Oudhref,33.83,10.087,1,respiratoire,0.462,1.558,9.583,12.646,8.583,9.57,184.9,69.0,25.1,0,Normal
2024-09-25,Bab Bhar,33.891,10.118,1,dermatologique,0.462,1.558,9.583,12.646,8.583,9.57,184.9,69.0,25.1,0,Normal
2024-09-25,Jara,33.905,10.071,1,oculaire,0.462,1.558,9.583,12.646,8.583,9.57,184.9,69.0,25.1,0,Normal
2024-09-26,Bou Chemma,33.882,10.098,6,respiratoire,0.975,1.771,10.238,14.421,7.375,8.72,154.0,56.8,27.3,2,Critique
2024-09-26,Chatt,33.876,10.105,10,respiratoire,0.975,1.771,10.238,14.421,7.375,8.72,154.0,56.8,27.3,3,Urgence
2024-09-26,Metouia,33.971,10.001,3,oculaire,0.975,1.771,10.238,14.421,7.375,8.72,154.0,56.8,27.3,2,Critique
2024-09-26,Chenini,33.899,10.044,4,oculaire,0.975,1.771,10.238,14.421,7.375,8.72,154.0,56.8,27.3,2,Critique
2024-09-26,El Akarit,33.849,10.143,7,dermatologique,0.975,1.771,10.238,14.421,7.375,8.72,154.0,56.8,27.3,2,Critique
2024-09-26,Oudhref,33.83,10.087,4,oculaire,0.975,1.771,10.238,14.421,7.375,8.72,154.0,56.8,27.3,2,Critique
2024-09-26,Bab Bhar,33.891,10.118,2,oculaire,0.975,1.771,10.238,14.421,7.375,8.72,154.0,56.8,27.3,2,Critique
2024-09-26,Jara,33.905,10.071,3,digestif,0.975,1.771,10.238,14.421,7.375,8.72,154.0,56.8,27.3,2,Critique
2024-09-27,Bou Chemma,33.882,10.098,0,respiratoire,0.929,1.596,10.021,15.917,9.708,9.35,192.6,38.0,30.3,1,Vigilance
2024-09-27,Chatt,33.876,10.105,2,respiratoire,0.929,1.596,10.021,15.917,9.708,9.35,192.6,38.0,30.3,1,Vigilance
2024-09-27,Metouia,33.971,10.001,1,respiratoire,0.929,1.596,10.021,15.917,9.708,9.35,192.6,38.0,30.3,1,Vigilance
2024-09-27,Chenini,33.899,10.044,1,respiratoire,0.929,1.596,10.021,15.917,9.708,9.35,192.6,38.0,30.3,1,Vigilance
2024-09-27,El Akarit,33.849,10.143,2,digestif,0.929,1.596,10.021,15.917,9.708,9.35,192.6,38.0,30.3,1,Vigilance
2024-09-27,Oudhref,33.83,10.087,0,digestif,0.929,1.596,10.021,15.917,9.708,9.35,192.6,38.0,30.3,1,Vigilance
2024-09-27,Bab Bhar,33.891,10.118,1,oculaire,0.929,1.596,10.021,15.917,9.708,9.35,192.6,38.0,30.3,1,Vigilance
2024-09-27,Jara,33.905,10.071,1,dermatologique,0.929,1.596,10.021,15.917,9.708,9.35,192.6,38.0,30.3,1,Vigilance
2024-09-28,Bou Chemma,33.882,10.098,12,oculaire,1.521,1.271,12.433,20.917,6.083,17.38,126.3,65.8,27.1,3,Urgence
2024-09-28,Chatt,33.876,10.105,6,respiratoire,1.521,1.271,12.433,20.917,6.083,17.38,126.3,65.8,27.1,3,Urgence
2024-09-28,Metouia,33.971,10.001,4,oculaire,1.521,1.271,12.433,20.917,6.083,17.38,126.3,65.8,27.1,3,Urgence
2024-09-28,Chenini,33.899,10.044,2,respiratoire,1.521,1.271,12.433,20.917,6.083,17.38,126.3,65.8,27.1,3,Urgence
2024-09-28,El Akarit,33.849,10.143,11,respiratoire,1.521,1.271,12.433,20.917,6.083,17.38,126.3,65.8,27.1,3,Urgence
2024-09-28,Oudhref,33.83,10.087,5,respiratoire,1.521,1.271,12.433,20.917,6.083,17.38,126.3,65.8,27.1,3,Urgence
2024-09-28,Bab Bhar,33.891,10.118,5,respiratoire,1.521,1.271,12.433,20.917,6.083,17.38,126.3,65.8,27.1,3,Urgence
2024-09-28,Jara,33.905,10.071,4,respiratoire,1.521,1.271,12.433,20.917,6.083,17.38,126.3,65.8,27.1,3,Urgence
2024-09-29,Bou Chemma,33.882,10.098,4,oculaire,0.454,0.7,3.833,11.558,0.375,19.87,57.7,55.2,24.2,1,Vigilance
2024-09-29,Chatt,33.876,10.105,4,respiratoire,0.454,0.7,3.833,11.558,0.375,19.87,57.7,55.2,24.2,1,Vigilance
2024-09-29,Metouia,33.971,10.001,5,respiratoire,0.454,0.7,3.833,11.558,0.375,19.87,57.7,55.2,24.2,1,Vigilance
2024-09-29,Chenini,33.899,10.044,1,respiratoire,0.454,0.7,3.833,11.558,0.375,19.87,57.7,55.2,24.2,0,Normal
2024-09-29,El Akarit,33.849,10.143,2,respiratoire,0.454,0.7,3.833,11.558,0.375,19.87,57.7,55.2,24.2,0,Normal
2024-09-29,Oudhref,33.83,10.087,1,respiratoire,0.454,0.7,3.833,11.558,0.375,19.87,57.7,55.2,24.2,0,Normal
2024-09-29,Bab Bhar,33.891,10.118,3,oculaire,0.454,0.7,3.833,11.558,0.375,19.87,57.7,55.2,24.2,0,Normal
2024-09-29,Jara,33.905,10.071,1,oculaire,0.454,0.7,3.833,11.558,0.375,19.87,57.7,55.2,24.2,0,Normal
2024-09-30,Bou Chemma,33.882,10.098,3,digestif,0.325,0.629,3.254,9.467,0.417,10.05,113.5,64.5,24.3,0,Normal
2024-09-30,Chatt,33.876,10.105,4,respiratoire,0.325,0.629,3.254,9.467,0.417,10.05,113.5,64.5,24.3,0,Normal
2024-09-30,Metouia,33.971,10.001,0,respiratoire,0.325,0.629,3.254,9.467,0.417,10.05,113.5,64.5,24.3,0,Normal
2024-09-30,Chenini,33.899,10.044,3,respiratoire,0.325,0.629,3.254,9.467,0.417,10.05,113.5,64.5,24.3,0,Normal
2024-09-30,El Akarit,33.849,10.143,2,digestif,0.325,0.629,3.254,9.467,0.417,10.05,113.5,64.5,24.3,0,Normal
2024-09-30,Oudhref,33.83,10.087,2,respiratoire,0.325,0.629,3.254,9.467,0.417,10.05,113.5,64.5,24.3,0,Normal
2024-09-30,Bab Bhar,33.891,10.118,1,respiratoire,0.325,0.629,3.254,9.467,0.417,10.05,113.5,64.5,24.3,0,Normal
2024-09-30,Jara,33.905,10.071,3,oculaire,0.325,0.629,3.254,9.467,0.417,10.05,113.5,64.5,24.3,0,Normal
2024-10-01,Bou Chemma,33.882,10.098,6,respiratoire,0.517,0.767,3.996,8.362,1.0,9.12,137.7,53.4,26.0,1,Vigilance
2024-10-01,Chatt,33.876,10.105,4,respiratoire,0.517,0.767,3.996,8.362,1.0,9.12,137.7,53.4,26.0,1,Vigilance
2024-10-01,Metouia,33.971,10.001,2,respiratoire,0.517,0.767,3.996,8.362,1.0,9.12,137.7,53.4,26.0,0,Normal
2024-10-01,Chenini,33.899,10.044,1,dermatologique,0.517,0.767,3.996,8.362,1.0,9.12,137.7,53.4,26.0,0,Normal
2024-10-01,El Akarit,33.849,10.143,5,respiratoire,0.517,0.767,3.996,8.362,1.0,9.12,137.7,53.4,26.0,1,Vigilance
2024-10-01,Oudhref,33.83,10.087,3,respiratoire,0.517,0.767,3.996,8.362,1.0,9.12,137.7,53.4,26.0,1,Vigilance
2024-10-01,Bab Bhar,33.891,10.118,0,respiratoire,0.517,0.767,3.996,8.362,1.0,9.12,137.7,53.4,26.0,0,Normal
2024-10-01,Jara,33.905,10.071,0,respiratoire,0.517,0.767,3.996,8.362,1.0,9.12,137.7,53.4,26.0,0,Normal
2024-10-02,Bou Chemma,33.882,10.098,2,respiratoire,0.533,1.0,8.429,21.454,13.917,14.45,226.9,34.3,29.8,0,Normal
2024-10-02,Chatt,33.876,10.105,1,respiratoire,0.533,1.0,8.429,21.454,13.917,14.45,226.9,34.3,29.8,0,Normal
2024-10-02,Metouia,33.971,10.001,1,digestif,0.533,1.0,8.429,21.454,13.917,14.45,226.9,34.3,29.8,0,Normal
2024-10-02,Chenini,33.899,10.044,2,digestif,0.533,1.0,8.429,21.454,13.917,14.45,226.9,34.3,29.8,0,Normal
2024-10-02,El Akarit,33.849,10.143,1,respiratoire,0.533,1.0,8.429,21.454,13.917,14.45,226.9,34.3,29.8,0,Normal
2024-10-02,Oudhref,33.83,10.087,1,dermatologique,0.533,1.0,8.429,21.454,13.917,14.45,226.9,34.3,29.8,0,Normal
2024-10-02,Bab Bhar,33.891,10.118,2,oculaire,0.533,1.0,8.429,21.454,13.917,14.45,226.9,34.3,29.8,0,Normal
2024-10-02,Jara,33.905,10.071,3,oculaire,0.533,1.0,8.429,21.454,13.917,14.45,226.9,34.3,29.8,0,Normal
2024-10-03,Bou Chemma,33.882,10.098,6,oculaire,0.438,0.717,28.729,92.421,80.667,24.01,241.0,24.0,32.3,3,Urgence
2024-10-03,Chatt,33.876,10.105,14,dermatologique,0.438,0.717,28.729,92.421,80.667,24.01,241.0,24.0,32.3,3,Urgence
2024-10-03,Metouia,33.971,10.001,4,oculaire,0.438,0.717,28.729,92.421,80.667,24.01,241.0,24.0,32.3,2,Critique
2024-10-03,Chenini,33.899,10.044,6,oculaire,0.438,0.717,28.729,92.421,80.667,24.01,241.0,24.0,32.3,3,Urgence
2024-10-03,El Akarit,33.849,10.143,8,oculaire,0.438,0.717,28.729,92.421,80.667,24.01,241.0,24.0,32.3,3,Urgence
2024-10-03,Oudhref,33.83,10.087,4,respiratoire,0.438,0.717,28.729,92.421,80.667,24.01,241.0,24.0,32.3,2,Critique
2024-10-03,Bab Bhar,33.891,10.118,2,oculaire,0.438,0.717,28.729,92.421,80.667,24.01,241.0,24.0,32.3,2,Critique
2024-10-03,Jara,33.905,10.071,5,respiratoire,0.438,0.717,28.729,92.421,80.667,24.01,241.0,24.0,32.3,3,Urgence
2024-10-04,Bou Chemma,33.882,10.098,3,respiratoire,0.429,0.963,5.292,14.604,3.625,17.41,78.5,63.7,24.9,1,Vigilance
2024-10-04,Chatt,33.876,10.105,6,digestif,0.429,0.963,5.292,14.604,3.625,17.41,78.5,63.7,24.9,1,Vigilance
2024-10-04,Metouia,33.971,10.001,3,dermatologique,0.429,0.963,5.292,14.604,3.625,17.41,78.5,63.7,24.9,1,Vigilance
2024-10-04,Chenini,33.899,10.044,1,dermatologique,0.429,0.963,5.292,14.604,3.625,17.41,78.5,63.7,24.9,0,Normal
2024-10-04,El Akarit,33.849,10.143,4,oculaire,0.429,0.963,5.292,14.604,3.625,17.41,78.5,63.7,24.9,1,Vigilance
2024-10-04,Oudhref,33.83,10.087,4,oculaire,0.429,0.963,5.292,14.604,3.625,17.41,78.5,63.7,24.9,1,Vigilance
2024-10-04,Bab Bhar,33.891,10.118,1,digestif,0.429,0.963,5.292,14.604,3.625,17.41,78.5,63.7,24.9,0,Normal
2024-10-04,Jara,33.905,10.071,2,respiratoire,0.429,0.963,5.292,14.604,3.625,17.41,78.5,63.7,24.9,0,Normal
2024-10-05,Bou Chemma,33.882,10.098,2,oculaire,0.233,0.617,4.904,13.267,4.333,10.4,98.1,73.4,24.3,0,Normal
2024-10-05,Chatt,33.876,10.105,5,respiratoire,0.233,0.617,4.904,13.267,4.333,10.4,98.1,73.4,24.3,1,Vigilance
2024-10-05,Metouia,33.971,10.001,2,dermatologique,0.233,0.617,4.904,13.267,4.333,10.4,98.1,73.4,24.3,0,Normal
2024-10-05,Chenini,33.899,10.044,2,oculaire,0.233,0.617,4.904,13.267,4.333,10.4,98.1,73.4,24.3,0,Normal
2024-10-05,El Akarit,33.849,10.143,5,dermatologique,0.233,0.617,4.904,13.267,4.333,10.4,98.1,73.4,24.3,1,Vigilance
2024-10-05,Oudhref,33.83,10.087,2,respiratoire,0.233,0.617,4.904,13.267,4.333,10.4,98.1,73.4,24.3,0,Normal
2024-10-05,Bab Bhar,33.891,10.118,4,oculaire,0.233,0.617,4.904,13.267,4.333,10.4,98.1,73.4,24.3,0,Normal
2024-10-05,Jara,33.905,10.071,2,respiratoire,0.233,0.617,4.904,13.267,4.333,10.4,98.1,73.4,24.3,0,Normal
2024-10-06,Bou Chemma,33.882,10.098,2,respiratoire,0.246,0.567,5.013,9.933,4.417,10.35,93.6,72.1,24.4,0,Normal
2024-10-06,Chatt,33.876,10.105,2,respiratoire,0.246,0.567,5.013,9.933,4.417,10.35,93.6,72.1,24.4,0,Normal
2024-10-06,Metouia,33.971,10.001,1,oculaire,0.246,0.567,5.013,9.933,4.417,10.35,93.6,72.1,24.4,0,Normal
2024-10-06,Chenini,33.899,10.044,1,respiratoire,0.246,0.567,5.013,9.933,4.417,10.35,93.6,72.1,24.4,0,Normal
2024-10-06,El Akarit,33.849,10.143,5,oculaire,0.246,0.567,5.013,9.933,4.417,10.35,93.6,72.1,24.4,1,Vigilance
2024-10-06,Oudhref,33.83,10.087,1,oculaire,0.246,0.567,5.013,9.933,4.417,10.35,93.6,72.1,24.4,0,Normal
2024-10-06,Bab Bhar,33.891,10.118,2,respiratoire,0.246,0.567,5.013,9.933,4.417,10.35,93.6,72.1,24.4,0,Normal
2024-10-06,Jara,33.905,10.071,3,digestif,0.246,0.567,5.013,9.933,4.417,10.35,93.6,72.1,24.4,0,Normal
2024-10-07,Bou Chemma,33.882,10.098,18,oculaire,1.7,1.012,9.846,15.554,3.833,12.53,140.1,63.5,25.7,3,Urgence
2024-10-07,Chatt,33.876,10.105,11,respiratoire,1.7,1.012,9.846,15.554,3.833,12.53,140.1,63.5,25.7,3,Urgence
2024-10-07,Metouia,33.971,10.001,4,respiratoire,1.7,1.012,9.846,15.554,3.833,12.53,140.1,63.5,25.7,3,Urgence
2024-10-07,Chenini,33.899,10.044,6,respiratoire,1.7,1.012,9.846,15.554,3.833,12.53,140.1,63.5,25.7,3,Urgence
2024-10-07,El Akarit,33.849,10.143,15,respiratoire,1.7,1.012,9.846,15.554,3.833,12.53,140.1,63.5,25.7,3,Urgence
2024-10-07,Oudhref,33.83,10.087,4,respiratoire,1.7,1.012,9.846,15.554,3.833,12.53,140.1,63.5,25.7,3,Urgence
2024-10-07,Bab Bhar,33.891,10.118,5,respiratoire,1.7,1.012,9.846,15.554,3.833,12.53,140.1,63.5,25.7,3,Urgence
2024-10-07,Jara,33.905,10.071,1,oculaire,1.7,1.012,9.846,15.554,3.833,12.53,140.1,63.5,25.7,2,Critique
2024-10-08,Bou Chemma,33.882,10.098,31,digestif,3.317,1.354,24.025,79.042,58.875,12.98,158.8,48.2,28.3,3,Urgence
2024-10-08,Chatt,33.876,10.105,35,respiratoire,3.317,1.354,24.025,79.042,58.875,12.98,158.8,48.2,28.3,3,Urgence
2024-10-08,Metouia,33.971,10.001,23,respiratoire,3.317,1.354,24.025,79.042,58.875,12.98,158.8,48.2,28.3,3,Urgence
2024-10-08,Chenini,33.899,10.044,14,oculaire,3.317,1.354,24.025,79.042,58.875,12.98,158.8,48.2,28.3,3,Urgence
2024-10-08,El Akarit,33.849,10.143,30,respiratoire,3.317,1.354,24.025,79.042,58.875,12.98,158.8,48.2,28.3,3,Urgence
2024-10-08,Oudhref,33.83,10.087,10,respiratoire,3.317,1.354,24.025,79.042,58.875,12.98,158.8,48.2,28.3,3,Urgence
2024-10-08,Bab Bhar,33.891,10.118,13,dermatologique,3.317,1.354,24.025,79.042,58.875,12.98,158.8,48.2,28.3,3,Urgence
2024-10-08,Jara,33.905,10.071,14,respiratoire,3.317,1.354,24.025,79.042,58.875,12.98,158.8,48.2,28.3,3,Urgence
2024-10-09,Bou Chemma,33.882,10.098,12,respiratoire,0.85,1.379,15.567,36.575,26.083,12.83,116.6,69.4,26.0,3,Urgence
2024-10-09,Chatt,33.876,10.105,14,oculaire,0.85,1.379,15.567,36.575,26.083,12.83,116.6,69.4,26.0,3,Urgence
2024-10-09,Metouia,33.971,10.001,5,respiratoire,0.85,1.379,15.567,36.575,26.083,12.83,116.6,69.4,26.0,2,Critique
2024-10-09,Chenini,33.899,10.044,5,respiratoire,0.85,1.379,15.567,36.575,26.083,12.83,116.6,69.4,26.0,2,Critique
2024-10-09,El Akarit,33.849,10.143,10,digestif,0.85,1.379,15.567,36.575,26.083,12.83,116.6,69.4,26.0,3,Urgence
2024-10-09,Oudhref,33.83,10.087,7,respiratoire,0.85,1.379,15.567,36.575,26.083,12.83,116.6,69.4,26.0,3,Urgence
2024-10-09,Bab Bhar,33.891,10.118,7,respiratoire,0.85,1.379,15.567,36.575,26.083,12.83,116.6,69.4,26.0,3,Urgence
2024-10-09,Jara,33.905,10.071,8,oculaire,0.85,1.379,15.567,36.575,26.083,12.83,116.6,69.4,26.0,3,Urgence
2024-10-10,Bou Chemma,33.882,10.098,8,dermatologique,0.483,1.671,25.708,69.179,64.625,13.47,217.2,43.0,29.0,3,Urgence
2024-10-10,Chatt,33.876,10.105,6,respiratoire,0.483,1.671,25.708,69.179,64.625,13.47,217.2,43.0,29.0,2,Critique
2024-10-10,Metouia,33.971,10.001,3,respiratoire,0.483,1.671,25.708,69.179,64.625,13.47,217.2,43.0,29.0,2,Critique
2024-10-10,Chenini,33.899,10.044,1,oculaire,0.483,1.671,25.708,69.179,64.625,13.47,217.2,43.0,29.0,2,Critique
2024-10-10,El Akarit,33.849,10.143,6,respiratoire,0.483,1.671,25.708,69.179,64.625,13.47,217.2,43.0,29.0,2,Critique
2024-10-10,Oudhref,33.83,10.087,4,respiratoire,0.483,1.671,25.708,69.179,64.625,13.47,217.2,43.0,29.0,2,Critique
2024-10-10,Bab Bhar,33.891,10.118,3,oculaire,0.483,1.671,25.708,69.179,64.625,13.47,217.2,43.0,29.0,2,Critique
2024-10-10,Jara,33.905,10.071,2,oculaire,0.483,1.671,25.708,69.179,64.625,13.47,217.2,43.0,29.0,2,Critique
2024-10-11,Bou Chemma,33.882,10.098,7,oculaire,0.596,0.817,7.217,19.438,4.708,17.65,71.2,69.3,25.2,2,Critique
2024-10-11,Chatt,33.876,10.105,5,respiratoire,0.596,0.817,7.217,19.438,4.708,17.65,71.2,69.3,25.2,2,Critique
2024-10-11,Metouia,33.971,10.001,2,respiratoire,0.596,0.817,7.217,19.438,4.708,17.65,71.2,69.3,25.2,1,Vigilance
2024-10-11,Chenini,33.899,10.044,1,respiratoire,0.596,0.817,7.217,19.438,4.708,17.65,71.2,69.3,25.2,1,Vigilance
2024-10-11,El Akarit,33.849,10.143,8,respiratoire,0.596,0.817,7.217,19.438,4.708,17.65,71.2,69.3,25.2,2,Critique
2024-10-11,Oudhref,33.83,10.087,3,oculaire,0.596,0.817,7.217,19.438,4.708,17.65,71.2,69.3,25.2,1,Vigilance
2024-10-11,Bab Bhar,33.891,10.118,1,oculaire,0.596,0.817,7.217,19.438,4.708,17.65,71.2,69.3,25.2,1,Vigilance
2024-10-11,Jara,33.905,10.071,2,respiratoire,0.596,0.817,7.217,19.438,4.708,17.65,71.2,69.3,25.2,1,Vigilance
2024-10-12,Bou Chemma,33.882,10.098,3,digestif,0.358,0.546,4.154,11.708,2.042,14.59,90.3,68.7,24.8,0,Normal
2024-10-12,Chatt,33.876,10.105,4,oculaire,0.358,0.546,4.154,11.708,2.042,14.59,90.3,68.7,24.8,0,Normal
2024-10-12,Metouia,33.971,10.001,1,respiratoire,0.358,0.546,4.154,11.708,2.042,14.59,90.3,68.7,24.8,0,Normal
2024-10-12,Chenini,33.899,10.044,0,respiratoire,0.358,0.546,4.154,11.708,2.042,14.59,90.3,68.7,24.8,0,Normal
2024-10-12,El Akarit,33.849,10.143,5,respiratoire,0.358,0.546,4.154,11.708,2.042,14.59,90.3,68.7,24.8,1,Vigilance
2024-10-12,Oudhref,33.83,10.087,0,oculaire,0.358,0.546,4.154,11.708,2.042,14.59,90.3,68.7,24.8,0,Normal
2024-10-12,Bab Bhar,33.891,10.118,1,oculaire,0.358,0.546,4.154,11.708,2.042,14.59,90.3,68.7,24.8,0,Normal
2024-10-12,Jara,33.905,10.071,2,respiratoire,0.358,0.546,4.154,11.708,2.042,14.59,90.3,68.7,24.8,0,Normal
2024-10-13,Bou Chemma,33.882,10.098,6,respiratoire,0.329,0.667,4.288,10.404,1.792,10.03,120.1,73.6,24.1,1,Vigilance
2024-10-13,Chatt,33.876,10.105,4,respiratoire,0.329,0.667,4.288,10.404,1.792,10.03,120.1,73.6,24.1,0,Normal
2024-10-13,Metouia,33.971,10.001,3,respiratoire,0.329,0.667,4.288,10.404,1.792,10.03,120.1,73.6,24.1,0,Normal
2024-10-13,Chenini,33.899,10.044,2,respiratoire,0.329,0.667,4.288,10.404,1.792,10.03,120.1,73.6,24.1,0,Normal
2024-10-13,El Akarit,33.849,10.143,1,oculaire,0.329,0.667,4.288,10.404,1.792,10.03,120.1,73.6,24.1,0,Normal
2024-10-13,Oudhref,33.83,10.087,3,respiratoire,0.329,0.667,4.288,10.404,1.792,10.03,120.1,73.6,24.1,0,Normal
2024-10-13,Bab Bhar,33.891,10.118,1,respiratoire,0.329,0.667,4.288,10.404,1.792,10.03,120.1,73.6,24.1,0,Normal
2024-10-13,Jara,33.905,10.071,3,digestif,0.329,0.667,4.288,10.404,1.792,10.03,120.1,73.6,24.1,0,Normal
2024-10-14,Bou Chemma,33.882,10.098,2,respiratoire,0.35,0.733,3.9,8.554,1.042,9.91,121.1,76.0,24.0,0,Normal
2024-10-14,Chatt,33.876,10.105,5,oculaire,0.35,0.733,3.9,8.554,1.042,9.91,121.1,76.0,24.0,1,Vigilance
2024-10-14,Metouia,33.971,10.001,1,respiratoire,0.35,0.733,3.9,8.554,1.042,9.91,121.1,76.0,24.0,0,Normal
2024-10-14,Chenini,33.899,10.044,1,respiratoire,0.35,0.733,3.9,8.554,1.042,9.91,121.1,76.0,24.0,0,Normal
2024-10-14,El Akarit,33.849,10.143,2,respiratoire,0.35,0.733,3.9,8.554,1.042,9.91,121.1,76.0,24.0,0,Normal
2024-10-14,Oudhref,33.83,10.087,5,respiratoire,0.35,0.733,3.9,8.554,1.042,9.91,121.1,76.0,24.0,1,Vigilance
2024-10-14,Bab Bhar,33.891,10.118,2,oculaire,0.35,0.733,3.9,8.554,1.042,9.91,121.1,76.0,24.0,0,Normal
2024-10-14,Jara,33.905,10.071,0,respiratoire,0.35,0.733,3.9,8.554,1.042,9.91,121.1,76.0,24.0,0,Normal
2024-10-15,Bou Chemma,33.882,10.098,2,digestif,0.325,0.767,4.683,10.817,1.958,11.81,113.2,81.3,24.2,0,Normal
2024-10-15,Chatt,33.876,10.105,1,respiratoire,0.325,0.767,4.683,10.817,1.958,11.81,113.2,81.3,24.2,0,Normal
2024-10-15,Metouia,33.971,10.001,2,respiratoire,0.325,0.767,4.683,10.817,1.958,11.81,113.2,81.3,24.2,0,Normal
2024-10-15,Chenini,33.899,10.044,2,respiratoire,0.325,0.767,4.683,10.817,1.958,11.81,113.2,81.3,24.2,0,Normal
2024-10-15,El Akarit,33.849,10.143,3,respiratoire,0.325,0.767,4.683,10.817,1.958,11.81,113.2,81.3,24.2,0,Normal
2024-10-15,Oudhref,33.83,10.087,2,dermatologique,0.325,0.767,4.683,10.817,1.958,11.81,113.2,81.3,24.2,0,Normal
2024-10-15,Bab Bhar,33.891,10.118,1,respiratoire,0.325,0.767,4.683,10.817,1.958,11.81,113.2,81.3,24.2,0,Normal
2024-10-15,Jara,33.905,10.071,1,respiratoire,0.325,0.767,4.683,10.817,1.958,11.81,113.2,81.3,24.2,0,Normal
2024-10-16,Bou Chemma,33.882,10.098,12,respiratoire,1.812,1.262,7.112,13.217,2.125,13.89,111.9,72.7,25.0,3,Urgence
2024-10-16,Chatt,33.876,10.105,17,respiratoire,1.812,1.262,7.112,13.217,2.125,13.89,111.9,72.7,25.0,3,Urgence
2024-10-16,Metouia,33.971,10.001,4,respiratoire,1.812,1.262,7.112,13.217,2.125,13.89,111.9,72.7,25.0,3,Urgence
2024-10-16,Chenini,33.899,10.044,4,respiratoire,1.812,1.262,7.112,13.217,2.125,13.89,111.9,72.7,25.0,3,Urgence
2024-10-16,El Akarit,33.849,10.143,12,respiratoire,1.812,1.262,7.112,13.217,2.125,13.89,111.9,72.7,25.0,3,Urgence
2024-10-16,Oudhref,33.83,10.087,2,dermatologique,1.812,1.262,7.112,13.217,2.125,13.89,111.9,72.7,25.0,2,Critique
2024-10-16,Bab Bhar,33.891,10.118,3,respiratoire,1.812,1.262,7.112,13.217,2.125,13.89,111.9,72.7,25.0,3,Urgence
2024-10-16,Jara,33.905,10.071,6,respiratoire,1.812,1.262,7.112,13.217,2.125,13.89,111.9,72.7,25.0,3,Urgence
2024-10-17,Bou Chemma,33.882,10.098,15,respiratoire,1.933,1.629,8.929,19.221,10.125,12.47,94.0,66.0,26.5,3,Urgence
2024-10-17,Chatt,33.876,10.105,8,respiratoire,1.933,1.629,8.929,19.221,10.125,12.47,94.0,66.0,26.5,3,Urgence
2024-10-17,Metouia,33.971,10.001,4,respiratoire,1.933,1.629,8.929,19.221,10.125,12.47,94.0,66.0,26.5,3,Urgence
2024-10-17,Chenini,33.899,10.044,4,dermatologique,1.933,1.629,8.929,19.221,10.125,12.47,94.0,66.0,26.5,3,Urgence
2024-10-17,El Akarit,33.849,10.143,11,respiratoire,1.933,1.629,8.929,19.221,10.125,12.47,94.0,66.0,26.5,3,Urgence
2024-10-17,Oudhref,33.83,10.087,7,respiratoire,1.933,1.629,8.929,19.221,10.125,12.47,94.0,66.0,26.5,3,Urgence
2024-10-17,Bab Bhar,33.891,10.118,4,oculaire,1.933,1.629,8.929,19.221,10.125,12.47,94.0,66.0,26.5,3,Urgence
2024-10-17,Jara,33.905,10.071,5,respiratoire,1.933,1.629,8.929,19.221,10.125,12.47,94.0,66.0,26.5,3,Urgence
2024-10-18,Bou Chemma,33.882,10.098,2,respiratoire,0.842,1.4,7.562,16.804,5.5,19.11,250.4,75.9,24.5,0,Normal
2024-10-18,Chatt,33.876,10.105,2,respiratoire,0.842,1.4,7.562,16.804,5.5,19.11,250.4,75.9,24.5,0,Normal
2024-10-18,Metouia,33.971,10.001,3,digestif,0.842,1.4,7.562,16.804,5.5,19.11,250.4,75.9,24.5,1,Vigilance
2024-10-18,Chenini,33.899,10.044,1,respiratoire,0.842,1.4,7.562,16.804,5.5,19.11,250.4,75.9,24.5,0,Normal
2024-10-18,El Akarit,33.849,10.143,3,oculaire,0.842,1.4,7.562,16.804,5.5,19.11,250.4,75.9,24.5,1,Vigilance
2024-10-18,Oudhref,33.83,10.087,0,respiratoire,0.842,1.4,7.562,16.804,5.5,19.11,250.4,75.9,24.5,0,Normal
2024-10-18,Bab Bhar,33.891,10.118,1,oculaire,0.842,1.4,7.562,16.804,5.5,19.11,250.4,75.9,24.5,0,Normal
2024-10-18,Jara,33.905,10.071,3,oculaire,0.842,1.4,7.562,16.804,5.5,19.11,250.4,75.9,24.5,1,Vigilance
2024-10-19,Bou Chemma,33.882,10.098,0,respiratoire,0.429,1.238,3.525,7.658,1.708,13.5,184.3,52.2,22.4,0,Normal
2024-10-19,Chatt,33.876,10.105,2,respiratoire,0.429,1.238,3.525,7.658,1.708,13.5,184.3,52.2,22.4,0,Normal
2024-10-19,Metouia,33.971,10.001,1,digestif,0.429,1.238,3.525,7.658,1.708,13.5,184.3,52.2,22.4,0,Normal
2024-10-19,Chenini,33.899,10.044,1,respiratoire,0.429,1.238,3.525,7.658,1.708,13.5,184.3,52.2,22.4,0,Normal
2024-10-19,El Akarit,33.849,10.143,0,digestif,0.429,1.238,3.525,7.658,1.708,13.5,184.3,52.2,22.4,0,Normal
2024-10-19,Oudhref,33.83,10.087,1,respiratoire,0.429,1.238,3.525,7.658,1.708,13.5,184.3,52.2,22.4,0,Normal
2024-10-19,Bab Bhar,33.891,10.118,1,oculaire,0.429,1.238,3.525,7.658,1.708,13.5,184.3,52.2,22.4,0,Normal
2024-10-19,Jara,33.905,10.071,0,digestif,0.429,1.238,3.525,7.658,1.708,13.5,184.3,52.2,22.4,0,Normal
2024-10-20,Bou Chemma,33.882,10.098,1,digestif,0.342,1.075,2.075,5.492,0.0,9.7,208.9,51.7,20.7,0,Normal
2024-10-20,Chatt,33.876,10.105,0,respiratoire,0.342,1.075,2.075,5.492,0.0,9.7,208.9,51.7,20.7,0,Normal
2024-10-20,Metouia,33.971,10.001,0,oculaire,0.342,1.075,2.075,5.492,0.0,9.7,208.9,51.7,20.7,0,Normal
2024-10-20,Chenini,33.899,10.044,1,oculaire,0.342,1.075,2.075,5.492,0.0,9.7,208.9,51.7,20.7,0,Normal
2024-10-20,El Akarit,33.849,10.143,0,respiratoire,0.342,1.075,2.075,5.492,0.0,9.7,208.9,51.7,20.7,0,Normal
2024-10-20,Oudhref,33.83,10.087,0,digestif,0.342,1.075,2.075,5.492,0.0,9.7,208.9,51.7,20.7,0,Normal
2024-10-20,Bab Bhar,33.891,10.118,1,digestif,0.342,1.075,2.075,5.492,0.0,9.7,208.9,51.7,20.7,0,Normal
2024-10-20,Jara,33.905,10.071,0,respiratoire,0.342,1.075,2.075,5.492,0.0,9.7,208.9,51.7,20.7,0,Normal
2024-10-21,Bou Chemma,33.882,10.098,5,respiratoire,0.642,1.196,3.558,6.821,1.167,9.94,129.3,79.1,19.0,1,Vigilance
2024-10-21,Chatt,33.876,10.105,7,respiratoire,0.642,1.196,3.558,6.821,1.167,9.94,129.3,79.1,19.0,2,Critique
2024-10-21,Metouia,33.971,10.001,3,oculaire,0.642,1.196,3.558,6.821,1.167,9.94,129.3,79.1,19.0,1,Vigilance
2024-10-21,Chenini,33.899,10.044,1,respiratoire,0.642,1.196,3.558,6.821,1.167,9.94,129.3,79.1,19.0,0,Normal
2024-10-21,El Akarit,33.849,10.143,5,oculaire,0.642,1.196,3.558,6.821,1.167,9.94,129.3,79.1,19.0,1,Vigilance
2024-10-21,Oudhref,33.83,10.087,4,digestif,0.642,1.196,3.558,6.821,1.167,9.94,129.3,79.1,19.0,1,Vigilance
2024-10-21,Bab Bhar,33.891,10.118,2,oculaire,0.642,1.196,3.558,6.821,1.167,9.94,129.3,79.1,19.0,0,Normal
2024-10-21,Jara,33.905,10.071,4,respiratoire,0.642,1.196,3.558,6.821,1.167,9.94,129.3,79.1,19.0,1,Vigilance
2024-10-22,Bou Chemma,33.882,10.098,14,oculaire,0.642,0.833,9.692,29.458,20.792,17.2,78.8,88.0,20.8,3,Urgence
2024-10-22,Chatt,33.876,10.105,15,digestif,0.642,0.833,9.692,29.458,20.792,17.2,78.8,88.0,20.8,3,Urgence
2024-10-22,Metouia,33.971,10.001,6,respiratoire,0.642,0.833,9.692,29.458,20.792,17.2,78.8,88.0,20.8,2,Critique
2024-10-22,Chenini,33.899,10.044,6,dermatologique,0.642,0.833,9.692,29.458,20.792,17.2,78.8,88.0,20.8,2,Critique
2024-10-22,El Akarit,33.849,10.143,7,respiratoire,0.642,0.833,9.692,29.458,20.792,17.2,78.8,88.0,20.8,2,Critique
2024-10-22,Oudhref,33.83,10.087,6,respiratoire,0.642,0.833,9.692,29.458,20.792,17.2,78.8,88.0,20.8,2,Critique
2024-10-22,Bab Bhar,33.891,10.118,3,oculaire,0.642,0.833,9.692,29.458,20.792,17.2,78.8,88.0,20.8,2,Critique
2024-10-22,Jara,33.905,10.071,6,digestif,0.642,0.833,9.692,29.458,20.792,17.2,78.8,88.0,20.8,2,Critique
2024-10-23,Bou Chemma,33.882,10.098,6,respiratoire,1.738,1.125,11.862,25.688,11.167,18.4,104.7,83.9,23.2,3,Urgence
2024-10-23,Chatt,33.876,10.105,16,oculaire,1.738,1.125,11.862,25.688,11.167,18.4,104.7,83.9,23.2,3,Urgence
2024-10-23,Metouia,33.971,10.001,7,respiratoire,1.738,1.125,11.862,25.688,11.167,18.4,104.7,83.9,23.2,3,Urgence
2024-10-23,Chenini,33.899,10.044,6,respiratoire,1.738,1.125,11.862,25.688,11.167,18.4,104.7,83.9,23.2,3,Urgence
2024-10-23,El Akarit,33.849,10.143,11,oculaire,1.738,1.125,11.862,25.688,11.167,18.4,104.7,83.9,23.2,3,Urgence
2024-10-23,Oudhref,33.83,10.087,1,respiratoire,1.738,1.125,11.862,25.688,11.167,18.4,104.7,83.9,23.2,3,Urgence
2024-10-23,Bab Bhar,33.891,10.118,6,respiratoire,1.738,1.125,11.862,25.688,11.167,18.4,104.7,83.9,23.2,3,Urgence
2024-10-23,Jara,33.905,10.071,5,respiratoire,1.738,1.125,11.862,25.688,11.167,18.4,104.7,83.9,23.2,3,Urgence
2024-10-24,Bou Chemma,33.882,10.098,9,respiratoire,2.796,1.375,11.267,21.433,4.625,21.9,106.4,80.2,23.1,3,Urgence
2024-10-24,Chatt,33.876,10.105,11,respiratoire,2.796,1.375,11.267,21.433,4.625,21.9,106.4,80.2,23.1,3,Urgence
2024-10-24,Metouia,33.971,10.001,8,respiratoire,2.796,1.375,11.267,21.433,4.625,21.9,106.4,80.2,23.1,3,Urgence
2024-10-24,Chenini,33.899,10.044,4,respiratoire,2.796,1.375,11.267,21.433,4.625,21.9,106.4,80.2,23.1,3,Urgence
2024-10-24,El Akarit,33.849,10.143,9,oculaire,2.796,1.375,11.267,21.433,4.625,21.9,106.4,80.2,23.1,3,Urgence
2024-10-24,Oudhref,33.83,10.087,10,oculaire,2.796,1.375,11.267,21.433,4.625,21.9,106.4,80.2,23.1,3,Urgence
2024-10-24,Bab Bhar,33.891,10.118,8,dermatologique,2.796,1.375,11.267,21.433,4.625,21.9,106.4,80.2,23.1,3,Urgence
2024-10-24,Jara,33.905,10.071,7,respiratoire,2.796,1.375,11.267,21.433,4.625,21.9,106.4,80.2,23.1,3,Urgence
2024-10-25,Bou Chemma,33.882,10.098,8,oculaire,2.321,1.7,9.371,18.679,6.417,18.18,114.0,76.0,21.9,3,Urgence
2024-10-25,Chatt,33.876,10.105,10,respiratoire,2.321,1.7,9.371,18.679,6.417,18.18,114.0,76.0,21.9,3,Urgence
2024-10-25,Metouia,33.971,10.001,7,digestif,2.321,1.7,9.371,18.679,6.417,18.18,114.0,76.0,21.9,3,Urgence
2024-10-25,Chenini,33.899,10.044,4,respiratoire,2.321,1.7,9.371,18.679,6.417,18.18,114.0,76.0,21.9,3,Urgence
2024-10-25,El Akarit,33.849,10.143,15,respiratoire,2.321,1.7,9.371,18.679,6.417,18.18,114.0,76.0,21.9,3,Urgence
2024-10-25,Oudhref,33.83,10.087,4,respiratoire,2.321,1.7,9.371,18.679,6.417,18.18,114.0,76.0,21.9,3,Urgence
2024-10-25,Bab Bhar,33.891,10.118,8,respiratoire,2.321,1.7,9.371,18.679,6.417,18.18,114.0,76.0,21.9,3,Urgence
2024-10-25,Jara,33.905,10.071,7,respiratoire,2.321,1.7,9.371,18.679,6.417,18.18,114.0,76.0,21.9,3,Urgence
2024-10-26,Bou Chemma,33.882,10.098,15,respiratoire,1.492,1.467,13.442,42.663,35.083,14.4,113.5,73.2,22.0,3,Urgence
2024-10-26,Chatt,33.876,10.105,22,digestif,1.492,1.467,13.442,42.663,35.083,14.4,113.5,73.2,22.0,3,Urgence
2024-10-26,Metouia,33.971,10.001,15,oculaire,1.492,1.467,13.442,42.663,35.083,14.4,113.5,73.2,22.0,3,Urgence
2024-10-26,Chenini,33.899,10.044,5,oculaire,1.492,1.467,13.442,42.663,35.083,14.4,113.5,73.2,22.0,3,Urgence
2024-10-26,El Akarit,33.849,10.143,20,respiratoire,1.492,1.467,13.442,42.663,35.083,14.4,113.5,73.2,22.0,3,Urgence
2024-10-26,Oudhref,33.83,10.087,5,respiratoire,1.492,1.467,13.442,42.663,35.083,14.4,113.5,73.2,22.0,3,Urgence
2024-10-26,Bab Bhar,33.891,10.118,9,respiratoire,1.492,1.467,13.442,42.663,35.083,14.4,113.5,73.2,22.0,3,Urgence
2024-10-26,Jara,33.905,10.071,7,respiratoire,1.492,1.467,13.442,42.663,35.083,14.4,113.5,73.2,22.0,3,Urgence
2024-10-27,Bou Chemma,33.882,10.098,26,oculaire,1.192,1.546,19.4,69.271,61.542,12.81,129.7,68.3,21.7,3,Urgence
2024-10-27,Chatt,33.876,10.105,30,respiratoire,1.192,1.546,19.4,69.271,61.542,12.81,129.7,68.3,21.7,3,Urgence
2024-10-27,Metouia,33.971,10.001,18,respiratoire,1.192,1.546,19.4,69.271,61.542,12.81,129.7,68.3,21.7,3,Urgence
2024-10-27,Chenini,33.899,10.044,11,respiratoire,1.192,1.546,19.4,69.271,61.542,12.81,129.7,68.3,21.7,3,Urgence
2024-10-27,El Akarit,33.849,10.143,29,respiratoire,1.192,1.546,19.4,69.271,61.542,12.81,129.7,68.3,21.7,3,Urgence
2024-10-27,Oudhref,33.83,10.087,11,respiratoire,1.192,1.546,19.4,69.271,61.542,12.81,129.7,68.3,21.7,3,Urgence
2024-10-27,Bab Bhar,33.891,10.118,6,oculaire,1.192,1.546,19.4,69.271,61.542,12.81,129.7,68.3,21.7,3,Urgence
2024-10-27,Jara,33.905,10.071,12,respiratoire,1.192,1.546,19.4,69.271,61.542,12.81,129.7,68.3,21.7,3,Urgence
2024-10-28,Bou Chemma,33.882,10.098,32,respiratoire,1.492,2.375,24.108,88.842,71.167,7.55,127.8,71.5,21.8,3,Urgence
2024-10-28,Chatt,33.876,10.105,39,respiratoire,1.492,2.375,24.108,88.842,71.167,7.55,127.8,71.5,21.8,3,Urgence
2024-10-28,Metouia,33.971,10.001,13,respiratoire,1.492,2.375,24.108,88.842,71.167,7.55,127.8,71.5,21.8,3,Urgence
2024-10-28,Chenini,33.899,10.044,11,respiratoire,1.492,2.375,24.108,88.842,71.167,7.55,127.8,71.5,21.8,3,Urgence
2024-10-28,El Akarit,33.849,10.143,34,oculaire,1.492,2.375,24.108,88.842,71.167,7.55,127.8,71.5,21.8,3,Urgence
2024-10-28,Oudhref,33.83,10.087,20,respiratoire,1.492,2.375,24.108,88.842,71.167,7.55,127.8,71.5,21.8,3,Urgence
2024-10-28,Bab Bhar,33.891,10.118,12,respiratoire,1.492,2.375,24.108,88.842,71.167,7.55,127.8,71.5,21.8,3,Urgence
2024-10-28,Jara,33.905,10.071,17,oculaire,1.492,2.375,24.108,88.842,71.167,7.55,127.8,71.5,21.8,3,Urgence
2024-10-29,Bou Chemma,33.882,10.098,9,respiratoire,1.458,1.446,13.475,40.408,26.75,14.01,80.3,86.9,23.3,3,Urgence
2024-10-29,Chatt,33.876,10.105,23,respiratoire,1.458,1.446,13.475,40.408,26.75,14.01,80.3,86.9,23.3,3,Urgence
2024-10-29,Metouia,33.971,10.001,5,respiratoire,1.458,1.446,13.475,40.408,26.75,14.01,80.3,86.9,23.3,3,Urgence
2024-10-29,Chenini,33.899,10.044,7,oculaire,1.458,1.446,13.475,40.408,26.75,14.01,80.3,86.9,23.3,3,Urgence
2024-10-29,El Akarit,33.849,10.143,12,respiratoire,1.458,1.446,13.475,40.408,26.75,14.01,80.3,86.9,23.3,3,Urgence
2024-10-29,Oudhref,33.83,10.087,6,dermatologique,1.458,1.446,13.475,40.408,26.75,14.01,80.3,86.9,23.3,3,Urgence
2024-10-29,Bab Bhar,33.891,10.118,7,respiratoire,1.458,1.446,13.475,40.408,26.75,14.01,80.3,86.9,23.3,3,Urgence
2024-10-29,Jara,33.905,10.071,10,respiratoire,1.458,1.446,13.475,40.408,26.75,14.01,80.3,86.9,23.3,3,Urgence
2024-10-30,Bou Chemma,33.882,10.098,13,oculaire,0.963,0.9,12.838,34.725,20.167,14.61,96.0,85.3,22.9,3,Urgence
2024-10-30,Chatt,33.876,10.105,14,respiratoire,0.963,0.9,12.838,34.725,20.167,14.61,96.0,85.3,22.9,3,Urgence
2024-10-30,Metouia,33.971,10.001,7,respiratoire,0.963,0.9,12.838,34.725,20.167,14.61,96.0,85.3,22.9,3,Urgence
2024-10-30,Chenini,33.899,10.044,3,respiratoire,0.963,0.9,12.838,34.725,20.167,14.61,96.0,85.3,22.9,2,Critique
2024-10-30,El Akarit,33.849,10.143,17,oculaire,0.963,0.9,12.838,34.725,20.167,14.61,96.0,85.3,22.9,3,Urgence
2024-10-30,Oudhref,33.83,10.087,4,respiratoire,0.963,0.9,12.838,34.725,20.167,14.61,96.0,85.3,22.9,2,Critique
2024-10-30,Bab Bhar,33.891,10.118,9,respiratoire,0.963,0.9,12.838,34.725,20.167,14.61,96.0,85.3,22.9,3,Urgence
2024-10-30,Jara,33.905,10.071,7,dermatologique,0.963,0.9,12.838,34.725,20.167,14.61,96.0,85.3,22.9,3,Urgence
2024-10-31,Bou Chemma,33.882,10.098,12,respiratoire,1.333,1.05,12.546,31.883,21.292,15.43,81.8,82.3,22.9,3,Urgence
2024-10-31,Chatt,33.876,10.105,20,respiratoire,1.333,1.05,12.546,31.883,21.292,15.43,81.8,82.3,22.9,3,Urgence
2024-10-31,Metouia,33.971,10.001,9,respiratoire,1.333,1.05,12.546,31.883,21.292,15.43,81.8,82.3,22.9,3,Urgence
2024-10-31,Chenini,33.899,10.044,10,respiratoire,1.333,1.05,12.546,31.883,21.292,15.43,81.8,82.3,22.9,3,Urgence
2024-10-31,El Akarit,33.849,10.143,10,respiratoire,1.333,1.05,12.546,31.883,21.292,15.43,81.8,82.3,22.9,3,Urgence
2024-10-31,Oudhref,33.83,10.087,3,respiratoire,1.333,1.05,12.546,31.883,21.292,15.43,81.8,82.3,22.9,2,Critique
2024-10-31,Bab Bhar,33.891,10.118,4,digestif,1.333,1.05,12.546,31.883,21.292,15.43,81.8,82.3,22.9,3,Urgence
2024-10-31,Jara,33.905,10.071,3,oculaire,1.333,1.05,12.546,31.883,21.292,15.43,81.8,82.3,22.9,2,Critique
2024-11-01,Bou Chemma,33.882,10.098,19,respiratoire,1.9,1.012,14.5,33.354,20.5,19.23,104.2,80.1,22.8,3,Urgence
2024-11-01,Chatt,33.876,10.105,15,oculaire,1.9,1.012,14.5,33.354,20.5,19.23,104.2,80.1,22.8,3,Urgence
2024-11-01,Metouia,33.971,10.001,13,respiratoire,1.9,1.012,14.5,33.354,20.5,19.23,104.2,80.1,22.8,3,Urgence
2024-11-01,Chenini,33.899,10.044,9,respiratoire,1.9,1.012,14.5,33.354,20.5,19.23,104.2,80.1,22.8,3,Urgence
2024-11-01,El Akarit,33.849,10.143,21,respiratoire,1.9,1.012,14.5,33.354,20.5,19.23,104.2,80.1,22.8,3,Urgence
2024-11-01,Oudhref,33.83,10.087,7,respiratoire,1.9,1.012,14.5,33.354,20.5,19.23,104.2,80.1,22.8,3,Urgence
2024-11-01,Bab Bhar,33.891,10.118,5,respiratoire,1.9,1.012,14.5,33.354,20.5,19.23,104.2,80.1,22.8,3,Urgence
2024-11-01,Jara,33.905,10.071,9,oculaire,1.9,1.012,14.5,33.354,20.5,19.23,104.2,80.1,22.8,3,Urgence
2024-11-02,Bou Chemma,33.882,10.098,16,oculaire,2.85,1.504,15.525,31.488,17.708,14.85,109.0,77.3,22.1,3,Urgence
2024-11-02,Chatt,33.876,10.105,22,respiratoire,2.85,1.504,15.525,31.488,17.708,14.85,109.0,77.3,22.1,3,Urgence
2024-11-02,Metouia,33.971,10.001,5,respiratoire,2.85,1.504,15.525,31.488,17.708,14.85,109.0,77.3,22.1,3,Urgence
2024-11-02,Chenini,33.899,10.044,9,respiratoire,2.85,1.504,15.525,31.488,17.708,14.85,109.0,77.3,22.1,3,Urgence
2024-11-02,El Akarit,33.849,10.143,19,respiratoire,2.85,1.504,15.525,31.488,17.708,14.85,109.0,77.3,22.1,3,Urgence
2024-11-02,Oudhref,33.83,10.087,6,respiratoire,2.85,1.504,15.525,31.488,17.708,14.85,109.0,77.3,22.1,3,Urgence
2024-11-02,Bab Bhar,33.891,10.118,9,oculaire,2.85,1.504,15.525,31.488,17.708,14.85,109.0,77.3,22.1,3,Urgence
2024-11-02,Jara,33.905,10.071,7,digestif,2.85,1.504,15.525,31.488,17.708,14.85,109.0,77.3,22.1,3,Urgence
2024-11-03,Bou Chemma,33.882,10.098,1,dermatologique,0.462,0.717,7.921,13.958,3.875,9.29,117.4,78.5,21.2,1,Vigilance
2024-11-03,Chatt,33.876,10.105,4,digestif,0.462,0.717,7.921,13.958,3.875,9.29,117.4,78.5,21.2,1,Vigilance
2024-11-03,Metouia,33.971,10.001,1,respiratoire,0.462,0.717,7.921,13.958,3.875,9.29,117.4,78.5,21.2,1,Vigilance
2024-11-03,Chenini,33.899,10.044,0,respiratoire,0.462,0.717,7.921,13.958,3.875,9.29,117.4,78.5,21.2,0,Normal
2024-11-03,El Akarit,33.849,10.143,6,oculaire,0.462,0.717,7.921,13.958,3.875,9.29,117.4,78.5,21.2,2,Critique
2024-11-03,Oudhref,33.83,10.087,2,oculaire,0.462,0.717,7.921,13.958,3.875,9.29,117.4,78.5,21.2,1,Vigilance
2024-11-03,Bab Bhar,33.891,10.118,3,digestif,0.462,0.717,7.921,13.958,3.875,9.29,117.4,78.5,21.2,1,Vigilance
2024-11-03,Jara,33.905,10.071,0,respiratoire,0.462,0.717,7.921,13.958,3.875,9.29,117.4,78.5,21.2,0,Normal
2024-11-04,Bou Chemma,33.882,10.098,12,respiratoire,1.812,1.233,8.733,13.713,4.583,8.72,127.4,72.8,20.5,3,Urgence
2024-11-04,Chatt,33.876,10.105,12,respiratoire,1.812,1.233,8.733,13.713,4.583,8.72,127.4,72.8,20.5,3,Urgence
2024-11-04,Metouia,33.971,10.001,5,respiratoire,1.812,1.233,8.733,13.713,4.583,8.72,127.4,72.8,20.5,3,Urgence
2024-11-04,Chenini,33.899,10.044,3,respiratoire,1.812,1.233,8.733,13.713,4.583,8.72,127.4,72.8,20.5,3,Urgence
2024-11-04,El Akarit,33.849,10.143,10,respiratoire,1.812,1.233,8.733,13.713,4.583,8.72,127.4,72.8,20.5,3,Urgence
2024-11-04,Oudhref,33.83,10.087,6,respiratoire,1.812,1.233,8.733,13.713,4.583,8.72,127.4,72.8,20.5,3,Urgence
2024-11-04,Bab Bhar,33.891,10.118,2,respiratoire,1.812,1.233,8.733,13.713,4.583,8.72,127.4,72.8,20.5,3,Urgence
2024-11-04,Jara,33.905,10.071,2,oculaire,1.812,1.233,8.733,13.713,4.583,8.72,127.4,72.8,20.5,3,Urgence
2024-11-05,Bou Chemma,33.882,10.098,25,respiratoire,4.604,1.85,14.725,22.383,9.458,9.83,141.2,65.2,20.9,3,Urgence
2024-11-05,Chatt,33.876,10.105,24,respiratoire,4.604,1.85,14.725,22.383,9.458,9.83,141.2,65.2,20.9,3,Urgence
2024-11-05,Metouia,33.971,10.001,12,respiratoire,4.604,1.85,14.725,22.383,9.458,9.83,141.2,65.2,20.9,3,Urgence
2024-11-05,Chenini,33.899,10.044,8,respiratoire,4.604,1.85,14.725,22.383,9.458,9.83,141.2,65.2,20.9,3,Urgence
2024-11-05,El Akarit,33.849,10.143,18,oculaire,4.604,1.85,14.725,22.383,9.458,9.83,141.2,65.2,20.9,3,Urgence
2024-11-05,Oudhref,33.83,10.087,13,digestif,4.604,1.85,14.725,22.383,9.458,9.83,141.2,65.2,20.9,3,Urgence
2024-11-05,Bab Bhar,33.891,10.118,5,respiratoire,4.604,1.85,14.725,22.383,9.458,9.83,141.2,65.2,20.9,3,Urgence
2024-11-05,Jara,33.905,10.071,6,respiratoire,4.604,1.85,14.725,22.383,9.458,9.83,141.2,65.2,20.9,3,Urgence
2024-11-06,Bou Chemma,33.882,10.098,23,respiratoire,4.4,1.65,12.154,19.375,8.875,12.41,117.5,70.9,21.0,3,Urgence
2024-11-06,Chatt,33.876,10.105,25,respiratoire,4.4,1.65,12.154,19.375,8.875,12.41,117.5,70.9,21.0,3,Urgence
2024-11-06,Metouia,33.971,10.001,8,dermatologique,4.4,1.65,12.154,19.375,8.875,12.41,117.5,70.9,21.0,3,Urgence
2024-11-06,Chenini,33.899,10.044,4,oculaire,4.4,1.65,12.154,19.375,8.875,12.41,117.5,70.9,21.0,3,Urgence
2024-11-06,El Akarit,33.849,10.143,28,respiratoire,4.4,1.65,12.154,19.375,8.875,12.41,117.5,70.9,21.0,3,Urgence
2024-11-06,Oudhref,33.83,10.087,7,oculaire,4.4,1.65,12.154,19.375,8.875,12.41,117.5,70.9,21.0,3,Urgence
2024-11-06,Bab Bhar,33.891,10.118,12,respiratoire,4.4,1.65,12.154,19.375,8.875,12.41,117.5,70.9,21.0,3,Urgence
2024-11-06,Jara,33.905,10.071,9,respiratoire,4.4,1.65,12.154,19.375,8.875,12.41,117.5,70.9,21.0,3,Urgence
2024-11-07,Bou Chemma,33.882,10.098,10,respiratoire,1.592,1.221,9.338,16.029,4.333,7.44,151.8,81.1,20.0,3,Urgence
2024-11-07,Chatt,33.876,10.105,11,respiratoire,1.592,1.221,9.338,16.029,4.333,7.44,151.8,81.1,20.0,3,Urgence
2024-11-07,Metouia,33.971,10.001,1,respiratoire,1.592,1.221,9.338,16.029,4.333,7.44,151.8,81.1,20.0,2,Critique
2024-11-07,Chenini,33.899,10.044,6,respiratoire,1.592,1.221,9.338,16.029,4.333,7.44,151.8,81.1,20.0,3,Urgence
2024-11-07,El Akarit,33.849,10.143,7,respiratoire,1.592,1.221,9.338,16.029,4.333,7.44,151.8,81.1,20.0,3,Urgence
2024-11-07,Oudhref,33.83,10.087,6,respiratoire,1.592,1.221,9.338,16.029,4.333,7.44,151.8,81.1,20.0,3,Urgence
2024-11-07,Bab Bhar,33.891,10.118,6,digestif,1.592,1.221,9.338,16.029,4.333,7.44,151.8,81.1,20.0,3,Urgence
2024-11-07,Jara,33.905,10.071,2,respiratoire,1.592,1.221,9.338,16.029,4.333,7.44,151.8,81.1,20.0,2,Critique
2024-11-08,Bou Chemma,33.882,10.098,5,oculaire,1.387,2.583,12.233,26.583,16.583,6.15,236.0,73.3,20.3,2,Critique
2024-11-08,Chatt,33.876,10.105,4,respiratoire,1.387,2.583,12.233,26.583,16.583,6.15,236.0,73.3,20.3,2,Critique
2024-11-08,Metouia,33.971,10.001,0,respiratoire,1.387,2.583,12.233,26.583,16.583,6.15,236.0,73.3,20.3,2,Critique
2024-11-08,Chenini,33.899,10.044,1,respiratoire,1.387,2.583,12.233,26.583,16.583,6.15,236.0,73.3,20.3,2,Critique
2024-11-08,El Akarit,33.849,10.143,1,oculaire,1.387,2.583,12.233,26.583,16.583,6.15,236.0,73.3,20.3,2,Critique
2024-11-08,Oudhref,33.83,10.087,0,respiratoire,1.387,2.583,12.233,26.583,16.583,6.15,236.0,73.3,20.3,2,Critique
2024-11-08,Bab Bhar,33.891,10.118,4,oculaire,1.387,2.583,12.233,26.583,16.583,6.15,236.0,73.3,20.3,2,Critique
2024-11-08,Jara,33.905,10.071,1,respiratoire,1.387,2.583,12.233,26.583,16.583,6.15,236.0,73.3,20.3,2,Critique
2024-11-09,Bou Chemma,33.882,10.098,16,respiratoire,0.825,1.754,13.267,33.179,26.0,7.48,168.2,75.5,19.9,3,Urgence
2024-11-09,Chatt,33.876,10.105,15,digestif,0.825,1.754,13.267,33.179,26.0,7.48,168.2,75.5,19.9,3,Urgence
2024-11-09,Metouia,33.971,10.001,6,oculaire,0.825,1.754,13.267,33.179,26.0,7.48,168.2,75.5,19.9,2,Critique
2024-11-09,Chenini,33.899,10.044,6,oculaire,0.825,1.754,13.267,33.179,26.0,7.48,168.2,75.5,19.9,2,Critique
2024-11-09,El Akarit,33.849,10.143,15,respiratoire,0.825,1.754,13.267,33.179,26.0,7.48,168.2,75.5,19.9,3,Urgence
2024-11-09,Oudhref,33.83,10.087,12,oculaire,0.825,1.754,13.267,33.179,26.0,7.48,168.2,75.5,19.9,3,Urgence
2024-11-09,Bab Bhar,33.891,10.118,11,oculaire,0.825,1.754,13.267,33.179,26.0,7.48,168.2,75.5,19.9,3,Urgence
2024-11-09,Jara,33.905,10.071,7,oculaire,0.825,1.754,13.267,33.179,26.0,7.48,168.2,75.5,19.9,3,Urgence
2024-11-10,Bou Chemma,33.882,10.098,6,digestif,0.438,0.8,7.092,14.954,9.208,8.24,103.3,86.2,19.7,1,Vigilance
2024-11-10,Chatt,33.876,10.105,9,respiratoire,0.438,0.8,7.092,14.954,9.208,8.24,103.3,86.2,19.7,2,Critique
2024-11-10,Metouia,33.971,10.001,1,respiratoire,0.438,0.8,7.092,14.954,9.208,8.24,103.3,86.2,19.7,0,Normal
2024-11-10,Chenini,33.899,10.044,5,dermatologique,0.438,0.8,7.092,14.954,9.208,8.24,103.3,86.2,19.7,1,Vigilance
2024-11-10,El Akarit,33.849,10.143,6,respiratoire,0.438,0.8,7.092,14.954,9.208,8.24,103.3,86.2,19.7,1,Vigilance
2024-11-10,Oudhref,33.83,10.087,3,dermatologique,0.438,0.8,7.092,14.954,9.208,8.24,103.3,86.2,19.7,1,Vigilance
2024-11-10,Bab Bhar,33.891,10.118,2,digestif,0.438,0.8,7.092,14.954,9.208,8.24,103.3,86.2,19.7,1,Vigilance
2024-11-10,Jara,33.905,10.071,2,respiratoire,0.438,0.8,7.092,14.954,9.208,8.24,103.3,86.2,19.7,1,Vigilance
2024-11-11,Bou Chemma,33.882,10.098,4,respiratoire,0.654,1.742,6.562,10.546,3.5,6.85,151.8,84.1,18.2,1,Vigilance
2024-11-11,Chatt,33.876,10.105,11,respiratoire,0.654,1.742,6.562,10.546,3.5,6.85,151.8,84.1,18.2,2,Critique
2024-11-11,Metouia,33.971,10.001,3,digestif,0.654,1.742,6.562,10.546,3.5,6.85,151.8,84.1,18.2,1,Vigilance
2024-11-11,Chenini,33.899,10.044,0,oculaire,0.654,1.742,6.562,10.546,3.5,6.85,151.8,84.1,18.2,0,Normal
2024-11-11,El Akarit,33.849,10.143,10,dermatologique,0.654,1.742,6.562,10.546,3.5,6.85,151.8,84.1,18.2,2,Critique
2024-11-11,Oudhref,33.83,10.087,1,respiratoire,0.654,1.742,6.562,10.546,3.5,6.85,151.8,84.1,18.2,1,Vigilance
2024-11-11,Bab Bhar,33.891,10.118,3,digestif,0.654,1.742,6.562,10.546,3.5,6.85,151.8,84.1,18.2,1,Vigilance
2024-11-11,Jara,33.905,10.071,2,respiratoire,0.654,1.742,6.562,10.546,3.5,6.85,151.8,84.1,18.2,1,Vigilance
2024-11-12,Bou Chemma,33.882,10.098,4,respiratoire,0.925,2.108,7.362,10.312,4.417,8.08,264.8,74.2,18.0,1,Vigilance
2024-11-12,Chatt,33.876,10.105,1,digestif,0.925,2.108,7.362,10.312,4.417,8.08,264.8,74.2,18.0,0,Normal
2024-11-12,Metouia,33.971,10.001,1,oculaire,0.925,2.108,7.362,10.312,4.417,8.08,264.8,74.2,18.0,0,Normal
2024-11-12,Chenini,33.899,10.044,0,oculaire,0.925,2.108,7.362,10.312,4.417,8.08,264.8,74.2,18.0,0,Normal
2024-11-12,El Akarit,33.849,10.143,3,oculaire,0.925,2.108,7.362,10.312,4.417,8.08,264.8,74.2,18.0,1,Vigilance
2024-11-12,Oudhref,33.83,10.087,2,digestif,0.925,2.108,7.362,10.312,4.417,8.08,264.8,74.2,18.0,1,Vigilance
2024-11-12,Bab Bhar,33.891,10.118,1,digestif,0.925,2.108,7.362,10.312,4.417,8.08,264.8,74.2,18.0,0,Normal
2024-11-12,Jara,33.905,10.071,0,respiratoire,0.925,2.108,7.362,10.312,4.417,8.08,264.8,74.2,18.0,0,Normal
2024-11-13,Bou Chemma,33.882,10.098,3,respiratoire,1.375,2.271,8.45,11.513,4.333,6.85,254.1,67.4,17.4,2,Critique
2024-11-13,Chatt,33.876,10.105,3,respiratoire,1.375,2.271,8.45,11.513,4.333,6.85,254.1,67.4,17.4,2,Critique
2024-11-13,Metouia,33.971,10.001,3,digestif,1.375,2.271,8.45,11.513,4.333,6.85,254.1,67.4,17.4,2,Critique
2024-11-13,Chenini,33.899,10.044,3,respiratoire,1.375,2.271,8.45,11.513,4.333,6.85,254.1,67.4,17.4,2,Critique
2024-11-13,El Akarit,33.849,10.143,5,respiratoire,1.375,2.271,8.45,11.513,4.333,6.85,254.1,67.4,17.4,2,Critique
2024-11-13,Oudhref,33.83,10.087,3,respiratoire,1.375,2.271,8.45,11.513,4.333,6.85,254.1,67.4,17.4,2,Critique
2024-11-13,Bab Bhar,33.891,10.118,1,oculaire,1.375,2.271,8.45,11.513,4.333,6.85,254.1,67.4,17.4,1,Vigilance
2024-11-13,Jara,33.905,10.071,0,oculaire,1.375,2.271,8.45,11.513,4.333,6.85,254.1,67.4,17.4,1,Vigilance
2024-11-14,Bou Chemma,33.882,10.098,3,respiratoire,1.067,1.571,7.438,11.0,4.583,14.44,249.2,56.6,18.5,1,Vigilance
2024-11-14,Chatt,33.876,10.105,2,respiratoire,1.067,1.571,7.438,11.0,4.583,14.44,249.2,56.6,18.5,1,Vigilance
2024-11-14,Metouia,33.971,10.001,1,oculaire,1.067,1.571,7.438,11.0,4.583,14.44,249.2,56.6,18.5,1,Vigilance
2024-11-14,Chenini,33.899,10.044,2,respiratoire,1.067,1.571,7.438,11.0,4.583,14.44,249.2,56.6,18.5,1,Vigilance
2024-11-14,El Akarit,33.849,10.143,3,respiratoire,1.067,1.571,7.438,11.0,4.583,14.44,249.2,56.6,18.5,1,Vigilance
2024-11-14,Oudhref,33.83,10.087,2,respiratoire,1.067,1.571,7.438,11.0,4.583,14.44,249.2,56.6,18.5,1,Vigilance
2024-11-14,Bab Bhar,33.891,10.118,2,oculaire,1.067,1.571,7.438,11.0,4.583,14.44,249.2,56.6,18.5,1,Vigilance
2024-11-14,Jara,33.905,10.071,4,respiratoire,1.067,1.571,7.438,11.0,4.583,14.44,249.2,56.6,18.5,1,Vigilance
2024-11-15,Bou Chemma,33.882,10.098,3,digestif,1.238,1.65,9.217,14.862,10.25,13.8,243.8,45.1,20.4,2,Critique
2024-11-15,Chatt,33.876,10.105,5,respiratoire,1.238,1.65,9.217,14.862,10.25,13.8,243.8,45.1,20.4,2,Critique
2024-11-15,Metouia,33.971,10.001,3,oculaire,1.238,1.65,9.217,14.862,10.25,13.8,243.8,45.1,20.4,2,Critique
2024-11-15,Chenini,33.899,10.044,3,respiratoire,1.238,1.65,9.217,14.862,10.25,13.8,243.8,45.1,20.4,2,Critique
2024-11-15,El Akarit,33.849,10.143,1,respiratoire,1.238,1.65,9.217,14.862,10.25,13.8,243.8,45.1,20.4,1,Vigilance
2024-11-15,Oudhref,33.83,10.087,3,oculaire,1.238,1.65,9.217,14.862,10.25,13.8,243.8,45.1,20.4,2,Critique
2024-11-15,Bab Bhar,33.891,10.118,1,respiratoire,1.238,1.65,9.217,14.862,10.25,13.8,243.8,45.1,20.4,1,Vigilance
2024-11-15,Jara,33.905,10.071,1,respiratoire,1.238,1.65,9.217,14.862,10.25,13.8,243.8,45.1,20.4,1,Vigilance
2024-11-16,Bou Chemma,33.882,10.098,9,oculaire,1.05,1.654,6.729,14.504,6.958,6.73,122.2,82.4,18.5,2,Critique
2024-11-16,Chatt,33.876,10.105,7,respiratoire,1.05,1.654,6.729,14.504,6.958,6.73,122.2,82.4,18.5,2,Critique
2024-11-16,Metouia,33.971,10.001,3,digestif,1.05,1.654,6.729,14.504,6.958,6.73,122.2,82.4,18.5,2,Critique
2024-11-16,Chenini,33.899,10.044,2,oculaire,1.05,1.654,6.729,14.504,6.958,6.73,122.2,82.4,18.5,2,Critique
2024-11-16,El Akarit,33.849,10.143,9,respiratoire,1.05,1.654,6.729,14.504,6.958,6.73,122.2,82.4,18.5,2,Critique
2024-11-16,Oudhref,33.83,10.087,0,respiratoire,1.05,1.654,6.729,14.504,6.958,6.73,122.2,82.4,18.5,1,Vigilance
2024-11-16,Bab Bhar,33.891,10.118,4,digestif,1.05,1.654,6.729,14.504,6.958,6.73,122.2,82.4,18.5,2,Critique
2024-11-16,Jara,33.905,10.071,3,respiratoire,1.05,1.654,6.729,14.504,6.958,6.73,122.2,82.4,18.5,2,Critique
2024-11-17,Bou Chemma,33.882,10.098,5,respiratoire,0.9,1.088,10.342,17.354,12.333,15.34,243.2,54.2,19.8,2,Critique
2024-11-17,Chatt,33.876,10.105,1,respiratoire,0.9,1.088,10.342,17.354,12.333,15.34,243.2,54.2,19.8,1,Vigilance
2024-11-17,Metouia,33.971,10.001,0,respiratoire,0.9,1.088,10.342,17.354,12.333,15.34,243.2,54.2,19.8,0,Normal
2024-11-17,Chenini,33.899,10.044,1,respiratoire,0.9,1.088,10.342,17.354,12.333,15.34,243.2,54.2,19.8,1,Vigilance
2024-11-17,El Akarit,33.849,10.143,1,respiratoire,0.9,1.088,10.342,17.354,12.333,15.34,243.2,54.2,19.8,1,Vigilance
2024-11-17,Oudhref,33.83,10.087,0,respiratoire,0.9,1.088,10.342,17.354,12.333,15.34,243.2,54.2,19.8,0,Normal
2024-11-17,Bab Bhar,33.891,10.118,0,oculaire,0.9,1.088,10.342,17.354,12.333,15.34,243.2,54.2,19.8,0,Normal
2024-11-17,Jara,33.905,10.071,1,respiratoire,0.9,1.088,10.342,17.354,12.333,15.34,243.2,54.2,19.8,1,Vigilance
2024-11-18,Bou Chemma,33.882,10.098,4,oculaire,0.767,0.725,11.671,19.971,16.375,20.78,246.4,37.5,20.8,1,Vigilance
2024-11-18,Chatt,33.876,10.105,2,respiratoire,0.767,0.725,11.671,19.971,16.375,20.78,246.4,37.5,20.8,1,Vigilance
2024-11-18,Metouia,33.971,10.001,2,dermatologique,0.767,0.725,11.671,19.971,16.375,20.78,246.4,37.5,20.8,1,Vigilance
2024-11-18,Chenini,33.899,10.044,3,oculaire,0.767,0.725,11.671,19.971,16.375,20.78,246.4,37.5,20.8,1,Vigilance
2024-11-18,El Akarit,33.849,10.143,4,respiratoire,0.767,0.725,11.671,19.971,16.375,20.78,246.4,37.5,20.8,1,Vigilance
2024-11-18,Oudhref,33.83,10.087,2,dermatologique,0.767,0.725,11.671,19.971,16.375,20.78,246.4,37.5,20.8,1,Vigilance
2024-11-18,Bab Bhar,33.891,10.118,3,oculaire,0.767,0.725,11.671,19.971,16.375,20.78,246.4,37.5,20.8,1,Vigilance
2024-11-18,Jara,33.905,10.071,1,oculaire,0.767,0.725,11.671,19.971,16.375,20.78,246.4,37.5,20.8,1,Vigilance
2024-11-19,Bou Chemma,33.882,10.098,7,respiratoire,0.963,1.1,12.513,23.942,20.042,11.49,246.1,33.1,21.2,2,Critique
2024-11-19,Chatt,33.876,10.105,3,oculaire,0.963,1.1,12.513,23.942,20.042,11.49,246.1,33.1,21.2,2,Critique
2024-11-19,Metouia,33.971,10.001,2,oculaire,0.963,1.1,12.513,23.942,20.042,11.49,246.1,33.1,21.2,1,Vigilance
2024-11-19,Chenini,33.899,10.044,0,oculaire,0.963,1.1,12.513,23.942,20.042,11.49,246.1,33.1,21.2,1,Vigilance
2024-11-19,El Akarit,33.849,10.143,6,respiratoire,0.963,1.1,12.513,23.942,20.042,11.49,246.1,33.1,21.2,2,Critique
2024-11-19,Oudhref,33.83,10.087,4,dermatologique,0.963,1.1,12.513,23.942,20.042,11.49,246.1,33.1,21.2,2,Critique
2024-11-19,Bab Bhar,33.891,10.118,1,respiratoire,0.963,1.1,12.513,23.942,20.042,11.49,246.1,33.1,21.2,1,Vigilance
2024-11-19,Jara,33.905,10.071,3,digestif,0.963,1.1,12.513,23.942,20.042,11.49,246.1,33.1,21.2,2,Critique
2024-11-20,Bou Chemma,33.882,10.098,5,respiratoire,1.017,1.096,13.45,25.133,20.042,17.38,254.9,37.5,22.7,2,Critique
2024-11-20,Chatt,33.876,10.105,3,respiratoire,1.017,1.096,13.45,25.133,20.042,17.38,254.9,37.5,22.7,2,Critique
2024-11-20,Metouia,33.971,10.001,3,dermatologique,1.017,1.096,13.45,25.133,20.042,17.38,254.9,37.5,22.7,2,Critique
2024-11-20,Chenini,33.899,10.044,2,respiratoire,1.017,1.096,13.45,25.133,20.042,17.38,254.9,37.5,22.7,2,Critique
2024-11-20,El Akarit,33.849,10.143,0,oculaire,1.017,1.096,13.45,25.133,20.042,17.38,254.9,37.5,22.7,1,Vigilance
2024-11-20,Oudhref,33.83,10.087,1,respiratoire,1.017,1.096,13.45,25.133,20.042,17.38,254.9,37.5,22.7,1,Vigilance
2024-11-20,Bab Bhar,33.891,10.118,1,respiratoire,1.017,1.096,13.45,25.133,20.042,17.38,254.9,37.5,22.7,1,Vigilance
2024-11-20,Jara,33.905,10.071,2,dermatologique,1.017,1.096,13.45,25.133,20.042,17.38,254.9,37.5,22.7,2,Critique
2024-11-21,Bou Chemma,33.882,10.098,2,respiratoire,1.387,1.871,11.138,19.908,12.333,8.1,204.4,50.4,19.9,2,Critique
2024-11-21,Chatt,33.876,10.105,3,oculaire,1.387,1.871,11.138,19.908,12.333,8.1,204.4,50.4,19.9,2,Critique
2024-11-21,Metouia,33.971,10.001,1,respiratoire,1.387,1.871,11.138,19.908,12.333,8.1,204.4,50.4,19.9,2,Critique
2024-11-21,Chenini,33.899,10.044,1,respiratoire,1.387,1.871,11.138,19.908,12.333,8.1,204.4,50.4,19.9,2,Critique
2024-11-21,El Akarit,33.849,10.143,3,respiratoire,1.387,1.871,11.138,19.908,12.333,8.1,204.4,50.4,19.9,2,Critique
2024-11-21,Oudhref,33.83,10.087,3,respiratoire,1.387,1.871,11.138,19.908,12.333,8.1,204.4,50.4,19.9,2,Critique
2024-11-21,Bab Bhar,33.891,10.118,1,respiratoire,1.387,1.871,11.138,19.908,12.333,8.1,204.4,50.4,19.9,2,Critique
2024-11-21,Jara,33.905,10.071,2,oculaire,1.387,1.871,11.138,19.908,12.333,8.1,204.4,50.4,19.9,2,Critique
2024-11-22,Bou Chemma,33.882,10.098,4,digestif,0.875,1.154,8.55,18.158,13.375,19.23,249.8,44.2,18.8,1,Vigilance
2024-11-22,Chatt,33.876,10.105,4,respiratoire,0.875,1.154,8.55,18.158,13.375,19.23,249.8,44.2,18.8,1,Vigilance
2024-11-22,Metouia,33.971,10.001,1,dermatologique,0.875,1.154,8.55,18.158,13.375,19.23,249.8,44.2,18.8,0,Normal
2024-11-22,Chenini,33.899,10.044,1,oculaire,0.875,1.154,8.55,18.158,13.375,19.23,249.8,44.2,18.8,0,Normal
2024-11-22,El Akarit,33.849,10.143,4,respiratoire,0.875,1.154,8.55,18.158,13.375,19.23,249.8,44.2,18.8,1,Vigilance
2024-11-22,Oudhref,33.83,10.087,1,dermatologique,0.875,1.154,8.55,18.158,13.375,19.23,249.8,44.2,18.8,0,Normal
2024-11-22,Bab Bhar,33.891,10.118,2,dermatologique,0.875,1.154,8.55,18.158,13.375,19.23,249.8,44.2,18.8,1,Vigilance
2024-11-22,Jara,33.905,10.071,0,respiratoire,0.875,1.154,8.55,18.158,13.375,19.23,249.8,44.2,18.8,0,Normal
2024-11-23,Bou Chemma,33.882,10.098,0,respiratoire,0.546,0.892,3.158,9.787,0.542,17.7,64.9,54.2,18.4,0,Normal
2024-11-23,Chatt,33.876,10.105,2,respiratoire,0.546,0.892,3.158,9.787,0.542,17.7,64.9,54.2,18.4,0,Normal
2024-11-23,Metouia,33.971,10.001,1,digestif,0.546,0.892,3.158,9.787,0.542,17.7,64.9,54.2,18.4,0,Normal
2024-11-23,Chenini,33.899,10.044,2,dermatologique,0.546,0.892,3.158,9.787,0.542,17.7,64.9,54.2,18.4,0,Normal
2024-11-23,El Akarit,33.849,10.143,2,oculaire,0.546,0.892,3.158,9.787,0.542,17.7,64.9,54.2,18.4,0,Normal
2024-11-23,Oudhref,33.83,10.087,1,oculaire,0.546,0.892,3.158,9.787,0.542,17.7,64.9,54.2,18.4,0,Normal
2024-11-23,Bab Bhar,33.891,10.118,2,oculaire,0.546,0.892,3.158,9.787,0.542,17.7,64.9,54.2,18.4,0,Normal
2024-11-23,Jara,33.905,10.071,0,digestif,0.546,0.892,3.158,9.787,0.542,17.7,64.9,54.2,18.4,0,Normal
2024-11-24,Bou Chemma,33.882,10.098,1,respiratoire,0.6,0.737,3.192,9.792,0.0,8.06,130.8,64.2,17.7,0,Normal
2024-11-24,Chatt,33.876,10.105,3,respiratoire,0.6,0.737,3.192,9.792,0.0,8.06,130.8,64.2,17.7,1,Vigilance
2024-11-24,Metouia,33.971,10.001,2,oculaire,0.6,0.737,3.192,9.792,0.0,8.06,130.8,64.2,17.7,0,Normal
2024-11-24,Chenini,33.899,10.044,1,respiratoire,0.6,0.737,3.192,9.792,0.0,8.06,130.8,64.2,17.7,0,Normal
2024-11-24,El Akarit,33.849,10.143,5,oculaire,0.6,0.737,3.192,9.792,0.0,8.06,130.8,64.2,17.7,1,Vigilance
2024-11-24,Oudhref,33.83,10.087,2,digestif,0.6,0.737,3.192,9.792,0.0,8.06,130.8,64.2,17.7,0,Normal
2024-11-24,Bab Bhar,33.891,10.118,1,oculaire,0.6,0.737,3.192,9.792,0.0,8.06,130.8,64.2,17.7,0,Normal
2024-11-24,Jara,33.905,10.071,3,digestif,0.6,0.737,3.192,9.792,0.0,8.06,130.8,64.2,17.7,1,Vigilance
2024-11-25,Bou Chemma,33.882,10.098,13,respiratoire,2.488,1.942,6.317,14.713,1.708,4.4,174.5,67.5,16.5,3,Urgence
2024-11-25,Chatt,33.876,10.105,6,oculaire,2.488,1.942,6.317,14.713,1.708,4.4,174.5,67.5,16.5,3,Urgence
2024-11-25,Metouia,33.971,10.001,1,respiratoire,2.488,1.942,6.317,14.713,1.708,4.4,174.5,67.5,16.5,3,Urgence
2024-11-25,Chenini,33.899,10.044,2,respiratoire,2.488,1.942,6.317,14.713,1.708,4.4,174.5,67.5,16.5,3,Urgence
2024-11-25,El Akarit,33.849,10.143,13,respiratoire,2.488,1.942,6.317,14.713,1.708,4.4,174.5,67.5,16.5,3,Urgence
2024-11-25,Oudhref,33.83,10.087,3,respiratoire,2.488,1.942,6.317,14.713,1.708,4.4,174.5,67.5,16.5,3,Urgence
2024-11-25,Bab Bhar,33.891,10.118,3,oculaire,2.488,1.942,6.317,14.713,1.708,4.4,174.5,67.5,16.5,3,Urgence
2024-11-25,Jara,33.905,10.071,5,respiratoire,2.488,1.942,6.317,14.713,1.708,4.4,174.5,67.5,16.5,3,Urgence
2024-11-26,Bou Chemma,33.882,10.098,6,respiratoire,0.917,1.412,7.346,15.342,10.833,12.38,235.8,51.0,16.9,1,Vigilance
2024-11-26,Chatt,33.876,10.105,5,digestif,0.917,1.412,7.346,15.342,10.833,12.38,235.8,51.0,16.9,1,Vigilance
2024-11-26,Metouia,33.971,10.001,0,oculaire,0.917,1.412,7.346,15.342,10.833,12.38,235.8,51.0,16.9,0,Normal
2024-11-26,Chenini,33.899,10.044,0,respiratoire,0.917,1.412,7.346,15.342,10.833,12.38,235.8,51.0,16.9,0,Normal
2024-11-26,El Akarit,33.849,10.143,2,digestif,0.917,1.412,7.346,15.342,10.833,12.38,235.8,51.0,16.9,1,Vigilance
2024-11-26,Oudhref,33.83,10.087,2,respiratoire,0.917,1.412,7.346,15.342,10.833,12.38,235.8,51.0,16.9,1,Vigilance
2024-11-26,Bab Bhar,33.891,10.118,1,oculaire,0.917,1.412,7.346,15.342,10.833,12.38,235.8,51.0,16.9,0,Normal
2024-11-26,Jara,33.905,10.071,1,oculaire,0.917,1.412,7.346,15.342,10.833,12.38,235.8,51.0,16.9,0,Normal
2024-11-27,Bou Chemma,33.882,10.098,8,respiratoire,0.792,1.125,7.513,15.892,11.125,13.9,240.0,45.5,17.2,2,Critique
2024-11-27,Chatt,33.876,10.105,2,oculaire,0.792,1.125,7.513,15.892,11.125,13.9,240.0,45.5,17.2,0,Normal
2024-11-27,Metouia,33.971,10.001,1,digestif,0.792,1.125,7.513,15.892,11.125,13.9,240.0,45.5,17.2,0,Normal
2024-11-27,Chenini,33.899,10.044,0,respiratoire,0.792,1.125,7.513,15.892,11.125,13.9,240.0,45.5,17.2,0,Normal
2024-11-27,El Akarit,33.849,10.143,2,respiratoire,0.792,1.125,7.513,15.892,11.125,13.9,240.0,45.5,17.2,0,Normal
2024-11-27,Oudhref,33.83,10.087,2,respiratoire,0.792,1.125,7.513,15.892,11.125,13.9,240.0,45.5,17.2,0,Normal
2024-11-27,Bab Bhar,33.891,10.118,4,oculaire,0.792,1.125,7.513,15.892,11.125,13.9,240.0,45.5,17.2,1,Vigilance
2024-11-27,Jara,33.905,10.071,3,dermatologique,0.792,1.125,7.513,15.892,11.125,13.9,240.0,45.5,17.2,1,Vigilance
2024-11-28,Bou Chemma,33.882,10.098,2,respiratoire,1.05,1.367,7.642,18.475,13.5,12.0,246.1,45.1,17.1,1,Vigilance
2024-11-28,Chatt,33.876,10.105,4,respiratoire,1.05,1.367,7.642,18.475,13.5,12.0,246.1,45.1,17.1,1,Vigilance
2024-11-28,Metouia,33.971,10.001,2,respiratoire,1.05,1.367,7.642,18.475,13.5,12.0,246.1,45.1,17.1,1,Vigilance
2024-11-28,Chenini,33.899,10.044,0,respiratoire,1.05,1.367,7.642,18.475,13.5,12.0,246.1,45.1,17.1,0,Normal
2024-11-28,El Akarit,33.849,10.143,4,respiratoire,1.05,1.367,7.642,18.475,13.5,12.0,246.1,45.1,17.1,1,Vigilance
2024-11-28,Oudhref,33.83,10.087,2,oculaire,1.05,1.367,7.642,18.475,13.5,12.0,246.1,45.1,17.1,1,Vigilance
2024-11-28,Bab Bhar,33.891,10.118,0,oculaire,1.05,1.367,7.642,18.475,13.5,12.0,246.1,45.1,17.1,0,Normal
2024-11-28,Jara,33.905,10.071,2,respiratoire,1.05,1.367,7.642,18.475,13.5,12.0,246.1,45.1,17.1,1,Vigilance
2024-11-29,Bou Chemma,33.882,10.098,2,respiratoire,1.246,1.8,8.683,19.146,13.708,11.28,256.7,45.2,16.8,1,Vigilance
2024-11-29,Chatt,33.876,10.105,2,oculaire,1.246,1.8,8.683,19.146,13.708,11.28,256.7,45.2,16.8,1,Vigilance
2024-11-29,Metouia,33.971,10.001,5,respiratoire,1.246,1.8,8.683,19.146,13.708,11.28,256.7,45.2,16.8,2,Critique
2024-11-29,Chenini,33.899,10.044,1,respiratoire,1.246,1.8,8.683,19.146,13.708,11.28,256.7,45.2,16.8,1,Vigilance
2024-11-29,El Akarit,33.849,10.143,7,respiratoire,1.246,1.8,8.683,19.146,13.708,11.28,256.7,45.2,16.8,2,Critique
2024-11-29,Oudhref,33.83,10.087,2,respiratoire,1.246,1.8,8.683,19.146,13.708,11.28,256.7,45.2,16.8,1,Vigilance
2024-11-29,Bab Bhar,33.891,10.118,1,oculaire,1.246,1.8,8.683,19.146,13.708,11.28,256.7,45.2,16.8,1,Vigilance
2024-11-29,Jara,33.905,10.071,1,respiratoire,1.246,1.8,8.683,19.146,13.708,11.28,256.7,45.2,16.8,1,Vigilance
2024-11-30,Bou Chemma,33.882,10.098,2,dermatologique,0.963,1.258,7.804,15.679,9.625,12.71,209.0,50.9,17.2,1,Vigilance
2024-11-30,Chatt,33.876,10.105,3,respiratoire,0.963,1.258,7.804,15.679,9.625,12.71,209.0,50.9,17.2,1,Vigilance
2024-11-30,Metouia,33.971,10.001,1,respiratoire,0.963,1.258,7.804,15.679,9.625,12.71,209.0,50.9,17.2,0,Normal
2024-11-30,Chenini,33.899,10.044,1,respiratoire,0.963,1.258,7.804,15.679,9.625,12.71,209.0,50.9,17.2,0,Normal
2024-11-30,El Akarit,33.849,10.143,4,respiratoire,0.963,1.258,7.804,15.679,9.625,12.71,209.0,50.9,17.2,1,Vigilance
2024-11-30,Oudhref,33.83,10.087,4,respiratoire,0.963,1.258,7.804,15.679,9.625,12.71,209.0,50.9,17.2,1,Vigilance
2024-11-30,Bab Bhar,33.891,10.118,2,respiratoire,0.963,1.258,7.804,15.679,9.625,12.71,209.0,50.9,17.2,1,Vigilance
2024-11-30,Jara,33.905,10.071,1,respiratoire,0.963,1.258,7.804,15.679,9.625,12.71,209.0,50.9,17.2,0,Normal
2024-12-01,Bou Chemma,33.882,10.098,2,respiratoire,0.954,1.258,4.271,8.008,0.0,7.59,191.9,56.9,15.8,0,Normal
2024-12-01,Chatt,33.876,10.105,2,oculaire,0.954,1.258,4.271,8.008,0.0,7.59,191.9,56.9,15.8,0,Normal
2024-12-01,Metouia,33.971,10.001,0,oculaire,0.954,1.258,4.271,8.008,0.0,7.59,191.9,56.9,15.8,0,Normal
2024-12-01,Chenini,33.899,10.044,0,respiratoire,0.954,1.258,4.271,8.008,0.0,7.59,191.9,56.9,15.8,0,Normal
2024-12-01,El Akarit,33.849,10.143,4,respiratoire,0.954,1.258,4.271,8.008,0.0,7.59,191.9,56.9,15.8,1,Vigilance
2024-12-01,Oudhref,33.83,10.087,0,dermatologique,0.954,1.258,4.271,8.008,0.0,7.59,191.9,56.9,15.8,0,Normal
2024-12-01,Bab Bhar,33.891,10.118,2,respiratoire,0.954,1.258,4.271,8.008,0.0,7.59,191.9,56.9,15.8,0,Normal
2024-12-01,Jara,33.905,10.071,0,respiratoire,0.954,1.258,4.271,8.008,0.0,7.59,191.9,56.9,15.8,0,Normal
2024-12-02,Bou Chemma,33.882,10.098,2,respiratoire,1.575,2.35,5.846,9.317,0.0,8.13,288.2,56.1,15.3,2,Critique
2024-12-02,Chatt,33.876,10.105,1,respiratoire,1.575,2.35,5.846,9.317,0.0,8.13,288.2,56.1,15.3,1,Vigilance
2024-12-02,Metouia,33.971,10.001,1,oculaire,1.575,2.35,5.846,9.317,0.0,8.13,288.2,56.1,15.3,1,Vigilance
2024-12-02,Chenini,33.899,10.044,2,respiratoire,1.575,2.35,5.846,9.317,0.0,8.13,288.2,56.1,15.3,2,Critique
2024-12-02,El Akarit,33.849,10.143,3,respiratoire,1.575,2.35,5.846,9.317,0.0,8.13,288.2,56.1,15.3,2,Critique
2024-12-02,Oudhref,33.83,10.087,3,dermatologique,1.575,2.35,5.846,9.317,0.0,8.13,288.2,56.1,15.3,2,Critique
2024-12-02,Bab Bhar,33.891,10.118,1,oculaire,1.575,2.35,5.846,9.317,0.0,8.13,288.2,56.1,15.3,1,Vigilance
2024-12-02,Jara,33.905,10.071,0,oculaire,1.575,2.35,5.846,9.317,0.0,8.13,288.2,56.1,15.3,1,Vigilance
2024-12-03,Bou Chemma,33.882,10.098,1,respiratoire,1.412,1.45,8.279,12.333,4.958,16.54,253.5,52.7,16.1,1,Vigilance
2024-12-03,Chatt,33.876,10.105,1,respiratoire,1.412,1.45,8.279,12.333,4.958,16.54,253.5,52.7,16.1,1,Vigilance
2024-12-03,Metouia,33.971,10.001,4,oculaire,1.412,1.45,8.279,12.333,4.958,16.54,253.5,52.7,16.1,2,Critique
2024-12-03,Chenini,33.899,10.044,1,oculaire,1.412,1.45,8.279,12.333,4.958,16.54,253.5,52.7,16.1,1,Vigilance
2024-12-03,El Akarit,33.849,10.143,3,respiratoire,1.412,1.45,8.279,12.333,4.958,16.54,253.5,52.7,16.1,2,Critique
2024-12-03,Oudhref,33.83,10.087,0,oculaire,1.412,1.45,8.279,12.333,4.958,16.54,253.5,52.7,16.1,1,Vigilance
2024-12-03,Bab Bhar,33.891,10.118,2,respiratoire,1.412,1.45,8.279,12.333,4.958,16.54,253.5,52.7,16.1,2,Critique
2024-12-03,Jara,33.905,10.071,1,digestif,1.412,1.45,8.279,12.333,4.958,16.54,253.5,52.7,16.1,1,Vigilance
2024-12-04,Bou Chemma,33.882,10.098,12,respiratoire,0.942,0.879,16.042,53.917,36.667,22.57,243.8,46.6,16.9,3,Urgence
2024-12-04,Chatt,33.876,10.105,4,oculaire,0.942,0.879,16.042,53.917,36.667,22.57,243.8,46.6,16.9,2,Critique
2024-12-04,Metouia,33.971,10.001,1,oculaire,0.942,0.879,16.042,53.917,36.667,22.57,243.8,46.6,16.9,2,Critique
2024-12-04,Chenini,33.899,10.044,1,respiratoire,0.942,0.879,16.042,53.917,36.667,22.57,243.8,46.6,16.9,2,Critique
2024-12-04,El Akarit,33.849,10.143,9,dermatologique,0.942,0.879,16.042,53.917,36.667,22.57,243.8,46.6,16.9,3,Urgence
2024-12-04,Oudhref,33.83,10.087,2,respiratoire,0.942,0.879,16.042,53.917,36.667,22.57,243.8,46.6,16.9,2,Critique
2024-12-04,Bab Bhar,33.891,10.118,2,dermatologique,0.942,0.879,16.042,53.917,36.667,22.57,243.8,46.6,16.9,2,Critique
2024-12-04,Jara,33.905,10.071,3,respiratoire,0.942,0.879,16.042,53.917,36.667,22.57,243.8,46.6,16.9,2,Critique
2024-12-05,Bou Chemma,33.882,10.098,2,respiratoire,0.917,1.417,5.612,10.7,4.583,19.14,302.1,58.1,14.9,0,Normal
2024-12-05,Chatt,33.876,10.105,3,respiratoire,0.917,1.417,5.612,10.7,4.583,19.14,302.1,58.1,14.9,1,Vigilance
2024-12-05,Metouia,33.971,10.001,2,respiratoire,0.917,1.417,5.612,10.7,4.583,19.14,302.1,58.1,14.9,0,Normal
2024-12-05,Chenini,33.899,10.044,2,respiratoire,0.917,1.417,5.612,10.7,4.583,19.14,302.1,58.1,14.9,0,Normal
2024-12-05,El Akarit,33.849,10.143,4,respiratoire,0.917,1.417,5.612,10.7,4.583,19.14,302.1,58.1,14.9,1,Vigilance
2024-12-05,Oudhref,33.83,10.087,1,digestif,0.917,1.417,5.612,10.7,4.583,19.14,302.1,58.1,14.9,0,Normal
2024-12-05,Bab Bhar,33.891,10.118,0,respiratoire,0.917,1.417,5.612,10.7,4.583,19.14,302.1,58.1,14.9,0,Normal
2024-12-05,Jara,33.905,10.071,1,oculaire,0.917,1.417,5.612,10.7,4.583,19.14,302.1,58.1,14.9,0,Normal
2024-12-06,Bou Chemma,33.882,10.098,1,respiratoire,1.125,2.021,4.804,8.75,0.083,13.71,284.5,55.9,13.9,0,Normal
2024-12-06,Chatt,33.876,10.105,4,respiratoire,1.125,2.021,4.804,8.75,0.083,13.71,284.5,55.9,13.9,1,Vigilance
2024-12-06,Metouia,33.971,10.001,1,oculaire,1.125,2.021,4.804,8.75,0.083,13.71,284.5,55.9,13.9,0,Normal
2024-12-06,Chenini,33.899,10.044,1,respiratoire,1.125,2.021,4.804,8.75,0.083,13.71,284.5,55.9,13.9,0,Normal
2024-12-06,El Akarit,33.849,10.143,2,respiratoire,1.125,2.021,4.804,8.75,0.083,13.71,284.5,55.9,13.9,1,Vigilance
2024-12-06,Oudhref,33.83,10.087,0,oculaire,1.125,2.021,4.804,8.75,0.083,13.71,284.5,55.9,13.9,0,Normal
2024-12-06,Bab Bhar,33.891,10.118,1,oculaire,1.125,2.021,4.804,8.75,0.083,13.71,284.5,55.9,13.9,0,Normal
2024-12-06,Jara,33.905,10.071,0,oculaire,1.125,2.021,4.804,8.75,0.083,13.71,284.5,55.9,13.9,0,Normal
2024-12-07,Bou Chemma,33.882,10.098,5,dermatologique,1.104,1.317,9.287,21.088,12.25,21.37,252.7,52.9,15.8,2,Critique
2024-12-07,Chatt,33.876,10.105,2,respiratoire,1.104,1.317,9.287,21.088,12.25,21.37,252.7,52.9,15.8,1,Vigilance
2024-12-07,Metouia,33.971,10.001,2,respiratoire,1.104,1.317,9.287,21.088,12.25,21.37,252.7,52.9,15.8,1,Vigilance
2024-12-07,Chenini,33.899,10.044,0,respiratoire,1.104,1.317,9.287,21.088,12.25,21.37,252.7,52.9,15.8,1,Vigilance
2024-12-07,El Akarit,33.849,10.143,4,respiratoire,1.104,1.317,9.287,21.088,12.25,21.37,252.7,52.9,15.8,2,Critique
2024-12-07,Oudhref,33.83,10.087,0,respiratoire,1.104,1.317,9.287,21.088,12.25,21.37,252.7,52.9,15.8,1,Vigilance
2024-12-07,Bab Bhar,33.891,10.118,2,respiratoire,1.104,1.317,9.287,21.088,12.25,21.37,252.7,52.9,15.8,1,Vigilance
2024-12-07,Jara,33.905,10.071,1,respiratoire,1.104,1.317,9.287,21.088,12.25,21.37,252.7,52.9,15.8,1,Vigilance
2024-12-08,Bou Chemma,33.882,10.098,7,respiratoire,0.829,0.7,23.608,77.487,65.292,20.55,246.5,44.6,15.9,3,Urgence
2024-12-08,Chatt,33.876,10.105,12,dermatologique,0.829,0.7,23.608,77.487,65.292,20.55,246.5,44.6,15.9,3,Urgence
2024-12-08,Metouia,33.971,10.001,2,oculaire,0.829,0.7,23.608,77.487,65.292,20.55,246.5,44.6,15.9,2,Critique
2024-12-08,Chenini,33.899,10.044,4,respiratoire,0.829,0.7,23.608,77.487,65.292,20.55,246.5,44.6,15.9,2,Critique
2024-12-08,El Akarit,33.849,10.143,11,oculaire,0.829,0.7,23.608,77.487,65.292,20.55,246.5,44.6,15.9,3,Urgence
2024-12-08,Oudhref,33.83,10.087,2,digestif,0.829,0.7,23.608,77.487,65.292,20.55,246.5,44.6,15.9,2,Critique
2024-12-08,Bab Bhar,33.891,10.118,11,respiratoire,0.829,0.7,23.608,77.487,65.292,20.55,246.5,44.6,15.9,3,Urgence
2024-12-08,Jara,33.905,10.071,6,respiratoire,0.829,0.7,23.608,77.487,65.292,20.55,246.5,44.6,15.9,3,Urgence
2024-12-09,Bou Chemma,33.882,10.098,9,dermatologique,0.929,1.017,18.042,48.117,45.417,19.02,254.5,37.6,13.3,3,Urgence
2024-12-09,Chatt,33.876,10.105,7,respiratoire,0.929,1.017,18.042,48.117,45.417,19.02,254.5,37.6,13.3,2,Critique
2024-12-09,Metouia,33.971,10.001,3,oculaire,0.929,1.017,18.042,48.117,45.417,19.02,254.5,37.6,13.3,2,Critique
2024-12-09,Chenini,33.899,10.044,4,oculaire,0.929,1.017,18.042,48.117,45.417,19.02,254.5,37.6,13.3,2,Critique
2024-12-09,El Akarit,33.849,10.143,7,respiratoire,0.929,1.017,18.042,48.117,45.417,19.02,254.5,37.6,13.3,2,Critique
2024-12-09,Oudhref,33.83,10.087,1,oculaire,0.929,1.017,18.042,48.117,45.417,19.02,254.5,37.6,13.3,2,Critique
2024-12-09,Bab Bhar,33.891,10.118,3,respiratoire,0.929,1.017,18.042,48.117,45.417,19.02,254.5,37.6,13.3,2,Critique
2024-12-09,Jara,33.905,10.071,1,respiratoire,0.929,1.017,18.042,48.117,45.417,19.02,254.5,37.6,13.3,2,Critique
2024-12-10,Bou Chemma,33.882,10.098,2,respiratoire,1.6,2.104,4.938,10.058,1.333,12.05,249.2,36.1,12.9,1,Vigilance
2024-12-10,Chatt,33.876,10.105,2,respiratoire,1.6,2.104,4.938,10.058,1.333,12.05,249.2,36.1,12.9,1,Vigilance
2024-12-10,Metouia,33.971,10.001,0,digestif,1.6,2.104,4.938,10.058,1.333,12.05,249.2,36.1,12.9,1,Vigilance
2024-12-10,Chenini,33.899,10.044,0,digestif,1.6,2.104,4.938,10.058,1.333,12.05,249.2,36.1,12.9,1,Vigilance
2024-12-10,El Akarit,33.849,10.143,3,respiratoire,1.6,2.104,4.938,10.058,1.333,12.05,249.2,36.1,12.9,2,Critique
2024-12-10,Oudhref,33.83,10.087,0,respiratoire,1.6,2.104,4.938,10.058,1.333,12.05,249.2,36.1,12.9,1,Vigilance
2024-12-10,Bab Bhar,33.891,10.118,0,respiratoire,1.6,2.104,4.938,10.058,1.333,12.05,249.2,36.1,12.9,1,Vigilance
2024-12-10,Jara,33.905,10.071,0,respiratoire,1.6,2.104,4.938,10.058,1.333,12.05,249.2,36.1,12.9,1,Vigilance
2024-12-11,Bou Chemma,33.882,10.098,8,dermatologique,1.863,2.683,8.737,14.862,3.333,8.3,158.0,66.8,14.7,3,Urgence
2024-12-11,Chatt,33.876,10.105,11,respiratoire,1.863,2.683,8.737,14.862,3.333,8.3,158.0,66.8,14.7,3,Urgence
2024-12-11,Metouia,33.971,10.001,4,dermatologique,1.863,2.683,8.737,14.862,3.333,8.3,158.0,66.8,14.7,3,Urgence
2024-12-11,Chenini,33.899,10.044,3,respiratoire,1.863,2.683,8.737,14.862,3.333,8.3,158.0,66.8,14.7,3,Urgence
2024-12-11,El Akarit,33.849,10.143,9,respiratoire,1.863,2.683,8.737,14.862,3.333,8.3,158.0,66.8,14.7,3,Urgence
2024-12-11,Oudhref,33.83,10.087,4,respiratoire,1.863,2.683,8.737,14.862,3.333,8.3,158.0,66.8,14.7,3,Urgence
2024-12-11,Bab Bhar,33.891,10.118,8,respiratoire,1.863,2.683,8.737,14.862,3.333,8.3,158.0,66.8,14.7,3,Urgence
2024-12-11,Jara,33.905,10.071,3,respiratoire,1.863,2.683,8.737,14.862,3.333,8.3,158.0,66.8,14.7,3,Urgence
2024-12-12,Bou Chemma,33.882,10.098,7,oculaire,2.554,3.546,16.192,23.567,6.833,5.61,192.2,80.3,14.7,3,Urgence
2024-12-12,Chatt,33.876,10.105,4,respiratoire,2.554,3.546,16.192,23.567,6.833,5.61,192.2,80.3,14.7,3,Urgence
2024-12-12,Metouia,33.971,10.001,1,oculaire,2.554,3.546,16.192,23.567,6.833,5.61,192.2,80.3,14.7,3,Urgence
2024-12-12,Chenini,33.899,10.044,4,respiratoire,2.554,3.546,16.192,23.567,6.833,5.61,192.2,80.3,14.7,3,Urgence
2024-12-12,El Akarit,33.849,10.143,7,respiratoire,2.554,3.546,16.192,23.567,6.833,5.61,192.2,80.3,14.7,3,Urgence
2024-12-12,Oudhref,33.83,10.087,2,respiratoire,2.554,3.546,16.192,23.567,6.833,5.61,192.2,80.3,14.7,3,Urgence
2024-12-12,Bab Bhar,33.891,10.118,6,respiratoire,2.554,3.546,16.192,23.567,6.833,5.61,192.2,80.3,14.7,3,Urgence
2024-12-12,Jara,33.905,10.071,1,oculaire,2.554,3.546,16.192,23.567,6.833,5.61,192.2,80.3,14.7,3,Urgence
2024-12-13,Bou Chemma,33.882,10.098,4,respiratoire,2.488,3.054,10.883,20.958,12.417,9.68,267.4,46.2,15.6,3,Urgence
2024-12-13,Chatt,33.876,10.105,5,respiratoire,2.488,3.054,10.883,20.958,12.417,9.68,267.4,46.2,15.6,3,Urgence
2024-12-13,Metouia,33.971,10.001,2,respiratoire,2.488,3.054,10.883,20.958,12.417,9.68,267.4,46.2,15.6,3,Urgence
2024-12-13,Chenini,33.899,10.044,2,respiratoire,2.488,3.054,10.883,20.958,12.417,9.68,267.4,46.2,15.6,3,Urgence
2024-12-13,El Akarit,33.849,10.143,6,oculaire,2.488,3.054,10.883,20.958,12.417,9.68,267.4,46.2,15.6,3,Urgence
2024-12-13,Oudhref,33.83,10.087,1,oculaire,2.488,3.054,10.883,20.958,12.417,9.68,267.4,46.2,15.6,3,Urgence
2024-12-13,Bab Bhar,33.891,10.118,3,oculaire,2.488,3.054,10.883,20.958,12.417,9.68,267.4,46.2,15.6,3,Urgence
2024-12-13,Jara,33.905,10.071,1,respiratoire,2.488,3.054,10.883,20.958,12.417,9.68,267.4,46.2,15.6,3,Urgence
2024-12-14,Bou Chemma,33.882,10.098,4,oculaire,1.946,2.542,12.05,22.954,6.833,5.76,186.0,83.6,14.8,3,Urgence
2024-12-14,Chatt,33.876,10.105,6,oculaire,1.946,2.542,12.05,22.954,6.833,5.76,186.0,83.6,14.8,3,Urgence
2024-12-14,Metouia,33.971,10.001,2,respiratoire,1.946,2.542,12.05,22.954,6.833,5.76,186.0,83.6,14.8,2,Critique
2024-12-14,Chenini,33.899,10.044,1,respiratoire,1.946,2.542,12.05,22.954,6.833,5.76,186.0,83.6,14.8,2,Critique
2024-12-14,El Akarit,33.849,10.143,7,dermatologique,1.946,2.542,12.05,22.954,6.833,5.76,186.0,83.6,14.8,3,Urgence
2024-12-14,Oudhref,33.83,10.087,0,oculaire,1.946,2.542,12.05,22.954,6.833,5.76,186.0,83.6,14.8,2,Critique
2024-12-14,Bab Bhar,33.891,10.118,3,respiratoire,1.946,2.542,12.05,22.954,6.833,5.76,186.0,83.6,14.8,3,Urgence
2024-12-14,Jara,33.905,10.071,1,oculaire,1.946,2.542,12.05,22.954,6.833,5.76,186.0,83.6,14.8,2,Critique
2024-12-15,Bou Chemma,33.882,10.098,2,respiratoire,1.196,1.654,10.05,15.25,2.958,10.53,194.2,71.8,13.6,1,Vigilance
2024-12-15,Chatt,33.876,10.105,1,respiratoire,1.196,1.654,10.05,15.25,2.958,10.53,194.2,71.8,13.6,1,Vigilance
2024-12-15,Metouia,33.971,10.001,1,oculaire,1.196,1.654,10.05,15.25,2.958,10.53,194.2,71.8,13.6,1,Vigilance
2024-12-15,Chenini,33.899,10.044,0,oculaire,1.196,1.654,10.05,15.25,2.958,10.53,194.2,71.8,13.6,1,Vigilance
2024-12-15,El Akarit,33.849,10.143,2,respiratoire,1.196,1.654,10.05,15.25,2.958,10.53,194.2,71.8,13.6,1,Vigilance
2024-12-15,Oudhref,33.83,10.087,1,respiratoire,1.196,1.654,10.05,15.25,2.958,10.53,194.2,71.8,13.6,1,Vigilance
2024-12-15,Bab Bhar,33.891,10.118,0,respiratoire,1.196,1.654,10.05,15.25,2.958,10.53,194.2,71.8,13.6,1,Vigilance
2024-12-15,Jara,33.905,10.071,0,respiratoire,1.196,1.654,10.05,15.25,2.958,10.53,194.2,71.8,13.6,1,Vigilance
2024-12-16,Bou Chemma,33.882,10.098,3,oculaire,0.637,1.146,4.333,10.258,0.333,20.02,176.4,59.3,13.6,1,Vigilance
2024-12-16,Chatt,33.876,10.105,5,respiratoire,0.637,1.146,4.333,10.258,0.333,20.02,176.4,59.3,13.6,1,Vigilance
2024-12-16,Metouia,33.971,10.001,5,respiratoire,0.637,1.146,4.333,10.258,0.333,20.02,176.4,59.3,13.6,1,Vigilance
2024-12-16,Chenini,33.899,10.044,4,oculaire,0.637,1.146,4.333,10.258,0.333,20.02,176.4,59.3,13.6,1,Vigilance
2024-12-16,El Akarit,33.849,10.143,6,respiratoire,0.637,1.146,4.333,10.258,0.333,20.02,176.4,59.3,13.6,1,Vigilance
2024-12-16,Oudhref,33.83,10.087,3,dermatologique,0.637,1.146,4.333,10.258,0.333,20.02,176.4,59.3,13.6,1,Vigilance
2024-12-16,Bab Bhar,33.891,10.118,2,oculaire,0.637,1.146,4.333,10.258,0.333,20.02,176.4,59.3,13.6,1,Vigilance
2024-12-16,Jara,33.905,10.071,0,digestif,0.637,1.146,4.333,10.258,0.333,20.02,176.4,59.3,13.6,0,Normal
2024-12-17,Bou Chemma,33.882,10.098,0,oculaire,0.929,1.329,5.062,8.588,0.0,15.72,212.6,65.4,14.2,0,Normal
2024-12-17,Chatt,33.876,10.105,3,oculaire,0.929,1.329,5.062,8.588,0.0,15.72,212.6,65.4,14.2,1,Vigilance
2024-12-17,Metouia,33.971,10.001,0,respiratoire,0.929,1.329,5.062,8.588,0.0,15.72,212.6,65.4,14.2,0,Normal
2024-12-17,Chenini,33.899,10.044,2,oculaire,0.929,1.329,5.062,8.588,0.0,15.72,212.6,65.4,14.2,0,Normal
2024-12-17,El Akarit,33.849,10.143,4,oculaire,0.929,1.329,5.062,8.588,0.0,15.72,212.6,65.4,14.2,1,Vigilance
2024-12-17,Oudhref,33.83,10.087,1,respiratoire,0.929,1.329,5.062,8.588,0.0,15.72,212.6,65.4,14.2,0,Normal
2024-12-17,Bab Bhar,33.891,10.118,1,respiratoire,0.929,1.329,5.062,8.588,0.0,15.72,212.6,65.4,14.2,0,Normal
2024-12-17,Jara,33.905,10.071,1,digestif,0.929,1.329,5.062,8.588,0.0,15.72,212.6,65.4,14.2,0,Normal
2024-12-18,Bou Chemma,33.882,10.098,3,respiratoire,1.908,2.154,7.179,11.892,3.333,14.04,263.5,54.6,12.3,2,Critique
2024-12-18,Chatt,33.876,10.105,4,respiratoire,1.908,2.154,7.179,11.892,3.333,14.04,263.5,54.6,12.3,2,Critique
2024-12-18,Metouia,33.971,10.001,0,respiratoire,1.908,2.154,7.179,11.892,3.333,14.04,263.5,54.6,12.3,2,Critique
2024-12-18,Chenini,33.899,10.044,1,respiratoire,1.908,2.154,7.179,11.892,3.333,14.04,263.5,54.6,12.3,2,Critique
2024-12-18,El Akarit,33.849,10.143,2,respiratoire,1.908,2.154,7.179,11.892,3.333,14.04,263.5,54.6,12.3,2,Critique
2024-12-18,Oudhref,33.83,10.087,5,respiratoire,1.908,2.154,7.179,11.892,3.333,14.04,263.5,54.6,12.3,2,Critique
2024-12-18,Bab Bhar,33.891,10.118,1,respiratoire,1.908,2.154,7.179,11.892,3.333,14.04,263.5,54.6,12.3,2,Critique
2024-12-18,Jara,33.905,10.071,0,respiratoire,1.908,2.154,7.179,11.892,3.333,14.04,263.5,54.6,12.3,2,Critique
2024-12-19,Bou Chemma,33.882,10.098,3,oculaire,0.892,0.846,8.579,22.825,17.958,24.67,247.2,43.5,12.2,1,Vigilance
2024-12-19,Chatt,33.876,10.105,5,dermatologique,0.892,0.846,8.579,22.825,17.958,24.67,247.2,43.5,12.2,1,Vigilance
2024-12-19,Metouia,33.971,10.001,1,respiratoire,0.892,0.846,8.579,22.825,17.958,24.67,247.2,43.5,12.2,0,Normal
2024-12-19,Chenini,33.899,10.044,0,respiratoire,0.892,0.846,8.579,22.825,17.958,24.67,247.2,43.5,12.2,0,Normal
2024-12-19,El Akarit,33.849,10.143,3,dermatologique,0.892,0.846,8.579,22.825,17.958,24.67,247.2,43.5,12.2,1,Vigilance
2024-12-19,Oudhref,33.83,10.087,5,oculaire,0.892,0.846,8.579,22.825,17.958,24.67,247.2,43.5,12.2,1,Vigilance
2024-12-19,Bab Bhar,33.891,10.118,2,oculaire,0.892,0.846,8.579,22.825,17.958,24.67,247.2,43.5,12.2,1,Vigilance
2024-12-19,Jara,33.905,10.071,2,oculaire,0.892,0.846,8.579,22.825,17.958,24.67,247.2,43.5,12.2,1,Vigilance
2024-12-20,Bou Chemma,33.882,10.098,4,respiratoire,1.258,1.525,7.612,28.646,22.5,21.39,250.0,37.8,14.3,2,Critique
2024-12-20,Chatt,33.876,10.105,3,respiratoire,1.258,1.525,7.612,28.646,22.5,21.39,250.0,37.8,14.3,1,Vigilance
2024-12-20,Metouia,33.971,10.001,2,respiratoire,1.258,1.525,7.612,28.646,22.5,21.39,250.0,37.8,14.3,1,Vigilance
2024-12-20,Chenini,33.899,10.044,4,oculaire,1.258,1.525,7.612,28.646,22.5,21.39,250.0,37.8,14.3,2,Critique
2024-12-20,El Akarit,33.849,10.143,7,respiratoire,1.258,1.525,7.612,28.646,22.5,21.39,250.0,37.8,14.3,2,Critique
2024-12-20,Oudhref,33.83,10.087,3,respiratoire,1.258,1.525,7.612,28.646,22.5,21.39,250.0,37.8,14.3,1,Vigilance
2024-12-20,Bab Bhar,33.891,10.118,2,oculaire,1.258,1.525,7.612,28.646,22.5,21.39,250.0,37.8,14.3,1,Vigilance
2024-12-20,Jara,33.905,10.071,1,respiratoire,1.258,1.525,7.612,28.646,22.5,21.39,250.0,37.8,14.3,1,Vigilance
2024-12-21,Bou Chemma,33.882,10.098,1,respiratoire,1.238,1.667,4.854,11.3,0.0,7.13,248.1,51.2,13.1,1,Vigilance
2024-12-21,Chatt,33.876,10.105,2,dermatologique,1.238,1.667,4.854,11.3,0.0,7.13,248.1,51.2,13.1,1,Vigilance
2024-12-21,Metouia,33.971,10.001,0,respiratoire,1.238,1.667,4.854,11.3,0.0,7.13,248.1,51.2,13.1,0,Normal
2024-12-21,Chenini,33.899,10.044,0,respiratoire,1.238,1.667,4.854,11.3,0.0,7.13,248.1,51.2,13.1,0,Normal
2024-12-21,El Akarit,33.849,10.143,3,digestif,1.238,1.667,4.854,11.3,0.0,7.13,248.1,51.2,13.1,1,Vigilance
2024-12-21,Oudhref,33.83,10.087,1,oculaire,1.238,1.667,4.854,11.3,0.0,7.13,248.1,51.2,13.1,1,Vigilance
2024-12-21,Bab Bhar,33.891,10.118,0,respiratoire,1.238,1.667,4.854,11.3,0.0,7.13,248.1,51.2,13.1,0,Normal
2024-12-21,Jara,33.905,10.071,0,respiratoire,1.238,1.667,4.854,11.3,0.0,7.13,248.1,51.2,13.1,0,Normal
2024-12-22,Bou Chemma,33.882,10.098,1,respiratoire,1.196,1.3,4.987,9.058,0.917,14.12,275.7,48.4,12.9,1,Vigilance
2024-12-22,Chatt,33.876,10.105,1,dermatologique,1.196,1.3,4.987,9.058,0.917,14.12,275.7,48.4,12.9,1,Vigilance
2024-12-22,Metouia,33.971,10.001,1,digestif,1.196,1.3,4.987,9.058,0.917,14.12,275.7,48.4,12.9,1,Vigilance
2024-12-22,Chenini,33.899,10.044,1,respiratoire,1.196,1.3,4.987,9.058,0.917,14.12,275.7,48.4,12.9,1,Vigilance
2024-12-22,El Akarit,33.849,10.143,3,respiratoire,1.196,1.3,4.987,9.058,0.917,14.12,275.7,48.4,12.9,1,Vigilance
2024-12-22,Oudhref,33.83,10.087,1,oculaire,1.196,1.3,4.987,9.058,0.917,14.12,275.7,48.4,12.9,1,Vigilance
2024-12-22,Bab Bhar,33.891,10.118,1,oculaire,1.196,1.3,4.987,9.058,0.917,14.12,275.7,48.4,12.9,1,Vigilance
2024-12-22,Jara,33.905,10.071,0,dermatologique,1.196,1.3,4.987,9.058,0.917,14.12,275.7,48.4,12.9,0,Normal
2024-12-23,Bou Chemma,33.882,10.098,3,oculaire,1.054,1.15,7.4,40.529,27.75,23.89,267.7,45.0,12.3,1,Vigilance
2024-12-23,Chatt,33.876,10.105,8,oculaire,1.054,1.15,7.4,40.529,27.75,23.89,267.7,45.0,12.3,2,Critique
2024-12-23,Metouia,33.971,10.001,2,oculaire,1.054,1.15,7.4,40.529,27.75,23.89,267.7,45.0,12.3,1,Vigilance
2024-12-23,Chenini,33.899,10.044,2,respiratoire,1.054,1.15,7.4,40.529,27.75,23.89,267.7,45.0,12.3,1,Vigilance
2024-12-23,El Akarit,33.849,10.143,7,respiratoire,1.054,1.15,7.4,40.529,27.75,23.89,267.7,45.0,12.3,2,Critique
2024-12-23,Oudhref,33.83,10.087,3,dermatologique,1.054,1.15,7.4,40.529,27.75,23.89,267.7,45.0,12.3,1,Vigilance
2024-12-23,Bab Bhar,33.891,10.118,4,respiratoire,1.054,1.15,7.4,40.529,27.75,23.89,267.7,45.0,12.3,1,Vigilance
2024-12-23,Jara,33.905,10.071,0,respiratoire,1.054,1.15,7.4,40.529,27.75,23.89,267.7,45.0,12.3,0,Normal
2024-12-24,Bou Chemma,33.882,10.098,1,oculaire,0.808,1.363,3.725,12.171,5.292,22.6,295.6,42.8,12.5,0,Normal
2024-12-24,Chatt,33.876,10.105,0,dermatologique,0.808,1.363,3.725,12.171,5.292,22.6,295.6,42.8,12.5,0,Normal
2024-12-24,Metouia,33.971,10.001,1,respiratoire,0.808,1.363,3.725,12.171,5.292,22.6,295.6,42.8,12.5,0,Normal
2024-12-24,Chenini,33.899,10.044,1,respiratoire,0.808,1.363,3.725,12.171,5.292,22.6,295.6,42.8,12.5,0,Normal
2024-12-24,El Akarit,33.849,10.143,1,respiratoire,0.808,1.363,3.725,12.171,5.292,22.6,295.6,42.8,12.5,0,Normal
2024-12-24,Oudhref,33.83,10.087,0,respiratoire,0.808,1.363,3.725,12.171,5.292,22.6,295.6,42.8,12.5,0,Normal
2024-12-24,Bab Bhar,33.891,10.118,1,respiratoire,0.808,1.363,3.725,12.171,5.292,22.6,295.6,42.8,12.5,0,Normal
2024-12-24,Jara,33.905,10.071,2,digestif,0.808,1.363,3.725,12.171,5.292,22.6,295.6,42.8,12.5,0,Normal
2024-12-25,Bou Chemma,33.882,10.098,1,respiratoire,0.996,1.683,3.608,8.921,1.083,19.04,309.1,51.1,11.1,0,Normal
2024-12-25,Chatt,33.876,10.105,2,dermatologique,0.996,1.683,3.608,8.921,1.083,19.04,309.1,51.1,11.1,0,Normal
2024-12-25,Metouia,33.971,10.001,1,respiratoire,0.996,1.683,3.608,8.921,1.083,19.04,309.1,51.1,11.1,0,Normal
2024-12-25,Chenini,33.899,10.044,0,respiratoire,0.996,1.683,3.608,8.921,1.083,19.04,309.1,51.1,11.1,0,Normal
2024-12-25,El Akarit,33.849,10.143,3,oculaire,0.996,1.683,3.608,8.921,1.083,19.04,309.1,51.1,11.1,0,Normal
2024-12-25,Oudhref,33.83,10.087,0,respiratoire,0.996,1.683,3.608,8.921,1.083,19.04,309.1,51.1,11.1,0,Normal
2024-12-25,Bab Bhar,33.891,10.118,1,digestif,0.996,1.683,3.608,8.921,1.083,19.04,309.1,51.1,11.1,0,Normal
2024-12-25,Jara,33.905,10.071,2,respiratoire,0.996,1.683,3.608,8.921,1.083,19.04,309.1,51.1,11.1,0,Normal
2024-12-26,Bou Chemma,33.882,10.098,0,respiratoire,1.338,2.125,5.129,9.417,0.208,14.58,290.5,51.8,11.6,1,Vigilance
2024-12-26,Chatt,33.876,10.105,5,oculaire,1.338,2.125,5.129,9.417,0.208,14.58,290.5,51.8,11.6,2,Critique
2024-12-26,Metouia,33.971,10.001,1,dermatologique,1.338,2.125,5.129,9.417,0.208,14.58,290.5,51.8,11.6,1,Vigilance
2024-12-26,Chenini,33.899,10.044,3,respiratoire,1.338,2.125,5.129,9.417,0.208,14.58,290.5,51.8,11.6,1,Vigilance
2024-12-26,El Akarit,33.849,10.143,1,respiratoire,1.338,2.125,5.129,9.417,0.208,14.58,290.5,51.8,11.6,1,Vigilance
2024-12-26,Oudhref,33.83,10.087,0,respiratoire,1.338,2.125,5.129,9.417,0.208,14.58,290.5,51.8,11.6,1,Vigilance
2024-12-26,Bab Bhar,33.891,10.118,0,respiratoire,1.338,2.125,5.129,9.417,0.208,14.58,290.5,51.8,11.6,1,Vigilance
2024-12-26,Jara,33.905,10.071,1,respiratoire,1.338,2.125,5.129,9.417,0.208,14.58,290.5,51.8,11.6,1,Vigilance
2024-12-27,Bou Chemma,33.882,10.098,2,respiratoire,1.5,2.212,6.471,10.379,0.458,9.79,298.3,65.2,11.1,2,Critique
2024-12-27,Chatt,33.876,10.105,3,respiratoire,1.5,2.212,6.471,10.379,0.458,9.79,298.3,65.2,11.1,2,Critique
2024-12-27,Metouia,33.971,10.001,1,respiratoire,1.5,2.212,6.471,10.379,0.458,9.79,298.3,65.2,11.1,1,Vigilance
2024-12-27,Chenini,33.899,10.044,2,digestif,1.5,2.212,6.471,10.379,0.458,9.79,298.3,65.2,11.1,2,Critique
2024-12-27,El Akarit,33.849,10.143,1,respiratoire,1.5,2.212,6.471,10.379,0.458,9.79,298.3,65.2,11.1,1,Vigilance
2024-12-27,Oudhref,33.83,10.087,1,respiratoire,1.5,2.212,6.471,10.379,0.458,9.79,298.3,65.2,11.1,1,Vigilance
2024-12-27,Bab Bhar,33.891,10.118,1,respiratoire,1.5,2.212,6.471,10.379,0.458,9.79,298.3,65.2,11.1,1,Vigilance
2024-12-27,Jara,33.905,10.071,1,respiratoire,1.5,2.212,6.471,10.379,0.458,9.79,298.3,65.2,11.1,1,Vigilance
2024-12-28,Bou Chemma,33.882,10.098,2,respiratoire,1.225,1.783,6.867,10.362,1.333,9.31,217.6,76.0,11.9,1,Vigilance
2024-12-28,Chatt,33.876,10.105,1,respiratoire,1.225,1.783,6.867,10.362,1.333,9.31,217.6,76.0,11.9,1,Vigilance
2024-12-28,Metouia,33.971,10.001,1,respiratoire,1.225,1.783,6.867,10.362,1.333,9.31,217.6,76.0,11.9,1,Vigilance
2024-12-28,Chenini,33.899,10.044,1,respiratoire,1.225,1.783,6.867,10.362,1.333,9.31,217.6,76.0,11.9,1,Vigilance
2024-12-28,El Akarit,33.849,10.143,0,respiratoire,1.225,1.783,6.867,10.362,1.333,9.31,217.6,76.0,11.9,1,Vigilance
2024-12-28,Oudhref,33.83,10.087,2,respiratoire,1.225,1.783,6.867,10.362,1.333,9.31,217.6,76.0,11.9,1,Vigilance
2024-12-28,Bab Bhar,33.891,10.118,2,respiratoire,1.225,1.783,6.867,10.362,1.333,9.31,217.6,76.0,11.9,1,Vigilance
2024-12-28,Jara,33.905,10.071,0,respiratoire,1.225,1.783,6.867,10.362,1.333,9.31,217.6,76.0,11.9,1,Vigilance
2024-12-29,Bou Chemma,33.882,10.098,2,oculaire,1.504,1.921,9.1,12.2,1.917,6.97,209.6,71.6,11.7,2,Critique
2024-12-29,Chatt,33.876,10.105,7,respiratoire,1.504,1.921,9.1,12.2,1.917,6.97,209.6,71.6,11.7,2,Critique
2024-12-29,Metouia,33.971,10.001,2,oculaire,1.504,1.921,9.1,12.2,1.917,6.97,209.6,71.6,11.7,2,Critique
2024-12-29,Chenini,33.899,10.044,1,respiratoire,1.504,1.921,9.1,12.2,1.917,6.97,209.6,71.6,11.7,2,Critique
2024-12-29,El Akarit,33.849,10.143,3,respiratoire,1.504,1.921,9.1,12.2,1.917,6.97,209.6,71.6,11.7,2,Critique
2024-12-29,Oudhref,33.83,10.087,0,respiratoire,1.504,1.921,9.1,12.2,1.917,6.97,209.6,71.6,11.7,1,Vigilance
2024-12-29,Bab Bhar,33.891,10.118,1,respiratoire,1.504,1.921,9.1,12.2,1.917,6.97,209.6,71.6,11.7,2,Critique
2024-12-29,Jara,33.905,10.071,3,respiratoire,1.504,1.921,9.1,12.2,1.917,6.97,209.6,71.6,11.7,2,Critique
2024-12-30,Bou Chemma,33.882,10.098,3,oculaire,1.308,1.808,8.446,12.263,1.0,8.4,181.2,84.9,12.1,2,Critique
2024-12-30,Chatt,33.876,10.105,5,oculaire,1.308,1.808,8.446,12.263,1.0,8.4,181.2,84.9,12.1,2,Critique
2024-12-30,Metouia,33.971,10.001,0,respiratoire,1.308,1.808,8.446,12.263,1.0,8.4,181.2,84.9,12.1,1,Vigilance
2024-12-30,Chenini,33.899,10.044,0,respiratoire,1.308,1.808,8.446,12.263,1.0,8.4,181.2,84.9,12.1,1,Vigilance
2024-12-30,El Akarit,33.849,10.143,1,oculaire,1.308,1.808,8.446,12.263,1.0,8.4,181.2,84.9,12.1,1,Vigilance
2024-12-30,Oudhref,33.83,10.087,1,respiratoire,1.308,1.808,8.446,12.263,1.0,8.4,181.2,84.9,12.1,1,Vigilance
2024-12-30,Bab Bhar,33.891,10.118,1,oculaire,1.308,1.808,8.446,12.263,1.0,8.4,181.2,84.9,12.1,1,Vigilance
2024-12-30,Jara,33.905,10.071,2,oculaire,1.308,1.808,8.446,12.263,1.0,8.4,181.2,84.9,12.1,1,Vigilance
2024-12-31,Bou Chemma,33.882,10.098,10,respiratoire,2.529,2.133,9.833,14.088,0.542,9.67,162.0,84.2,12.9,3,Urgence
2024-12-31,Chatt,33.876,10.105,19,digestif,2.529,2.133,9.833,14.088,0.542,9.67,162.0,84.2,12.9,3,Urgence
2024-12-31,Metouia,33.971,10.001,2,respiratoire,2.529,2.133,9.833,14.088,0.542,9.67,162.0,84.2,12.9,3,Urgence
2024-12-31,Chenini,33.899,10.044,4,oculaire,2.529,2.133,9.833,14.088,0.542,9.67,162.0,84.2,12.9,3,Urgence
2024-12-31,El Akarit,33.849,10.143,15,oculaire,2.529,2.133,9.833,14.088,0.542,9.67,162.0,84.2,12.9,3,Urgence
2024-12-31,Oudhref,33.83,10.087,6,oculaire,2.529,2.133,9.833,14.088,0.542,9.67,162.0,84.2,12.9,3,Urgence
2024-12-31,Bab Bhar,33.891,10.118,6,oculaire,2.529,2.133,9.833,14.088,0.542,9.67,162.0,84.2,12.9,3,Urgence
2024-12-31,Jara,33.905,10.071,2,respiratoire,2.529,2.133,9.833,14.088,0.542,9.67,162.0,84.2,12.9,3,Urgence
