pH,Calcium,Magnesium,CEC,Cadmium,Lead,Rainfall,Soil_Type,Crop,Recommended_Dosage_T_ha,Yield_Gain_percent,Contamination_Risk,Risk_Class
7.561810178271044,603.6217965253388,212.0642385194555,23.271560228053897,0.03306100975516874,15.49043706814255,196.85360026743075,loamy,olive,2.7698932773001776,22.683810783190925,1.0,1
8.426071459614874,678.0088383148234,93.09659052629155,15.50720963638996,0.004921595918530895,22.655656402865233,160.3627741385473,loamy,date_palm,2.1922530990949785,18.674119443319313,0.7023173147628664,0
8.097990912717108,350.2807392754994,268.0986408387037,19.498205436721687,0.012874160761233211,17.317336639033662,170.78636648718813,clay,olive,2.2379482132408914,18.29526138186157,0.7184950012584428,0
7.897987726295555,574.9244597641994,203.27905976731037,13.720965959451757,0.03891028797748329,3.4157749102420953,207.5087174022176,loamy,barley,1.6777850435928752,9.559705977224853,0.7861926213545213,0
7.234027960663655,543.0475898862492,89.30097088923856,17.600691550848765,0.026905606830262167,6.381826866723107,231.4459044500191,sandy,tomato,3.945523812197824,25.782152753898803,0.8468625447642206,0
7.233991780504304,699.6982260729626,290.5845143703017,11.811518748422374,0.04647048402756519,7.360517336896655,140.83282012596635,sandy,tomato,2.5155025446965116,13.440167450569799,1.0,1
7.087125418252299,743.6522362887563,179.59136583383017,11.023180395708907,0.022008819008726362,8.478063355700503,151.3115193956606,clay,date_palm,2.483878876538919,15.104953015966732,0.698403862368019,0
8.299264218662403,207.29406288643207,68.22461296791374,16.564595723390276,0.04362080592488223,17.396698366564625,239.6109094543619,clay,date_palm,1.7931130769724255,13.315053900849232,1.0,1
7.901672517614813,604.4119514352756,206.7082261037668,14.962593483679607,0.02299881643643364,15.615007614936411,186.77676886141683,sandy,barley,2.2052925994566035,17.56469105592478,0.8337058068017611,0
8.062108866694068,231.10147947183742,113.29972675320255,16.59072738299962,0.04898316565639728,6.891641112562059,126.84427257025015,sandy,barley,1.4402831394132252,6.434567715655158,0.9878029582502583,1
7.030876741443704,529.3151990464136,250.9233629693256,10.73321162574046,0.04803188468854497,2.959090460214925,199.55427083685743,clay,date_palm,2.207067461283138,8.424665273157764,0.956225476435124,1
8.454864778242992,372.5796374262069,254.45551839154766,12.339156636339904,0.017127698572247937,5.971533929766824,248.61432333090696,sandy,tomato,2.732370264954691,15.32422267112703,0.5949357783754308,0
8.248663961200632,384.0659597132847,294.7368389636655,6.677959212578186,0.04441025985042336,29.547058065939495,223.51803467056,sandy,barley,1.2880182241246665,1.665399625325167,1.0,1
7.318508666017414,411.7751020714139,175.46738275612591,6.045527445444114,0.04253295733656681,14.587861543952696,211.8611704827104,clay,date_palm,1.8332285615544244,7.205561001154783,1.0,1
7.272737450810651,572.7754694297661,163.7392199319343,10.069142593460326,0.011323339469050578,26.15301963636126,131.2069981399404,loamy,barley,2.0839741166500105,14.515426584218137,0.8596284140949848,0
7.27510676478015,400.42997940126156,238.36890136162015,6.484937186610916,0.031590229638380214,25.613821533396454,231.42096770260108,sandy,barley,2.244879958606142,10.616515113932381,1.0,1
7.456363364439307,639.6194303541682,83.11766408548164,7.075494172694814,0.004561433463900928,15.834067166423337,178.86832653033196,loamy,olive,2.3625519221838847,13.118570650381464,0.5741069990616915,0
7.787134647448356,442.7164313443218,186.72887844828105,21.25856810787874,0.04199882530858962,21.493943545355762,233.39350331079334,loamy,barley,2.225517641006592,17.68404843158381,1.0,1
7.647917527963173,241.01192018597516,186.56190003271274,5.7774739403337865,0.00955274829167133,6.589808301968656,149.4741744137319,sandy,date_palm,2.403093352313194,13.65229431494585,0.4673348585994986,0
7.436843710297063,670.2559054904643,72.3682807025968,18.178855878694854,0.004469920367902461,20.96350444288034,109.30765789531492,loamy,barley,2.4285566399423097,19.653299449131882,0.6806034255715285,0
7.917779342083569,371.4549947556236,154.49602137672838,10.451154976308011,0.02061073568140175,8.899152798635395,171.39639529896192,clay,date_palm,1.8563743965562405,13.709730014963752,0.6356540429182334,0
7.209240790978063,459.66012775955755,263.3211996418005,22.430913614162527,0.029269184791382533,25.12980080587037,140.47564072268165,sandy,olive,3.095456691853059,21.276246548089787,1.0,1
7.438216972802827,611.2663299331409,264.03840549866504,14.69984569154999,0.04289093096942878,3.4279998601583874,207.28439346644473,sandy,olive,2.5100205111943854,18.261375880898406,0.9127256026401503,1
7.549542764940537,399.4736942892272,74.80941622992025,11.111529186556515,0.04873788375056509,23.421021513673047,243.56598292840485,loamy,tomato,2.3641557346460207,10.495971965052666,1.0,1
7.684104976325554,233.95139368802938,72.68022068695771,15.352778713788691,0.022535133115923322,3.8981702904899667,203.64612267273458,sandy,olive,2.7414106928120843,21.590548047009367,0.635303257973616,0
8.17776394208952,424.35262820768816,115.67386925048382,12.639160380905377,0.0039618992262782406,26.55448786993496,233.0400894563805,sandy,olive,2.7021009319390448,16.22050852560471,0.8066863203479964,0
7.299510673237539,766.6691496165821,268.69151563849834,16.286021293396605,0.03770666337226766,9.821931025915108,167.95360204018095,loamy,date_palm,2.5555062299462485,16.556243135624,0.966479069498017,1
7.771351657620418,585.0406383791349,82.22564626837473,7.290657366526965,0.028693489554972935,19.977407580086666,215.74611057929525,loamy,tomato,2.1902626532307616,9.713162919654824,1.0,1
7.888621853293063,602.8874892003241,229.99920065686157,24.939810056251023,0.022946675897378695,15.137566079988115,226.45651550075553,sandy,olive,3.2588401802968145,26.214589568208794,0.9076586744841879,1
7.069675619079996,579.3692921825839,75.2914049032758,13.511117553934351,0.016154175060817295,11.622791212607831,206.63134413753136,sandy,barley,2.9384997996990374,17.52506329827034,0.709848434140339,0
7.911317277852158,319.3952833756621,205.78446343695634,11.964612794147374,0.02561752786433325,19.7178131623214,176.1665929104347,clay,tomato,2.04876642315915,13.049666828309546,0.9425204950641587,1
7.255786185530937,451.00031846136807,139.0168247797862,19.2041969663253,0.017595300618394517,28.4781664359859,193.87991644230522,clay,olive,2.9151164393984046,19.196646929599552,1.0,1
7.0975773894779195,650.563879017991,247.22849074146674,12.27798812990665,0.03809358151962065,2.196822673864034,205.07604935183204,sandy,tomato,3.2665511910945724,19.309043402806687,0.8766642715591564,0
8.42332830588,260.8237385318955,108.4226122063409,21.66548610057515,0.027650791128139413,27.646732820610023,137.96266048321402,sandy,olive,2.0980640011837903,15.07993281205679,1.0,1
8.448448049611839,366.71166565382737,209.80045734748995,14.085414487208505,0.04396554093355149,18.66336799560939,221.4368891372477,clay,date_palm,1.3906640622140725,11.557761702083953,1.0,1
8.212596022174692,365.79146507951214,108.92063364397123,19.3911682653087,0.027633651817822662,24.412114722302515,242.54868084509098,loamy,tomato,2.8241563752573247,17.121889786705058,1.0,1
7.456920653760056,459.2113565567036,228.41507077803846,7.149064328837731,0.012674858253656572,12.132373649594049,169.7858972769904,sandy,tomato,2.9506075896408466,13.653922017717374,0.6688189539679973,0
7.146508171009576,788.221244565311,268.4195086401872,21.922383711102235,0.042703502229375086,14.683446270290798,205.1600774664816,clay,olive,2.7198668286033794,20.001041560678452,1.0,1
8.026349539768235,240.50152801029316,81.70044978169001,19.714359735562198,0.028303733201572156,26.196671802233755,210.5538858685531,clay,tomato,2.6381720611565593,17.062943599323418,1.0,1
7.660228740609402,511.22059662835704,266.64892214887584,9.234335569239313,0.0111352108690345,13.03059112448487,199.33713212822204,sandy,olive,2.5998585849272566,15.565031438529486,0.6356286723193953,0
7.183057352267168,307.61880920732625,198.39381360357447,7.905720194915733,0.03155188268785489,16.505127435723466,182.06726624929533,sandy,barley,2.1664764066335294,10.19499953467701,0.976698901562975,1
7.742765365166905,782.4059272458464,81.77762271675599,11.325846974512487,0.01852812148217895,1.5856527694456544,232.24719318622158,clay,tomato,2.671214475149705,13.408382483030241,0.5233320356335738,0
7.051582781672828,267.98210283647853,156.885463839928,24.521411720638085,0.04237587500231123,5.599342169303227,167.33900639033416,sandy,tomato,3.8630352117665625,24.732165918580243,1.0,1
8.363980603118174,442.1606014169547,90.21507337127447,10.136631491341173,0.0232116871936806,19.608908731269192,109.16544347299053,loamy,date_palm,1.208467568524999,10.305653509738008,0.8370308880125927,0
7.388169972400025,642.7309909007637,225.08697221664238,14.122544178932666,0.03659562654726342,21.792330130852438,226.68345635682402,sandy,date_palm,3.012153566020271,19.05649685355921,1.0,1
7.993783426530973,622.7326568164672,239.7170336044874,5.600404514346726,0.005681274174175621,17.895427166750483,201.0971908474826,clay,tomato,2.139429600467911,12.832767915912534,0.6142820239850768,0
7.467566614134117,453.63718213635934,76.44913006819974,12.944550591324651,0.020405192968814965,5.15599105199271,227.38879397494696,clay,date_palm,2.7296058401376837,19.009866726407,0.6275661827830933,0
7.780102031766717,407.91450077163097,176.53496317366108,16.426400308662053,0.049178830387147536,13.91675742875721,120.78211636670414,sandy,tomato,2.1382036406363034,10.22465811854323,1.0,1
7.820065419014919,438.56742713172235,253.6562640064793,24.062492250159302,0.04061455418438027,11.297748224532505,104.61294107645745,clay,olive,1.8484708214923045,14.154986931277206,0.9830509429757385,1
7.27728168328829,358.56575789518354,284.0407603877491,15.334720898801288,0.008837099315979504,15.37417897701756,240.1561810573752,loamy,tomato,3.866756191517677,25.375569266971368,0.749380564601458,0
8.454376941646839,323.1997632240799,178.3794666854425,21.382146523553757,0.014610438424385499,26.239542002068735,122.15924587758614,sandy,tomato,2.68561763879517,20.259073307324577,0.9587968275107707,1
8.162699235041671,489.823818535334,287.5698059028517,15.94255285137801,0.017160974633961695,23.499981721100905,221.4478498105678,sandy,barley,2.331372185480654,15.824137943605187,0.9139240287698958,1
8.409248412346283,361.1202536405644,183.92224261400744,5.815700268710362,0.03286791246427684,3.4356955402856095,223.48149132709537,clay,date_palm,1.1347517429550888,2.311960111189716,0.6525127372062718,0
8.342241025641473,372.4769989383501,148.54762364997697,11.30016550379548,0.038092743214993126,26.818966735462364,206.30578008235045,loamy,date_palm,1.511280260409085,4.104510404778881,1.0,1
7.896849968216628,594.0536380847343,262.0507821382239,16.510990156622064,0.03772680383158758,14.681247383344884,119.68933166393064,sandy,barley,1.725381014860731,13.094353603692992,0.9975574863295698,1
8.382811352534675,781.1223990199353,173.24567761452226,24.011879318622487,0.02598382875901374,22.572002201693955,200.10979368412114,clay,olive,2.16533607032994,18.319492349701772,1.0,1
7.132738753077879,562.182320335625,167.97562764113076,22.182607195024666,0.04073020635406941,5.061137706666212,233.36298749902986,sandy,olive,3.3769762396529375,23.488900197287798,0.9823339486166004,1
7.293974293628718,246.18768023897977,172.57812235245706,9.567112283576954,0.02241682605511628,20.450866245504393,163.82974672013248,loamy,olive,2.2096595146099793,11.758987996652301,0.9220424769056303,1
7.067840933365807,245.3501683124402,261.69625046743636,9.40219660038327,0.007070147699482533,7.85345451067428,162.02752815678983,clay,barley,2.275734362512184,13.006979913110786,0.4451800547066983,0
7.4879954961448965,770.8539325073396,257.985385422013,9.023459342278015,0.028657650241036853,13.713046017087015,166.42874643691286,sandy,tomato,2.6520022691815086,14.01672599198833,0.9162858554918138,1
7.583015934534223,378.3744741844002,150.87999811005278,23.449977926050064,0.04766276784545423,1.4890232323810277,112.34078360143097,clay,olive,1.899034489033696,15.817286128268716,0.8966447414521297,1
7.4070235476608435,255.24019164948527,133.32496496763127,22.053323062034412,0.03985668891823306,5.396708499983805,233.80383535449602,clay,olive,2.719465944001209,17.9700856230212,0.9233417792932688,1
8.243106263727894,559.4267522902289,172.9820060097823,20.497668645058976,0.02935633173691988,3.6703343005849733,230.37742959707654,loamy,barley,2.070122058871388,17.217614947345513,0.6793614267752086,0
7.535129990040383,574.1892669741596,193.19312743427724,12.854702284484551,0.03269347735710575,7.952581015209495,249.68639826854294,loamy,date_palm,2.6815146481611025,13.267490407702583,0.8639749525136644,0
7.421401764531071,589.1028920712129,109.58430265699924,15.087614085975336,0.046597539324743066,3.9005246107053457,187.777471224762,sandy,barley,2.1375648028463505,11.740221449807848,0.947978766312961,1
7.814044124737372,360.4412167145248,248.48877117889765,14.286634895903056,0.021988796927313065,21.065390771967294,212.67874546770787,clay,date_palm,2.39753864103222,15.363239182634953,0.9429428606316195,1
7.211386337462144,209.06641052868503,171.62069143310572,10.067962151187453,0.017238312808189233,1.8421571640673617,130.4007859460957,clay,olive,2.092206332668226,15.217165130841028,0.4627943420176438,0
8.20329547113106,779.0092216726831,133.5113871049899,15.100560922975339,0.048884836685022005,18.91447451812494,200.12932273362543,clay,olive,1.3163471584413593,8.148731288926548,1.0,1
7.111825965519656,350.5358274146615,76.70524824099766,5.60993095705509,0.04330871354200634,5.080527093941654,197.4599273136086,sandy,tomato,2.6019125408825956,14.41481876962277,0.9593942482795359,1
8.480330404900776,605.6157728315285,109.71129010090173,7.636207469949183,0.016829135646311517,28.40968225815901,235.18131037624187,loamy,tomato,1.9358783558775705,8.35559160284141,0.9755009483280586,1
8.158367153944987,623.9779219272257,287.3202929389959,22.73179192337893,0.02372524927068522,28.059728120185774,224.61890842586112,loamy,date_palm,2.8443836838585823,21.20194807039852,1.0,1
7.298073522301259,566.0044502476915,126.27492170488165,20.033595340628466,0.021338828321382154,7.5395899731079155,240.76996939266448,clay,olive,3.090630183132381,21.691502298135966,0.7181246389334811,0
7.008283175685404,387.74443652818894,92.21482234175883,13.457368181181742,0.008305688254900263,18.818217648467854,230.32502090524113,sandy,olive,3.586326889750782,23.724199290910317,0.7878558279729236,0
8.223192142682251,362.6577522584395,165.16819791374832,15.343007245677544,0.0479331468668497,1.8121542647012947,230.3040842348278,clay,barley,1.3363957839887972,6.399147258632253,0.8621519510158752,0
8.060286015771425,558.6009696216219,126.77193584006217,12.399977719199548,0.020811309129768182,28.02186774848405,109.55849900330774,loamy,olive,1.527336162956008,13.884433668304714,0.9947938849526843,1
8.09351075206148,719.6573801670149,58.789812567798535,19.815597343213447,0.0438911250492575,16.16663193755958,226.89429290439338,clay,olive,1.9207762024804398,13.16693532770535,1.0,1
8.156905520028918,768.0402373540373,130.7863043198543,20.68374358464159,0.01027845515635259,2.253471391115591,191.12175917546773,clay,barley,2.1739859026250827,15.941446405476954,0.3731651273776073,0
7.111066977601135,263.54348264225456,186.02715598486714,20.265703804063183,0.02784566972122377,10.932499797235984,157.0666677648942,clay,barley,2.4349577315065907,17.46445322620861,0.8311316602836034,0
7.537698592816409,292.8971675586319,187.92809300499172,19.45223449668899,0.0021741078710892214,3.228634393975792,108.47719365820934,loamy,olive,2.7358790064174747,20.61655499789382,0.31605462645925214,0
7.173803589287695,766.8417552698478,139.13973029422218,9.090086773855916,0.03844680370827312,12.395388741827436,201.651066215207,sandy,tomato,2.9348179102941265,20.031914174680345,1.0,1
8.29465513881339,641.9211370008755,161.82568906315015,11.759399584809575,0.029464781014067642,20.42786392267837,149.2302625806426,clay,tomato,1.4120346679916673,10.91734227152543,0.9634917671039154,1
7.934947190241337,729.7962948978638,291.3794795586916,14.3969086996735,0.03165388959001788,14.626807333201748,170.1664397479052,loamy,olive,1.8336111767265089,11.860753115916589,0.9140333846524239,1
7.496347037278974,321.5795804812059,144.3371193075779,11.615859828553113,0.0035343232451780196,12.12794306686418,202.25926555827016,clay,tomato,3.1085805873333583,19.611981173171827,0.5442601570016226,0
7.095337525429035,552.5515226656412,114.55670331499574,20.098804003166578,0.011340878180222155,4.455554320673479,236.76618205362143,sandy,barley,3.498004409859387,26.297569557504282,0.5390646119055529,0
7.466473482573493,620.6837566504842,110.86676101669002,11.587070484999094,0.004642212745325428,8.103232325116032,223.81553734074976,clay,tomato,3.23793464980607,22.35800448915387,0.49073260966668764,0
7.48777498304012,608.0671312681836,164.44115317603354,7.764641735706743,0.015156801474386777,3.9041553444121826,167.58956936553997,sandy,olive,2.410470335050272,7.819428383454083,0.4982727558080671,0
8.094409267507096,444.89101452001887,239.880037179236,12.980809040966081,0.0317445113764254,24.41746321804316,158.16747361695684,loamy,tomato,1.8711219228102767,12.659468402261943,1.0,1
7.95633620703282,209.23693501478508,101.4970460471183,24.598288655647607,0.028743113231551386,4.921955011556954,135.96696082660714,sandy,olive,2.6158008932146086,20.099941693134202,0.7388498701615787,0
8.33081911386449,549.7556340825579,227.324031785192,9.517628258671518,0.030995341259056126,18.26582762991791,155.86401267639525,sandy,tomato,1.7589787711554632,6.880123389766356,0.9709649731766371,1
7.708322387742924,351.8609235077653,55.287455837354074,17.24317317886458,0.027913312297516823,10.93947199407653,116.65695809378474,loamy,olive,1.992951025056123,15.831121446323117,0.7969252063487728,0
7.179391368907453,470.1525476857342,154.73324449598653,13.659460996794126,0.01437841098811711,7.553373155000322,245.66582625471318,sandy,olive,3.416815476192909,25.602396707987015,0.6400888660171957,0
8.069867180834493,774.5486090502903,243.9662663006967,6.420491352986533,0.012980867369876838,19.54458474527101,186.08761659393684,sandy,tomato,2.400187766500494,14.38464053036496,0.7776197267736124,0
8.141177572925347,439.42119058546086,134.68323894360785,14.75753211996119,0.007715924493292482,14.253066971931279,119.17087641928194,loamy,tomato,2.2968549133055443,18.81655184969668,0.5845485999024564,0
7.841915796354244,703.8809639986561,190.93427536134988,19.04328657296625,0.042604472870271116,12.604218551252215,152.92090138988587,sandy,barley,1.963421646154728,16.782213756861832,1.0,1
8.15645076993184,313.1243634495507,101.2448082064777,15.264399516556376,0.031207488568520982,18.192708141874427,182.0558715430984,sandy,date_palm,2.284516235532281,12.747067825991753,1.0,1
7.740693394546586,603.4762988150173,235.49884778154308,22.442121274931623,0.010139039612698929,15.24676122621002,179.93284549613043,clay,olive,2.800855996085302,18.25208163879543,0.6810892984015086,0
7.784099244072991,786.2041726633661,63.06977581718991,10.778740333151653,0.009683259611240738,9.801042047995262,105.32550530779486,sandy,olive,2.1524073590448665,15.418939093979924,0.5134623238521057,0
7.641311527537825,261.13586052376206,263.1356612188751,6.724983426079298,0.0437787444747807,17.212777345192297,242.6261551343667,sandy,olive,2.0280056697107174,7.956924198624335,1.0,1
7.038128690116142,204.99196533631522,99.54909660541703,23.73131223316012,0.03739381232440265,20.415458719970143,141.3063522212417,sandy,olive,3.1520312965148483,18.76495323865494,1.0,1
7.161837140489957,460.1496755795686,268.5995079270827,12.56392699056438,0.0333105549153632,1.774101599018774,102.42770033978368,loamy,tomato,2.364351972520262,13.359935295019156,0.7242885135124445,0
7.047143778530101,255.5752898308203,138.1323103251293,16.52811102907267,0.02093634126942569,14.510280138322585,111.46660134254238,sandy,tomato,3.471093384293373,23.328171953734604,0.8819381925513068,1
7.954615616895671,649.0306098057388,230.67089361862165,20.84006252260392,0.013836802649647359,2.6728152529227693,187.02923548719656,loamy,date_palm,2.909633520511008,21.20256901710315,0.49377902644404637,0
7.47153397161449,748.7291983091353,129.80632444654714,11.48627327751161,0.04899308739252837,6.405757007975221,120.66782810126453,loamy,olive,1.4354266120148598,5.298678370356032,0.9778455800086188,1
7.7628560367470545,460.4125836252553,276.4779178086619,19.323290763552222,0.04006473917611721,17.25475328826122,106.25871892802549,sandy,date_palm,2.2870225702866005,14.71094111864915,1.0,1
8.36134971088914,355.22698529326453,81.6592813795936,7.708376996356561,0.01578718193367755,26.11947854270184,156.9439699619067,sandy,barley,1.4781591559854574,8.856475454499467,0.8774500323380366,0
7.373938343723313,460.64199140396585,94.62994731814968,10.825874944110105,0.04253067501764624,26.60136469646606,193.41417885102828,sandy,date_palm,2.49354513712719,8.686043636263207,1.0,1
7.615574384553445,634.0686907100006,173.25753128970058,7.894212722730398,0.038187665482119396,3.028376294020307,116.77597072624185,sandy,date_palm,1.7614517796808786,7.860627532943227,0.7742986504866674,0
8.133326707814573,205.4324969482226,70.48460975953654,21.224611168027156,0.015556946944021922,13.154047502314492,146.99917482269734,sandy,barley,2.3316050151567165,15.903493904302467,0.682963555419156,0
7.343197248237434,553.6723936908184,98.99504617544048,9.452984704535707,0.021901089857840346,17.907188007131985,162.66410074368133,sandy,barley,2.2211279912194155,14.014776756169518,0.8643503473077981,0
7.115469864743189,567.9750109324275,285.9415955530036,19.348071108104207,0.010111718824160305,5.265027231959959,123.91901466801508,sandy,date_palm,3.6144559787034276,21.678251303169233,0.546132805297878,0
7.434627179370652,582.6129481375613,294.1224152869718,23.865967944913052,0.006441569774527358,23.19753428559838,175.91108477000654,loamy,barley,3.0014823254019722,25.935026236624218,0.8006928183620357,0
7.241831930881006,345.2132479885263,144.06483233260548,15.55544418137754,0.03641533960914514,22.582822494679924,112.78211303526564,clay,date_palm,2.1180113670884,12.352370408650621,1.0,1
8.39454647851386,628.431634026876,280.8215052534839,15.800583845213755,0.014108081010339463,27.196889397497046,106.9777744517603,loamy,tomato,1.9021501199444995,13.334224623230028,0.9077310127005929,1
8.212180569346625,254.83489179906584,186.20616891835795,14.22067136195624,0.04118290892156643,1.2460943504198476,177.97530507327022,sandy,tomato,2.0996570078101158,12.657171886280375,0.8106380814567027,0
7.950105634765635,319.56220188008047,117.43561646844176,11.517802867872856,0.049784826864206884,7.283843075681077,137.18454591263134,clay,date_palm,1.0683308421927704,3.2382237812455203,0.9779157318521464,1
8.307190885281576,726.4820279926892,225.59968027014966,14.513100618498342,0.004754370882552785,24.98841471311433,114.30607118470412,clay,barley,1.4863286404413942,13.318937869611158,0.6899901487358899,0
8.205508115348671,643.2338904359399,214.7254516437143,17.056150645335187,0.024178721129101317,20.446821473981128,163.58688812314483,sandy,barley,1.9739903080273848,12.810322135984126,0.9295364710583331,1
7.279855088329054,208.24733240680715,297.2813297771834,24.719831443413188,0.04030106540622935,26.937305757256233,237.27111092760921,sandy,tomato,4.127568074946008,25.382197386822842,1.0,1
8.338838497734967,349.0257562218801,116.26182185232082,23.755291186364484,0.039658593930520444,2.658209981377729,208.62886699812324,loamy,tomato,2.5250629552489237,18.972280196396635,0.8500481450052753,0
7.809013362873476,328.64388979589876,218.01487566543386,22.243059165862434,0.038239860758217455,18.31195500577684,222.34238730205414,clay,barley,2.145858822898998,13.525370237549451,1.0,1
8.211160232746094,362.48379682218354,63.005938757361726,22.782610714097167,0.01810075182979364,17.502350671916552,230.78709831379547,clay,barley,2.285954020459853,16.204064601434055,0.8044346125220239,0
8.34413694988524,348.53586216793184,78.41150967417985,14.35698366584086,0.023238809528567564,2.034558074455439,245.89416120946285,sandy,barley,2.115723667966401,14.493981868132277,0.5585311978549343,0
7.4770052124577955,237.51577744570744,50.979593737773314,18.148886543549295,0.030153449509732044,15.892140230462022,214.48698602712597,sandy,barley,2.679025466328939,17.585537293112438,0.9844665845615361,1
7.165077886791515,475.3643099580922,299.8651702649183,22.901334458724282,0.04872308859508961,18.676089027987803,191.26118829092195,clay,date_palm,2.8312481204073694,18.781851015636384,1.0,1
7.341902743812913,639.6400848716991,250.56842428686943,12.85901529982706,0.017049816275986153,6.54750205186111,154.8138820453371,clay,barley,2.0529826268816307,14.358816100183203,0.5509358953275449,0
7.640661682939385,564.0390348304618,246.6807536833852,24.235249566909374,0.04623405049812603,8.926557910615225,127.24648548365741,sandy,tomato,2.943764454142585,19.904268155278032,1.0,1
8.227022148883739,603.7230011588479,177.43151882204492,13.31572124138366,0.014198488990844211,19.570073042634373,202.99898109749415,sandy,tomato,2.8180208172559373,19.212728931682868,0.8298204610958255,0
8.291095874884515,248.68950712174347,125.01677072635998,17.021653307864312,0.049464648808211525,14.580727480398792,249.2424979182913,sandy,olive,2.045342011991472,12.28377907623925,1.0,1
7.010428195796786,770.8944261060723,87.81607111566899,19.19609426544744,0.033842920654551994,25.882396069481477,170.10380269283786,loamy,barley,2.53537532969631,12.956414489854719,1.0,1
7.7661209538663485,703.0951003058149,121.16868471161591,24.011840261518767,0.023712062537569,10.929071214266463,208.55190521392115,loamy,date_palm,3.1859651207079014,19.667586265066404,0.8291395720054964,0
7.626116504723169,683.0541910973976,143.99280548228478,9.89232548104532,0.03105613097511664,8.733130093257834,174.2638674989734,sandy,olive,2.1428430430767182,15.421430670774221,0.8119320099380438,0
7.333161715706096,693.7902830250605,239.0775242450735,19.922619564772845,0.014354027282970135,29.56111227000044,164.79001350452148,loamy,olive,2.965697323184699,21.362275447653342,1.0,1
7.179798051000525,759.6263048796568,184.9154472257881,15.416311722881645,0.014434519018061864,27.422937333772417,161.54584203398727,clay,date_palm,2.915197001619296,21.199541098877145,0.9981922920759201,1
7.506422757105442,526.5523796682187,69.37090663887068,10.37114281241282,0.006564172648331199,1.840789604970416,175.69370243975465,clay,olive,2.314315422292565,14.372209160340683,0.3204236156077815,0
8.41436455586878,320.1692107205755,54.50725223972806,20.532136795927812,0.006588464587564539,23.351129843890412,155.03434927980626,sandy,olive,2.5438390177083856,20.157173159368742,0.7693566871079471,0
7.484804398031133,570.0701647115247,75.58304488351578,16.04444560347693,0.018035915331976658,4.199708440930886,212.31599827327116,clay,tomato,3.1508218830126387,19.461566814714615,0.6065986494392787,0
7.778185932615049,645.7288962007634,152.62467842434484,18.219476412993515,0.03837991841692221,1.7970706500517575,231.1408039887275,clay,olive,2.2087254902927653,19.42528083789174,0.7883382284782895,0
8.054528438342768,642.7504360124153,283.2982292622546,11.45802137155802,0.030790587212309966,8.937169963024118,232.43279599677763,clay,date_palm,1.9142318440926516,11.581793892583754,0.7937407549725439,0
7.545444403568941,512.8694145001281,209.3506203023054,14.6254790365521,0.00602664345622002,8.811030492772025,134.1548070138739,clay,barley,2.107272946754648,14.714176191759682,0.43520209743911265,0
8.457673124081442,241.07523160014682,250.45647496887878,17.34708501976134,0.04275958972381964,24.760244108061976,234.38637080972362,clay,barley,1.387283995343477,6.296215585379574,1.0,1
8.443670942413167,422.66776305807673,166.59364862613714,13.09821628539688,0.030467013722513255,21.609350132342218,151.23268477826576,loamy,barley,1.1500014353709083,11.890059204233673,0.9811923233142158,1
7.377673443738046,752.4599650780144,140.4165207987607,8.967450796954026,0.04808192326245421,29.466673392628415,146.39614982279465,loamy,tomato,1.8075006920300327,7.489734682229746,1.0,1
7.745872758838578,550.6693458544556,77.10009317915568,24.23280984630608,0.03383908790314917,21.633874109042736,209.0134086097354,sandy,tomato,3.6306668024318345,25.951007399489882,1.0,1
7.451317464725155,522.999165953428,268.9832555465513,15.229350800852348,0.009583568321504869,13.129411044425389,145.70445101294342,clay,tomato,2.927469557886764,21.482725858237366,0.6405393103420219,0
7.427260741566202,361.31210862931607,245.7900072569757,19.678407405754008,0.024215384753083293,21.268902167411287,107.94496084145652,loamy,date_palm,2.6337442562616857,17.69288472144096,0.99930835514541,1
7.055330421031799,421.0693519499473,92.02952439943128,13.220943871121163,0.032776382279813006,29.98431294840566,156.04266584654619,loamy,barley,2.136310181170471,14.037195777091831,1.0,1
7.914346500969845,737.2076534919015,178.06514096906514,12.102635280514328,0.002384970351448907,21.594114594313314,208.21984005375234,loamy,date_palm,2.7368887802242434,17.07872440467882,0.6866079495759394,0
7.754018534843292,599.8778285161014,171.8437019803112,13.1432859693425,0.0017306029435855868,23.08875932342923,149.04376304052647,clay,date_palm,2.4705879952785215,15.456341345692215,0.6853812702446501,0
7.077218126874984,672.4322160513998,206.27288817163216,13.183932875712996,0.0073407470293298275,28.212585440517522,194.43385839927197,loamy,olive,3.054615822452556,22.14150694463942,0.9187321800465024,1
7.417969696354917,472.6072538405931,286.54672349781526,15.883602318839072,0.013331557317228068,4.295886578038817,199.01791663946955,sandy,barley,2.8323889370092776,18.86585112121481,0.5124822062799396,0
8.362398828949981,578.1483316736948,194.9428604406199,15.869397399627264,0.022047907052513104,21.43874450998408,210.06040175895342,sandy,olive,2.2715886485621555,16.537937164615684,0.9412205878723505,1
7.359342836000459,349.03016524592454,185.05431669465466,14.943076317657432,0.024884583214229632,25.67337278105602,234.56956994664046,clay,tomato,3.1611197948492262,20.11621316764968,1.0,1
7.217342308136835,623.2764981700918,62.58073323366599,7.695715698348762,0.007763352837956943,28.6769794064059,164.8846748902647,sandy,tomato,3.308430495700371,20.11996739415624,0.9546643203535018,1
7.7341791404163445,456.5608002220024,65.72686900450599,14.921509570010622,0.03399618737667571,7.118109401639281,124.96481149936857,loamy,date_palm,1.9281323290139796,9.096572867003326,0.8065555850040396,0
8.4784756811659,465.52730888884736,96.83669783169722,8.38207800841303,0.03021076502313021,15.613941224003081,147.8388573147834,clay,date_palm,0.8856354338517117,3.58935080767801,0.8362911345351517,0
7.363082907267251,589.593394746129,58.11769292293707,7.522715725915303,0.01542874084321685,20.73609058168997,164.8250882760979,sandy,olive,2.47644724225727,13.199498102337936,0.8442687036626337,0
8.008203321108818,761.768372881356,235.8382238925031,23.652914346823355,0.0016693342883293085,8.176564155538786,207.08372039921696,clay,olive,2.964644120151846,22.45449556485266,0.42574282704786304,0
8.142429422993077,238.40380796517255,230.8325759984908,17.099000262954085,0.004804747852311247,18.41371303425795,101.96831883424503,loamy,date_palm,2.2283174259585627,18.3587261457761,0.6186108725465127,0
7.356456315988599,694.8459424082046,84.01405860791073,18.189801162491683,0.02019304400003113,8.469784692441982,147.36780751598184,sandy,barley,2.6452810570841176,20.856807505605943,0.683913838416036,0
8.092324522917789,375.4298662473159,259.0197251988202,13.035873406667275,0.008544743207118512,10.67025359541777,216.97638715289753,loamy,date_palm,2.5545078434567157,19.822783569931232,0.5459368474916704,0
7.55167469907888,466.3516727038267,88.696508711528,23.179617838297283,0.019464160701250573,13.804042198815086,200.6286554996043,sandy,barley,3.0269676370569685,21.781859720058932,0.8102006654596178,0
7.9484587458903695,213.14799726500536,125.2938967493397,17.758609791593308,0.0317809476210074,16.346512863650442,209.76099603784075,clay,olive,2.0699356185523587,14.858958972214191,0.9692393210723086,1
7.950294566141342,380.62764670058783,112.24422479034125,20.38339739047175,0.027814633966084894,14.031610277129369,221.7716154158792,sandy,tomato,3.378400305927516,23.15518409819799,0.9681237395080621,1
7.803662026112137,501.57874557807827,143.07677464326196,12.371249380554277,0.012327618273732317,15.302670073849946,217.48535783169433,sandy,tomato,3.2882637187528463,21.399568707019768,0.7540287730832114,0
7.135434655081612,233.7056464084634,113.66594147249046,24.20023761638251,0.01784730207167887,9.659073932360487,202.3274749229167,sandy,olive,3.798357866098667,25.130884023733167,0.7647596390102862,0
8.252953743383857,494.6574376298991,172.23773160961304,21.4092258031663,0.031087528723983883,5.609987726656287,165.94922985558858,clay,olive,1.8401861282811578,18.297028626803854,0.7257275756553765,0
7.481170097457603,756.2663773150564,151.85197033867135,22.078969260290872,0.04318189637412899,2.3731493424783436,247.53974933172307,sandy,tomato,3.7366354761928857,25.04961581636077,0.9941222705569326,1
7.279777765599781,263.23593086468316,296.64237269483164,8.443885348515085,0.03790745849820499,6.683382952258364,185.36097933851107,loamy,barley,1.7563199716435822,10.273706835188326,0.8427851342497288,0
7.061162712332146,658.6644368453026,63.981587532056416,10.41926415742439,0.028116601314837335,17.876365603667708,130.41538140532586,clay,olive,2.01597056030963,13.842818446834965,0.9405539766206845,1
7.886339414782363,445.8026320255956,85.54534409683791,10.712531993671542,0.018752356917507824,23.797347986290838,143.92192826571767,clay,barley,1.4654186016955508,10.805141998727557,0.8744658016240782,0
8.016346542763424,593.1042287146029,63.206473477150624,10.418184464937424,0.01888751259954847,5.908180325843941,204.03436839557048,loamy,barley,1.7589918813051504,9.018855086443931,0.5421956460145179,0
7.024881743391784,356.14195879113765,206.46029874559395,22.10816324208576,0.04409144820295541,4.148105375406805,238.71093477991954,clay,tomato,3.5619721315826496,21.966035671341796,1.0,1
7.768139587448921,295.695357524815,63.6273193534299,5.637695904171842,0.0029229352259867738,22.729420455928256,126.80801938088463,sandy,barley,1.8893983290082752,8.107669693987603,0.6495843038290288,0
7.339743662796907,296.27756856273584,259.1099343440308,6.521999779615486,0.04941114957659279,9.8495915855814,112.35197436186795,clay,tomato,1.251674324180266,4.756201594486413,1.0,1
7.967759185614175,242.2951673858868,177.98465767048197,10.478297412598074,0.033554395131726554,28.59348373759322,232.2296572063009,loamy,olive,1.8445508796615182,9.720206533843072,1.0,1
7.261549643507487,311.3880229407458,181.75190614538343,8.997459492988874,0.03437574725454714,21.71522114770082,237.29169683692515,clay,date_palm,2.397506533253729,12.067896970955617,1.0,1
8.0364066071537,598.531630993381,190.39862692804854,9.637192277656968,0.002861894027932366,10.475925370047895,141.45690179738492,loamy,date_palm,2.0890681673012095,16.4220306049469,0.4195723712040401,0
7.580103019450807,729.0143671061048,92.70342657655269,20.958863785066,0.03067093446967234,9.396739686017442,156.59285865568597,clay,date_palm,2.544294516971128,17.12393657480189,0.8515423721231242,0
8.405094983105101,688.4754113546971,99.42257577862188,16.26253187784094,0.024754124944431903,16.18725320186796,199.02819962467876,loamy,date_palm,2.036907867963244,13.709893278965252,0.8580095676408973,0
7.20628141621899,611.0805859246905,129.70433071825119,5.11541322585936,0.006183166437809283,3.2951953800680736,149.48950312637123,clay,date_palm,2.327252232197245,13.108056399475474,0.34483158274428033,0
7.511599526575388,266.25911804666157,198.37410395546286,13.586455314083905,0.014618178527698596,4.412618866713671,231.57380624050793,sandy,date_palm,3.3785544740566205,17.185552144319537,0.577809413174282,0
7.170210281860884,373.5124677775699,102.52944398505363,13.157698537007178,0.04462540835446891,6.099878558169583,116.13680540707941,loamy,barley,1.6573225920099681,8.555024227881814,0.9239645038412228,1
8.387040427417844,385.8841251934814,79.0829317833153,7.278905388890871,0.027949432377431697,23.466984205832247,105.69733314402929,loamy,barley,0.7169399996136203,0.0,0.9459363697472101,1
8.316009030071472,349.9741678385727,292.52922160460804,18.522835772029143,0.021257412183521528,15.90186341880455,131.27293101141842,clay,date_palm,1.8037572670163557,13.131136301749805,0.7811990324902225,0
7.386912441572734,509.0033958258339,55.495453702405726,19.04194376758982,0.004561425636199736,1.3064465604588453,142.91316673074536,clay,olive,2.8063239937269344,22.90263301883628,0.3190562352503277,0
7.989976069051268,521.3322889278036,250.6743513340054,19.41786438104195,0.035991954842712975,20.531979296691162,116.93898869333125,clay,olive,1.5879468542338993,13.002217655817116,1.0,1
8.225833300301824,414.1315851026661,247.0087873937555,19.56941891117184,0.035439690346405595,13.287015181154414,109.853564401097,sandy,barley,1.6505752585556017,11.347034201698033,0.9293816795036204,1
7.832801217399194,412.2734952418616,124.303528461274,5.001056538645936,0.031088136741655614,15.81471858395014,213.34115702526975,clay,barley,1.2858889218233738,5.402649986857307,0.8854875365497069,1
7.794475867534009,697.1333587436488,83.90665400182834,24.078416076934445,0.026002869664811815,7.209371058975131,124.6414848853386,loamy,date_palm,2.6535017318912484,18.14860898948803,0.7465106047029798,0
7.362778436350678,673.5757089918113,86.40716167635586,21.28417534109326,0.022255435708161263,17.001684623429004,237.0883298599456,clay,olive,3.077160706521556,21.66924329192992,0.9200380846127235,1
7.139654151708849,384.6774990084474,224.35790430929814,23.079633931785708,0.030070283556411625,29.39544395279317,155.1999492172144,sandy,tomato,3.897178547397483,30.0,1.0,1
8.34582363692999,748.2730663239556,210.7016477715434,5.312865906148683,0.01243637713469193,3.129896039167082,200.59087145820183,clay,date_palm,1.4809738453643084,11.977980516555686,0.36762148543286527,0
8.350627085744996,771.6890102015036,245.68641856284668,23.677175915714788,0.04712169414470474,9.233604590268488,133.81031721532003,clay,barley,1.275071930576456,11.239304864732242,0.9935032584220572,1
7.949652185909902,396.0455252180245,284.3702930997762,21.195770573762093,0.02985093192983125,8.046930192964064,136.04841527378002,loamy,barley,1.8857231311230709,15.242119021967817,0.7595604332965957,0
7.508544686573051,412.6549692758329,222.981840816648,21.74438285917397,0.01624842977336445,8.207930011784208,186.20638043013628,clay,barley,2.568501476077851,17.956286917453298,0.613365164922379,0
7.5238143619189914,503.3804920531753,88.96288413786087,6.865747694439371,0.023034312693372708,11.98248436939594,184.0964387718979,sandy,tomato,2.7032271745478456,12.355425465275605,0.801422551752337,0
8.088933518305359,764.6724875202041,110.86065419135267,19.77556057837195,0.040478554654967726,24.725183757580858,215.30938420181218,clay,olive,1.9323626479677372,14.248550649900082,1.0,1
8.345665389928865,725.7916598853869,260.5484327182786,24.19833379284182,0.008919186975784574,27.472902008967232,213.67199585413988,clay,barley,2.353809559844183,19.506677487506217,0.8715506096036478,0
8.330629636397676,261.54077755015385,102.32651895855214,18.570946828363212,0.015348945500552762,6.864237536310227,200.60316469954915,loamy,date_palm,2.470369015477377,20.053628448380056,0.5651484544726861,0
8.169813318786435,435.63844596284974,68.13057923862036,16.41122809249213,0.03429589311409122,16.74554820049527,167.36958488402365,clay,tomato,1.8597037111904082,15.572791843495288,0.9981256576165063,1
7.963047469231432,532.0227138498631,225.8200135105626,23.91259355497994,0.016458971117628972,19.47007019279893,233.59605794209259,loamy,olive,3.0031185052715337,23.599974406148828,0.8765354510421358,0
7.1262099474925735,501.879483530924,150.63158887253553,13.85874243468872,0.039832582411211834,16.132996756551503,193.3867735331948,loamy,date_palm,2.6409226882819015,14.968326585843664,1.0,1
7.2424430711419205,316.3178407621356,280.0100131364759,16.985871326209576,0.007392220871690681,13.588215431710667,248.52977356935358,clay,date_palm,3.5970025003791917,20.678579695389416,0.670407821739909,0
8.347831282790619,715.2900627008928,212.56376777341538,14.526765869887324,0.03837162235227582,6.567289669917898,222.90547269015377,loamy,tomato,1.9685230108391965,13.311379657467429,0.8644019695496309,0
7.909643589489384,606.1644697981023,72.60474444791518,23.656924427205983,0.004349234027677746,15.158361416777918,106.64647168574893,loamy,tomato,3.16553792629925,22.56819339653275,0.6216487728546646,0
7.013795577424944,702.7450249110822,286.96414181341515,6.521694535310145,0.0016170380207072444,12.635230003628537,148.08908606204767,clay,tomato,2.926043856089696,16.24117503523497,0.5110436788703551,0
7.152207314299048,715.2585676096833,114.63931591006147,15.022394016506963,0.04501295242277595,24.07133751256582,185.78135747064277,clay,barley,1.9424029756039873,13.138829027115394,1.0,1
7.995252653662083,649.0135121994439,134.30312260157143,18.739048827708764,0.029485621629682636,23.14452641572686,208.22043068072307,sandy,olive,2.579530527542822,19.504226334447413,1.0,1
7.007592375769328,463.5263607498304,150.56510342088552,20.83813076844474,0.018239517957253763,4.88596175496445,182.55047466429124,sandy,barley,3.2329583637008423,21.743077275456493,0.6299486735541628,0
7.241212077126248,566.3280530092547,62.80607410107831,16.660372948882728,0.012397137211228669,3.5670525243289597,217.91956336932725,loamy,tomato,3.7779693454248338,23.49645111571442,0.5595356562889959,0
7.823100684049879,296.2192436718459,174.1288555576512,23.17835488242908,0.031227403379779993,27.336464353597588,142.3983479136017,loamy,tomato,2.7835973012139,18.66795037454979,1.0,1
8.03784279653904,604.1872504849446,80.82962276882306,23.839828937677435,0.025941106993300173,16.529743279970432,127.58680768492376,clay,tomato,2.483072877105635,16.961477770617307,0.9183573006673621,1
7.977941889253901,307.55195344356844,150.24258167208794,6.28638446387167,0.04958829100096928,25.87622718119513,108.08750256846551,sandy,barley,0.8491511243269092,0.5318893428778013,1.0,1
7.33640396419084,616.3697543060941,137.67744699802108,13.047410790827488,0.049177583346033546,2.686382496425633,185.9970616857283,sandy,date_palm,2.486170629365443,9.505799090725475,0.9902850504682513,1
8.068268832021303,337.75889645238124,243.21002085662585,5.469180434423089,0.03211620374093887,16.268952879127276,203.28992810132428,clay,tomato,1.437193591363424,7.528144919509,0.9220976010057025,1
7.3558736312452,270.530780090132,250.7926279081828,11.588333147488859,0.022700654799188636,16.643368922710856,148.92245756790425,clay,barley,1.8460802481380283,12.384716230090575,0.8210636202930889,0
7.488099547238901,299.17069408577447,88.35322059727201,15.737364359412043,0.025065907487598446,25.960358943722348,192.0376277283815,clay,tomato,2.8351586551962478,19.085206840727235,1.0,1
8.119737107677036,201.19528113144216,141.63779684480656,23.215898610198977,0.034441474245606236,3.830689948661518,107.82358462799938,clay,barley,1.527707401828364,11.571940927510502,0.715452504803593,0
7.974449348570822,631.2437707121181,143.3382902579579,21.931086449308058,0.0059771526675336875,7.972921346601369,114.89400194452054,sandy,olive,2.791232664473754,19.74074150830851,0.47241433010293304,0
8.273835115741267,639.4406294350274,87.85261098402125,7.5499945334397145,0.01708925161672519,12.78961110272338,205.26321583877476,clay,olive,1.4684626262727392,8.760414331694182,0.6296080064071646,0
7.986419338450515,508.96000994795565,249.61337626279763,6.8606074948179145,0.004688339809176589,26.109402787178322,155.2104557825948,clay,barley,1.4893078154922945,9.85015322437143,0.7116577781205988,0
7.8524629050032075,296.8176806332302,226.80708208385582,16.78534677513334,0.004594677216329059,28.227616137046443,200.70010466545085,sandy,tomato,3.6441089538073284,24.180676102431185,0.925001197290451,1
7.140512151742139,250.13260250641383,97.59544657425869,15.642359449175654,0.010596122852817455,29.789013968215208,224.75816804198772,clay,barley,2.7792002058393757,18.514365985209697,0.9770581386237159,1
7.55157370458915,211.4773798623722,141.68047714844977,10.327552828600478,0.02477740947506812,28.816611107297124,227.89336562141753,sandy,olive,2.622312844650434,18.18639596257432,1.0,1
7.397803551522588,299.44890617913245,76.45125621412856,22.989061691076703,0.03945394173697668,1.172310919486278,125.82514681966765,sandy,barley,2.4310329836448026,18.25744544454298,0.80973798313596,0
7.3659844650686255,734.513320989888,207.05164927326098,23.54732818923107,0.024789298667127757,2.383541902162289,172.942835852702,clay,olive,2.838980325219919,25.07625981801223,0.6466287440677556,0
8.459515832128668,344.9221050210091,80.34298113715492,13.052228766803253,0.017438353917482618,5.280597755570072,210.08900854487297,clay,olive,1.6671990246799733,14.350981289236174,0.5005631858480386,0
7.589646587000141,412.56279633032943,296.4835421562294,22.806051142270405,0.005035296526501149,11.11700080633792,216.09708944003654,loamy,date_palm,3.7140678471668984,30.0,0.5949948917976275,0
8.33806983276567,263.2072906887999,245.1705186719656,12.678977885259453,0.02796448063597335,25.067622898621803,217.70139710933165,loamy,tomato,2.0634002156762663,10.443218636175773,1.0,1
7.946707938995894,333.41678284890213,147.55963739599878,19.736336636594004,0.014292160737675662,26.887029664728935,134.22510015708767,sandy,barley,2.3508865197277653,19.40609316150492,0.9401939259379348,1
8.192216955312473,511.53474246812306,194.6409830698386,14.518844350954483,0.031131774717940226,6.418197782542908,128.880222658566,sandy,tomato,2.086947258889579,12.265565585048918,0.7622963571311279,0
7.7539556396577884,564.6516098573916,277.83545405410223,7.451663130143659,0.0488821992174885,18.97026039697155,188.5018702410544,loamy,tomato,1.5705607715254692,2.618475765216894,1.0,1
7.865355826939538,347.21138849972664,188.52482009895652,23.55868402474043,0.006454401752399958,27.60349756689302,211.16286966073295,sandy,olive,3.447962693188461,29.00985323970953,0.9247229930789367,1
7.738776540728296,234.63929553507032,93.62462159948879,14.081931867550733,0.011394144537375056,14.448220342008302,147.870927330129,loamy,olive,2.2653664253735517,15.232805368739287,0.6411058889306761,0
7.292864481697067,434.61972147643917,144.67583889528981,19.68974080644807,0.024181632366869363,4.002763586630735,115.70577352936323,clay,barley,2.1527901750047937,14.111480700382893,0.6150029712360386,0
8.083678172892258,340.5220225558005,260.7862162574363,12.343476288625844,0.048462076951950546,14.276595852454124,207.51195743651164,clay,barley,1.1627858584325623,5.075984385920709,1.0,1
7.421158543661283,331.73235393788116,211.05325399740448,5.377617571524693,0.038818679037229784,11.89805216635366,144.95467470700066,clay,barley,1.1557170109375763,2.4553159340271424,0.912698589760526,1
7.03647394964718,775.9176816280732,212.6810960834501,7.010607173836718,0.04501323046497868,17.7520818859142,124.95440864675828,sandy,olive,1.9159647046466763,6.495347411036867,1.0,1
7.9682084438607514,569.7802915554344,266.7053714221223,14.924389589798487,0.017352027575313855,13.721101847806006,122.15852925956975,clay,date_palm,1.9081135865999679,13.331914231022548,0.6873515375138255,0
7.265666019110573,534.1270659032575,273.49326436562615,18.79928714252725,0.04960988521515114,1.5030318787578203,147.23643212900745,sandy,barley,2.213467982644672,17.087696634808633,0.9512863544139972,1
8.410687876529371,449.46506211399316,279.9481429448591,11.694706531585581,0.0060388079871437125,29.825934268996463,188.90170988706183,clay,olive,1.746864480364073,11.475689782650973,0.8268499636162108,0
8.430892865503882,457.36660005808653,73.71229831328903,18.909769183553006,0.003595672396258941,16.76266689418656,153.7603358040725,sandy,date_palm,2.7354360986757844,24.200062255612615,0.608023311721678,0
8.372296585330673,524.5430023028484,186.03150049077522,18.97271178863912,0.04292452872564738,14.735291909053677,103.09927773901474,sandy,tomato,1.7970375038831217,13.979492954265565,1.0,1
7.555238050383167,617.8578842216643,235.12738030457965,19.078718146556618,0.04643597864014233,28.683903773617565,114.53626520167165,loamy,olive,1.844494401692375,13.002904530242459,1.0,1
7.023184924793301,621.2876577090976,239.23171128175346,14.850437080410169,0.005438682519758986,5.519950660025236,143.57548707979288,loamy,barley,2.6834238629943785,20.30966595966381,0.4066531600364398,0
8.392477843881588,303.01634462326973,201.67905049250098,23.29772300243008,0.006557943910546234,6.4878904738121985,198.95567232206378,loamy,barley,2.3827505295959357,20.604358785572,0.4187470105021123,0
7.642276222475972,500.0676512459762,91.69683379591854,14.783930359612311,0.002625533730032917,24.43242772282072,114.77726102028008,sandy,date_palm,2.964049521506374,23.04336658610035,0.765155522127418,0
8.449982228565505,447.1748570204612,249.3551384854161,14.005303869932764,0.006120870569493481,8.564101320725253,184.09852802510227,loamy,date_palm,2.1762484458871243,17.00523724699358,0.4371949606278772,0
8.44542996563388,722.3161797616306,230.02783337873643,8.98761638021254,0.011261571023213762,24.17758608245428,117.98288062360064,loamy,olive,1.247595992959377,5.3775374445095,0.7522829664340422,0
8.27951418320104,578.8513527310258,71.53394288725907,11.15310174712673,0.04853375432659005,8.874471004346574,131.74229910240723,loamy,date_palm,0.9169722839717068,4.78523054983015,0.9788535177035188,1
7.441673338104379,519.5024398495891,165.95245616859407,5.846689850366067,0.03372515088974434,1.962441276525043,125.82827913336442,sandy,olive,1.752101098410396,9.294612629209201,0.6852941767494978,0
7.577646592902888,269.23678530735043,93.4943498804509,17.670705872323403,0.03914909825040856,15.993426992714763,110.08429533562158,sandy,date_palm,2.3821210486557334,14.485975329964738,1.0,1
8.276705007275286,563.3827335940468,134.36926142824296,9.970714878541857,0.03903083078088459,6.70390658967898,200.69947260798853,loamy,tomato,1.5597115611774404,8.136272424643352,0.8443175184010437,0
7.4753830077344166,270.32234340814006,54.520273051421356,11.083105089709303,0.027218613739181517,22.97754249504166,169.5105321079052,loamy,barley,1.8790742564558283,9.881035954895896,1.0,1
7.254239120029139,402.32394533945126,150.08246710268958,20.416290433286424,0.040076959907937845,19.594789363732296,224.65801613460073,sandy,barley,2.829003311239309,15.548585426590208,1.0,1
7.835201893687525,285.7051788885991,187.4692302890526,11.544423663229077,0.030194569087108516,27.784477371359618,114.83362599734754,sandy,tomato,2.1537367837059493,9.266242733248045,1.0,1
8.404232161241172,615.2441882146213,204.8956482067717,9.843917840262844,0.016412758782564523,23.706662360706343,121.70994000071084,loamy,barley,1.1227894791975872,4.836102679698893,0.8101477872884018,0
8.04404469501246,323.75126830169154,215.8725862821775,8.381154982674115,0.028494395329651638,6.2425026903810785,145.9686597025676,loamy,barley,1.194830041383256,7.815262151961826,0.6478523870630566,0
7.855091755134048,435.11562391281564,259.072828275615,20.497168043639117,0.027141920720591163,24.204588863279096,214.87989804082122,loamy,barley,2.319585978873053,12.102041623009137,1.0,1
7.145764740656153,737.4048665712672,103.8657268189325,7.594125159800537,0.04134919963420671,19.610374299606676,145.8638234733548,sandy,barley,1.8372337575711744,6.755939034428453,1.0,1
7.922510840048755,322.58983003938215,80.12045560961698,14.07507520500707,0.04910463365170129,20.399597611058123,161.2628061248039,loamy,tomato,1.7168606374216966,7.772563333450426,1.0,1
8.485080775156394,504.6830383752675,262.8842929744814,15.138602321543889,0.021141085705625597,25.135623693134313,145.24053494457468,sandy,olive,1.8236324797778796,12.495175684969464,0.9657193578293005,1
7.210126022854786,451.5629966996132,89.15320372316248,18.747798253714294,0.03840614324362662,17.64089800647927,112.0336437701545,clay,barley,1.888931187825542,9.390297816378359,1.0,1
7.777494478545605,210.87442462743783,293.6900203340488,17.665669646659907,0.005888387197868544,14.514101916237374,240.9150434344281,loamy,tomato,3.6297024830134554,25.433717743425625,0.668984044933852,0
8.316059607891933,675.6548681436877,260.63455734965925,21.214413458903497,0.039064737102966145,19.46259002540311,182.28084881067832,clay,barley,1.5301139608932588,9.683538689411282,1.0,1
8.111152926631307,241.42754378875983,175.2191514723998,5.895028678524763,0.019199428687668375,9.640765439792414,218.1749782278245,sandy,tomato,2.365998836150633,14.532873864814771,0.6700866460029246,0
8.045523611492902,484.55301258617214,295.35535623050635,10.928814495587943,0.0029301179815946466,6.29531680152588,198.7535638277944,clay,tomato,2.5253705280576413,15.461835265186252,0.3718877479990486,0
8.053726125980663,536.40697696337,74.34418227700105,10.602682375507595,0.018799062749546687,18.881047304066147,177.13814185929624,loamy,olive,1.8028894960514725,11.18438810868189,0.8038380470086411,0
7.539236726829633,577.0558739687522,125.76644029377542,7.920338111842165,0.030921494795160594,7.781602703478852,113.45173849890702,clay,date_palm,1.4769256720219615,7.468161838441025,0.7376085297587429,0
7.44038776639674,613.1789775847253,209.55610376015287,10.783565077128863,0.006843258216391862,3.317538171051595,196.41003179054564,clay,olive,2.4898886861352305,16.56702574560966,0.36819073155772825,0
8.21404173321777,351.96343011362904,137.5017171182947,11.195306282858068,0.04627769012908248,1.0160713529723635,123.30555339052482,clay,olive,0.7414589547682418,3.6316770290684723,0.7738034953771438,0
8.215170092018772,205.98726599506963,282.09313799519794,15.437689238549567,0.004805948250369091,18.641262640601948,162.15747540344148,sandy,barley,2.2219143234370033,15.94983139010267,0.6226676224425356,0
8.300608477870156,634.0661974129472,66.40652204445439,18.27408957852512,0.046570329271825146,11.502314720926869,194.36697152206455,loamy,tomato,1.915664237507042,12.917021153150829,1.0,1
8.369860828834707,521.3939596085472,187.35295801524114,12.622010272236281,0.03564973837884864,22.817018149530224,217.33435007081852,sandy,date_palm,2.0186198296478843,12.509223680238977,1.0,1
7.767013598291407,701.6706219243492,197.71656684877863,19.389404626267623,0.01715589659529598,11.880115551079971,202.75677635629293,clay,tomato,3.0845032185821717,19.932418949669067,0.7417010174376129,0
7.752274442030799,692.8330177404166,213.18203094430604,11.723306771591599,0.02014676703774557,15.094099998908575,200.73002935819432,clay,barley,1.847064292836225,12.762703106990324,0.751848648971253,0
8.197442768450163,705.99570067273,113.9165558329536,10.805673546295207,0.037299658871904465,12.805464211646163,122.35633137628113,sandy,tomato,1.6274096129530786,11.11279220089642,0.9457969363477365,1
7.9749458961666475,491.0567959877241,141.1416068799661,15.823761117140487,0.030472083943179164,19.86666894217104,151.9192810107382,sandy,barley,1.907661308656697,14.232390988030868,1.0,1
8.052950315886555,400.1770375021194,260.9201324162444,5.474327206115812,0.033910503151292314,11.328035698434078,106.43684089902912,clay,olive,0.6900735211270038,4.1137986562464866,0.7904241429282266,0
8.193689004154152,674.934921554822,98.73569224253995,6.595782472680007,0.020069066209160522,28.94926184832696,207.92153397646968,loamy,olive,1.579022090736617,8.870358519653927,1.0,1
8.33500801272635,470.77646781755294,256.7169617933405,13.359390871730541,0.02490286060857235,28.148262611357374,242.88789719761286,sandy,barley,2.0249453843454326,11.105896317412387,1.0,1
7.506992735277303,310.0653178420607,190.6638557256856,23.85825422783513,0.04950350671785678,25.59280917706116,139.61655852686135,clay,olive,2.083913723725437,13.393230718568267,1.0,1
7.563374428959916,712.9844117368846,240.54687779852054,19.43023559686847,0.011482220654486168,27.688707846609695,113.1545063743464,clay,tomato,2.881491253711421,21.671104377564696,0.9565267670464002,1
7.140972909761303,729.5359260634084,228.4018415658679,6.762531390011155,0.02147495313958444,14.02505096532234,171.33551151304803,loamy,date_palm,2.442167255401696,14.653880969359118,0.797998696832349,0
7.867420211494261,479.78585368410205,101.87787384621976,21.926360255617475,0.015299336191124398,16.55648150689527,228.50473346913532,clay,date_palm,3.0890006286313114,28.25743745427922,0.8077397232952763,0
7.053913410695113,245.4198363858725,192.2031841084682,19.64601541216362,0.03849046401155264,22.520685184189087,182.79612929076694,sandy,tomato,3.695761874875809,24.45181302696644,1.0,1
7.69839702719869,432.69565395015877,266.9307882012731,17.218930514053064,0.03843661865762032,21.18823182321769,107.016572528517,clay,date_palm,1.7498455684318512,9.452266667023444,1.0,1
7.813966952061365,682.122595677562,158.02905920048232,21.405859212183547,0.0153298275888724,26.829679272558653,246.1408360791919,clay,tomato,3.4887427436405196,22.938529499468814,1.0,1
7.429811878192426,741.0644171277372,291.64769255582917,13.082196954859143,0.004988125515016163,21.773599790444162,224.2974864943901,clay,barley,2.5315265132183113,21.948733428445596,0.7128159995915906,0
7.886249890853517,322.08364549855753,163.0537750254295,9.430021017077054,0.0015602011569379984,29.938656538625356,119.73911155772652,clay,date_palm,1.951722171290851,12.94582128363772,0.7783139218298453,0
7.045750374908574,240.18416721516292,85.69640916697116,15.240467782175187,0.02194507612888179,11.10666819511614,238.26966347552633,loamy,barley,2.8172471056232835,18.08294429762089,0.7766892742854123,0
7.056022283123822,726.4102718797031,147.3586700194183,15.976835111869477,0.021106542122452776,25.156934524943118,167.6032432907783,sandy,barley,2.816709888796152,16.442795435664816,1.0,1
8.233900840989488,433.64296338732515,287.9256015976343,15.766527440198242,0.049431104053353284,21.231409862147263,155.78469858624118,clay,tomato,1.3190068625813332,11.088741694799122,1.0,1
7.5402859621168945,525.0565785605379,129.93021233496356,16.301475829602104,0.024020301709186304,21.050206911235538,169.15799957907825,sandy,date_palm,2.982368118173704,20.03106716643198,1.0,1
7.1905907689778275,780.8394872304553,267.0245399667657,23.974098364783615,0.013564500109195611,10.449232250504968,225.1857935306421,loamy,olive,3.640612252174053,24.887047900093524,0.7037011268219577,0
7.783364890082207,239.9388367485337,270.31267042047244,23.04491246192463,0.04467024261054191,23.782451980267652,198.92195174301787,sandy,olive,2.6572077421539637,16.049328856770934,1.0,1
8.154990329647916,588.9908044712573,137.54663108299027,22.514340731178788,0.025062329533025347,27.110904648080375,108.88726785995914,loamy,olive,1.9700579287916835,16.964200874923137,1.0,1
7.323731541245265,244.46325354492024,70.81441451265803,21.028336218172544,0.030359606125318316,7.3379053840963255,243.64065566742565,sandy,olive,3.4137260959249023,22.5324167041226,0.8752502872356935,0
7.9343357137285,425.2813570799002,231.13947728970456,23.868562145305706,0.005687766810982421,19.13940827638442,122.16762002174767,sandy,tomato,3.578073505949558,28.533236141214086,0.7543505481683893,0
7.128021197490652,682.288727116068,127.8780747534965,6.969892833588065,0.01976290395915893,12.371910043980481,211.83519276030268,clay,barley,2.0967250469769874,12.38922891865867,0.7116197640251527,0
7.077522581752912,460.0833396533806,245.7309035643931,10.30246522891479,0.04726696004921555,29.696895459551435,195.42047956421965,sandy,date_palm,2.6266823496862792,11.99874113753851,1.0,1
7.797031947352222,798.3094123417702,160.66371206510826,14.901118913091697,0.02988576382459585,14.886151659118767,128.12920719198414,clay,tomato,1.9792468036460733,11.780502010084726,0.9043492348429989,1
7.810952682415159,535.4355709679613,171.3166855856554,21.930689862468103,0.017880590901980624,7.621285040111339,125.60981141695744,clay,olive,2.2875164848611336,18.10191498249718,0.6036358831208268,0
7.95614485224731,392.69729158157213,244.47735168713422,15.10331423045465,0.031657691850948064,12.073871131433144,230.54913905570382,sandy,date_palm,2.706962313317887,15.309006380362966,0.9328997854583148,1
8.089137000583992,332.0667955428519,145.59083276540696,19.960694786831773,0.045610143389327694,19.96131330468216,162.95423852493957,clay,tomato,1.8946804938970276,12.636274979675557,1.0,1
8.463778119193801,410.3123205716971,160.78183633072865,7.779198104978324,0.014425539423156913,3.206591769137712,198.1864771261208,sandy,barley,1.618335889300012,9.79368660341446,0.4099817978741089,0
7.774450522451793,423.5199642557305,144.04761719240554,10.048276259531203,0.025750719205063048,18.50445568641589,175.610650578501,clay,olive,1.6963750264016824,8.130251928554474,0.8920599039163981,1
7.484434709411869,241.2282066343766,141.83512881932,19.635521900753446,0.047975842041676015,28.00551801618804,209.10302756139393,clay,date_palm,2.4492400278380773,16.564184419519922,1.0,1
8.192779292153055,421.74451965606386,181.48664422536484,8.294680177754481,0.009447411021624181,25.660520842077663,171.88635625589959,loamy,date_palm,1.8853350315688227,11.058950697844146,0.8057483846914217,0
7.406248376893111,478.543111843535,252.19986112528767,12.027118693098535,0.03626353235423887,2.962532563081518,143.10698728833526,loamy,olive,1.8868927094283217,8.935189088386448,0.7541550533294791,0
7.658457131058454,633.6426513432828,140.44207798064147,10.297325156271429,0.031109569401946136,29.808306483432975,154.50750564947447,sandy,barley,1.8372779502641745,9.491148017071094,1.0,1
7.117684572013399,594.0376908329647,181.06368013443418,11.99723388444957,0.03430408142589111,21.263080787412495,228.8616541675514,clay,olive,2.43391301777619,14.02256681331224,1.0,1
7.038026115123186,625.2593931374926,217.68183136065022,19.166480981559406,0.018209761902710914,5.706143905106687,170.20520393840906,loamy,barley,2.7957588735895587,19.99048696992707,0.6109300165299621,0
8.443972622016888,205.01820912611427,117.35986157591375,12.35694362285602,0.016380089300704483,1.3600665859132812,132.0173998366914,loamy,date_palm,1.5605961062199398,11.951985279980583,0.3977503597264281,0
8.25397018076831,330.6004397483216,119.38070122559814,16.105266452158805,0.034526273858830156,5.967196452472389,240.19080821158798,loamy,olive,1.9735684063962173,14.654013477112652,0.7951235094435976,0
8.043961309140547,597.0105730399139,283.3532817558637,6.998637541088193,0.011561620970122723,25.307101699886417,219.49006847475653,clay,barley,1.6208704153117635,12.357525403997887,0.8092359817745102,0
7.613429416621405,490.3936209078483,230.88364333277215,21.100353864692558,0.021563082498091253,1.6275404234097484,108.34992190842988,sandy,barley,2.4171890923482784,18.940751083185397,0.549372173327426,0
7.259941480106269,203.18808540100756,194.2966690558272,12.397772512962497,0.010220557656592983,7.76127180492451,249.84144429707766,clay,tomato,3.516851082055516,19.382503875332286,0.5898818875118261,0
7.234655564006629,682.6967854590935,211.930013605153,17.97068318066685,0.0014069372150431574,22.961862264711385,204.23900446601533,clay,barley,2.9102155358975295,21.06043562518947,0.7131585463916774,0
7.375364347246893,663.6857439742024,57.32486077585459,19.507792033236655,0.048532810641865404,17.99720554104592,124.03998985608804,loamy,olive,2.0197197806398175,11.03979788354119,1.0,1
7.8238399970591805,529.0514977961376,204.5257413904242,9.193218442234008,0.022153445954164536,23.699335600445565,135.57515219478947,clay,olive,1.477327950777353,12.242290682788477,0.9244746373835676,1
8.071893884050093,239.87799546576326,177.37721830605048,22.693499699066997,0.04849813110657144,22.63836461097685,203.86682218623204,clay,barley,1.7131197271533094,16.767987169790526,1.0,1
7.990296065076597,659.9090297195507,186.43741994485893,17.32448503213906,0.00787585246862348,2.467440226532337,216.9641582918683,loamy,olive,2.6745359919539373,20.815511120755648,0.381449470916314,0
7.419900845418915,550.2281526388183,139.85595670770425,13.57450283502963,0.02978097219341682,26.882831153730393,135.85539147247093,loamy,date_palm,2.268427707986731,15.510760139881885,1.0,1
8.432297920994792,669.1759862947755,70.36847442823547,8.64670367156439,0.01084772760677074,7.583923194185792,138.54532808489063,clay,date_palm,1.318609568965775,9.468842939250877,0.4198831435025389,0
8.106845375043653,651.0481954375043,98.33480840301306,23.846018758024133,0.039713632221200466,17.048380766663147,146.06810423080913,loamy,olive,1.9813527021765618,16.205919622894,1.0,1
7.831531078767101,681.8012431747022,287.68617830316794,20.1013640826325,0.03940144644928779,19.684356539305586,189.7027547254955,sandy,barley,2.251207643927392,12.161530771102935,1.0,1
7.917581119351528,510.80483984277487,152.17489056773348,9.160491254664977,0.006517750302926278,5.890218115667766,125.77242674519154,sandy,date_palm,2.325478878212719,14.491951132123138,0.401608927114267,0
7.629400093641685,284.194710916109,166.67078895771604,11.754215494484491,0.04569115819094307,29.310706444328257,115.63647983271663,sandy,barley,1.4994828810903988,5.867678659458964,1.0,1
7.371596484251736,602.6944840278131,63.17744746335975,21.193485161761465,0.010536852712958008,15.15652272653196,201.82961336282705,sandy,olive,3.572742934859274,25.850136542781893,0.7470026800137513,0
7.533959017976892,572.2842710311824,59.39155738599515,18.913553264306778,0.031035889737878658,2.6716381723244096,216.8646909689755,sandy,tomato,3.5655019698770367,22.170122490542962,0.804211267104831,0
8.136769165696554,645.3519123194524,229.2953617616894,20.315685854314488,0.0492960473842975,28.18059929855737,175.13941066247583,loamy,date_palm,1.8692321167608608,16.436474111792577,1.0,1
7.021590232944634,301.9286036304412,184.5236660302778,13.824022044258648,0.04423743020355183,18.001767452604774,154.5749065402578,loamy,olive,2.200295064930064,13.940596499444277,1.0,1
7.174108960760375,316.98511994017355,177.17649605406666,19.32952525284334,0.04787163249949728,21.276602741459914,164.80640702897148,sandy,date_palm,2.955792104888934,18.292631340675566,1.0,1
7.069003963032629,734.2457103315971,110.78113260566717,12.729874457278274,0.017787339789687853,16.230097908092496,158.26117508079278,sandy,barley,2.64973353895872,16.028004124456874,0.8033907381238654,0
7.061093203478455,649.9866790712424,236.18768290748056,9.225258338763929,0.006173206468753705,25.207400688532058,243.99773623565127,sandy,tomato,4.081398587215505,26.831818542227584,0.923257997779187,1
8.28319087601651,744.9370932201938,92.05914477712297,17.6535406968272,0.010228996791183054,1.960870403603116,215.21348578287103,loamy,tomato,2.8849766809045416,20.40349071188222,0.4234504944121714,0
8.055486789070036,655.2291926983524,97.48368591525501,24.520278511975885,0.02552424985875408,8.782972593037286,131.21308222751654,loamy,olive,2.272407693425025,19.281072809310626,0.7403158152160589,0
7.711260743630988,558.2931835941811,165.17804283706886,11.212019427906592,0.03986825423539279,14.619802335678074,157.62837280809703,clay,date_palm,1.5889382851124578,8.527172982039316,1.0,1
7.146751240976502,592.4796422167242,121.56996552798522,14.219391844250794,0.008357528565009886,3.221504873097591,181.6018437044665,clay,tomato,3.3919453981151766,21.003423060360568,0.46114865778631425,0
7.737423812675249,733.476754364006,111.86574530828659,18.48002742139707,0.0333268450807771,21.471293410473088,191.9478793095533,clay,date_palm,2.378271599083435,16.023696900669332,1.0,1
7.710207656170849,547.2840527071644,211.3094111383329,15.830125642449758,0.01685530259793608,12.416239007613582,170.22758440431505,clay,barley,2.021105955305844,10.828116072358881,0.6628427955457803,0
7.259802804865023,579.4347945970325,212.74293630463612,21.868555914180984,0.01771890154721552,8.907371717776176,221.51899525179385,loamy,barley,3.02173925064615,18.988815661699213,0.6856700976154483,0
7.65077747385696,293.88602960216036,256.1292674499823,20.234854129390317,0.03343396877773839,1.097986557443956,215.14090291873475,loamy,olive,2.600494407716757,18.452277895905333,0.7315088154322955,0
7.59775710159606,484.3527320696616,154.42714174324396,6.165944077247141,0.02388297155712779,21.87507904074866,175.773687794225,loamy,tomato,2.1515519654238595,13.972239683360346,0.9678703114057987,1
7.923775147078325,629.8382671748593,68.27127275653756,24.96842467847548,0.0407896313582737,25.18046995731299,228.16440801725957,loamy,tomato,3.1009377311600317,22.10953759965132,1.0,1
7.9526404763014655,362.56561898981926,118.41659623036442,20.048049074389347,0.008640006973478526,12.456175534763455,212.66342956635788,sandy,date_palm,3.444416328962848,22.93656286742882,0.6542769216144748,0
7.067956014658066,321.3525083147209,295.0013657992042,22.278066325882264,0.03970746521858489,17.3623213339676,216.7872773080965,clay,barley,2.629895624995741,15.204250625338448,1.0,1
7.561918921939707,388.29608493464934,199.06464380817553,18.023954241906928,0.004147527154813623,7.602912151958354,243.4601169150125,loamy,tomato,3.9195025901297287,27.961396452881328,0.5278313575717497,0
7.938789873571355,344.9003767957001,227.43427120025507,22.125702560935245,0.010508640132034647,19.04373174212386,139.9700411813804,loamy,olive,2.56618765806524,19.49596499946663,0.7437992494682161,0
7.754704387870132,328.9475822218375,51.83945740635363,7.247659498574189,0.033151336010655105,1.3519862911408151,140.1472243550274,clay,olive,1.2188054611803802,6.964428341371185,0.6218142028770733,0
8.284734761782483,454.91050572085214,179.5514330456302,11.954756711186311,0.04289135716904249,15.170673015863995,233.34283835359602,loamy,tomato,1.798061569958787,10.262805133495645,1.0,1
7.988040447428418,744.7031083301205,59.382164382950776,22.528418872089855,0.013381301759228102,19.681958973380077,215.83395600785192,sandy,olive,3.172816519237355,24.493920753609288,0.8481840273950114,0
7.2444016406221445,504.23578804323097,192.30755302286198,9.033104225337844,0.017032388685616736,27.627561423662286,238.9818312153441,loamy,tomato,3.2408715880643286,18.18156417660222,1.0,1
7.105853121100645,312.75222848919384,280.19271240901884,6.564841971600455,0.02731891666605026,12.058738696546243,109.46952404866796,clay,tomato,1.9922127700054153,10.622397742001516,0.810335545522112,0
7.963628917309474,246.18300162852444,292.10478262510196,20.76237879890438,0.011367067517975813,23.190515886449866,194.1635615892395,sandy,tomato,3.621979262008038,25.03923227529169,0.9240746714592776,1
7.039766965812433,617.6936870827551,185.13816884723104,21.709723112865923,0.04074665681778778,18.332923868361522,121.69425071851711,sandy,tomato,3.4371695176306063,20.524458082784214,1.0,1
7.878663371910195,429.6792586618327,164.55120131305398,8.253044363798011,0.03890819560528228,27.883351274827337,175.5845797438874,clay,date_palm,1.3662120460048681,4.314460293983213,1.0,1
8.410345362137436,693.0985679512155,286.2542735621235,22.08691965565431,0.008119293886323299,12.552952594123488,123.36203977801664,clay,tomato,2.4016358529515123,15.261000142444999,0.5649793284134402,0
7.863211266813819,595.7064611844621,218.40245799917378,18.735355911943394,0.023727656859014977,10.253764856316652,119.2117763477319,sandy,olive,2.3550580858239085,16.534447983186382,0.7493947968774703,0
7.582254889309783,677.7448703248211,66.22481988460237,15.401653664331679,0.03896656056607645,26.72711796213017,101.82525180730497,loamy,barley,1.5192813205143636,12.899168377600752,1.0,1
7.964932327663529,363.1676236510692,166.43139441687438,21.6050038556277,0.017529147024067326,2.4280876408403844,194.53582185743565,clay,date_palm,2.7460955918139374,22.07972498398923,0.5311866055229326,0
7.687379335737275,615.4153534766349,110.06125461607598,13.384984986379315,0.03202223431316885,4.955176395076627,153.8533925035129,sandy,barley,1.9638161161624137,12.426269380998825,0.7365423318920583,0
7.818425183973902,358.43719081623124,167.4510803621704,8.879879124467944,0.0034604429514210637,3.3897286029372893,115.77824273184575,clay,barley,1.563961459427786,9.557704663205698,0.24481813308428463,0
8.412197213164788,763.441087670175,163.86639300159044,10.697053532212273,0.03082574926593658,25.450188740715678,148.42566665969647,loamy,barley,1.023910910442591,8.310479490022361,1.0,1
7.579153956701162,581.8245689200246,195.5362007036855,15.103280365866297,0.008479996020029744,1.3076152777392624,125.34161371773774,loamy,barley,2.1599836243012285,15.754612042243638,0.3261509357993297,0
8.441785845735872,394.70708010520525,139.19262258731283,15.626615853463514,0.041698582930608116,25.988057509414396,241.25422472524892,sandy,barley,1.7608209656698757,14.03476150425209,1.0,1
8.358025962934096,361.7071173753636,91.06761236398202,21.111616528824673,0.018417023715443445,14.086766065766739,148.00073286420223,loamy,olive,2.0519394113943457,14.90046677036789,0.7221458299585342,0
7.293686702183945,314.5559510429861,175.92985864748908,20.827054473046687,0.014796139273681591,1.1167330867651517,150.0930284934085,loamy,tomato,3.5630595163548664,23.166566387679534,0.5293215121489162,0
7.104041951312748,616.7845753362367,257.5507210864405,16.6273311440915,0.04220355985886277,12.647710139149213,225.97870050993782,loamy,olive,2.700228612967725,14.237179648149692,1.0,1
7.15116700206614,331.22936779875636,216.00305701690058,20.615709667309527,0.0034570571305187004,6.417224390306032,197.16336419290064,clay,date_palm,3.720953122413768,23.541107025072755,0.4778765945570026,0
7.027332738477325,557.1819595564934,134.59196648130396,8.83546916587342,0.020433831167382895,19.107614136692728,206.5257411104502,sandy,olive,2.9322140413751385,14.277785386103245,0.923236873554609,1
7.1416644411338925,358.7810161552144,283.8807556897143,6.001290541865886,0.019130173488176538,20.70140490772775,195.4002705983441,sandy,date_palm,2.9052581391163317,15.220222083042193,0.9334013516065096,1
8.024510160124535,597.1813668763211,278.05189281229553,22.472676452694003,0.014955218338227994,15.138299541744995,241.9294425922848,sandy,tomato,3.887154366310651,25.504918529106803,0.8380666152131718,0
7.106782972690343,688.9638371243235,102.3370998460247,6.511089875255392,0.04567596226807238,2.1750662377504293,131.05012473370678,loamy,barley,1.3922733534031215,0.0,0.840022627048344,0
7.478463445440642,666.8151458867919,59.85439628009074,9.933768594879947,0.03779549128231939,20.027735326648855,248.35588626336937,clay,tomato,2.458949958012891,14.637254694624737,1.0,1
8.267312966454181,656.5107985584691,235.32717708769056,18.906378992487692,0.004132235045405001,25.419124724560113,224.64342663347696,sandy,olive,2.9611047986452004,18.586664626985765,0.8072544040638934,0
7.034907903603739,312.6334434153512,256.9025653372883,13.188958752546183,0.03601968502231275,21.889404042465642,188.34588833145133,clay,olive,2.3347469434807815,14.52580628596438,1.0,1
8.221702723883404,253.03096819071123,291.96614148783885,22.526279398310177,0.026837657523310906,25.06877964970424,199.35574365943734,sandy,tomato,3.1610881831474273,22.194616102069244,1.0,1
7.4227821621601,619.3692970924313,272.4590985220777,10.95959589324539,0.04514252682567738,6.814776182975737,197.3238814750921,loamy,tomato,2.283742673674267,15.523044675942439,0.9961328399386168,1
7.177247241432484,421.00832827661077,200.1336920516037,5.2374269333871855,0.016334335250069564,26.777750250037997,108.75943360887308,sandy,olive,2.189558285900218,13.403243640894248,0.9557346966238208,1
8.045105748046225,459.4077358420084,182.5130848030952,11.013112811214882,0.029133937980869565,10.343610068790921,132.7024747797908,sandy,tomato,2.0466429414209695,10.715856842533896,0.8076127064025396,0
7.943414270169826,218.68945567603464,56.96026281564657,16.561500983696632,0.025537008462308317,1.3887396133077399,244.22063267871238,loamy,date_palm,2.6942538007366665,16.13804142622053,0.6263702232597128,0
8.31620802029058,355.7458695650295,111.66411171119447,12.518767508065867,0.024988484405152684,25.45835774354305,180.1546643289069,loamy,date_palm,1.7590795945722666,14.309511897170982,1.0,1
8.102606565705829,220.20584232467843,164.9036879332316,15.697455115175105,0.02334916457634342,28.312816799977075,156.7530404892868,sandy,olive,2.1765439652654086,11.875043220559919,1.0,1
8.205221395577272,727.5114635607486,207.12597502089196,22.531962376700374,0.011075844301081782,20.011187725103113,214.30576950836127,clay,olive,2.587752587660375,21.225723330711265,0.773381626031119,0
7.42305185885696,346.03800993111827,189.31295832960268,23.24970108460737,0.03802978620212725,7.711662283439315,178.6778413983714,loamy,tomato,3.2272008731282233,21.370665252771996,0.9828561085509528,1
7.266159315669584,534.4023017438049,235.65899742042262,10.319481293082243,0.023115465604225147,8.300589464193381,101.97441571478464,sandy,tomato,2.7045650298464246,14.652618968633153,0.7291089757349588,0
8.125922127461287,223.38759239667826,119.94173272176022,14.242809465398015,0.047967297475127686,14.531193329632966,210.4356395072677,loamy,barley,1.3919968025897724,8.56740602049215,1.0,1
8.210252108900896,600.1084347833948,191.23815191311832,15.982880304829024,0.01377961293244604,27.037101308441166,209.8326340079292,clay,date_palm,2.3257762468157255,17.023191783782984,0.9334983199007719,1
8.48575771300101,393.81640745245636,72.03556084769804,23.982249137764942,0.03445444814172502,5.338332028279193,124.77230681649615,sandy,olive,1.985101349113068,16.987763072082302,0.7823914706205045,0
7.618926515367139,738.7515121745995,153.41638089580175,24.972346383287693,0.047095136902316315,24.953236417921122,243.499013263632,sandy,olive,3.0787918989753837,20.951335662686933,1.0,1
7.558027128689175,732.8709133604215,237.54020823865025,9.708144976830532,0.03350945782778854,9.44778145244936,133.58621973116715,clay,olive,1.4838089377585573,8.786719706780639,0.8103022114864998,0
8.164619441112995,395.17437101704866,223.350213357261,19.53959742691631,0.04369237247325234,24.448998913443837,168.6624051073299,clay,olive,1.5601448687961854,11.434056453285406,1.0,1
7.511205310379527,740.5765374142808,297.6606842930447,12.560621244663903,0.0415465670280933,27.68786473044462,117.2103941891372,sandy,barley,1.7098142910840293,8.099809476043749,1.0,1
8.396135988405348,797.6946040992673,119.472781496939,5.162163937724264,0.01864576805896119,13.397322287835285,190.49234791758826,clay,date_palm,1.2346041663426848,6.381312121380201,0.6464012999485383,0
8.287619127764518,695.2493984743688,174.5473247934948,5.185050448718047,0.030406073057035334,11.586468969060395,156.31766800858188,clay,barley,0.7240271432523034,1.2247754706371627,0.7457426466969221,0
7.643491041062528,706.9228086531374,132.3826034434992,14.211320151245115,0.008656805650756424,24.26441825016775,152.97601933145583,sandy,date_palm,3.0025933958535194,18.271061265228298,0.8553479214329829,0
8.126306601687245,349.40524166545396,160.15077851479367,14.766698260086692,0.02724076825208438,16.355003589002425,224.0465315831421,loamy,olive,2.060373907129428,12.812172009037875,0.9005415081316686,1
8.131814311127023,546.0214393146538,264.237532467347,5.4513939314688535,0.012290676618902523,20.849022405432716,101.43425692757174,clay,date_palm,1.1362889331709531,6.39408825508037,0.6922437120458684,0
7.154685803253899,240.3535483804207,221.05226879712166,18.73854833548605,0.037443103932669836,19.062047871874206,219.69201563386338,loamy,olive,2.8501622570419642,18.07237083883288,1.0,1
8.35382936001935,256.9507620930018,270.6102978368954,10.880067771899062,0.026874862672714106,5.433776523699093,185.71728486221178,loamy,barley,1.3147467742397163,10.071032367413457,0.6169782125038707,0
7.757878558671786,799.3355672199743,100.87777708297162,16.197862030718987,0.021150140768951366,25.49892044839729,247.91477702202985,loamy,date_palm,2.950353939100516,18.11897226581335,1.0,1
8.239686199161612,395.98354965554654,268.3402794603595,11.018381463308376,0.014171057712181901,6.67747823098095,188.41648309063737,clay,tomato,2.013618227614514,13.45204180512737,0.5072048885115086,0
7.4800744015459175,648.9103472293078,64.9405685445961,8.342686297386145,0.04993622561022306,28.036182178052645,108.30687012219369,sandy,date_palm,1.6052426445142363,6.60572060839097,1.0,1
8.3432848427443,683.9990318160899,272.1498201092881,13.143474771977505,0.004513815523361702,8.266567451242288,107.59679896655895,sandy,olive,1.9616882964887712,13.397193263966557,0.389973645594373,0
7.583802518101245,714.8139626043375,132.26844486518198,9.645467295810015,0.003134473348048581,22.282548224938516,232.4729479557748,sandy,tomato,3.613633555302608,21.760388932445274,0.7817587491437077,0
7.016256477220447,798.5769784412939,128.6469083535166,15.69601953838336,0.011645612624199362,9.255006411314168,226.18212182665798,sandy,olive,3.626754347175946,25.253061119167764,0.6499246653633495,0
8.358072964628896,344.8978911541207,178.02214417466598,8.976570605729599,0.048582550472763164,10.215776849019052,151.88351133730347,sandy,tomato,1.247882894246296,5.344800100013804,1.0,1
7.136930015179201,224.2104961158198,285.1725469308079,15.168119532892542,0.04898267024767924,9.990053730686853,192.70487262717057,sandy,tomato,3.101296941614952,17.128633354518467,1.0,1
7.478970456385622,446.7149107967516,61.94534117035134,8.147570297377351,0.033091459003834665,22.688875366756417,173.43870355834005,loamy,date_palm,1.9921464094940655,8.499957604152467,1.0,1
8.425092950576207,278.0484018973682,138.0577437676863,18.4194941897157,0.044125226693113834,17.1476384211124,245.07460827040782,loamy,date_palm,1.988760178252912,16.83679360024921,1.0,1
8.425910720406334,213.45553349723306,264.14299717083395,20.07875368882848,0.011484124811198974,26.60562121957742,242.49413513153374,loamy,tomato,3.0561417893259977,20.86708520039648,0.9488656397056128,1
7.860156832184929,416.25609628489167,149.01361935886666,7.2078846849986755,0.04863006261465456,9.913808856917301,247.57585128111617,clay,tomato,1.6315507433573606,2.8423344082258626,1.0,1
7.947755818254699,670.2429506451418,99.78922439926674,14.356048240746784,0.007996457656838669,21.067783139645584,229.96731709513963,clay,tomato,2.931678806615967,21.321535804130836,0.7758368321747691,0
7.6726682829674795,539.7084147350425,156.19854533285294,6.417434013097472,0.005955134220901256,22.83550939023021,236.4327386162652,clay,olive,2.2599724230751654,13.041688219227838,0.7268349949641363,0
7.439816157547097,387.6667935262124,146.38812537291733,16.96364891084005,0.0064983654231163725,5.392981277868787,132.59181681507044,sandy,date_palm,3.2988535626483255,22.02380719337186,0.46924339191598735,0
7.492996818054874,592.6052032956318,278.8540503666759,10.288085958592907,0.029083268240355672,12.617091362274524,224.65101834846618,loamy,olive,2.2644774300068926,11.438187148613002,0.869749045251377,0
8.008777684115557,339.2109081852864,240.48359393577428,15.552489136774156,0.039267745635184564,15.001707336161921,206.3285669806412,clay,date_palm,1.8946566354248697,15.510933516947231,1.0,1
8.12856179415652,208.62886764325103,176.27888893600158,15.349220187685823,0.018966691715857024,11.314934306936856,244.4179763242105,loamy,barley,2.124773840915861,15.576068665277294,0.6807809691498614,0
8.187368565588773,658.6120318618564,297.0926416803928,23.487086923876006,0.048916903401520204,10.341265283105004,185.6892742663929,sandy,olive,2.209438666263102,16.64984020400406,1.0,1
8.184427214191832,574.2458509184055,166.31938281898084,15.981664451374458,0.022286586767798145,20.906176925931614,112.77507500658345,loamy,date_palm,1.7924519089465527,13.451497895667266,0.8958184927513287,1
7.136809154573036,657.381574700576,64.55945770506881,16.659969594366313,0.008371978987887599,7.260125532125168,189.60983367807296,sandy,tomato,4.164912528763396,27.19145180966514,0.603975197761889,0
7.741630457053872,223.36281001259937,115.56858045374622,13.033062515287606,0.023832370661120702,21.572331612282735,202.98713920319318,clay,tomato,2.492361201681253,18.089043169528065,0.9883210882969655,1
7.086338140024966,702.2717766983912,159.01762005482817,23.981592063656336,0.034272821105699555,28.116281695331185,133.04815430686426,sandy,date_palm,3.464570297341711,22.986496879145744,1.0,1
7.824293323485604,571.715720021782,89.22565603653003,20.54371818879219,0.04177906324471456,17.390728114154783,159.11700752690928,sandy,tomato,2.7998306463351637,15.124859091679776,1.0,1
7.662295752060065,538.0372104275841,286.89128158101073,10.708105806056832,0.023479646207873055,18.731592865444746,189.77551210775198,loamy,tomato,2.5103212597159876,16.22299330867092,0.9276522512042698,1
8.33155627413745,574.768428868719,241.7122244544433,21.88419171552464,0.030086734476409208,2.9990483615985832,156.11586059747583,sandy,barley,2.0039859873726424,16.75833639991693,0.6716008633679211,0
7.5263725188281185,718.6599481210185,117.07180010694316,13.6479272037018,0.014099890895783816,26.069830204917018,156.2421575857996,clay,barley,2.022291528455641,14.37659905995063,0.8946782898115488,1
7.175600524641409,552.1619039353443,197.70113337947896,21.57334287067188,0.03264990979387019,9.2779858287961,119.9629958759196,clay,barley,2.2056632424264424,17.334168864109518,0.8517614228780902,0
7.214487523079254,548.5702279329075,230.36228927739302,21.45776136587004,0.04931262525356685,18.83648380032838,241.1120084616499,sandy,olive,3.135183200725712,18.586269584031548,1.0,1
8.142265947576208,794.4074942394595,285.3197322266995,8.777403735257089,0.003403625056801899,29.394252922599268,212.57415767426448,loamy,barley,1.8968667779607693,12.69631804393501,0.7906887765408753,0
7.927327094974392,654.0381002411408,270.4088372938527,19.022822627671538,0.04444000286455323,18.269575416611428,100.18651582991531,clay,barley,1.2254761831853613,9.029109172820279,1.0,1
7.151684014184186,465.37628327068114,178.7980565345534,10.812859386130622,0.02855184263560862,22.01657513646695,214.8419926033248,clay,barley,2.1425377159124466,10.999671556311787,1.0,1
7.126160209172496,624.4382000197566,243.6631549482544,10.949853399853364,0.013352834318552696,13.914268928488804,210.9692488986788,sandy,date_palm,3.4582378542531,22.714192765561577,0.7552369216883146,0
8.05145369718868,433.5382830150731,190.53618845689624,10.926961537611614,0.047789595790453644,2.7506094619366634,101.45964402332845,sandy,tomato,1.399153246575986,3.7630740140436103,0.8837883858216169,1
7.10914450954629,337.3252774900994,188.17597251138503,19.511364951198964,0.02468436084988605,24.130381135203866,155.44064464206468,clay,date_palm,2.988570525212259,25.00072686517821,1.0,1
8.232790088935534,558.1111261326557,78.68548958454798,9.596520835850722,0.017252822331995897,2.014966396655584,191.0121535488296,sandy,barley,1.7996071500961615,12.866086270034456,0.4430602349207431,0
8.059363340734745,756.9092588683709,81.53441450403801,5.0181167049218045,0.009893383785271218,21.319077037747768,167.9125977787054,sandy,olive,1.8952916428956152,6.938415448514973,0.7264056289656728,0
7.12202317096285,757.4837120092776,182.38340375561435,19.30473706965266,0.012978158302576443,1.6647256213394712,216.69791780807608,clay,date_palm,3.5580513214375054,23.76600294580909,0.5126109926804365,0
7.127256571127788,405.1431668632942,117.21538624475166,8.423694876702505,0.04180960303798069,26.006851860723447,163.8187498951651,loamy,barley,1.6978663119745185,7.34075737494841,1.0,1
8.479959367751764,516.6064797330171,55.25922561511716,7.089647906156693,0.031106090456541127,5.571445039156437,123.07944541807555,loamy,olive,0.7346867981275456,4.182457365330516,0.6367952014814493,0
7.5614061936341805,326.98153914191676,230.70980097505307,9.750322411881204,0.04574903535492749,15.913873367833983,246.46234364107428,clay,olive,1.8032254009123494,6.36259589234204,1.0,1
7.555963220600336,797.3786656993301,58.12164917254124,12.59801044645408,0.012366454155731506,18.317370430011273,136.305998916407,sandy,olive,2.5453109617743803,16.593164258616817,0.7554690978781484,0
8.219199350886253,788.6707447207615,198.81921027601365,14.518126549464014,0.006935790118596173,14.26881681382895,207.65384658119984,clay,tomato,2.574337851351497,17.74312206843818,0.5953602161636413,0
8.420872866075788,589.7053578244684,184.7984485318286,5.891400814252616,0.0012982890178039103,10.88214119111773,121.47344674961079,clay,olive,1.1481872093865024,6.492430745706291,0.32897213584033347,0
8.479001595734307,682.648435806484,292.2036726444511,24.411466652547208,0.025885239843183697,14.566614589248179,149.35189206758992,sandy,barley,2.0794872474356962,15.819994450936528,0.8459698692275748,0
8.130067277888413,629.0600967702201,171.0532848369104,19.321261068391163,0.04991703958871742,10.031056862553603,166.30414126456355,loamy,date_palm,1.7472419319753303,13.310619421766088,1.0,1
7.564389378296374,555.8949314236809,65.90035909444934,11.463881306486723,0.03505329817211331,13.705548065345033,128.83480067905958,loamy,date_palm,1.8473723572756497,6.92391941167642,0.9477002224706523,1
7.125251075048003,232.00879819333863,187.9219919516154,11.373945145707946,0.01611133500629216,11.40847673894289,167.49393645529142,sandy,barley,2.607730947769219,16.932857168692163,0.6784580356947777,0
8.165720373891155,472.85860553159665,260.2740426540254,13.970850987369188,0.04396607056828242,17.419939881707215,123.5744234487625,clay,tomato,1.1930705592088702,8.752106747920031,1.0,1
7.837606374603707,604.8717813004464,299.21232107035996,17.52489645526066,0.039304391033410026,7.8998007051045205,183.85098084788353,sandy,tomato,2.777490925444669,16.529857429309775,0.9697611536388144,1
7.636333013870464,606.5189683302108,157.58579342226813,7.927461331779355,0.0017553431377504234,29.671040092506363,199.55698787802908,clay,olive,2.279259345445527,14.496492625614328,0.8020916965520257,0
8.359531577642104,423.87357105343017,130.07468562418563,8.778596275299046,0.041026163546510105,15.525228648082802,109.36514260420162,sandy,barley,0.8688536608455592,6.080080459091167,0.9954053190269523,1
7.166796223459227,765.0151919948183,276.66332423799975,22.18869165667102,0.015725811104686304,6.63070024502078,230.6698181623252,sandy,olive,3.8367173893507793,25.076779477505564,0.6754385626187724,0
7.738937656436288,300.4142193420686,97.81053226903035,10.125098477781451,0.008333999764596454,14.834935737450902,127.77113275630532,loamy,olive,1.9885314520074542,11.955991816911958,0.5807912273785611,0
7.0170304671511285,500.21566772933636,203.85722875823166,12.60389995950355,0.012090211147116656,26.126038756219902,133.80436379804857,loamy,barley,2.4028444979074983,14.855793996428629,0.8961015021637478,1
7.70299096299119,614.5303859304936,151.42860604523693,22.42543701900234,0.023960410414381815,1.6323970006074724,199.20247601245944,sandy,tomato,3.719925147026219,27.504410699740415,0.6896481079899742,0
7.084454913522756,618.2814835350855,60.27059123888882,18.26295658799645,0.021818528426332542,20.707069454111377,170.3126590651621,sandy,tomato,3.8920874295128893,27.16835443389919,1.0,1
7.178226874402108,589.1833740612893,136.82211857642443,11.834237586833767,0.01515547766933711,16.891066107023914,174.90933987565984,loamy,date_palm,2.9028008918478867,14.940371258111993,0.7973775585283659,0
7.176289370165657,365.1729280711161,116.30713062566865,18.673990914492414,0.009438697788144605,5.91718183673393,119.2232476844699,clay,barley,2.463075217256829,20.853584167889924,0.456970120937394,0
7.973815453174096,293.72394121197317,221.5227884858717,5.393664307628274,0.0383493086924663,24.706816739842697,220.86037328146125,loamy,olive,1.3818831884764,6.869767408881248,1.0,1
8.119067318898136,581.5641960960265,287.1976244229795,19.712853200227304,0.04951537940301094,11.697654048846164,192.5581369156315,clay,barley,1.4490003900717614,13.28579491104829,1.0,1
7.8750531476457395,559.5812696836626,117.01179684465944,14.74032081032479,0.03911178744056484,9.520258835649715,120.3073064964184,loamy,olive,1.5036775141736907,10.273553215194646,0.897376189455362,1
8.443258822711813,307.61360617354455,252.86648478792043,21.263642945689224,0.015500911415905521,25.01563056385013,156.0999050538394,loamy,date_palm,2.3008620970752878,18.371156281504422,0.9168952502816085,1
7.562305869285556,623.083487342338,63.83995423460238,24.092753040129367,0.012995639109194535,19.517226339558274,221.56148991025452,clay,date_palm,3.5129766697813696,28.19285402718246,0.8663172470115932,0
7.428568129422791,473.10319504019384,184.5302525099533,23.515770989891365,0.011665627927230974,27.04951342656991,185.25325689799308,sandy,date_palm,3.9171500299806543,29.22330333614025,1.0,1
8.30289869228419,600.6563549618918,67.63751592747364,23.185300869106815,0.007698058649962778,19.26662740646478,116.29731686993958,loamy,date_palm,2.503956960636449,25.513896114126144,0.7011199847296532,0
7.335393757779179,702.4202478620905,283.50824778265985,15.243399118677743,0.028015196934922763,22.483712080031342,155.916556868393,loamy,olive,2.3655677865408316,17.041094576606636,1.0,1
8.444833809160917,301.8370571461539,241.58782013934754,12.20284228277876,0.030664618225713865,25.256930991528773,136.4041597683602,loamy,tomato,1.374038308758619,8.991962587181042,1.0,1
7.018231712034725,211.486920798102,214.4874778011481,14.300706494613456,0.03556963037249373,2.5874494413881703,177.61983304805895,sandy,olive,2.820163577839448,13.915928689040904,0.8109065306423252,0
8.454818240061458,667.4615518374721,255.97409540616607,18.797920066267217,0.03433045517574973,23.50541980721203,226.50416933079845,loamy,date_palm,2.1009255905724507,13.42891610740593,1.0,1
7.064739867925864,565.8184550915696,211.8799488925408,22.679955537423734,0.015324332252885743,18.797487973637725,165.44007022066296,sandy,tomato,4.355662972740399,26.44595389732688,0.9542677810852727,1
8.336714670547106,619.783741773273,292.2360992935728,9.139726060002392,0.01718523926444548,3.0157260989406036,165.00130455524845,loamy,barley,1.314282208184812,8.078653466358743,0.4232356876002793,0
7.79155166362945,702.8929849931856,228.48948696619289,23.36386316923406,0.034394212236674555,15.748759734192738,235.80263534905555,clay,olive,2.6097193912622703,20.806856186803213,1.0,1
8.48944719417895,681.6865608947003,281.1646523955617,21.303604639397783,0.01812293439839779,3.3912842615346626,186.42781187609086,loamy,barley,1.9407050049898846,16.405331263907726,0.49492610160585093,0
7.110694847103098,776.5520881572947,179.2829730026595,24.57712030356469,0.01141853629134634,22.34246884997345,184.92866310961102,loamy,date_palm,3.9405783232777845,30.0,0.933373687231887,1
7.830781426601981,521.561047311271,79.26610324546567,22.605035465633744,0.01934247153114024,16.848549703038607,139.2864837813084,sandy,barley,2.521133977446159,20.388584387248294,0.8287987852235684,0
8.453953803428648,493.0973795959432,182.0444303557543,10.598746593838133,0.014332123721320904,28.653632584956622,191.15841217556894,sandy,tomato,2.330293607206555,13.651569721927917,0.9744779960954704,1
7.784646766255223,441.13231993443804,81.71820701577332,7.119118226880953,0.005327323339710313,6.3109257755813255,186.38657011260946,sandy,tomato,2.9097792772530235,17.039061653386394,0.43891070778752306,0
7.944097957202894,292.2146257065227,198.12336979410125,7.244821439831773,0.041676806211556026,18.574970123090974,159.5277205512796,clay,tomato,1.192216078983442,5.635521731804509,1.0,1
8.043623033476926,543.5643397292134,170.62326513191573,10.824466371565522,0.04280245806869478,7.1358819025442495,248.60433488487706,clay,olive,1.5515420685628798,8.085697881498362,0.9088778745663371,1
7.681811597151659,366.20751459558727,205.64384945819543,17.283674479690784,0.011767764708177093,18.807884557094553,232.283644742213,sandy,barley,2.8958707085468784,20.51741532149682,0.7843438184482977,0
7.941337120126095,752.7845073277853,52.5117452637079,21.086406521943452,0.004173837776734886,21.956841368464836,212.43794351152235,clay,barley,2.5567448915147812,19.262803073504386,0.7062839853415025,0
7.876471467884651,549.9144825662586,98.71012291384102,22.985006139631295,0.0372025444302078,21.946825550556618,180.6018382619501,sandy,barley,2.373193347098177,16.47376221783819,1.0,1
8.351737015736484,555.7041083048662,172.83260797803274,17.475067687384655,0.011364902667307272,24.637145729795687,169.30897028419454,clay,date_palm,2.1299973714015916,21.020445257540377,0.8336162443176501,0
7.068169570512187,412.954796526206,287.6258903972837,5.112626254961075,0.020278338982406153,25.752956610791184,127.7346092834799,sandy,olive,2.285328185657191,13.900790512876856,1.0,1
7.4214447843883455,231.19361118662448,145.9022600887896,8.72633553037067,0.0041426273596317795,3.2408800617481344,145.86062110219356,sandy,olive,2.6328748626298957,13.292963995715137,0.33758700063983105,0
8.425617226114838,219.0462592237932,156.09300651340868,6.994524077067359,0.012087209653163324,10.954747555099718,216.09411997348153,clay,barley,1.3211136634826814,3.4607190679112945,0.5060921889780587,0
8.335395675836374,454.0010864919185,228.67402225165554,12.2664895113802,0.039852211638152155,20.926553090434364,168.0623430906327,loamy,olive,1.2109403127038334,7.128461047153476,1.0,1
7.683485129178569,250.7392268583427,200.9481893215295,15.027019872674918,0.04041542589884489,15.459002334345152,232.3404274854252,sandy,barley,2.257404037621081,15.043231336142863,1.0,1
7.930198896702305,564.1081733240835,124.7315375245833,5.867943571571217,0.01114715641949781,6.529602455888953,122.18667045182931,sandy,barley,1.6163169487214575,8.27416285544158,0.42710475130796277,0
7.416071774471699,728.5838033837945,152.70409889185694,11.969559515913106,0.017459778410227788,17.02857753483424,176.25206440204548,loamy,barley,2.175642814664789,15.963377495062284,0.7765196520232847,0
7.282181739585642,729.7488899112333,104.42494971430811,8.583593492506452,0.007577682535593435,12.81563393021817,197.04485260319632,sandy,tomato,3.5075289962231833,20.332623254573324,0.6505802363361196,0
7.695547607409973,595.4272460793395,291.50536478255214,17.94140332517748,0.004634458883961197,12.311110051974849,177.52726844618888,sandy,date_palm,3.4264926059478302,23.519455911960073,0.5898584927747414,0
7.5300283420390794,326.73909888375863,82.65859538933994,14.285447386486801,0.049616414007972065,24.48285780563425,233.38403373774807,clay,olive,1.9576960580872438,12.053248196584098,1.0,1
7.8754841677763086,717.7980988153232,142.95919614160488,14.906352938678175,0.03312410361099712,12.820351681133257,248.43449227437097,loamy,date_palm,2.5010526543767115,14.091642500450577,0.9533528001377589,1
7.116601955447477,731.6560611879249,56.4597430550028,13.553835760669221,0.02756272895071762,1.7671806589323007,117.37519875120546,sandy,tomato,3.0666839952286153,17.425268741731696,0.6941192670576996,0
8.46159221149925,317.99215097177523,105.4448729833866,24.12039420973134,0.03850942651985968,2.683836827841647,119.49323561153815,sandy,olive,1.905227531044978,16.663687211392386,0.7837363368383264,0
8.479316116719405,642.4556514624064,245.11778459503873,9.294702502431264,0.04216378082469848,25.83107720905699,119.54861703401816,loamy,barley,0.565827052901826,2.267846308879739,1.0,1
8.047242571029617,371.9117293562738,100.29380807221986,15.333285196877487,0.04052902363419165,28.857423490363118,202.17656441057915,loamy,date_palm,1.96075594479382,15.701743986056403,1.0,1
7.804144549516181,681.5841874117577,70.0158506322414,19.72034736730672,0.0018104330152039537,20.96387075721552,155.90141432437568,clay,tomato,3.159844336491909,24.893968153573873,0.6992214572917224,0
7.464291424429492,798.3427399421616,168.6132949611308,16.13688826269125,0.010153587011334425,11.566680528902326,209.99719918988592,clay,olive,2.7936944119406233,20.665496320311696,0.6071329687033127,0
8.220692529560424,218.0156031976357,52.49230868362962,23.580417714336022,0.03309035980377372,28.219409158047096,160.8207209330468,clay,olive,1.9305674478015815,15.67695905223481,1.0,1
8.027096758830819,738.4195194745591,71.1915386065833,12.559367112825683,0.019412208042394186,20.22128950489634,194.14100819980956,sandy,date_palm,2.545780049841655,17.560935643518345,0.8992713147211719,1
7.243925409017337,573.5783201591948,251.90646739074379,14.273516115463561,0.049141649901994246,25.485672926780794,215.47870085183402,loamy,date_palm,2.4814142605265523,12.557097213015467,1.0,1
8.366390776740763,784.0295714988927,242.8683362149016,6.770446304294568,0.03360483483927445,23.20971681707327,182.2323865982381,clay,olive,0.902179393070765,4.423347505543238,1.0,1
8.233805864384752,479.00571051585655,278.784705101224,17.17998222103857,0.04787089652773112,11.99504015740518,180.9255385675009,loamy,olive,1.4909640040373944,7.7071371618201665,1.0,1
8.424699869937886,708.4327583428242,263.6288589776874,10.764239368962121,0.010870877600643897,14.88236382467278,113.23514879284517,sandy,tomato,1.9858231897665195,15.226606720814239,0.6195762956844356,0
8.08857926258254,237.43644115896635,220.79389080995452,8.206180790311377,0.043333894377636135,6.3978324766748855,161.61726143641522,sandy,barley,1.2266242712838036,5.663413629303539,0.876095006900744,0
7.920122793903685,401.1674300469774,63.08321432516571,15.89062585809016,0.016746262984946043,9.468408912781287,181.86657298374064,loamy,barley,2.0625722294240196,18.95951131925731,0.605567901383738,0
7.627364554435928,240.20992265072599,245.71215449666437,15.646205267598212,0.049488675603652534,23.56564417730913,169.2971238499615,loamy,tomato,2.152311335620688,16.855767992116984,1.0,1
8.39909272503102,785.2058800874423,261.3777027101401,6.5174328244809505,0.008726744931584218,26.925373364610138,235.11730002826383,clay,olive,1.6228233909536764,11.375054494268637,0.7992345125422602,0
8.299095834250613,690.184344363102,249.77053644298863,18.964309069889456,0.026300651123078004,22.009352274290944,235.9795948179234,loamy,date_palm,2.477713511263027,17.481076694378924,1.0,1
7.067828005159284,711.5284527475824,177.11975882700654,17.47544381301706,0.039849382158018976,14.490037203042512,223.28760708831425,clay,date_palm,2.930086078628267,15.763540678295126,1.0,1
7.039550461745878,762.7791388603365,108.22545966237041,8.780345654929944,0.02219948154959776,3.508768799252678,156.294711305968,loamy,olive,2.332664295436979,14.765011190714747,0.5897807428639783,0
7.5646950503170745,251.0620916718712,261.3324939221817,14.388697243080877,0.02393611894919469,2.6514905122549983,207.59487275313015,loamy,tomato,2.96498133493554,18.607342804781037,0.6492701012778636,0
8.215829996172749,431.358555508,231.79070243503463,19.4064583295712,0.04933143397978131,11.855441373772761,159.29326916044147,loamy,olive,1.5015611690426538,11.413315457372542,1.0,1
8.480914193972417,242.62093342640128,295.1902935972129,15.58871481082553,0.021840099364756515,14.45082984426223,134.88903984636386,sandy,date_palm,1.9670582199491158,17.346341862512627,0.7739827449525216,0
7.225625336655292,326.4758609300172,88.92314943898323,12.909781523671404,0.030599532929354117,18.66449804418561,151.43539653263224,sandy,olive,2.53927294617213,13.151477470067107,1.0,1
7.891196073028203,337.6194662226034,106.41614576301376,11.446769161618873,0.0036724433730823845,1.1881961202229192,110.64469499283032,sandy,olive,2.2536238987770734,13.630974484262005,0.25914048490286,0
7.571336284946533,481.4643266285472,102.94953747037567,17.207877332881072,0.04226829393030274,29.701963823522885,149.7666263506971,clay,tomato,2.194645038195683,13.156694854359207,1.0,1
8.454871596721905,361.13730047218553,248.1349419053342,23.782173966204812,0.03276023439999763,11.554227618717244,169.11133258917573,clay,barley,1.623046621986622,15.994481555918918,0.8523317981332391,0
8.263178384703563,260.58686409065666,96.72682411252954,18.43489680954967,0.020796985040277865,25.59474525023252,243.3221342171245,sandy,date_palm,2.965844278199214,21.233216091217127,1.0,1
8.257493057066707,300.4946534564646,66.66495745582652,6.4949180727263105,0.0017923074577714678,16.514034464296728,147.01158793294374,sandy,date_palm,2.0712036721414524,10.983377820629093,0.5228615949238228,0
7.703039739692455,288.3653381312546,299.64020164640715,14.213699469642675,0.029991772209081693,4.782744181467049,235.3680308808281,loamy,olive,2.367394886647103,16.03638280158938,0.7349230576973347,0
7.6222292535064975,783.846078747379,56.20430286128729,22.81648263021255,0.0016202335957239476,24.129401023501135,134.32874137352457,loamy,date_palm,3.3114890489567688,23.119589299509943,0.7718106483224234,0
7.410110607896059,655.5755041510841,258.8110150397164,6.889248516021738,0.0010589770815418776,21.584985172676404,128.6453346638874,clay,date_palm,2.2630449119663623,12.289542909388603,0.6286279526339653,0
7.0845632449763905,780.6568791617372,141.3417103876632,24.77751424275087,0.03118882954531838,16.295646462947612,177.84931846482473,clay,barley,2.731023234001526,20.21632427819776,1.0,1
8.29708356438258,463.84429190474515,260.4038649394538,23.981387872908428,0.01026183629939316,15.92203964867962,200.8767053946109,loamy,date_palm,2.9703995440389956,22.31150674746859,0.7100003009876095,0
8.219351513695116,367.02108899759395,188.65512280278625,6.565489614597517,0.01040248993618667,3.536908566776914,106.64983762034221,clay,date_palm,1.203012310827509,9.380727383659757,0.32301650524453906,0
8.499576509929195,678.975918325512,275.40780737159,23.668266408991098,0.03301030672580444,20.01961950864235,133.1598797570825,sandy,tomato,2.43123364903852,18.895201102210784,1.0,1
8.494955255610858,395.75235082468805,281.5482466036567,12.262651805189243,0.0036311622090293397,27.426109516874693,168.35254997519746,loamy,tomato,2.1707212914216822,18.926673313535694,0.7766473267866685,0
7.833147558403941,379.630024223209,52.274545320194,21.89418334151725,0.016356872512253262,3.7041026574193925,149.65065039747722,loamy,tomato,3.0818985066122435,22.03710788773396,0.5659870213611663,0
8.153481122770765,339.5035953246987,68.85304399819707,13.36766675426543,0.008322163204958936,8.641832068818243,206.89316190224827,clay,tomato,2.5167571829416517,16.85423199383705,0.49900966408608105,0
8.417148594823642,277.8073869345412,112.58968239271387,13.817102254050317,0.02942864212003016,27.166931229820865,176.67408940619754,loamy,tomato,1.788125836817388,13.945371091827576,1.0,1
8.274471086016117,353.8778366100596,217.3288540908754,17.684861819550854,0.033426492581642396,9.245973384774006,124.05386584058503,loamy,barley,1.3439288861372114,10.269098294094569,0.793831167311093,0
7.371022152614796,413.1918490843326,272.0680491278765,20.48954838551967,0.03633565682635313,19.964366493217863,234.16980689726358,sandy,date_palm,3.4943601868984584,25.02206510147994,1.0,1
7.67581620296514,604.3965248874383,164.9854878234907,5.675783018964973,0.013506329629009706,16.50972678335118,143.93585132250394,loamy,olive,1.7494466827981119,10.74857007944456,0.6727452147260181,0
7.1937391227272425,237.53890533167095,201.74327906856635,16.863119910542686,0.005373237830192616,18.293500545112,209.66966634466354,loamy,barley,2.9679115244132093,16.341908863493142,0.683901500308186,0
8.431076540888084,326.30416379920575,97.12496319889028,8.734659881947419,0.004855499190152993,13.057878145740341,216.98736686581148,loamy,olive,1.8670452107323756,14.698680915724474,0.4833536676256918,0
7.90926195167632,685.4141841750059,251.24170847042134,11.91899035726406,0.021881425874085467,9.699752646057622,244.47365503841533,loamy,tomato,2.7269635413661857,18.039724888567623,0.7403735243417292,0
7.342964208255194,288.1531541502625,291.8320278383674,11.95937332310433,0.04734637604407304,2.4074700711604002,174.7761199786152,sandy,date_palm,2.3871585229730927,13.887569551920981,0.9493177239221511,1
8.007551026608786,405.58708791351296,117.14973322864937,14.381206804423073,0.011668722678104208,22.58414723953076,192.37532731966482,loamy,tomato,2.742400524017515,14.475656316955865,0.8461058268835795,0
7.927192360686844,718.795353114884,173.70648790013658,11.682728237523467,0.01358033846573592,22.636710403632577,150.23144402193006,sandy,barley,2.014884230847178,12.063498680129591,0.8176300235264646,0
7.537244077049261,292.9551866860656,71.52902762659345,7.147222369013355,0.005943551303187088,20.451046462282974,201.72689401180997,sandy,olive,2.6888015244967005,14.531131772656595,0.7132783207532019,0
7.170336388299443,249.64210137091393,189.7841641157421,7.912574770509028,0.030672943420802585,19.665379855469,169.50752287994794,sandy,date_palm,2.609820533732143,11.464595499663284,1.0,1
8.007359793389199,490.7227970480065,175.69586046167012,5.668759711221954,0.03431377082341157,8.06779683285826,165.64785470866335,clay,barley,0.9235814445333391,6.937879088602196,0.7499490145710058,0
7.78046155135569,381.45170676712183,86.1091210387694,14.404981706575086,0.03250362919987724,1.6480030792224452,228.32012936741583,clay,barley,1.8733119517345387,11.854653845667734,0.6703794557213705,0
8.158477587603459,538.0450186903124,160.51655327951875,24.08895389705977,0.04319538190919429,24.452746509677752,107.5253265248033,loamy,date_palm,1.861501573999045,14.550429352641366,1.0,1
7.78024525166799,682.2829342900851,133.5261630216408,7.313504472962331,0.024834865916277517,15.24301753517898,232.29436417478027,sandy,date_palm,2.507327426550869,14.082568950943083,0.8779695335718118,0
8.27827225047781,282.2890928916459,180.45771882629734,23.92528986006164,0.007588394997586158,9.898305790375932,227.81047567428354,clay,barley,2.47516566267703,22.325708093429956,0.5098052937854735,0
7.827860258161728,548.419450732571,196.4135838571998,19.667230294641872,0.015180851404516221,3.956025296636532,175.95493803426837,loamy,olive,2.5939032732301475,12.648537922304204,0.5143455388588858,0
7.84140695730308,503.3052562339183,52.123894651802374,17.749976058683263,0.03345906869764624,2.8189261361402638,173.53042813084426,clay,olive,1.9403437643798285,12.163087301309096,0.7134920543378852,0
8.314980403987517,286.44727160791973,240.25149573738884,17.905555106471258,0.031042976713336435,11.117134932060141,154.27110520532352,sandy,barley,1.7755604774623355,10.11014960298398,0.8300321875382363,0
7.6052242993185954,574.3990913173894,228.2535729654352,21.53455296792564,0.027019153357405165,24.337374878241274,249.12606875226015,loamy,barley,2.711826913710474,20.27165260629175,1.0,1
7.201022842675961,364.184250716463,141.57159655163053,7.138397287596428,0.034465256515745675,27.642988730681083,116.67539991307618,sandy,tomato,2.3538689188385806,10.60039302898881,1.0,1
7.043174014470009,492.7005911264075,63.23398389220456,15.095086471310834,0.032232151668291666,27.005789573778877,188.53228534429104,sandy,tomato,3.5630212440699176,20.660700771047292,1.0,1
8.132705883510429,249.36339456623713,238.7331349462626,18.94182276521517,0.044184919583782636,27.68002420773999,202.25223851686255,clay,olive,1.7079074600132271,7.540734949992897,1.0,1
7.930464327030197,475.7504343281738,288.7937901195331,16.736408901471272,0.029714802496436536,27.32403495075094,240.14950123254167,loamy,tomato,2.8395174344377154,17.300966033752434,1.0,1
8.056119652148835,383.8780808256922,110.03789900550355,21.655581420465893,0.039151466576327267,16.28951779641148,217.0305245285142,loamy,olive,2.2565624546249112,18.260158687343818,1.0,1
7.319446242263366,693.4287267112127,130.8811534342595,6.44543418022703,0.013186650642356926,7.363053518150211,196.57708042173203,loamy,date_palm,2.585353590890896,17.005175528513938,0.5518891172696297,0
7.204557213380155,234.18723619842098,95.95322237045374,18.814020789983317,0.034230946644864334,24.14335090226779,117.5218475218184,clay,tomato,2.6618229376880165,18.849355179028375,1.0,1
7.021816998501823,451.164364950998,194.2340308362099,15.680554607694354,0.04520751180075111,7.197676270724791,156.0600275247201,loamy,olive,2.299529579268781,10.578187972450298,1.0,1
7.525881338209896,475.0588544788628,88.71034866186373,12.583217279598868,0.01990088406709183,8.749011025940504,120.82624638219778,clay,olive,1.890401516777168,15.014009695000452,0.624725602867361,0
7.88487653028195,635.0036457794713,139.04848586534484,11.805499644680618,0.03917610517959369,7.764375332853906,232.18190986982705,loamy,barley,1.6900345801912844,10.70276675086933,0.8781318507662863,0
7.5883660676495985,544.5725450541265,224.25325348356574,17.41665265548386,0.03651467575857634,15.934489707178368,212.44317333454643,clay,olive,2.256228656710558,14.36195870175962,1.0,1
7.6562123830355935,600.3274023165086,190.0289957523371,22.819907492885296,0.0039167836467193014,10.332997736903318,213.63051801958437,loamy,tomato,4.000849752369814,24.690460765311773,0.5854796896284411,0
8.356238041740623,666.2295713910537,146.61564108198382,14.923518522022306,0.029493907171579545,5.470525439134902,197.83847766603162,clay,barley,1.4037614305446664,11.946013745699332,0.6641200307999646,0
7.52238320053495,717.3217841949132,155.06240045188548,21.4944632815384,0.007379278110839317,14.14202894492259,176.05653054050646,sandy,barley,3.064012494255081,21.995587312840073,0.638650750101448,0
7.770984233739716,388.32529803348234,190.52772065580737,13.043127636879351,0.04839863943929897,26.34330992476984,122.49565891952457,sandy,tomato,1.932366932439158,10.731553415127195,1.0,1
8.175479519111715,522.8136232183417,51.46618197179033,7.047889255863531,0.04075896763233216,17.546032793549195,149.45423300575777,sandy,date_palm,1.3360397076890447,5.560245198830745,1.0,1
7.594814173481906,704.0648470635199,69.62746711340246,6.2301147291727705,0.006376466261108885,26.471732570740024,120.53736887153359,loamy,tomato,2.2477356769203984,16.16986761903677,0.8049004994850657,0
7.93313005034181,793.6706785790338,270.3145169407529,6.0266874264735515,0.0069658478847362424,6.6802933672949845,208.73697142785147,clay,tomato,2.243358125711397,12.680146838677766,0.4175622356738551,0
8.293545563120118,733.7115866262579,69.46974727282269,12.6030028391534,0.03012921889071833,5.842242336504066,124.03431640330075,sandy,barley,1.3850378316497218,8.92324122466624,0.679586156622834,0
8.424280935486463,422.8803575746261,226.70089905262628,11.74475501671684,0.017899569534485984,17.69173664525419,205.31703252575284,loamy,tomato,2.0806251894634613,16.468301781512704,0.7887782910794505,0
7.220610221393557,317.09991033119024,280.00954102726314,19.35874047245139,0.002710387094582355,14.436538144841919,203.8383084393857,clay,date_palm,3.630022056691272,24.306123275478303,0.6197883338508754,0
8.389881437742241,493.6355224439532,117.67090107543278,19.856430031697315,0.027540433883819604,20.14500660776175,168.89567184869333,sandy,date_palm,2.3904653666026316,18.769501160125678,1.0,1
7.738174439619307,644.9848711016253,142.62285926487857,6.017079376674797,0.0200044098846065,24.044176939776666,120.28429811770785,sandy,date_palm,1.9490003541815966,9.754161087360325,0.9368697153991585,1
7.387366582448437,495.5414424519785,192.23035146117908,9.4224652577803,0.0059527481262153905,22.787911573913117,147.2201239201055,loamy,barley,2.135250275925859,11.844878746110018,0.7158694754455619,0
7.688703634357392,489.9085179882011,270.42724240964617,10.485237003177994,0.04029409922054315,28.32557403609827,148.0139663613327,clay,tomato,1.6348069921206798,8.341041813262025,1.0,1
8.470048862928216,702.9382526490804,285.47639681510503,15.952239682856188,0.0458387614986615,12.549435865553335,205.057769971494,loamy,olive,1.3896089105130383,10.128474503057491,1.0,1
7.738927140989304,416.84226744031184,234.89081202781702,7.890304478139005,0.038073102766692374,6.985215525197242,117.06145291205866,sandy,tomato,1.8073461181480115,11.092961785279446,0.8553885414561713,0
7.493127415431262,715.8768048869874,71.65494021367351,7.678824388000008,0.04129869319079759,16.97646655848869,224.36029693241363,loamy,date_palm,2.048260666959218,12.1323517416077,1.0,1
7.950101281475089,444.08288057103414,217.2885388837127,23.875777784159162,0.011608037796039753,4.211550485544382,214.1510935278871,loamy,tomato,3.613272424305743,25.866341307137336,0.5474133705959434,0
7.36021842816729,396.93986340700366,152.5759304681655,21.08405814595562,0.01391507459501145,9.376682576617311,127.94603772614109,sandy,barley,2.8244676986585837,19.189955828109593,0.6222171863502046,0
7.113794992162996,472.3939467198194,167.6752498727654,8.613098041823406,0.011217849474660199,7.028753602631189,207.87465726683342,sandy,tomato,3.6489194227439645,19.93057358382821,0.600756367992044,0
7.193319582865974,657.4681752049211,62.28709758629426,13.131356158109819,0.03848810813691264,12.500347787115347,200.27697722017325,clay,barley,1.9933635839007815,9.00748806239626,0.9867976645080591,1
7.192068758436658,275.6012167183966,97.76553483658955,12.112439985151312,0.047447936867790357,4.225280675064246,212.21812001663895,clay,olive,2.0352232550871396,9.841526183884175,0.9590425269251115,1
7.227854040268442,317.85152952321044,247.62840188341193,20.820081481308144,0.03612502312996123,1.9234105918948377,128.33928331730417,sandy,olive,2.7861176106510315,17.962787765542775,0.8032329676393977,0
7.2082407589741155,770.8668953978552,163.48970826196495,15.20425832956244,0.04419187147909825,20.047026134270922,123.63854832347029,sandy,barley,2.0520163841668566,13.377578513062964,1.0,1
7.961312117204822,305.29497642881444,125.41556040778721,7.5569947398693404,0.032296255649275456,18.69722037040434,135.47259788841313,clay,tomato,1.2789694405018313,1.776149173700591,0.9607057973873652,1
7.272820126598718,540.6363907586327,146.00476849123953,19.77984126312488,0.019995335127381157,21.542409145121173,154.88075547234635,loamy,date_palm,3.1273345942548905,20.08186007161301,0.980964977353532,1
7.518500924985795,547.5886799971627,263.5998783314201,12.937759564498378,0.021862319131584956,20.151206767868974,219.0497471553702,sandy,barley,2.537520468323776,14.225437645375905,0.9339605597970558,1
8.345182614859018,493.7746772301469,237.24975435123923,10.258484952642942,0.0046907501762028375,4.314545753129122,210.6885906218275,sandy,tomato,2.758789145827731,19.802519197391597,0.3773552993718435,0
7.710942460394309,586.8471491460912,118.0788492952707,12.509972440414403,0.002541402567055278,9.441287559893743,238.81773884177997,loamy,tomato,3.3901260251726533,19.472790090521464,0.4981568717175163,0
8.00133660778154,337.8960354785711,79.37546005309332,14.955131272137926,0.035078304605264794,4.756271687110218,108.79443386479232,clay,tomato,1.5463736007860498,10.659404771556925,0.7450098908840602,0
7.258479806802445,531.5973606660489,112.99955541101792,11.86231032834019,0.02248301570854785,25.446199659408332,101.73344215212784,clay,date_palm,2.105357837932952,12.767154921306489,1.0,1
7.288433528213006,423.30395314813825,280.1891127636834,9.838115451835156,0.028058538334676846,22.660206005310176,204.87082445511987,loamy,date_palm,2.554995806133944,15.990456431608859,1.0,1
7.061302924399718,597.0003557775135,195.39720946243884,12.970040576079606,0.0283254011334984,6.844283084629031,141.89312436912485,sandy,date_palm,2.939329463642724,18.243787164316718,0.7969130357864745,0
7.2534025946082465,284.73412602388964,183.37005218619572,5.383458214997965,0.01459141485333177,10.897967974206908,150.11183433007264,loamy,barley,1.8711146626173076,10.292302577393306,0.5865197552934993,0
7.417885508547938,542.5264501036858,199.09839992311538,20.44995692192628,0.024318733030645044,29.03183477566221,182.02030388717685,sandy,barley,2.804774280570188,18.662647119380807,1.0,1
7.265515726415121,311.1622132299942,141.5070664366288,8.418897871351716,0.02406725086171741,18.23062137850989,115.36196846901977,clay,date_palm,1.912004727885733,6.816172695577859,0.8785815687268177,1
7.133053800635583,367.18583786902184,251.7767550798782,5.878092272612745,0.020032933840164996,24.23351232173356,196.40416248220745,sandy,barley,2.3648441683104324,12.666335677955571,0.9743517875019808,1
7.180953806650901,331.2258801941499,180.82156232506244,18.073973858101585,0.04121309378665246,8.673140008293146,148.77211693467254,sandy,date_palm,2.9252015046162567,18.79526728471642,1.0,1
7.691168152049089,309.7026679212903,79.18697569219889,20.478722576473444,0.0231070361806922,7.091534685199851,194.90726864514875,sandy,barley,2.6893660073049315,16.177880224095507,0.7035855169987746,0
7.309500577608689,695.4265709364001,82.26628120726573,21.276582631856865,0.030578581700793406,23.733590936549902,225.10103696100788,sandy,tomato,4.011513655936358,23.042954833688096,1.0,1
7.5464047915721135,371.4245405965342,184.2147866256546,14.870183653211999,0.04488048589866048,20.890301201711765,125.66670000061445,sandy,date_palm,2.184392064761381,12.886645141969012,1.0,1
7.755125906282285,756.2742691186696,284.14255451770975,9.107363693799705,0.0434454475200872,20.748359947141147,239.63096393717802,clay,barley,1.4594282692976706,7.273825444415255,1.0,1
8.035592242944048,781.9559152071146,127.08803041904969,19.744553544996535,0.04463068798517909,17.026402873046624,179.60322115936657,loamy,tomato,2.233922117325365,12.62306858592341,1.0,1
7.058968209761648,542.7562819622584,267.38529221480456,18.994261543086743,0.014230244826785685,17.343771940519915,238.43916477609525,clay,tomato,4.0200864625447785,25.126983020143946,0.8819360282157658,1
8.199115598363564,285.80067359943587,241.02389664471983,9.925414682063465,0.002714141927095079,22.33522765388136,131.15951233026672,sandy,barley,1.8339724128081496,9.195636067015775,0.6341344750087053,0
7.941850584236361,424.72894602774875,111.95311072672672,23.06815511725586,0.01379227319487113,8.830071952514665,190.68439969063564,loamy,tomato,3.369822449042421,27.4516747802538,0.6530713328967539,0
7.122638547923308,678.6393580089284,59.08518707906062,7.08742916165658,0.014656659935414724,11.230285509851717,160.5830675985407,sandy,olive,2.636917050645158,11.954142109610046,0.6554089732798678,0
8.310367936160166,420.43443721824224,75.46181628559569,24.653764791826514,0.045558656009523434,26.277466345081596,216.133328673402,clay,date_palm,2.145467567933799,17.117496937944363,1.0,1
8.38130860079772,252.21033098167325,232.12348346186005,22.20495621954929,0.032812893909060566,9.957090829352575,190.88634148199446,clay,date_palm,2.062966753939897,15.845605474306385,0.8563725655381518,0
7.091616939782296,534.0709465569128,99.91743451016168,18.757972909581504,0.00500349402050921,16.84297756999967,174.1773185437478,sandy,tomato,4.34760184206913,30.0,0.759720109073162,0
7.415316472220805,707.0725108976209,142.81773012634847,23.77499776559666,0.007633551204543956,21.376544456193837,236.9478109646513,sandy,barley,3.533683247002379,24.830552035246647,0.8247288169522264,0
8.209301919689592,677.5558322861013,175.4247915016062,19.446223366474158,0.008628130151556796,29.99781997816212,156.56755962575204,loamy,olive,2.3096070613344004,18.586217058786758,0.9141469167433465,1
8.122389535575488,305.07388407821196,231.3670421125407,8.809139940600918,0.031890665660277234,13.623448613364626,132.99703073472722,loamy,barley,1.0420277475993807,2.147874329734847,0.8341911769794015,0
7.276781529034566,603.65876864748,78.30780581478135,13.843122762256234,0.03703528724984315,13.414693422123369,191.21517802781375,sandy,date_palm,2.88698551641492,12.39159428811327,1.0,1
7.314023985005066,332.30255806138825,151.59160131936537,6.430060486632707,0.04312255161770441,25.435063003576357,193.60426557592206,loamy,tomato,2.0881856840633177,9.893364620930177,1.0,1
7.555708154187073,330.92452073130335,171.26822728567385,12.793148445762307,0.04709119098950591,24.359590226536035,165.86419323578133,sandy,olive,2.0105195297848684,6.89068625013927,1.0,1
7.726784477786532,724.4430639831111,185.20676599288493,19.832060394744175,0.010883523311935647,22.201200570301907,172.99150655340736,sandy,tomato,3.6669397295804975,24.72273540573753,0.9006320394515126,1
7.927382157295444,349.8013716441381,254.59016034880418,12.728867018616349,0.016178851751478405,14.433659484861838,243.93301214498499,sandy,olive,2.717914320975983,19.085824133124454,0.7487891116474914,0
7.5533704593546585,357.94840791080674,92.91954876080422,11.605883509362682,0.012775821156496704,10.394234484660759,209.90285370952017,clay,tomato,2.877185386194841,19.244067931258964,0.6296968379362531,0
7.693802074199722,200.39203445677973,251.9578629566556,16.907114450206237,0.01857931680584075,18.65318399496061,116.59026272238656,sandy,barley,2.223675166632943,14.694118956765951,0.8296474453174589,0
8.121206407200635,722.4014204753106,223.21960692416306,22.4440905799779,0.045818590263763725,26.410475500817586,131.81951063059165,sandy,date_palm,2.1916466626074347,12.177004245835615,1.0,1
7.055024804335897,675.5568879254809,188.96770354973984,5.951663850922248,0.029180515780028716,26.62954628804901,246.33649516533384,sandy,tomato,3.3133825773752545,17.04851657255336,1.0,1
7.378655416516031,576.3973610544068,224.88196760064298,12.709408693994709,0.03717140296890046,4.146452007042715,208.96983306902968,loamy,tomato,2.7132735532727974,17.617504512792184,0.8575619689361851,0
8.07002437882683,650.1594583633054,153.0044347379141,8.164814836305254,0.02501584257021232,13.422158230581369,237.25676892169798,sandy,olive,2.119836380321095,10.039047421775097,0.8132677135904998,0
8.342810256530798,291.2291404546951,84.59939649203113,18.907085014637392,0.0024140377534701022,14.476936729763734,145.5792195983083,clay,barley,1.8808130147181699,15.118869587284564,0.47621434207477986,0
7.767516163173499,474.9941567525453,216.44131006634183,7.114491208622697,0.004145578813892902,29.35084565818884,211.28002901298885,clay,barley,1.9227105996890839,10.994987674767211,0.8030174433472971,0
7.798170227897973,410.7316324092685,181.16807667140557,18.29615517160489,0.027358228532126404,20.661942442034952,207.10040627852672,sandy,olive,2.74757058872802,19.46370958068365,1.0,1
7.160758017009664,256.2659157542099,209.84370013569387,10.723617415958147,0.03622066270618126,12.810146100600047,144.20349781590625,sandy,barley,2.080273379675097,13.525782806970446,0.9659347329787277,1
7.671118550235182,491.67829112895447,134.49969525712248,8.978336274744494,0.011551195848907844,1.755678693582197,182.6224488176058,sandy,date_palm,2.732283029747036,13.618416450981151,0.4269641539850245,0
7.798925899682535,752.4437902055812,276.71664433495897,23.72705115649971,0.0363735691256229,17.396169642876682,194.1122666905443,clay,tomato,2.853086760701061,17.122333734893594,1.0,1
7.363705755452094,224.0354714304167,196.84246714389423,5.370491534919117,0.04072262290069211,3.7862032935123278,172.16977162411976,loamy,olive,1.5776612878402285,10.644233406964474,0.8127763124078466,0
7.403864846424072,374.87654809627634,71.35062107271845,13.75554543779138,0.021182976439743453,25.19904876308513,224.0768059987019,loamy,barley,2.4290688152941793,15.174619031833027,1.0,1
7.565926244656934,324.5245617234221,162.45099767610716,5.432539849235876,0.037574542409361145,22.8230411565405,224.93035626969842,sandy,date_palm,2.2510095612288623,10.176395096283166,1.0,1
7.0301067966665896,342.8879921994178,239.08901368590858,14.67186096208658,0.020797467566094536,14.354765637337184,227.5900822452335,loamy,date_palm,3.3860500083258205,19.335385988619002,0.8699413269042274,0
7.483118748374768,745.0607311276252,248.5336404330681,15.020947555888364,0.03423918084329598,13.447112606709291,220.51353536472442,clay,barley,2.0542913231500712,13.835842172681536,0.9468732706356312,1
7.317172010494817,480.8414325405741,173.64926319093968,11.43324942789494,0.03843585541665761,27.02283000149429,173.2125215795717,sandy,barley,2.0966425711582946,13.133048834686733,1.0,1
7.491246028266872,479.77964776389126,273.6868927078253,7.643235550500473,0.049604404297097435,9.365292162125723,157.21574472235108,loamy,olive,1.3595879480863378,5.494385874067994,1.0,1
7.179643197728877,656.3453854731694,116.91710929857439,12.527750754689507,0.01792443644111621,8.221578901096354,224.70644255715558,sandy,barley,2.8556945739555504,20.978845681570803,0.6617536905551143,0
8.335790921109842,292.69532240295547,152.64967430956665,18.44525879865132,0.021140998248155962,28.2367255519471,173.53021878344003,sandy,olive,2.282913919985287,16.025084114689182,1.0,1
7.890388680331073,492.35921246003045,274.6492276422425,20.647916172889182,0.009115382911098396,24.468129265850994,136.95570979419728,clay,tomato,2.854841900229014,21.096072733120153,0.8544806810018168,0
8.018653478716734,457.9911284726358,274.0641791178947,15.615012047762846,0.010999579861688539,24.798142198948643,176.10152984833246,clay,date_palm,2.3457433910903025,17.337576490942627,0.848616013191525,0
8.183756857911007,558.1464143279936,221.42819220617022,16.796687888795113,0.03497635512732051,6.66062061400184,121.27747328788632,loamy,olive,1.4676560508919227,11.4892431882578,0.7752702232611982,0
7.747663298393586,799.7346219502631,264.7451367805551,9.012327422493055,0.04593523391756933,5.1555837514970975,203.74442358981983,clay,date_palm,1.5318890908556708,7.126747555643862,0.9146913110619355,1
7.130380432131136,661.6693364492282,72.19331673905816,10.746606664552989,0.020335642631400787,1.754856944696912,150.38819224358593,sandy,tomato,3.2228641953098216,15.810569325320044,0.5979609139897357,0
7.805659812727821,438.7194218104563,266.2487440519441,8.237912201047168,0.00981237789494152,7.874203758641721,139.09881976711816,clay,barley,1.5290940805356004,10.58442782599384,0.42699727003980525,0
7.880261677031319,696.5318313644282,130.15497663755667,9.985907000092226,0.014969875469766709,23.451524259715416,243.47631193521175,loamy,olive,2.312929128661203,13.31367372675936,0.8786129475337052,1
8.118159211276495,302.4250179874881,94.58287810705409,9.497735604510636,0.023297533535598793,7.9611141441603435,216.53214936374616,loamy,barley,1.6128421590205773,8.371597655197972,0.637712658638835,0
7.647489319344519,218.27821178537607,109.84245908551159,15.388975727824752,0.015241866138903052,22.14399522425141,218.06042540858974,loamy,date_palm,2.959893081704634,19.495833195269253,0.9082993431049446,1
7.191370454193345,322.6690234785638,154.49212700347175,16.253775115814587,0.012445375072971446,8.305339695655224,193.55829539187752,clay,olive,2.8910141190941574,17.788997759841045,0.5840685495352087,0
7.425663858698087,404.2469336685558,112.79800115111681,23.89894841643009,0.0370632399490969,12.463482440569479,225.87592157654456,clay,tomato,3.397824752313744,20.571596485484605,1.0,1
7.544623444597953,506.34845447573593,130.14189650412476,8.911412942030461,0.0013844011407905365,29.511706407430843,213.8743721745072,clay,tomato,2.9888038306802285,13.139206296126575,0.8501044517148932,0
7.968875861997402,569.0774843247199,83.74462151791053,17.833514203229917,0.027422295839487677,8.099540207239933,189.81605562004248,clay,barley,1.8409900715156993,17.09060111194148,0.7206044474583697,0
7.856167457003368,746.3634303286531,124.04419138974963,21.345185379750458,0.03989457354445794,11.914748191649762,244.1686602777576,clay,tomato,2.8424747852183554,19.87245336175217,1.0,1
7.53414508884677,505.9124057302746,193.0709536355003,16.204829275661048,0.014045186029555942,9.731528233491195,128.73924245266346,loamy,tomato,2.889319412561335,19.29048192750289,0.6364539081180698,0
8.47977287318947,500.7653867754376,160.46342702276598,10.100073050021514,0.030561284019988852,4.179124603570067,241.50695784921265,loamy,barley,1.366645673966401,6.48268271406843,0.6513334062885463,0
7.908662229035331,230.1458058937893,136.6796903089778,10.251004600400005,0.03377610517531227,15.206930121793924,160.21572429982973,clay,barley,1.227318309709775,1.1073183070848174,0.9089656448423445,1
7.355840187603992,220.9469315937343,236.6130322142785,5.785061061419999,0.03309621012384941,11.982029236657066,179.25984751022298,sandy,olive,2.096806548676133,8.031378403120753,0.9038282604849732,1
7.152673708930606,530.6959771498232,273.37749284832944,11.108884530969634,0.02284663207573717,21.151725488411124,118.41089793164635,loamy,olive,2.1795159528571824,14.488203043428202,0.9400952671328545,1
7.229288708776498,462.9071679490067,239.19730572559925,19.892073580067603,0.017982321405913184,24.71024186159484,181.01611583826863,sandy,barley,3.0199748389703434,23.14282009347518,1.0,1
7.3689365925767625,703.5082369881792,133.00017552941978,5.950355144142208,0.04196027957836286,16.783241720373518,191.681012778729,sandy,date_palm,2.1791786576048615,10.364591375051507,1.0,1
7.241022059889334,296.4077508271071,236.11054195938843,9.385905650096614,0.03816385189299335,1.9336962405327691,249.6552312712786,loamy,date_palm,2.590869390549942,13.209107934993957,0.818401254449551,0
7.2798505360769585,214.98299727022976,87.9950456185128,19.124649970635637,0.016741503497281714,18.948748330806925,246.27886166072898,sandy,olive,3.620162807734582,26.68427196906175,0.9197105436941307,1
7.427642753040771,469.4232607580755,82.57949702282272,20.65303125645753,0.006047940527668098,2.6063311706072367,244.9595937811431,sandy,olive,3.8009068313071883,26.003878162175067,0.44691827783174126,0
7.260060392942132,342.4871340513545,136.40675925903975,14.106368201238569,0.00451856972682799,18.874333384371724,152.2582090153086,loamy,barley,2.5283280854345325,20.002708567254015,0.647531460424617,0
8.345148136939638,229.76862400330248,251.92559226101426,18.96148676957298,0.0056195229170478665,20.865868528806466,248.6899748117565,loamy,date_palm,2.961893123574543,21.06294314655669,0.7385616642178108,0
7.120350618492464,634.7589721085774,111.58706181057546,12.75904337309784,0.029560598698410098,6.735261200908035,168.32172273926665,clay,barley,2.042692872588028,10.598739224582742,0.7415296343013544,0
7.7867670843553825,266.95579997434845,65.8133522246699,8.19826490048255,0.003531446615620495,24.76103831293136,227.77543881428508,loamy,olive,2.4307304883036625,13.06838777930424,0.7426509045572276,0
7.615595240484492,564.991700004663,82.92738380158877,12.96298987045813,0.01750941687323788,27.42146881564741,132.4479953528458,sandy,tomato,2.8768258069672386,15.689390453349752,1.0,1
8.473567925362909,368.62985010013347,264.686242132395,16.599356404062856,0.03790678539379724,24.57952195930077,175.87497694849037,loamy,tomato,1.7260154649839412,12.797277404770094,1.0,1
7.1680583532520785,304.0976302130132,208.44582118682192,23.961065637057807,0.015423060159253526,9.848166516150382,244.9018144191408,clay,tomato,4.283118149438927,27.972219843898248,0.7709586846669247,0
7.596783398568612,427.8509137515905,113.30029084249416,6.375019041773546,0.038402095781826365,18.0126473609234,242.05470953851412,loamy,barley,1.6625754501368097,4.956617599140943,1.0,1
8.454205649913053,680.8674657337722,188.82395633204533,15.147881876899213,0.037527884872145714,27.529639326545606,202.560231673214,sandy,date_palm,1.988527038967333,13.6764698977045,1.0,1
8.298260688840971,435.2561461427436,181.8949056063376,11.578395564214487,0.0130455294990276,10.299277060462648,219.672148382959,loamy,olive,1.9935453347143355,13.950472730299179,0.5611521104718138,0
8.22560810642392,650.4617895266334,213.85899461016533,15.166233885533892,0.03671228682454453,24.780806845697327,126.46400449036021,sandy,date_palm,1.790318017349189,13.272038924196652,1.0,1
7.38685424056741,275.2917780794904,108.29688860540408,5.4795089475306336,0.03764105527533294,1.2747788065891992,208.2487824226236,loamy,date_palm,1.9884809461048063,9.395301804548588,0.7491898809501626,0
7.256331381085099,663.6628517990475,266.1007467985994,11.260507094031627,0.020475242357684317,1.1057543807556118,192.70762125030586,clay,olive,2.3745985798716616,12.823448340807905,0.5192116093701099,0
8.002964829886647,342.1599949439892,127.34214052000321,21.3973629505401,0.011310603703334393,23.031638149830055,113.73276036268692,clay,date_palm,2.3913138049568197,19.536658667603874,0.8215969229431626,0
8.394063983691378,606.4358779333237,223.53291349405922,16.07883467709275,0.02654226953770159,23.081979881686514,116.97385098845143,loamy,tomato,1.6842033094328255,12.448589445770423,0.9945099054538802,1
7.835144339520895,539.4689329045978,54.031161593053724,14.011649856322348,0.046148481812009624,23.880338447716518,116.26654266268929,sandy,olive,1.6309465968358794,7.30622742855937,1.0,1
7.85741903420485,757.4868303270124,143.16428247353682,10.710501434306792,0.03234121988917104,27.970778298756706,208.65354022447536,clay,tomato,2.0437657944401804,9.05965760881853,1.0,1
7.419968640490426,432.3935107851884,137.9274544897021,10.960850455827117,0.0094732023837358,4.419283042788242,121.25728123713587,sandy,barley,2.2846486261214247,13.49881985632898,0.41325558670151585,0
8.154239399787905,239.69911330066427,185.87110714575363,12.66202867181169,0.03445508931194248,7.727564564526962,170.15984066717056,loamy,tomato,1.7976331410904571,14.680632956326873,0.815188282256913,0
7.280565622836285,211.49329133075173,68.18406544429912,21.71141419929121,0.021932948336809897,27.20802269084042,153.54727088166368,clay,barley,2.4815787672245087,18.073676493714935,1.0,1
7.485518854606365,696.1151365836519,247.53284343152708,24.344264136165368,0.02998491107041328,6.13984973539825,182.57562111553267,clay,barley,2.461878583788805,21.51434104914227,0.7695209474672686,0
7.638154657924625,514.8413825968594,104.44520044189213,13.77310762700749,0.03696913771613229,20.784648759720934,205.97147308291042,sandy,olive,2.4063373423726557,12.90669497209345,1.0,1
7.761415568026683,665.1464311009695,219.25945372050256,12.867056774955238,0.026232420224207798,16.383427001183648,202.7083805831998,clay,tomato,2.4021413406093735,16.311965029688164,0.9133261506355398,1
7.36361459862262,340.65536000690884,250.8030308110233,21.931015516397256,0.040885214754092125,3.4126166286937103,177.3279873871565,sandy,tomato,3.472685872727615,23.85229740590346,0.9593454237034653,1
7.172255237108805,407.05024730794025,190.46923906037827,13.538106412726073,0.036385623386514764,9.272646196304454,169.65023104155784,sandy,tomato,3.1140250590648164,19.25198653766713,0.9803592794489958,1
7.915930063662449,218.06232332679136,235.22080168049638,16.040363445913023,0.031138593660907026,16.090794276788067,159.67233926833882,loamy,olive,1.9052675789483753,13.604278591034301,0.9413161967652368,1
7.432945829860383,776.8953947444672,215.46507805375137,9.61883329197489,0.008388847975785223,25.71815338383119,229.28649224565692,sandy,barley,2.70848595180849,19.305811435816185,0.8568746634580813,0
7.871857332133919,600.720744020488,138.8824492880019,19.870050715581506,0.04196150643466685,21.518616198825537,149.62777073089674,clay,barley,1.5782633119700118,12.39989414132143,1.0,1
7.231544072911303,759.9230526555838,252.21463475839133,15.639766365415637,0.04685937368067099,19.03461168219306,138.90487317512424,sandy,barley,2.0794388542722873,15.394222908141153,1.0,1
7.721710152782226,359.2978444574434,123.675342471382,21.18069100480683,0.007711291066655446,15.384953808301029,211.4973240482907,clay,olive,2.9467341369709743,19.194978373735196,0.6591071731235303,0
7.798884148827379,566.8781667353965,192.80322943787928,20.614654600573395,0.0249238153422381,9.661835530609896,153.96451925450896,sandy,olive,2.669118246400283,19.795644033340597,0.7806234004577921,0
7.077735305233641,607.0999809755826,236.3494347853849,9.300095365400571,0.013685548356554722,4.458102428258574,227.04978996359029,loamy,date_palm,3.1430910064663764,18.633585527907968,0.5458925544308024,0
7.504906417290881,390.5298201545531,144.7389774531269,19.312711011155248,0.037971642063852666,12.86320500241677,149.18330779557172,loamy,tomato,2.6895854694448986,15.502807853690344,1.0,1
7.201622015408462,708.865541009378,125.69190190435626,21.00108815902743,0.0363598521642303,1.8270363234274847,205.29172368618822,sandy,barley,2.8782263271250903,20.31475012634087,0.8121966151020114,0
7.095062455709152,768.2968777401487,164.83650254320568,11.9221448156479,0.007903370907949537,7.120620788738667,106.76635094280041,sandy,date_palm,3.0965473670192205,16.481092319407075,0.508686768755554,0
8.484940348584917,730.9130706176026,254.4908735872884,8.452182258045491,0.043974336291820224,13.542017900307135,157.83443201654802,sandy,date_palm,1.1317504999472443,3.3338231222517396,1.0,1
7.483530767462084,643.4401855636236,282.4804407864162,5.052643111591763,0.009867680134922112,13.139550384485537,151.4845262451327,loamy,tomato,2.3716836015036717,8.894531612867237,0.6005408978338361,0
8.214811668781952,366.47880783497243,186.27085321497253,14.018073061862964,0.04006569225675727,2.2845674989127795,222.50181089138852,sandy,olive,1.9804302580080138,14.620064323035155,0.8051111544702558,0
7.381960982145646,368.96962526337904,215.36655133091296,12.04865463077683,0.02339203762177224,18.08274445223345,245.0583104842465,sandy,date_palm,3.272281421327469,18.37856620888026,0.9743179670774501,1
8.022254083335895,778.0161922676227,275.81840555972855,16.09819667650818,0.017085342384349413,16.94084341974385,169.13219150394423,clay,olive,2.002042643754508,19.074725720573493,0.7552604156604789,0
8.14034178983453,206.1706975614152,74.6367128532356,8.760821851775715,0.008753723871036463,3.2650248166064726,223.7254415730637,loamy,olive,2.056928609683508,14.51949925506317,0.3611606431723571,0
7.893458110911767,629.6299839452868,108.01964446654125,22.193310953329505,0.00921309855118484,28.35172852135274,204.95420514360478,loamy,tomato,3.548809467797621,26.59625829190347,0.989135806118637,1
7.707364282825237,623.7476975331573,227.2250015628956,10.155104312562193,0.033432637180344116,3.8821005895749434,245.107898149554,sandy,date_palm,2.6403317375978728,12.747981306417833,0.7903581085044904,0
7.617761371220903,573.6137245698785,255.93611547807492,9.528592101752999,0.02797108900940891,25.790190385882745,221.6662771514237,sandy,barley,2.183774431227658,9.84050002452376,1.0,1
7.523302399814493,794.0653076521195,264.2572570826445,14.614281129687118,0.006982185660910403,1.0089822255351724,111.62170989455959,clay,date_palm,2.4493477626026445,18.440175846590922,0.32086025043257105,0
8.394293716371738,387.12766145823514,153.77679421373315,14.977020474885485,0.006522195161477935,26.58615175631611,206.99225835733543,sandy,barley,2.2389332795575716,16.39022705304829,0.8086706249130969,0
8.245929111681594,403.98311827594887,72.33497557296671,9.301704575701857,0.004543218163866781,1.5718722339250641,180.32495731335604,loamy,barley,1.6849074676376528,9.012356721111727,0.2343783145475152,0
8.44754036599977,247.36364176793333,159.44536932490496,10.437214534518315,0.03744460002130366,22.976548924871363,102.46540868984907,clay,olive,0.5816356222944555,0.30488709013259996,1.0,1
7.186445835228317,465.67888192624247,107.68364755176344,8.394104783104899,0.03588222217623517,11.489033527707335,137.69694380881654,loamy,barley,1.642796904890718,6.065996761784865,0.8994377555889318,1
8.096301212805466,356.62911574090884,122.79911374915604,19.369203566463334,0.0038631185518741822,22.408287203953275,238.26328675403394,sandy,tomato,3.8389983677713353,30.0,0.8132323917788851,0
8.407510685231557,406.03202130658656,243.06688920937646,20.40178062508164,0.028453233704251676,12.650610957324377,238.90920591801293,clay,date_palm,2.280937609307152,21.146632762165858,0.8622857334548348,0
7.27184959924849,700.7430741533766,68.88177150647172,14.246569949185652,0.005149131606891805,3.05632974762341,219.82756903009516,loamy,olive,3.133469730564986,21.26104176642783,0.3890411475010442,0
7.099744401050167,761.2907081164974,256.8953043701755,19.28174045370035,0.04528354275983815,23.25769416646556,247.26694049169842,loamy,olive,2.907772753643617,18.021091266196986,1.0,1
8.111680973935089,311.43984320311137,156.91727145604227,19.718707838748912,0.04544875353982649,3.066327874319584,220.98178369363075,loamy,barley,1.790740384963639,11.623668962676069,0.8863170913808802,1
7.861709669769867,423.5053589320795,199.01598277514876,7.765510553556172,0.03521341650084338,27.741492642875322,101.53062809278678,sandy,olive,1.3799477078445428,4.615630413941841,1.0,1
8.262743165137408,757.1783372692364,72.41305780891975,24.323560496690735,0.04638325715053305,2.47824703795818,143.17515104522676,sandy,tomato,2.4449156518883886,20.066034858279423,0.9409070501682304,1
7.209658564939434,237.08507641353359,134.33976958931993,21.42063894192862,0.040761198490270836,14.900433055373949,104.59362733566442,sandy,tomato,3.1503067817244905,23.990822424161085,1.0,1
8.192900967789836,255.41631686682712,72.42522975371145,9.08966922391647,0.04159839022042542,21.967998494673076,114.11619531063391,sandy,olive,1.1296725513477806,3.337553252584378,1.0,1
7.302440980071617,297.6745935237376,290.38593072027743,8.723300714921404,0.02891568467792673,12.404147478969094,132.82612254261642,loamy,olive,1.8672621779925382,9.768385951289376,0.8311991939876859,0
7.245483914298557,557.1277004761248,251.8154123315626,7.5132229115916545,0.015996900712592618,7.299770763180606,175.53378194882836,clay,tomato,2.594564566498732,13.478689324450725,0.5935140912724,0
7.246398696896489,290.28336260359845,164.90818858911507,7.767571250838367,0.011672156640704659,23.013637880484783,227.12980051930265,sandy,barley,2.6740270685839773,14.469470029454815,0.8492772727069837,0
8.221862080347073,780.8458288704401,105.90063708091778,19.963235980573923,0.017032801079907532,23.744546438873066,229.29501342356622,clay,olive,2.376123540076458,20.534448495480827,0.920472828182191,1
7.9977958310443,468.0287163551122,283.3637763124631,14.393085139032472,0.03179627607436404,27.75815453467665,192.43027878359447,loamy,barley,1.70241688434348,8.465767779161741,1.0,1
7.784598137153679,500.9107762100998,136.14914893174296,20.658683454797345,0.009460170255787548,11.908788202501253,239.22639085993524,sandy,olive,3.418771046748822,25.344250971956907,0.6535800016267441,0
7.538245726185254,347.9951694832439,90.24610792184369,19.925097887004107,0.013673371595228759,15.681300300422478,175.0093489885312,loamy,tomato,3.4397863263721478,25.258109841751235,0.7939094860466528,0
8.315800811219663,482.5761514608401,190.79109711348872,17.092254270104434,0.02393498227697776,11.53072484253609,233.35540661998024,sandy,olive,2.460971994790881,16.463961107094764,0.7865169905886586,0
7.588667661133953,597.1481795822069,285.943530086204,18.72733213157359,0.012419454827706164,8.455372833689678,168.1097884498018,sandy,olive,3.0448656446821385,23.259451247243057,0.5989885306639571,0
8.224899159207366,650.7062821724256,50.957572625080644,5.367114487582835,0.029843539816087023,22.77995588459065,141.58375111328235,clay,olive,0.8031555011337483,3.4735730001680736,0.9675046550238182,1
7.658702362855328,652.3208496259479,109.53121081349968,11.23555293610044,0.046235625394360165,10.849903505491708,237.46193771506415,loamy,tomato,2.2917221598838577,13.763529276735673,1.0,1
7.565416644137361,546.734667616453,284.6119101026019,17.756443585188205,0.0376563789194532,13.41633381777821,158.1902613518304,loamy,tomato,2.5810524338057896,13.197791101307201,1.0,1
7.69401967850441,742.6158649963144,92.7714917142905,5.186899069724884,0.03365490409329674,12.706536071096808,175.51061632666926,loamy,tomato,1.7525438413768517,6.774437903430799,0.8991577901315353,1
7.452066811246213,690.4447083836656,78.31086290995496,5.659538873651869,0.029553352323205162,21.66717554375563,149.3290948796016,clay,date_palm,1.6318470424916516,7.3240892438964185,1.0,1
8.121414070264377,654.2288688191752,192.5468039499511,22.037759649407665,0.02490944755359618,27.616073157209712,199.42564004360946,clay,date_palm,2.5014809290889906,13.487148980905705,1.0,1
7.754080585138719,233.36331300827638,265.4609558237075,18.680497233841436,0.010141629122098327,20.335925777913943,249.25468375090531,loamy,date_palm,3.3671068224552783,21.121664626446062,0.8282114981861761,0
7.348319042720226,204.12677733178958,169.27745442348152,10.307394662406878,0.04484081231591641,14.675895286732745,103.82703232971545,loamy,date_palm,1.60831809698833,6.053268609595188,1.0,1
8.349361859911852,327.46836631728377,298.6410641711312,18.759256802374182,0.013178264098628979,23.59694832742762,234.97720090106523,sandy,tomato,3.3088639712948593,24.62660815720777,0.9343220457315757,1
7.575836832059817,598.1141563480714,219.7929248844982,20.849133382785265,0.005474135001329877,19.58816839954199,100.58890854838981,sandy,olive,2.983740380034613,21.297255060524982,0.712574623413557,0
7.815329291670983,446.7184933295275,68.51872680261194,11.135885662202025,0.03775074378220607,2.757700356416591,154.63418217193166,clay,tomato,1.6608548899330466,7.34739636171348,0.7542835550560665,0
8.35970816644682,441.44375557958705,298.20803292049385,5.720747549983749,0.009605161182227154,3.7742440061464078,125.29102094342714,sandy,date_palm,1.6388132210055781,11.156820568111057,0.35066735553678174,0
7.936356993870988,730.7521329377682,151.9735591950476,23.65558249375469,0.019222903977517625,2.099591378135367,213.6012671008827,loamy,barley,2.568417849434297,17.146210555341487,0.5358088151802155,0
7.1753470610625465,737.3377088791033,121.85063346137063,11.90359676591261,0.0023859614862580068,14.247673459983275,107.59162611357603,loamy,barley,2.307759352152696,11.919151183615579,0.5053636396657513,0
8.409748185420213,745.5051584321515,189.4697958944714,7.1296352656941275,0.007716329184481956,24.94974959582998,183.0227430376492,sandy,tomato,2.2329200389249007,12.521636782315266,0.7933735327978211,0
7.9415620796071265,388.32684590901636,126.07689795521608,14.837137427862947,0.009486977907235693,10.07941191118921,144.2389200767969,sandy,olive,2.4684336242253457,14.43291176539163,0.5413675967703473,0
7.50235842198563,614.633487643557,71.61437678003807,20.369355913282675,0.0036660962597587195,12.140645309681968,120.05053732970532,clay,date_palm,2.9669259165279906,19.796403732657854,0.5351584234122594,0
7.208908108995081,362.97990876462177,50.35708576979418,9.432946292351183,0.033176190874519416,27.37483614266883,215.77273181539613,sandy,olive,2.6141901319315983,14.673377672522488,1.0,1
8.191037783905443,314.36589984466985,162.39583823006558,10.389801002667268,0.04201338199435275,25.27019991418299,132.6125251382885,clay,olive,0.8433528188400692,5.923293971657135,1.0,1
7.9301091338927705,310.77947440842155,259.2158555566481,9.854299735971663,0.019292454911931108,20.286395259094242,133.55128180824084,sandy,olive,1.9290779878466653,13.23559277413313,0.8494409678885847,0
7.800191637964482,405.26457251815646,193.07879640751915,24.833461056633563,0.043854247359191835,8.737309680675288,141.26151777068844,sandy,date_palm,2.7269846941656373,21.400436478176893,1.0,1
8.340838874576436,457.974571867893,299.80182473586024,8.94807467461085,0.011453982153446198,4.394202997964861,188.01501457420412,sandy,tomato,2.3702505727411185,16.767353158234915,0.4493138380802797,0
8.182895816836796,698.5695026330411,121.7116614118,16.51040433932248,0.016944130754500738,1.4657058577232978,198.94988975361224,sandy,date_palm,2.750191884624754,14.403527665748827,0.5034914292419573,0
7.227512319599127,271.93465608362726,120.11376619001383,23.505292833139286,0.008386112658527251,4.103309505528205,102.64037855520175,loamy,date_palm,3.3811660893059714,26.37016023379178,0.4783511671329506,0
7.4675831016933225,640.9555084369365,89.93736505848605,7.937931377555585,0.03140740057553093,9.485296865094341,136.28044541706856,loamy,tomato,1.9865563402480815,8.90799779557043,0.8197414531546973,0
7.3727337097216985,518.8729485135832,91.01589706633379,24.417083957354006,0.021573609952645036,17.001911843805374,164.64562637579243,loamy,tomato,3.6703128029879313,24.46618811063588,0.9572674104048176,1
8.115919438859015,372.76720560559545,121.29664900251196,23.949544687912493,0.031050883995253038,2.8560023998192197,149.79654282418497,sandy,tomato,2.9666425972840815,22.42877172647751,0.7602147157079066,0
7.0502986521036695,495.69175071969477,248.2100113183818,22.69143974116525,0.038322070364315,4.950605571235021,232.6255987766329,clay,barley,2.761140644445459,15.589481122470389,0.8947344184450622,1
7.854834527306975,379.96524186621355,276.439197659112,9.291130426600045,0.027739447785614477,6.2513403669302905,218.1563096329628,sandy,barley,1.9886335165826523,7.383457763247193,0.7002092054494351,0
8.143688028611036,557.6491731429836,293.77179242692034,17.681101120219665,0.031753887390187606,19.32748069651588,193.88353233082412,loamy,tomato,2.376306669809663,17.045730546280858,1.0,1
8.315148455142625,460.3063537131465,108.07241352411316,20.217829459224802,0.04682726540532232,18.85790417042361,150.70636239955596,clay,olive,1.3279375073307218,11.019664814833092,1.0,1
7.513122623073861,298.64331744732726,270.3243864035229,24.720558563928595,0.015654151170833314,16.972206064792434,205.10085172692396,clay,barley,2.8216409855351223,22.70447854790674,0.7999876677011581,0
8.23188595700802,269.94984473341805,132.06377231933425,8.608476441627408,0.018599032993063706,8.26454131618225,226.54570192686919,loamy,date_palm,1.9709224377307302,9.678272656551968,0.6019501162380589,0
7.165947605432811,528.017409243278,78.2101361292211,20.32051799038593,0.03616746472375751,11.762471045343228,189.224556603848,sandy,date_palm,3.4201711319830967,23.099975652858355,1.0,1
8.269678437601778,741.447819971662,267.5062313800414,11.776023398542259,0.03095397033571395,3.804001773794548,217.66922003400686,clay,barley,1.359076812558182,9.77100217275737,0.6491157355162548,0
7.191232993497974,406.3746119346113,209.02640866090465,8.512529311360046,0.009748112322446028,7.567357508983592,212.36574420996217,clay,date_palm,2.8320950223325254,16.761284634056953,0.5241364368029643,0
7.595930935840551,639.8000643335739,91.18272402026543,13.427538824277098,0.01943121819051402,27.033451567704834,185.76059667404832,loamy,tomato,2.8429034404129756,15.287768830184772,1.0,1
8.195943048669331,595.1968129638601,157.45781437825065,20.876718242972327,0.023924062643111036,29.411060646639026,146.82748252322665,clay,date_palm,2.0916552969364663,15.566060826101147,1.0,1
7.22487614102316,758.9329485856886,121.81442371926691,14.296996074081044,0.02155010206045108,19.782127983568547,211.86732370019075,clay,barley,2.39062808602644,17.192596008768398,0.9101443374602524,1
7.343877092848962,692.5886103794845,234.19864217754926,15.75046200406097,0.009735465607779999,27.587875468679186,131.01945495364097,clay,olive,2.480314008577093,20.382590729335426,0.8962146141764512,1
8.0833788525896,539.9631553432778,163.35405765606703,24.903188204002426,0.046297074497428856,19.639515111641327,216.92325197073006,sandy,date_palm,2.844779278080892,18.902391015509888,1.0,1
8.080054804819111,594.2182989404644,297.31998627659624,12.982185991148521,0.038353619323004816,1.9626980970586265,220.68200382137996,sandy,date_palm,2.256347443086468,12.139903743974743,0.7950660472331621,0
7.961721449327946,739.031879950421,63.68624556489878,17.308015094184796,0.024586435773284763,29.906114964605862,223.32173193555596,loamy,olive,2.393983690400815,16.111102696299394,1.0,1
8.04092266670065,439.7112707521609,138.75381653406168,12.304884032307438,0.03432299038703499,3.8696167489095123,170.93739564676864,sandy,barley,1.686403871163962,10.471459947861229,0.727149500476832,0
7.814086665021394,396.07682351466644,170.47504177749437,12.8557129265741,0.04496685093464057,20.79661224190676,128.87211516556326,clay,olive,1.215097000712336,5.558950480607216,1.0,1
7.377698588360429,206.4866501811178,175.78338868707993,18.912815068908163,0.00767253297571699,8.33224988916891,114.95854000991031,sandy,date_palm,3.3593472813794936,17.806239021745867,0.5504807749294925,0
7.518543990255879,695.9306445148786,128.9839555964092,23.75773952189767,0.013268279484641907,12.367452274301844,211.50418757318863,clay,barley,2.8375060745540357,24.749336236359248,0.6733737237199884,0
7.272396575202139,680.5884202420189,232.310062274392,15.847179009846428,0.027592361115575607,19.73209135922721,232.93920767947196,clay,tomato,3.2349147558179063,23.343587165795643,1.0,1
8.362675842000442,262.67271086009083,268.6867683722437,20.367998578975595,0.040151508196265576,13.658133129923504,197.62575382553598,sandy,barley,1.9053340617064949,12.433919201284727,1.0,1
7.87508769214918,546.1144286796201,284.6798254944657,6.784131176339276,0.0027764898766348416,8.265835709002719,121.62400905825544,sandy,barley,1.8536111681576333,9.570752585822843,0.35525295578218763,0
7.60127712514546,478.38901890013244,251.27334419988154,9.22316074863854,0.049216889359621666,10.698939419471417,240.2344672776361,sandy,tomato,2.507042992797231,11.02858928269896,1.0,1
7.693008705466199,271.2254573054669,262.6450493266499,15.042632818390649,0.023290423541237462,10.904895390772113,248.36530218089794,sandy,barley,2.6317521403291986,16.47176370742096,0.77799443216034,0
8.420925009417722,788.3409362364341,187.63632515499887,5.400234472575496,0.01860232589046443,28.820393230738198,165.0067914902383,loamy,date_palm,1.2542876505084803,8.562336606852076,0.9557857650124088,1
7.230027104674121,328.8175324780133,256.47205660670363,10.057099575251176,0.015343497454148824,24.15977746178008,189.22379339106567,sandy,date_palm,3.1445186395129383,18.320362165540356,0.964909502208869,1
7.879344748025196,240.34050805433668,125.87597728698806,15.348025796499323,0.009543478674892709,14.297914372902603,216.58427800024867,loamy,date_palm,2.870403322460511,17.951633402670648,0.6587427333782836,0
7.758833018326699,556.9084277011457,149.6196905273036,5.299223965126014,0.03978712153757137,6.794806689899559,210.45846850750672,clay,date_palm,1.4491806285355389,2.750061673854865,0.8486374071444048,0
7.917181353151972,643.3200062798196,129.22825345463608,10.290925724520834,0.04781529407255873,24.519467197617022,245.16807879001738,loamy,tomato,1.9838939681383017,10.985579092883315,1.0,1
7.027165275731261,219.46606762831217,166.84683386198134,15.28061638951739,0.021268592987424513,5.558291676642832,117.23246366181834,clay,date_palm,2.6464847434812997,18.4168334567995,0.6419135078227283,0
8.308185863416227,595.2305832362133,121.3949040596591,16.46298495962491,0.04766861404291936,7.103404297118099,187.10872992142086,loamy,barley,1.2810615980339068,10.344760325911203,0.959582224428865,1
8.398177423725418,519.3751255708727,290.40286056361174,23.515033861106108,0.04136608315631667,11.614388363364384,203.7897129509638,loamy,olive,1.9839869943145176,13.252966698941178,1.0,1
7.847699775383814,261.95900532502907,128.21115700141704,17.906912465012155,0.0245715052463396,26.530097679707712,233.51476362815052,clay,tomato,2.9068783689691666,22.916880105273393,1.0,1
8.044976235815339,303.5143261678172,74.51113452773495,13.294716050599876,0.034027282777180506,4.821813390389197,231.1164441577226,loamy,tomato,2.324086247554469,10.04820036617977,0.792772409269849,0
8.383749071765944,540.7845783896482,181.70429151260336,23.607023542661356,0.022314224779352687,4.544791592781256,246.6999690341935,clay,olive,2.4466375047308397,20.86377650558643,0.6213402039243826,0
8.060857951470098,377.81456810797306,64.27476961129409,20.697659667755886,0.028377447002415068,15.325274660852713,176.81176809065187,sandy,date_palm,2.760651431223656,15.425410788585324,0.9530193127511728,1
7.228808564371392,762.9894371907897,77.63579157714513,9.000178422254951,0.003844270513906687,9.015905691716567,224.61413002198398,clay,date_palm,3.0284640030369667,16.777301569299205,0.480259291785889,0
7.8644325402502195,691.2441376904305,104.84734729906157,7.616847226976395,0.035116910289726126,17.493110307796638,164.09225621909917,loamy,barley,1.2452290890474436,8.883239167951082,0.9762341876256202,1
7.910072569574284,790.1403239081978,166.08756247053543,18.51623271485466,0.0035884075797226987,14.097463855813482,163.34708167840483,sandy,date_palm,3.2206714804323644,24.813738239083396,0.5934291092466993,0
7.636196006953579,355.80250337024836,158.31273307725698,16.197663311539678,0.041037162399062826,13.613814084185288,138.00225467092886,loamy,date_palm,2.0153881203531965,11.359848855501205,1.0,1
8.104666353437084,781.8341796787862,249.92296550069779,20.793472275855116,0.04142239954356732,4.247216144122805,222.73559305288447,sandy,barley,2.2041947053752438,14.158448397218157,0.8826158924659855,1
8.401550522153522,458.7403218749347,234.86866347102836,19.77610100157373,0.012616787090254517,5.0904410172453645,247.87226587202736,clay,date_palm,2.6425863529193174,20.06293767787151,0.5024675349322705,0
8.388352769360164,408.51127718825273,156.5795734976753,17.5042306771503,0.016859476270754216,24.811278745958653,138.45125925208868,sandy,olive,2.0946383959862453,16.81721860523737,0.9166887906593859,1
7.676259057106198,230.20971618161195,133.42605189390747,24.727643432577842,0.024584208549356373,26.690599389580587,108.41973820316085,sandy,date_palm,3.0723724683282283,25.297657625102033,1.0,1
7.169857068761133,231.6591547157616,129.11719601537465,15.671794602208173,0.030236482439691594,7.805822453672257,222.3313656128511,sandy,olive,3.111349200394007,17.889347589667153,0.8585716217003396,0
8.477261798443502,615.2067535679928,243.49877182350224,7.262115130034397,0.01508032942535784,4.290354544218303,193.03450788021343,loamy,olive,1.4174834199411723,5.260660082209432,0.4254107058600274,0
8.258347129668902,474.75739666041676,63.018101555317436,21.565471296319767,0.030031833826964328,2.5490834861008076,243.95482008265066,sandy,olive,2.706387997918031,19.468882379519155,0.7179702169599236,0
7.1869940218049,335.91297562166346,53.205412377651456,10.03706724691418,0.015591566588235645,18.64063079851501,137.83588286154284,clay,date_palm,2.3979745899053255,13.530681514451947,0.7985240819862609,0
8.381262823926058,568.3821837951396,248.886097981662,20.546042962878367,0.003719045332481973,21.74524316250596,110.65414870019217,clay,date_palm,2.1523063710314947,16.006777097563727,0.6628750529198684,0
8.304844543093193,351.7148709500667,169.28659399726234,24.142141920001027,0.0011238499417635386,11.81148968689296,173.86633912997524,clay,tomato,3.1218090930481353,25.748855069690322,0.5028322703081631,0
7.778257085689108,546.5790526066535,82.72028463839399,18.935910279286823,0.005956401838003001,20.710600157228548,112.81990344477212,sandy,barley,2.482668385802751,18.965838348742604,0.7021715015788361,0
7.886913153617394,415.5252481896142,108.89148364862533,16.92060321899602,0.03982028430803689,21.675805651226256,139.26850016540612,clay,barley,1.400078236420925,10.399628451838934,1.0,1
7.598504055805195,694.1313359670914,283.1259882743457,14.207723513500811,0.04811013430678352,28.124926160510256,118.89667912287524,loamy,tomato,1.8071290507735176,8.118832828215199,1.0,1
7.082142458233047,692.4176964600676,264.8757439062245,12.288197319908065,0.021921343764779746,2.88133549721811,133.6198269490118,clay,olive,2.25125013205751,14.952816272423801,0.5665468769806592,0
7.502795862468851,486.4102388734408,227.44626255599314,12.060095019436725,0.0261215137190472,6.576459973701314,115.92169792320878,sandy,barley,1.9606925037836,9.381152761278013,0.6802073055624223,0
8.204280172897016,410.4914656010094,170.55630758433165,17.72745411419181,0.008195560284597881,2.987253640312656,243.0858999140928,clay,tomato,3.002089682894882,19.62641125229818,0.4228456517068119,0
7.006948034506904,417.5358779354567,180.08090654784644,20.02546233875492,0.028000536281327697,26.171824066747206,141.78440701746032,sandy,olive,3.1448806221805192,20.44870595609724,1.0,1
7.500248757536716,683.4287154009307,293.81113382098965,18.570341389688288,0.008088090198341866,23.985027640973488,166.5846378988848,sandy,tomato,3.822219435455413,29.214061543237626,0.9067994606310308,1
7.5972530403864145,396.9076896785672,291.44261097107176,8.968202023871255,0.030949502228742674,17.66462004803333,234.79177114513334,clay,date_palm,2.161784350301353,12.870903075277988,0.990477682415915,1
7.806093404406885,325.43562422410764,103.81726144645856,14.879743602869823,0.04672967471146184,3.426238891484312,201.59823819422115,loamy,date_palm,2.003438348327406,13.450506720174355,0.9297449663678063,1
8.379783424619141,250.8130051251841,252.77614157632954,20.83280144366126,0.010589228425848942,8.926058400957869,192.70562208426617,loamy,olive,2.3978848888287145,22.097776245709472,0.5291903855131886,0
7.519518991548942,480.015872530645,99.3106665417542,14.514081563781126,0.038463622184798,9.63387559369699,205.83447855412555,clay,olive,2.0651296496623814,19.490582926966304,0.9348422166189002,1
7.520429802844341,489.2792593519051,103.38436947098785,15.732465594709877,0.002151618718097878,17.261552684447096,224.32333856580726,sandy,date_palm,3.7468072530616183,24.895038766499123,0.6772499147053395,0
8.106251872164624,704.5452262417443,219.0232585411442,20.422720963416445,0.01939936482475943,8.483272927064748,231.65039017776414,clay,barley,2.214563773020228,20.142772614251488,0.6378210327543047,0
7.678326911334711,332.74321786763835,151.2502746468871,18.22530612530183,0.006426676883694944,3.1158360534756904,196.39595059975397,sandy,barley,2.8838727483976907,23.09208901254357,0.38942669419675324,0
7.336907234409973,428.59476420103994,282.8861017766301,13.186898417647852,0.018271296638189275,22.192106753745684,233.50109120410866,sandy,date_palm,3.4361444048664156,22.62041673418734,0.992803137037066,1
7.67865927419904,685.0434433362145,72.2524337240022,22.908254223884377,0.00950330906230529,9.673326138006928,180.30962911382153,sandy,barley,3.008744818557149,26.805174112189327,0.5767157441792898,0
7.2112855305696995,694.1741664493841,177.88141020237327,8.251341373269572,0.019291944516021484,14.118851133675719,141.5936284402635,loamy,date_palm,2.362999440803433,12.347713239753894,0.7607961456781113,0
7.264580479759335,430.7666455872609,279.6303826107803,24.910328971806493,0.02145861749926899,4.702332414486856,232.01150633257666,loamy,tomato,4.21660864341411,27.90394300799349,0.7532546022519009,0
7.747551659109219,475.47441397200856,276.0284151198763,7.377051569524744,0.015728965016265,24.27390079844281,181.2209241119631,clay,tomato,2.1433285045423496,12.734097675858868,0.8928787715762192,1
7.628388174256822,381.9715345095698,89.1323033539353,5.298999422084778,0.03317447552418333,17.40042443079767,235.92063813508514,loamy,tomato,2.197611727333666,9.424811309240134,1.0,1
8.37226885160215,759.5329270515872,141.6594250241141,22.800378022975295,0.04602375051168658,27.145983160086022,106.02517209258718,sandy,barley,1.5118726052934015,12.714140890484812,1.0,1
7.54359084867495,271.1862594449482,204.78035001167407,9.899070167319122,0.020629173331158348,15.368675328894668,159.62736273118531,sandy,tomato,2.8135498537583365,19.089957572709523,0.8418950948459355,0
7.870882525417065,760.249653800882,89.84872119285055,19.593992548934416,0.010424814667276051,28.301344482718513,242.17075275437023,clay,olive,2.8312910030287433,19.995277122577324,0.9489023899058104,1
7.948396431879296,610.319871101206,292.00554301143467,21.220307498641386,0.014265415151603185,26.864177927058453,137.4475139137454,sandy,olive,2.7164305709517094,20.03437641386732,0.9685792314913536,1
7.0196416848825,518.9432916120387,278.68733218191505,22.179727820642338,0.042846040351322084,17.717335837317783,241.2304369057739,clay,tomato,3.6171620386019616,23.02171929318769,1.0,1
7.995306058025066,219.59543647069754,91.7375447586173,24.831884713283333,0.02901034644023725,28.082909706346037,243.0853691693875,clay,olive,2.6788881534191393,19.96952315633497,1.0,1
7.267053950304627,485.357715093205,80.28886531524635,10.880794200799981,0.023295540583040907,10.369573671542016,232.32134713387916,sandy,tomato,3.5218804989754506,15.804154460866178,0.83857502209449,0
8.441605476204183,444.64886300163937,71.35212070206632,19.204866838545183,0.008332199353937409,11.603622718422129,184.55020676399482,loamy,tomato,2.7061376113087086,19.219159571169993,0.5735464535822004,0
7.222994091629669,296.73128718507354,277.3609160091578,7.307997165616564,0.023036638107865316,2.318860587875071,197.04091736209577,sandy,date_palm,2.8430120194150743,16.20934163701047,0.6193677449286871,0
7.621936185590536,593.8457621003942,98.40595244886521,13.136185827136988,0.014646108164511947,18.086826296151738,230.4425497674804,sandy,tomato,3.539895344043544,24.364433736486614,0.8646197759141976,0
7.128024502117966,782.6905444209715,154.07123213608867,21.959433866251807,0.04721499326481411,21.935795127939066,216.38456235837765,clay,olive,2.7027693767763417,15.266883968825567,1.0,1
8.495311377768921,537.313286638715,162.21284141300075,12.353160921182166,0.04431943536137083,23.432056517020992,194.51407741831173,loamy,barley,1.0180100096279414,3.2808060820138043,1.0,1
7.753292515496864,628.8519658663674,199.75276105339188,16.82190761071228,0.005111224549581702,5.344672295336996,247.3389111806054,clay,tomato,3.4693806109879666,23.62501124970125,0.4611122630295028,0
7.893077525980066,241.07027153961008,67.93383593685624,15.075468874492682,0.026316020973800903,13.880613097062508,202.85149545005413,sandy,date_palm,2.725803486405737,12.876412754689998,0.8904168554607226,1
7.100614716082641,450.6001974901968,106.68965435012899,17.919030622240903,0.012027858930218932,6.129033150723553,246.32229886716416,clay,olive,3.335704380199783,21.75340785089913,0.5698548973837377,0
8.124940705598767,269.8150910986975,282.8725967297315,24.457887787753897,0.02112807738669024,20.201693116773217,108.60827119106361,clay,date_palm,2.241800562108507,15.407266067872284,0.9002990681044984,1
7.314858389643379,567.6775013219062,277.10252681714235,6.114710530028042,0.04396555191432137,5.580444800231276,120.84405561133187,sandy,tomato,1.9678861918286534,10.626882579407278,0.9285230700657383,1
8.34708143416107,763.0892949284928,245.32266185142305,16.479230350032594,0.026848211474538697,27.220746834726175,167.71882690007357,clay,tomato,1.8752622944192314,11.744520155954516,1.0,1
7.307709460723011,597.0666394829832,54.85031140455386,22.260575585005697,0.017376549375167232,7.6884047241809865,157.73191913264728,sandy,tomato,3.996714689618189,30.0,0.7341535102805834,0
7.2860315809955,246.08182898865292,131.7516921240255,14.62765423496855,0.011186529351144857,9.4506657223591,217.41022620355415,clay,tomato,3.4345854399559035,24.132378665569128,0.6315780899108271,0
7.054824501772142,412.7997229910497,206.98968383572696,6.570543718831456,0.04021591811091797,25.67628334237899,124.09210397038056,loamy,olive,1.6665151793457171,5.646566977774537,1.0,1
7.7081004176649985,530.3980276645109,118.79755294336893,16.21078704833542,0.03160138275285301,14.29556069422599,246.4142768667233,sandy,barley,2.5255895562402144,13.808205051557781,0.9619791196765322,1
7.847261699893925,441.92465367995135,277.39667376344437,11.641477816476408,0.02393520756088533,1.6958824282021179,147.2598812891371,loamy,tomato,2.1339294771617086,12.545626257975394,0.5636601201502589,0
7.098562959142528,700.1864062851034,208.47236545811046,8.098835706758718,0.011656733339285925,15.343001284876728,164.33855616102392,clay,date_palm,2.580201678021992,14.76557609036845,0.6881271600285828,0
8.163291425042516,688.8026028259935,67.97667932911139,21.98069026566946,0.017378072333699437,3.451756726023568,141.21175486600345,loamy,olive,2.2467056035621833,18.98029077861356,0.5094426678109376,0
7.679933252122042,567.0986120619328,277.25139720892577,15.431990259822433,0.04803232791018741,29.57499684193201,186.9045425989821,loamy,olive,1.8558489686828747,9.095721577264248,1.0,1
7.78658540399137,424.07476707962314,289.44166454405564,23.665528247581335,0.026484406942685883,18.05523554321247,108.7943050633876,loamy,olive,2.3049467581250047,19.835294142433376,0.942766555654538,1
7.661144120407342,353.2018242579465,69.42810459793137,21.12033009206138,0.020634264780919395,8.439445910718376,122.45162583556731,clay,date_palm,2.516665077032984,19.49868705389733,0.6796360960907972,0
7.601144591312989,263.52459092787757,183.09005871532872,18.859435875473345,0.026549680075067875,17.347812706880916,211.86965551280863,sandy,barley,2.681104639986626,17.61353922918395,0.9596898264625665,1
7.839460496962327,412.93861009193245,125.84107055354261,5.100510067306239,0.039170436789080824,3.2291459980708903,127.97508751072058,clay,date_palm,0.9250217990645488,1.3241880325011113,0.7261412157227941,0
7.232860368896069,447.9035103246317,148.2097691203506,13.556469132764999,0.01766533788864057,24.196847823795693,135.32716773349944,clay,date_palm,2.5304718271181037,15.93864303363509,0.9513547709749707,1
7.272892195742907,605.4937550624442,94.91280448883546,8.949725633040646,0.009756599925697836,27.83451356206075,218.94733535872564,clay,date_palm,2.825101905634563,15.09593728516415,0.9290474225774477,1
8.292678431520276,594.8958945785441,194.51802550310313,23.215958220977356,0.029661869798613343,26.358887257978626,113.99517675358804,sandy,tomato,2.5626638830057122,19.250393113325345,1.0,1
8.41917319320045,242.06488378475416,289.49483831222267,8.491679693527205,0.03359500107057229,10.91097046665832,165.62107341562614,clay,tomato,1.0564410872615486,5.490254577101214,0.8066597123726746,0
7.559963974419629,437.1555892586947,175.76815006790227,10.72120103318571,0.03592318214496893,10.447275469657686,103.45950804958404,clay,date_palm,1.4785482577843791,8.612318054651965,0.866077102190438,0
7.406117009715331,309.06732033041715,70.72864534862029,15.336735354689983,0.04421739194754035,2.0175407252727,152.02110989768556,sandy,date_palm,2.4981750464514305,17.73631499872282,0.9034656974346738,1
7.965999314858523,294.08762319008343,205.0003333693521,10.267272379961586,0.01918753191376654,19.890610402326587,204.84721039161317,sandy,tomato,2.740466765512334,15.625600148770504,0.9048625279940166,1
7.613101256647145,696.3812898423475,135.05574861281426,9.197293545582424,0.004692389915215698,16.512238741504053,113.51549195758425,sandy,tomato,2.8021035226810036,19.229391774365382,0.6247989053727969,0
7.038079533490517,225.14913002975453,263.98129739782445,16.98198650205505,0.04795908059791617,14.3210447684929,233.25019401681402,loamy,barley,2.425972429310973,14.58592348153667,1.0,1
7.234228896049285,451.5097255412728,158.66953707911756,6.778590455100478,0.022315584444436286,27.321297646706505,236.4248564411074,sandy,date_palm,3.0306593941617526,15.156686104608417,1.0,1
8.073958343271096,300.9221934599109,98.2099022355614,6.163355174418495,0.031539617973983435,5.868488131402543,115.74855626877026,loamy,olive,0.9585850577124153,3.865987021028663,0.6671508368547956,0
7.988385912865227,727.5981294070845,97.77640567278624,12.444905903721429,0.03364896083328632,1.2803217340152877,248.6098654563665,loamy,barley,1.8234501610924891,10.612664265286284,0.6762168600669998,0
7.0406439887552255,534.2243079650211,242.1910451802901,19.413289090157246,0.027779171726358975,3.1261771115021975,144.62943300932335,clay,olive,2.6498458849246913,18.79616330350689,0.6911987889194039,0
7.332958242899424,338.82838182610885,116.39689957683997,16.09613516547896,0.011057618957077235,7.477771696993698,112.6152506697409,loamy,barley,2.2871928508347223,14.850014894219532,0.4983951463628103,0
7.346612194882107,501.45637229982583,241.80834853980573,13.457529369335576,0.03800200945569093,1.9652809286402515,100.76006717458934,clay,date_palm,1.7863143683149345,7.583701876849876,0.7522409098733637,0
8.007839115398092,638.8918158218695,101.47182769164985,16.315031284491646,0.0403838467409,15.58246760865093,161.2784343645794,loamy,olive,1.671345821755922,12.152951735434819,1.0,1
7.029565806631546,774.8708053516602,130.42159217532736,12.309029693065472,0.028095803714854553,10.108623201773764,194.47149785591765,sandy,tomato,3.510396661513426,21.462262478470382,0.9044412526793677,1
7.156162872976861,332.2676025472514,166.37174310992486,23.72292670864226,0.02493949686865724,6.234007233975848,149.826887485497,clay,barley,2.608910823772249,21.531046781058027,0.7074854636111554,0
8.199874128059784,731.7090632776071,285.7989624233627,6.098097818215487,0.006582970973271281,22.7524381735112,225.5076048211934,loamy,olive,1.901865171285643,11.600211923500225,0.7059425417721448,0
7.2678169930815,760.5824685004942,282.9328561884562,18.467829580596703,0.005113631413489408,6.929088460743371,207.4909413347575,clay,barley,2.861098432897141,22.71571011028202,0.44417411504897986,0
7.979119161777812,749.8523267192397,101.71796885557194,22.82565329655501,0.01763867743261291,20.940547928820003,152.52422979520492,sandy,date_palm,3.075700615564299,24.171754705216493,0.9294471693107376,1
7.35727417157009,581.248614117146,139.5547603107682,21.07769417470507,0.01623146162035227,11.128682269581528,210.1464499912907,loamy,olive,3.20494533077564,24.40791687963491,0.7224411961589658,0
7.1491620891390175,577.8923926608246,87.34984711344308,8.680820696428935,0.04772916609720029,15.843005059214082,241.07316054538748,loamy,olive,2.152302051257453,7.741840282454584,1.0,1
7.364758286499181,441.9263799102937,177.4962698283743,10.918526979605767,0.03939751437972806,28.082144155688276,113.96439978145256,sandy,olive,1.9451767008897027,7.959639264008754,1.0,1
8.083400397783489,651.4387293822728,165.14563767366664,19.340958774142095,0.03333629046769394,2.083197409658572,145.91559402364254,loamy,barley,1.670930432087462,11.980268129820216,0.6753827397755774,0
8.283544702159428,518.7764110105592,275.1900406126831,6.685411183615311,0.02636475636186265,15.507670716846395,169.49889086750397,loamy,tomato,1.4333858836675712,7.169850036512405,0.8202956304582734,0
8.245329796850488,606.4628427369767,282.50134444776813,21.237233996651682,0.009201009005605915,25.77826584950093,174.69851916321528,clay,tomato,2.780931141627202,20.99560615197151,0.8760549434042835,0
7.595775294427682,457.07474230927727,145.89184775182304,19.378138892095805,0.04894437693702992,18.051253202740106,181.32934673291106,loamy,tomato,2.536592751489072,11.786400957904942,1.0,1
8.002127704855969,638.8978784258834,172.93448575474736,19.59213298470685,0.01937699421377029,9.029244991989543,145.0940359807973,sandy,date_palm,2.762931721908838,23.157197606320185,0.6922743507990523,0
7.307476443123732,694.6829105627294,274.0590622865333,7.004827405351827,0.0062393545199149955,12.532752919205995,200.08894689735237,loamy,olive,2.549966133910586,14.379734201930692,0.5482426668956917,0
7.43972159539152,287.86175396168966,251.67695193626537,19.355210896324618,0.02519614589007156,20.72770323312866,196.76267552947445,clay,tomato,3.167311004774643,21.404433626549814,1.0,1
8.34450372778168,699.7578293445367,50.91407783616232,18.5963625043994,0.04382590256904108,26.83354493510029,186.6732259407421,loamy,tomato,1.9164322156338112,15.127213804550827,1.0,1
7.019502885266104,524.1779190741843,130.01489104589564,21.61844981643701,0.04447725908708915,2.1909248386517364,117.06425825663149,clay,olive,2.327280790314712,11.146113430397037,0.8971598463045489,1
7.128262796281702,706.7995454541347,155.44356048403148,5.8319191251293905,0.0015373298867659155,3.074625834820916,171.5451836643917,loamy,date_palm,2.8317126541759463,15.314210188431474,0.3110894773319828,0
7.311829382719041,458.78102380460876,107.42907092080793,5.462213369355844,0.04442849149281859,10.42649418467804,153.43403312340632,clay,barley,1.1761826685721002,2.8487149941613694,0.9690518695716076,1
7.03979830581073,427.42429122982105,99.89290397398469,12.460141997571215,0.014302726657493069,7.7506108486868905,173.65577047571838,clay,barley,2.383194774990978,14.797137917332781,0.5602086988354121,0
7.272153152634696,749.0364395103335,59.446126648919915,7.975765676983057,0.0029096458344527306,8.682995700449775,238.2799653272539,loamy,barley,2.6046272956125978,15.575504983983034,0.4256747851747943,0
7.8745623414545385,350.70156052904076,210.84243126744013,16.167689551404436,0.04254172324778085,7.4168299601505465,172.07970147376125,sandy,olive,2.079975542333824,15.507050804342498,0.9528604913064296,1
7.632136825888747,706.5273951716858,115.62757262079141,23.346978030134977,0.04332947104342221,6.678926416799574,102.09711877592677,sandy,date_palm,2.57290593351912,19.217291526761812,0.9893530686688543,1
8.339007566615463,490.41234350564247,63.086794607828274,12.829594606680315,0.030215322912275154,4.788095039209462,165.82551071261963,loamy,olive,1.423390718426044,11.143329680832489,0.6628630019424001,0
8.226165342607661,508.4572655307558,107.74482763201591,21.899007545452083,0.029147254107521562,28.0846698220619,223.0972270074073,loamy,barley,2.128994308374841,16.58408969292473,1.0,1
7.5127260275468135,385.0809688936904,250.47848820903164,5.004817490357329,0.04084289335844955,5.181494453278439,217.00913848272523,loamy,tomato,1.989955263154349,5.068667883778719,0.8754697104946599,0
7.389135150146939,543.8253203714094,262.8722954116366,8.370292869183684,0.03952916808280371,6.927709468200549,177.00851102922715,loamy,tomato,2.1424423746282377,5.948018142242279,0.9028871005763257,1
7.5695386122509,395.12671776572677,170.76656129832566,5.608470793081713,0.044615168198692504,8.141705995442786,137.4653519288973,loamy,tomato,1.4110809041457826,1.7784605716290853,0.9449481152209059,1
7.8854424137722114,223.56164854499139,154.01766760217154,11.562943610301373,0.028084624932238473,28.057431320782197,169.76329943718176,sandy,barley,1.8652920157273072,11.862706437865278,1.0,1
7.402095461234314,363.19916320661366,294.4634233754455,23.163791913930055,0.04841470754390763,22.915709874431457,184.55533291272874,clay,date_palm,2.6098970254872276,17.537070564012666,1.0,1
7.936223361773701,203.8274260439544,100.14116489701748,6.939042471979755,0.04981119471573359,23.901283479149928,249.98071574112006,clay,barley,1.143939188961678,3.0938661669149186,1.0,1
7.614117478286861,787.012872234114,103.83982071365212,17.128195534876006,0.006710685889932997,4.037989526616443,196.62671352540661,sandy,olive,3.185317599291444,21.36964380793405,0.4362454868246394,0
7.828070771277971,779.4483258918485,122.96679425909994,14.029918782388883,0.04262764421815198,25.25298637545448,204.13973950939203,sandy,date_palm,2.362232755415365,17.183810019102676,1.0,1
7.654189793702975,437.093178483383,93.18932957027184,23.76936424731625,0.025491290629680863,12.837599372705121,173.71812153520779,clay,tomato,3.13388977795082,20.982258343759565,0.8898325291353809,1
7.441698639312876,637.0225126037876,144.84139955104666,7.450382850741876,0.019990750576691776,8.621867760159272,153.1734326173795,sandy,date_palm,2.485687832262001,15.265156156169697,0.6711536404345222,0
8.422679960443235,407.48365904625496,277.7085567474385,9.24055701004458,0.031040543184253037,17.696752422089006,221.9429475470809,loamy,date_palm,1.5457126589282741,8.324557652275887,0.9432002089198377,1
8.145408691239641,602.6558942515856,203.83696015714358,5.5908393722298655,0.0037423123058383445,24.843304268685284,174.23984865088542,sandy,barley,1.8139287658317653,10.809869323894944,0.6981150712278221,0
7.210169763649679,683.2580258275875,152.9866371530659,13.678704992627475,0.025816594819586917,23.58091238117237,249.20351949467877,sandy,date_palm,3.500499408691517,22.74559465578337,1.0,1
8.30270196384687,768.0537468153444,283.6026986428037,10.556657991293086,0.04367363793130667,26.80992699485283,168.56808614020662,sandy,barley,1.2245450224274903,8.903085280906907,1.0,1
7.7311467973742705,440.1273655098032,62.11605811895558,22.39811867780642,0.01145961429080947,27.915833394447873,110.2000425471366,sandy,olive,2.8807776096884625,21.738075176714254,0.9606730910261765,1
8.341828340341138,669.9787897736286,102.56904447546535,17.0988162639551,0.021893104843701834,7.905540071404737,202.38672056351243,clay,date_palm,2.064191590458713,16.569579411989704,0.6516427013203192,0
8.199782883920973,359.5570703792713,191.47215127543976,17.281814759514035,0.047034563498028904,13.291878930908878,106.99621763887166,clay,date_palm,1.1235096363346284,8.554600459975973,1.0,1
7.637820256703851,794.199382276189,203.8881557982948,15.638213937626048,0.02199962805247917,1.4242276369470304,137.5752395327055,clay,date_palm,2.228512294259269,15.212758518718678,0.5367599570668697,0
7.0337039624801765,215.4617592586107,59.88937664065328,6.83700674458402,0.01856001398428752,26.500328118686742,153.0607379169855,clay,tomato,2.5528327735080922,14.051475052259368,1.0,1
7.40301603907742,562.1172839006726,150.75968947678302,13.900373674507104,0.022586295758045535,5.482592392768259,210.92253784319917,loamy,barley,2.3530467269372184,13.690735898994706,0.6366900223810257,0
7.8124513219913005,595.7035889907963,212.28849120771818,24.99010379417033,0.026453185559360264,25.982769557938134,174.13538896114193,loamy,barley,2.421952563308116,18.848286991610518,1.0,1
7.950217329739221,612.8273342444772,224.5176366008504,21.704585816920297,0.03196757586244198,10.552232337611295,104.29688969653849,clay,tomato,2.1290810597492325,14.969211479764672,0.8608847694687942,0
7.386831528149804,272.2325472734534,209.53497562906733,22.86918108334232,0.04023394724491983,11.675874109453009,192.52747769138833,clay,barley,2.3135796774353174,18.494929528879368,1.0,1
7.209034111109236,763.1178700838783,130.14080609023114,21.464527184929988,0.0231530080824514,2.1348353800319217,161.71543561399935,clay,olive,2.8161613586293788,20.160914627791627,0.6152847375277597,0
8.25239535519895,308.7099674300497,73.38003089947738,7.060833868619653,0.04105656581941688,10.479484903194269,238.27517649506606,sandy,tomato,1.9103739768540149,5.675118800546172,0.9782681035034597,1
8.476603271055328,573.6520419439046,156.77811160483353,9.548965081295993,0.027152312406251954,26.76254680123666,174.9343466710353,loamy,barley,1.100952695937271,5.16224382525338,1.0,1
7.788535273454029,333.605647473851,82.18860934201388,5.0624330271281925,0.017585545008030907,1.74087463252652,206.34627189090085,loamy,olive,1.8529382221583544,3.132580530415602,0.44683572554366235,0
7.2575189287724555,384.3298502127625,286.90591463016676,11.07020249756223,0.033239590577851294,12.783496718355035,132.83027384943205,sandy,barley,2.0318009080733135,10.274141277842032,0.9168078656807352,1
7.408460989779053,527.8751250368746,168.79271650565707,7.172148046929852,0.03616839048243108,1.9105892645694929,214.14603467974797,sandy,tomato,2.7011069456912,12.832845029179131,0.7968261981831521,0
7.0275860148212,450.3160511387459,129.3147935892169,14.45586690603166,0.02834439980584489,11.756779328162883,208.14329657255087,sandy,barley,2.8072005203257167,16.71163768572281,0.8848776252769883,1
8.371448209840748,296.13536058590375,241.57601777972502,18.542549771478036,0.0037741336836014474,6.006578582628444,235.61225628119624,loamy,olive,2.617973026150036,24.089780374044036,0.3861814189985935,0
7.176626624335212,302.561841452509,174.48714814556598,22.49010590076154,0.009324260882880419,8.31433340478279,105.07324625787989,sandy,olive,3.3469860682093144,25.94835869489322,0.5739094667956073,0
7.86477471327138,450.8868728976798,127.50850600311252,19.984343301817965,0.014979588323621184,26.45035282168115,167.12510464261766,sandy,olive,2.8432745842326383,21.77305511570656,0.9811628480265518,1
7.411082831030809,654.3697869653004,252.99193559770043,23.771711915570105,0.014848654691623164,13.645427398034839,201.87331041094453,sandy,barley,3.2488469174986365,20.981515815418355,0.7555461217349351,0
7.83126700377369,738.7787881086731,266.7880377502805,6.077965807875776,0.03399761921209666,8.940141750655453,114.27458501203225,clay,tomato,1.1293018635261873,3.948649611337315,0.7791112722766539,0
7.9771305825277965,250.4765973556297,218.25204157216925,5.243596708330829,0.0018990844220079966,18.090812960565884,161.59061007233686,sandy,barley,1.8925944285592233,10.397176769280257,0.5417100798261755,0
8.244612705560803,435.86234453564066,61.74110560191682,18.22676227672425,0.03802840707542648,5.121101835144889,241.3219904599293,clay,date_palm,2.083353121240523,12.332467411733655,0.8395163925335368,0
7.309631907640905,260.147338233726,191.58072004163301,10.787048204444925,0.014001781265539727,8.52235661520482,165.39017363366924,loamy,tomato,2.9357191308138275,15.993475478266442,0.6153313817522985,0
7.016493742987721,209.95548837955874,240.8237279993204,10.070020322115463,0.01619107046458902,16.841191060483766,247.8107175220947,loamy,date_palm,3.3068622435809885,15.32696639240898,0.8442388576649897,0
7.205328445103211,597.031209586374,84.12575302089554,11.617741753875885,0.026867581569252293,7.888168213593996,108.52585916197295,loamy,barley,1.8342714722173228,8.57998949634908,0.7075188055880501,0
8.350027962772158,561.4696651799527,107.16768784615084,10.395921157847283,0.011580354446008918,20.694704384625325,207.67446642113367,clay,tomato,2.0405977709263206,14.951508678699522,0.7508472260567459,0
8.310835116343773,297.81146828893174,270.62377626703415,15.228728126031745,0.04433909436520085,15.253247765526153,187.15243543724043,sandy,date_palm,1.8854394728059791,10.798949793936146,1.0,1
7.896119653255463,340.28769985583847,55.03043046326851,13.80296894448265,0.0051830701870016985,23.387683037386036,175.0809515698188,loamy,barley,2.144723191356284,14.713691679325642,0.717077568861249,0
7.90077529065048,214.22465218671104,238.181784456494,15.248571027533126,0.02277473575275218,28.49909153595159,245.6271102227514,sandy,tomato,3.32032183822838,20.412741357574514,1.0,1
7.997555011819383,700.9683234166423,168.44332312860573,18.454272230008723,0.04262169120328961,4.358341791074825,119.4475600736693,clay,olive,1.404016300647571,12.474402632314685,0.8388135079226464,0
7.263056917935175,784.8143576291309,161.6930397099017,12.742610179422966,0.031176350826640553,10.705285289551801,234.399842752137,loamy,olive,2.602583273645112,15.000746399082264,0.8899576300822533,1
8.37161791888744,281.2757220768145,51.774133123721796,10.026153742843135,0.01532414627628904,10.26692282347379,203.68606167049154,sandy,olive,2.0162222722873135,13.639906492806993,0.5964984323967966,0
7.62815578733811,338.8851282591788,254.8495577416232,8.324010736174909,0.021617250181046578,5.384304660780373,138.8494109949449,sandy,date_palm,2.26469987221918,10.798168952684689,0.6131208357088405,0
7.574707792374246,721.0457143681605,139.95622515914164,11.98948239065251,0.03562802463678322,24.498790982670652,235.250371844844,loamy,date_palm,2.4456234836311403,12.223848009244945,1.0,1
7.778376557924256,755.8782787737109,185.1914078251357,19.83612950492344,0.04868977642483107,23.03648241712491,164.39423767915198,sandy,barley,1.9940779654696263,13.743817756961754,1.0,1
7.070448950162582,451.7764296840862,219.32517158391485,20.134098202229392,0.044763797200592245,15.048338654197572,222.13409921096064,clay,olive,2.7170812840466563,20.947973397740043,1.0,1
7.249425053134119,230.37348336144447,225.65739410947896,18.338107733684204,0.017779207610736463,16.59535255604368,158.32547755711,loamy,date_palm,3.120468622793036,24.019215165394964,0.8482326551053635,0
8.107050424639556,223.63510021569164,288.9950147065181,9.680563506137492,0.04991169608510502,2.7267800020723914,227.63962411498613,loamy,olive,1.3351576695294347,6.722500280503947,0.910023654880378,1
7.12419800188769,544.3699196414063,182.83498830915227,16.761724917093954,0.0011717285130218554,17.109713217484323,195.4943677667573,loamy,barley,3.024344125879951,22.012105265256587,0.6017177221154104,0
7.904728164199582,435.7370653359074,149.9298877436069,16.41379323153696,0.0023538580346123394,23.948904196569455,121.15699503755907,loamy,tomato,2.7837034524337203,23.050787462576494,0.7369822306452718,0
7.368023664521981,217.19145654659272,288.42590662292696,14.68532396219451,0.0413681852433885,17.64099963393186,197.44947452042913,clay,date_palm,2.3062425912333073,14.85788066279574,1.0,1
7.583943421062965,549.951435387534,210.52755875638027,15.999579727677284,0.010773671654819548,8.693884733492148,128.70171440528088,clay,date_palm,2.4979407043143067,13.224844202419167,0.5353180258372807,0
7.43304060515605,206.7815219534135,124.5375890691389,14.835812652473361,0.003977694151415802,20.35889989769578,161.7883941841244,sandy,tomato,3.687725235499041,21.867320127632524,0.7618614290650759,0
7.533509074697424,672.4231748895638,81.61606135089279,16.309127321482165,0.012620255588588609,11.483164468992182,125.54433763780506,clay,date_palm,2.5047626515430688,18.46171927816521,0.6193481353321183,0
8.078568857776368,383.859693622023,260.6386253662953,19.310119092422575,0.02187890754506215,16.80132524428632,103.30241735006778,sandy,barley,1.9572173956560204,11.748308729640973,0.8207875097141403,0
7.4456825734347625,224.15480180553925,140.5454006985379,7.192563888068795,0.036797747251236836,15.139395535088818,131.78298091749363,sandy,date_palm,1.977764507508954,7.29089535813488,1.0,1
7.849606960445346,553.0113325898919,215.1174303411078,19.992515042980475,0.03159244080100907,12.054075027990223,180.45580355861887,loamy,date_palm,2.5193250895950112,16.034757497750388,0.9165141197425415,1
7.7140756032986495,438.6106486598328,167.70410484147453,7.7177230025518835,0.012643439660460602,21.847461431429917,172.2341451666019,sandy,tomato,2.760125796165589,15.111042403310972,0.8474108872287545,0
7.995506748043972,784.2802480142897,99.73244494875959,6.3325599682074944,0.02566025195692864,26.63240724759057,175.22456433040955,loamy,barley,1.3018193839536725,5.901235294906081,1.0,1
8.405244608987136,526.5191975022212,200.42165215511628,24.52159372442935,0.04638449116452987,1.1511630358308234,137.15303176699018,sandy,olive,1.9051752718204056,14.117823878087128,0.8712046499301969,0
8.098858145815376,365.143508622205,65.17076723767057,24.13983537740883,0.04093538107220413,28.07487905768065,202.77418009212792,clay,olive,2.1144668850087864,17.785345503267678,1.0,1
7.322410567886135,625.6633187803849,153.33561496779805,6.208730898811281,0.016836299456757877,15.833938946413523,205.63949302305187,loamy,tomato,2.767280250719845,14.105815936546879,0.7906056908372262,0
7.046774702591927,362.8952015256268,186.65373491591777,13.865068829499243,0.04913096350642912,21.32122453053469,153.69517383394984,sandy,barley,2.142306870063822,10.575205267333427,1.0,1
7.393396066449737,742.545974844539,159.01174352964478,8.724898765995494,0.03572239962132142,25.813112419100438,232.17551327112614,clay,tomato,2.40624797607497,9.250615216353873,1.0,1
7.892616896050383,424.83318230442586,237.1680438127477,14.70689794268836,0.004060018427672308,14.54600707711383,196.60348249533217,clay,tomato,2.904164884373052,22.04627416014502,0.5841536087072053,0
7.077138720226375,529.9211376657231,256.9812386363281,21.603544859991747,0.0027228749511432953,25.21424812758182,206.95589128879476,loamy,olive,3.714823672839513,25.600253785184965,0.8423139806459468,0
7.744549370801854,230.3438622945373,242.8107685082945,24.012235494857805,0.009251989501491469,6.150974764200864,141.6009876908409,loamy,barley,2.581253803326924,19.411903608426048,0.46829964207254327,0
7.895264273375334,455.67274277133845,59.703236952950526,17.685053069030747,0.036664937534457195,5.615858499914619,100.09174527333806,loamy,barley,1.4508465670072117,11.08794145894058,0.7783589583757272,0
7.501365836225441,699.418123796597,98.53219261149306,12.07811334423634,0.010003207366278969,20.066669696828452,229.80634181531644,sandy,tomato,3.687074032109796,20.732412236849495,0.8463474269995372,0
8.156368305618733,683.3892832180052,184.15187731594358,17.06651131289197,0.026062851691232843,26.23414716100038,223.3636576869713,loamy,olive,2.1944572888887315,14.14070032088857,1.0,1
7.1598973797006575,334.59113531211574,283.7055101109503,11.240026122169006,0.005569745888860755,26.880359148545143,118.47878320642454,clay,barley,2.1397343956420696,15.154628186830012,0.7923321229551797,0
7.112706672603713,335.6474426063376,258.7391937630292,23.196472816641208,0.046123421733679566,19.66847329294015,156.11577024344598,clay,tomato,3.0116801369509685,19.071682390484256,1.0,1
8.092283134305404,690.3831873279421,260.6336270879504,22.40800926211674,0.01785407006559481,16.23918767607021,199.2008962582874,loamy,date_palm,2.870534841088444,26.1536896543307,0.822237591792402,0
7.743236974309298,758.2390521015953,125.80204843991872,16.16463500559322,0.045498470771470914,10.61039954319897,197.81662858280924,loamy,olive,1.9544022483727832,11.538361080315717,1.0,1
8.032603594641603,257.21655276380216,157.36197426967564,11.49597830760721,0.047298906453616674,29.42001205238061,229.05255022128347,clay,barley,1.2716644002995103,7.462499116937213,1.0,1
7.652241007905619,470.0351836557352,167.67648682898437,10.867793511659567,0.001300303718370359,10.271174913321264,121.04022424531428,sandy,barley,2.2585228661108188,11.626313268394995,0.40560988333084613,0
7.36960304985866,402.4725673785374,89.34289583747761,5.668359894101189,0.023742624172737873,22.581397109716203,164.4909621677678,clay,barley,1.5678193330289028,6.010879941681742,0.9331928514277044,1
8.2286534765113,722.4130732744636,57.76703256111408,21.316417020505906,0.0022081467296377515,16.42747219724502,114.58366268896371,clay,olive,2.1748176188733783,17.006012839772055,0.5356570543993369,0
8.199123818453469,250.11494880801126,286.7257248651292,14.00766426078016,0.045525945548842386,18.646857933235054,158.43928726579423,clay,tomato,1.3354059914833896,5.818741660239516,1.0,1
8.04204470628164,326.67556553482245,110.17814641587668,11.502658568005288,0.02640196969199422,12.41093596707016,102.26611683815565,loamy,date_palm,1.4737964333464892,10.160924612409143,0.7621519793890356,0
7.408217705844944,651.4810025518966,109.98722593090783,14.422207099955077,0.004672256622226345,28.979870638695186,234.74095976651904,sandy,barley,3.0771161349384757,22.758367988006594,0.895850552902377,1
7.885346000303631,230.77630938872935,70.84476344218989,21.37475980909304,0.006403559685551777,17.57878745687886,179.05659952430216,sandy,olive,3.1414205922131524,24.30591192541682,0.6989427917979061,0
7.5414608454100405,495.5212284285736,282.12693798594466,7.492284154150424,0.019791942200144214,28.195841283304908,227.47033912035306,loamy,barley,2.0320931020678867,10.724895704852562,1.0,1
7.137373109989952,465.26422080783203,194.934278734943,22.153119764836546,0.04707147545077159,1.2201510690435096,108.98570515050457,clay,tomato,2.607345257562387,15.929116571244554,0.9390627737474349,1
8.375970363193364,400.64070739324916,216.75921428133847,22.95017670216708,0.03495254842683596,17.607446912542507,134.1187165709381,loamy,date_palm,1.9225546184826356,17.524788432969434,1.0,1
7.205227946378442,436.74338919135425,277.8942218157631,23.934158300677765,0.04351332444326749,21.79841980203287,138.9069992831771,loamy,barley,2.336522083639603,21.047452202452092,1.0,1
8.425356030731203,517.9643521581397,136.40504222519738,12.949759848452555,0.018956375670659005,22.607324963704322,158.00372419581822,sandy,olive,1.8475918738881014,12.792337151323009,0.8842994842450197,1
7.669008659436933,296.82041503302986,205.37682778452103,9.342808080753437,0.0031174712779499176,27.244329571668757,220.42995585963192,sandy,tomato,3.4381942932417853,22.495073698858455,0.8667042040619668,0
7.2776993932579295,543.1975269701556,59.69986368222187,12.47281636933397,0.048741564223016294,1.127646661109802,157.9836810597239,loamy,date_palm,2.0254262472311866,10.928842061178841,0.9157104963459354,1
7.8128514210675375,683.2593975799919,96.69313205778234,11.658241924628065,0.001841476542456108,1.0095746185248167,130.69802944694905,loamy,olive,2.1658739950092776,16.819528903583183,0.22108356010808017,0
8.309418753814612,656.0965578740954,257.8114512724856,8.523078250057202,0.04743493100097337,14.695640363061244,109.74853905081527,sandy,barley,0.7775043904677167,0.22416659604389455,1.0,1
8.098337329614342,292.3399428162642,241.69208908458393,17.14533340202976,0.01906519376860809,1.8495174451557488,111.92376225290312,sandy,olive,2.1283650763226656,14.617166805280174,0.4932374615380496,0
8.209841721792175,289.54968184488433,137.6606728642867,14.532483210172577,0.0014944298460721945,29.261444056208862,214.0070808941466,clay,date_palm,2.523644664998494,19.07271250454545,0.8095369020151396,0
7.988175050066076,360.904620646948,144.2026569435531,22.314019846480072,0.034768704354500905,7.439890061700367,166.72044865549495,loamy,tomato,2.62383516830808,20.992895232846294,0.8802351800161674,1
8.038414846776778,416.6448358046223,183.38860838839486,5.642191609641165,0.04904647489753636,14.707277151580497,208.92716830000228,clay,tomato,1.1058071552475983,1.2449964870654726,1.0,1
8.27379347734798,445.0733488450895,50.06025117128364,17.877358551102525,0.048315660419042034,2.772991270354485,202.34306826455463,clay,barley,1.3041079777167304,4.773319045040205,0.8845233699100586,1
7.374502013288779,607.8183301000072,110.31108400950697,20.258977570231224,0.008885913548918503,16.1394040689665,120.30436926403867,clay,barley,2.4207665570322066,18.32230360547917,0.6497381091756841,0
7.734137445464711,234.00825929950125,102.05795215205362,20.18973138376614,0.009881142497241594,12.018727629274848,121.43319012884008,sandy,barley,2.5502553246182114,21.859316355569856,0.5926121160135778,0
7.331814162729403,220.80362253563982,112.62073668744087,22.721479341910502,0.028711406816363347,2.295140837439489,213.3013023151201,clay,barley,2.6461042250214972,16.280180998059656,0.6882622569959598,0
8.481502011994971,435.1463377663454,251.47646063336032,19.58067485658988,0.0322279364949879,10.718603734190518,208.19024402281258,sandy,date_palm,2.4046345092150934,14.278809054949459,0.8901618828458363,1
8.41608900952992,618.2982152827883,119.9184641366108,23.556201232953924,0.037231477769627416,12.351644586462813,156.70461503114655,sandy,barley,1.907454947504836,15.548444625845232,0.9581014540740543,1
7.059140217052759,316.0612057738895,97.88033051253704,11.65313199641783,0.009871467663135229,29.70772324697326,111.61333949992601,sandy,olive,2.812513090379788,17.504728978629625,0.9672275271168768,1
8.058362758773534,584.902688753751,176.06586519825788,15.064188335030861,0.04799134725145729,7.028690285661888,101.81470325476784,loamy,date_palm,1.21704843076049,8.500715725775521,0.9578078889459363,1
8.387872476123498,355.8968827641797,266.411259093183,5.281593265657813,0.03229822355817266,16.79860884573289,143.22354241926172,clay,date_palm,0.6894259415708784,0.0,0.875599605612918,0
7.270863017691,731.6516652881098,110.33742595937497,5.139151746065824,0.04250529902465719,29.63215092676023,101.38334103808404,sandy,barley,1.3936224737775833,4.12328597651119,1.0,1
7.851917845828944,737.4139665599699,69.63406069819968,9.802532409030398,0.02746322004892442,23.96855703026392,134.5108931655555,loamy,date_palm,1.6828985060007542,11.979554293529684,1.0,1
8.373232446382062,378.3723225687959,139.10118396241617,7.016143942781705,0.02129956553190425,29.807657525580577,162.9251110317008,loamy,olive,1.211016923981672,4.345793256557048,1.0,1
7.050918967878698,337.9962523779443,236.91295614124445,10.204227358715073,0.048881962423154804,29.080651125144907,118.21236479679312,loamy,date_palm,1.8534351470148973,11.414495028865574,1.0,1
8.04613040087026,446.78238323973875,187.67263617369866,8.540865890567948,0.02952394717017197,15.196646720730474,115.64166367473194,sandy,date_palm,1.6096047084788987,6.3771412098271,0.8755605186455009,0
7.446023511058826,344.3189511080892,254.19834239358687,5.570400496772965,0.04347680555715977,21.19489964624641,234.4656153578105,sandy,olive,2.080197186605175,9.980228730774307,1.0,1
8.386594293064796,603.4303059750222,289.8980369023085,23.18608292812099,0.04771132742194821,4.202850681293382,187.8205043534334,sandy,olive,2.066765514563625,14.091210981445448,0.9650681661201809,1
8.456587367748051,695.6388107289713,248.16561918790427,5.16446262777783,0.03409237672342431,13.793315926357254,240.16835301441722,loamy,date_palm,1.2799513034790118,2.7664873808858057,0.8896480736568305,1
8.41639973367015,603.8552785467302,200.95076971093835,19.72164288674171,0.027897995247415073,24.461537725734225,151.87392456785187,sandy,tomato,2.461906204991207,16.414590560606012,1.0,1
7.711321324986196,694.6102683496097,173.33539701309513,8.042957738390331,0.0011720316946218804,15.654724308337158,201.57174059937446,clay,date_palm,2.472732320760788,16.553499906055873,0.5284935472469344,0
8.293063976483971,438.1952973244845,60.017271587066666,23.244592439992,0.0029609623962112935,21.378271951699723,130.70375119326854,sandy,olive,2.7545238732544606,22.760652112844994,0.6923417848375207,0
8.266824097802605,293.7901824253165,296.08049470351034,22.855918791797716,0.0108417095865047,22.626788569544033,192.75104759199118,sandy,olive,2.9048168954956415,24.819219858433513,0.8475467668281025,0
7.478650709864883,642.7705684385553,145.87028064376062,18.07802292738515,0.010114413160943768,8.350605096043923,119.43785950149766,clay,olive,2.446661842039815,21.32455718692852,0.5144612466982201,0
8.243373211226016,416.2847030849323,88.0570534792167,18.444682996012105,0.013483180964792424,26.3952818153344,100.31209587644287,sandy,tomato,2.5726551250395344,16.52676939648757,0.9359657607817371,1
7.0555114520732385,602.7624951374795,216.6772138491142,5.106782839393771,0.01594179724718538,14.33485049636619,239.72977021143686,sandy,olive,2.9418107148185118,12.64504869531084,0.7611688258205854,0
7.894404817723079,362.3863651890594,121.07207227386483,24.697431322272042,0.018643209183985685,7.095368005024769,183.2341564262814,sandy,barley,2.7986657612485977,19.39839286951155,0.6454487587601685,0
7.345013255931555,248.7377808840036,196.4445677327619,22.55665207151629,0.021606346813374953,26.09706057186487,239.04109941730593,sandy,barley,3.2764203723282876,21.44573581681442,1.0,1
7.180850328665918,795.549077292658,196.69197696114782,22.90212451460184,0.005844450584344719,13.116745377081356,150.0747285553108,loamy,tomato,4.035518206839642,30.0,0.6728431228539693,0
7.115429802443813,293.72090475835955,161.4324552257173,18.18489074101744,0.00307573466568632,22.759060713011873,149.16791037426353,sandy,olive,3.483074461063587,25.50247903648975,0.7799631911306192,0
8.04443316381721,793.0525963780887,259.0296538862607,11.89573857309073,0.03402327800457815,16.892959094426196,160.09825026595476,clay,olive,1.3482234745698867,7.007029855783047,0.9560662299227871,1
7.509812445652099,786.3679595398684,116.24176538886076,22.872972981809617,0.027329406417310808,12.074280814800513,205.90614759372522,clay,barley,2.5177239288083766,18.982663013788983,0.8528446268603426,0
8.087150157293141,676.2908623448238,162.15814790443355,10.830338563023847,0.022763065908785865,24.48641603611851,184.87129512792615,loamy,barley,1.5742758108697483,12.73581889901157,0.9571163742237381,1
7.0980345111984136,595.6537772491986,184.42303214774287,16.254230866844058,0.03208755711724926,17.94962801769378,238.8032360648677,sandy,date_palm,3.5740004091343924,24.9789603826429,1.0,1
7.472935506745915,546.6842301506508,215.90618019182492,6.994619446877648,0.04155629095297349,12.326300970383919,103.8161351698659,clay,tomato,1.295140341846944,5.636689059574034,0.9734816110500362,1
7.809236938563005,719.6609272267008,245.99296262639737,23.439112602655005,0.02195695254669403,4.178338239718684,206.22939069588045,loamy,date_palm,3.1360616186398595,17.541695511497103,0.6638059824859729,0
8.186084747258445,373.6637129716928,148.701820719564,7.815409155424266,0.03241485378754699,26.96791409923453,149.54915340498314,sandy,tomato,1.7034065313512115,8.99628512969101,1.0,1
7.478128754398105,480.60872749092624,211.511736024149,9.497936114608144,0.04772503896792278,2.02861797490833,127.03504777276918,loamy,olive,1.3680476228633947,7.736404922450648,0.8658917538460799,0
7.938837064655513,571.6339816199011,87.65273826712979,16.1626831625643,0.04214160029721648,26.03243310267363,176.55934337801483,sandy,olive,2.058656048975192,12.993458111892181,1.0,1
8.328966622354281,446.71428552169465,283.1620251356196,20.28186000425963,0.021874039714618064,11.43888422161151,175.7595676269994,loamy,tomato,2.5140664154577466,19.948701945000348,0.7580135933881209,0
7.923794782273457,456.4918724541608,145.76470160525088,17.387026118725977,0.03259112505292241,19.54082414154077,120.55165430326426,loamy,date_palm,1.9306336629389333,14.062997005813587,1.0,1
7.34943921213045,398.17080050125065,232.3803554941096,9.642678256003123,0.009676475173881049,27.743791991234872,130.28440841993347,clay,barley,1.8962116778500866,9.901191339299848,0.8517199016609202,0
7.036601172334807,538.5390900107216,55.085270470544415,5.018860850549807,0.028465587059859406,5.399491849613054,161.22469973523323,clay,tomato,2.230394964772945,8.540483591371782,0.7134052400719877,0
8.305148310851395,710.3447168090696,101.29678572620175,20.143011606148782,0.0490850862657837,17.441563793525496,161.3217118588473,loamy,tomato,1.7872426579996477,11.44260493161907,1.0,1
7.031904116275581,320.91702680378773,171.77063608089452,24.704146518221876,0.02639744064492359,23.168553008735568,147.63372094295272,sandy,tomato,4.160334347866966,30.0,1.0,1
8.3120525090263,760.6598232520648,269.56311693308663,21.19826240612181,0.04645427666031722,22.969931148852663,122.28177272649714,sandy,olive,1.7045770675724101,10.824994497637809,1.0,1
7.793405701040818,613.4525922489378,181.8137874876693,14.204132363132306,0.020959411104659775,16.243325523385614,100.65605186514694,sandy,tomato,2.521938501825388,17.10720961024918,0.84101275718364,0
8.408601547769344,693.9639276080181,282.46762057346973,23.075345227982133,0.04994339653204693,19.117444337287285,245.53525936420309,sandy,olive,2.2864478416435294,16.2754228340482,1.0,1
8.198174853660499,533.714415578007,170.94922414569908,13.196953462367,0.029381781726150337,22.96828282985249,241.52488445558905,sandy,barley,2.0279395013117036,15.652695249048545,1.0,1
8.496901165800006,667.7100208544381,172.6122741839875,15.49868168486935,0.003071180717560793,25.389801494964942,172.5475568764203,clay,barley,1.6953427246347375,14.28570866910652,0.6894911586334898,0
7.526067723177565,209.72023840368033,79.93669712513298,14.542595347913664,0.029750985037878017,23.09257980940005,249.25776299125087,loamy,date_palm,2.8632677221846077,13.648761409748186,1.0,1
8.15078243339669,691.0282548677211,250.66406103805494,13.952477453310498,0.014454062088300235,11.266143352256037,201.0481496173365,clay,olive,1.9826822068019554,15.342736736297507,0.6007483749137807,0
7.6028963704138635,224.0833154512199,111.74135311676562,20.503815385878113,0.002591584779758841,29.90506563067426,110.32863064113123,sandy,barley,2.7429509559888676,25.93323287958771,0.8564111607889773,0
7.719813430455863,733.9480258177175,274.90312234307873,15.53537814538984,0.04122181193003851,13.600578117859827,117.6577298623941,loamy,barley,1.45811191956291,10.807296352699549,1.0,1
7.941258194827555,795.177648343186,277.70605508259905,11.334342440504322,0.01451075221205704,1.709476380009069,237.41662658044567,sandy,date_palm,2.8863142871522327,15.938910007136375,0.4827559537532156,0
8.310515671279507,376.44047730606667,285.8275279685374,10.163163353169566,0.04003087914827843,11.515891595978399,194.50783032244425,sandy,date_palm,1.686628716094543,6.33142924855477,0.9657113164313079,1
8.476125203798944,326.1911337714762,180.0576222757725,5.754946339348668,0.015122661564837481,4.7057056826414545,226.47754399860267,loamy,date_palm,1.6437642166198319,7.102595795340069,0.45245517445497785,0
8.152410120796777,659.2180183148243,219.27344619591108,16.663903237660918,0.010521991339814941,4.521835856122875,234.74044744507663,sandy,olive,2.841168508051318,23.82582846210356,0.47556006786378713,0
7.626650173251001,351.8158045521519,244.6289700154159,9.599228308020685,0.048722843131116945,9.164516163099936,167.1913016923579,clay,tomato,1.543359846863869,6.029551363373052,1.0,1
7.632035503415605,719.3374299033221,82.7536546626164,7.962678440327662,0.01872062105999596,2.5478893311405644,107.27889273650396,clay,olive,1.4841143461697759,7.408294213324292,0.45049625021633277,0
8.106373452383338,261.70555529448603,200.2392987493743,18.07659927655355,0.030467434360714862,20.966853463877328,128.2420523345983,clay,date_palm,1.7394946460597611,12.564496216594273,1.0,1
7.358165718652454,275.57311782761496,58.57447532582792,18.624185156430975,0.030889093147909108,3.1456776418552472,109.98579209536527,sandy,tomato,3.075678758379048,19.105344442465316,0.7723042507260655,0
7.165711169697092,787.4909330603693,174.39152084718148,20.04309784515332,0.02846320062650159,6.895397107642729,128.3109768547761,clay,barley,2.243077026025837,19.521604925115362,0.7443021136324455,0
7.531933236461165,604.3033389620027,88.71067040505685,15.07153792677183,0.04582009143253952,3.694091720329462,161.57993896838153,sandy,olive,2.170243552628495,10.268868808564651,0.9348026901049616,1
7.430858487481123,708.1323346573718,95.73073149052118,22.88109210407773,0.034047612496976555,2.831864196187901,117.72952157724782,sandy,date_palm,3.0094615036271213,23.156269573389935,0.8081083916685761,0
7.444462180683985,394.59762641091083,141.2618916731504,23.726855067964557,0.02078291720114158,8.764798300646708,125.0099871708015,clay,date_palm,2.8901764664980476,22.10751683246407,0.7182538413499018,0
7.350411626574865,605.8902497123627,158.10929167912576,21.147418795849788,0.043256638841689427,17.585070062150727,166.87326731075188,clay,tomato,2.7692992634532794,20.39385297829274,1.0,1
7.063139784454543,556.5450963851583,205.79310613304682,17.711869640163744,0.009872082056682257,28.97588113695841,151.02564255827343,sandy,olive,3.369886922503912,26.112212350384937,0.997189807389715,1
7.026810902100121,561.8900720737681,68.60710460962892,11.074419071823772,0.027667601122910456,26.391142976138582,170.14871862820615,sandy,barley,2.466367193980936,14.164438754169334,1.0,1
8.481583584604047,609.5194757226329,175.92294030936114,24.658898432404424,0.047576968225244064,26.402083837914418,164.3758041638593,sandy,barley,1.7681460251178982,13.316465456828524,1.0,1
7.641659700603793,545.2155038774591,95.65628256327528,10.482723343838767,0.031644483864140226,6.105944045092071,196.67170389698254,sandy,tomato,2.719325378819279,14.757625508948086,0.8143321691694871,0
7.576489970739523,457.43742158159955,193.49379375793546,9.05313843980862,0.041031454073268935,8.682308611436783,240.57843233137817,clay,tomato,2.1771112919860927,10.214125084516754,0.9632868866866571,1
8.019470924039604,365.5536166283281,209.35115306529588,13.843082275731655,0.03302447555171445,3.2154061870638655,116.17965076663637,sandy,barley,1.5618752460999983,6.730228674143751,0.684625276704994,0
7.327380831797596,661.1487985479212,189.17731413821346,6.136811414247769,0.04212917231335663,23.575581857540367,114.88902239637923,sandy,tomato,1.9657988221578637,11.17576219272291,1.0,1
8.424941775925339,335.7634580019117,234.5738776195769,24.569889293435814,0.04727990611241694,3.0246727430812967,227.9209166636353,sandy,tomato,2.7938956775228574,19.5610135285093,0.9932037007497087,1
8.179517521623328,615.4125836926485,133.90231106022532,16.768671128328496,0.014373164649104105,17.144174453804744,175.95950569786885,sandy,olive,2.454840485908309,15.218156045860425,0.7548681976853212,0
7.134116503468389,339.99969358959595,241.2766479082827,16.139041833283507,0.009313392981579224,8.18839159739457,214.96075353526635,sandy,tomato,4.259502258320455,22.686742086360937,0.6442289073372162,0
7.626371163677392,575.1981019726724,158.19177042704843,18.115925597994398,0.024715546766294456,8.059923386833598,132.31328554109223,loamy,date_palm,2.478425507049055,12.511744631952888,0.7302057097950132,0
8.318677461343247,648.2469602774174,171.0461245806492,14.940472955544132,0.035391258914386575,29.73102660218055,224.32938597513277,loamy,date_palm,1.930838975830581,13.632219043306907,1.0,1
8.417098033437115,331.2283333439235,212.02553181526784,5.641270341890832,0.012132371405928589,22.946614402377584,238.57699362890438,loamy,date_palm,1.8205388671686786,8.908010195192677,0.7865609685099748,0
7.701102266874805,235.96598051678495,54.589595999805994,17.246225776807936,0.0012009710710781866,25.271241390440455,195.32245233197324,clay,tomato,3.3317814880163215,22.527499307486696,0.7899819129162877,0
7.920117083816061,278.58424579650443,213.49855535506208,19.32347753912861,0.017803820675998564,17.587497874976368,115.88185322107033,sandy,barley,2.201983054092223,17.93523274759035,0.7949659119668836,0
7.250550919138113,563.5981803626153,204.64628726802883,13.334981212481063,0.04847410743792164,26.259414334418725,234.29422212345082,clay,date_palm,2.366811809226914,11.288544475131275,1.0,1
8.486752939205465,709.6678437354412,127.46177918831998,20.14591144142386,0.03505340556968649,19.719225635824234,218.8731591055107,sandy,olive,2.2126500192548835,16.709322947982336,1.0,1
7.347507552075165,226.99809274125462,71.44857122487237,9.540025986768413,0.020664946753119976,28.439037439094015,212.6316664771735,loamy,tomato,2.9331058978433284,16.605573337365442,1.0,1
8.414097661202689,640.4907554249878,72.73386247826028,9.42553182132368,0.010436228769995178,9.158818995323466,105.50922833588733,sandy,barley,1.3977678119371224,9.547169744917094,0.4515412364113668,0
7.974469973488553,404.7911875700313,280.8059367463071,8.228339753751479,0.018448394013982603,18.264266827703956,219.84437878854567,clay,barley,1.6149405780875903,6.375698579157304,0.7712064930108253,0
7.911605192318289,487.1170219517135,222.3198303064593,12.439895195783237,0.009322132231761149,21.01380909016987,120.69265157025356,clay,tomato,2.1409562053300895,13.109063168909907,0.7313846617062219,0
7.769032766524763,757.3157299073393,81.7756534426851,21.94024070778167,0.00620898524433462,12.395181845806393,133.35792642953325,sandy,tomato,3.652557787809676,27.62305742890132,0.6332430386059211,0
7.346004717576638,399.18290284150726,139.18079232722658,21.558241242981286,0.045430376256055144,26.511531489717544,186.57022523038864,clay,olive,2.3909343015484072,14.670886749600934,1.0,1
7.264792048008262,479.20216036369163,198.1207484753991,12.656484159270075,0.04988486658039821,29.414291730020476,139.74711593753244,loamy,tomato,2.0983123910751513,12.976408072612946,1.0,1
7.330729313605263,208.20944885640867,258.8929262726622,16.782374719604732,0.009041607540193727,15.319315249807186,199.20223094678795,sandy,tomato,4.029045643466565,30.0,0.7643340695763748,0
7.2796573932163815,248.95923200290304,60.91523217825213,19.41632632949831,0.0036716053850357065,12.328578989325834,191.21056715486225,loamy,barley,2.9914869539433515,23.669575364695156,0.5409646168775204,0
8.16937671035013,355.15495468087045,109.15828286750221,9.82413549256046,0.017156824250164408,14.6861999281373,116.2224397019894,loamy,date_palm,1.5311147222582,12.85520916602906,0.6735655400958682,0
7.525187888750095,216.71134449264463,272.437247573845,8.362821717894942,0.023621299857309354,25.729365626226016,198.40218693872595,clay,date_palm,2.1463243225831694,13.156074790935024,1.0,1
7.0867640148450946,578.8251956289506,52.29138754595412,24.44191986424622,0.01103624110671687,19.71858434002686,238.5932364737395,sandy,barley,3.752410806191752,26.366673820641182,0.8601081678966305,0
8.453653945211217,455.8390140809735,100.34977569847186,17.35114626419237,0.015769820678129366,2.298398803024757,124.16648577787497,loamy,tomato,2.020297962011227,15.865269577534994,0.44413912319333376,0
8.325678827445138,528.8871216368132,289.7560439932415,24.62831443667328,0.010842666048891229,16.72292740292573,189.5593031414331,loamy,olive,2.6480989989736274,26.03419605684321,0.7089464587097732,0
8.39162842479282,304.7883115377977,203.35046163054278,11.755119742644581,0.038938767853190115,1.5017035594881247,151.2798057905041,sandy,date_palm,1.5065909282744503,7.29401826785617,0.7346428632495703,0
8.492361733969652,377.5592176619697,115.41784165937662,19.06063399948263,0.035916319219115776,23.57752575909876,168.9417507660406,clay,tomato,1.711357226689348,10.510753213572066,1.0,1
7.2608428738292305,598.294684911635,66.7477735989619,9.452072730824755,0.03211262427228811,10.521055932731448,143.05002686184548,loamy,date_palm,2.1245924850145226,8.924140243943167,0.8620778815401124,0
7.594363028353988,779.1816341782398,57.04783511180554,10.224003425478259,0.019973674996881033,14.688216981402551,153.11959545215427,sandy,barley,2.0736668341517905,12.025509273595056,0.7592628113134099,0
8.137357713556137,230.25006416132553,111.18626990923181,15.238042425392479,0.045543006124397566,24.161665071321327,104.33677348998359,sandy,date_palm,1.5567421316046663,7.317682838454443,1.0,1
8.044030927080689,734.2305925131596,270.37145489722764,11.392362510161425,0.04850709453521598,2.347015701287085,247.2327606875831,loamy,barley,1.452905029510857,10.318799552971731,0.89077913441485,1
7.230843859509783,546.1287207867251,153.97841357437738,8.35243127681169,0.009508326318645188,5.597704532156703,193.71998831091224,loamy,barley,2.335413783764279,14.49992186686413,0.4414120881239542,0
8.223749687485927,538.3517400533742,230.08334229149824,10.257614039786521,0.011927619429182024,12.54085091690833,175.10583857408278,loamy,barley,1.5960905070167002,12.834188827600912,0.557418550337233,0
7.336660857754991,500.1671211246562,279.5712588449894,5.714967889317293,0.026755920372018113,7.667829742821257,157.55730242504902,clay,olive,1.6762374918399279,7.394251796565348,0.6887943997838911,0
7.335726422233934,241.63645154251003,152.01011540070414,19.088472429549732,0.005471277894830019,10.79914134747683,180.90618382360412,clay,tomato,3.6261990830487085,22.938862202068197,0.5881479220158836,0
7.80546163434012,253.9261110416964,97.81934275934927,14.842333141717232,0.02238597154233253,29.947067398881487,157.0158998073706,sandy,barley,2.145177674299026,11.805436583082214,1.0,1
7.889409902262555,560.5472033954517,179.27948271422986,6.884861328090512,0.0295077719741078,24.93701868964051,153.986189124051,sandy,barley,1.513205337612137,5.553210537529868,1.0,1
7.870129311756717,404.57514286133494,277.02092176496365,8.433879862569825,0.026581604985729323,26.63315263384315,169.59198125830198,loamy,date_palm,1.7888828638183136,10.354856753599988,1.0,1
7.1372302560966325,750.3608399466084,251.09360353442514,7.050690762252881,0.017214520570823278,28.174584373407484,141.39745505067862,sandy,tomato,2.971144925633753,16.994314739523485,1.0,1
8.31619129394557,443.95432241568335,66.45746084078844,17.25185616551753,0.027579844497783137,10.887140529111674,127.00748499501782,clay,olive,1.4155988697940223,12.427144511516182,0.7446883876325024,0
7.398400063883059,285.96887522158465,223.14320001939547,6.884207272249876,0.047981246758683545,9.615231776097708,183.49088472704403,sandy,olive,1.8521618736900944,4.239022233918353,1.0,1
7.194272381924206,628.8313001012216,192.97438061473844,20.08564666070432,0.011094852810277427,7.7878122845901725,226.41481542254516,sandy,date_palm,4.135887706511079,27.60339354401284,0.6530500543668513,0
8.333122119803466,376.0120528646059,276.86579408660634,5.4102183864078235,0.03308673656130618,25.073390427935557,122.92422665888384,loamy,olive,0.7110018094099919,0.3582990836976858,1.0,1
8.43347724734463,515.2821844135359,80.62035421257431,9.987515759917843,0.003126438013646541,20.707004006270363,104.9101510906328,loamy,date_palm,1.5559402571895595,12.264995723719338,0.5855118709052701,0
8.293191425898176,618.699671303102,183.50902830116416,22.813333517838142,0.004254403819590312,7.848987492003442,137.02176177310542,clay,tomato,2.7411211233905632,23.363652753123947,0.4400854970051685,0
8.214274112087317,740.1584667212422,269.86567337797305,19.37062636244492,0.028039582986955667,11.932821047103191,246.9580965180716,sandy,date_palm,2.9312988264208957,17.256440284334005,0.8937540718600705,1
7.982862970958532,675.3147168810057,152.50594668543573,6.459366658513755,0.006142019836069524,15.69464115405115,224.3137110615009,sandy,date_palm,2.6399997594631244,17.105602691506867,0.6172231013791158,0
7.826286055913709,605.8166407236345,170.49872943321677,21.422522089703595,0.0020949926329160095,16.316061660938857,189.37990802928948,sandy,barley,2.996389951325438,28.019105212273516,0.5974573188185524,0
7.130480139867116,607.7799094370862,67.61516941673958,14.860702430804096,0.009404136884753087,26.773104127999726,239.3873372864704,loamy,olive,3.2961119826918432,23.15409867247487,0.9402130944466383,1
7.612679819606048,767.554786419252,119.53591011222771,21.935660543376585,0.02867760937897915,12.036417855469272,166.7918675255867,clay,tomato,2.923683512359328,20.19925276214715,0.9047871787828189,1
7.559032775518471,377.49445849792164,131.12666229223683,17.014795489007867,0.03546370677142769,27.347196884514858,247.4920903862761,sandy,tomato,3.4822173905142257,20.03754306461202,1.0,1
7.38963067564049,200.66725651771245,286.28061218622173,18.636660640657176,0.01092144964292762,13.7996592492739,144.4453067678926,sandy,barley,2.799263375017154,19.940708203710862,0.6637559996307646,0
8.085130170532878,363.1727356389192,120.66684013528976,24.870031207914163,0.033744712423200554,22.644807568978262,136.04586242739086,sandy,date_palm,2.67237607969364,18.413953945759786,1.0,1
7.7438136026181565,330.73482777604636,165.217183817413,9.646710918480363,0.009941340223862238,27.977375279566626,195.70723017205165,sandy,tomato,3.076153343276772,18.75011347469388,0.9547598764114078,1
7.121569323861472,597.100751068399,217.82610589106994,17.478911495227766,0.031059413904931603,27.319695414934724,156.72309519255407,clay,tomato,2.9566877141863523,16.392136596221096,1.0,1
7.330274802924717,580.2269598593175,90.54584310196935,14.206427801147967,0.021186024314894147,2.651633151574754,193.95483129643867,clay,date_palm,2.7326414455047563,13.447780343297753,0.5894343433952878,0
8.024888145489394,556.0768296228343,171.6105967854686,5.789039058453829,0.03303617595734722,6.965424554320525,145.74932774540287,clay,date_palm,1.040000441365363,4.651203598100722,0.7180511657558479,0
7.11419628923545,209.7460659256722,234.6347598689769,5.289412830057301,0.04975758487148312,14.830257340435978,192.68773852569865,loamy,tomato,2.0331536803366905,7.348241178109704,1.0,1
8.276810371073154,637.2668326703886,266.7138032567665,7.384571556357173,0.04695303129639554,13.515074408640112,141.36193908775545,sandy,date_palm,1.0883125726371512,2.5577483232146827,1.0,1
7.742719790520962,394.11824749129494,206.56481866560668,17.981834810770962,0.0012098061339690777,19.585858280279005,107.64581032283348,sandy,olive,2.7987671851642744,18.50019599151212,0.6337656324282582,0
7.720879865989972,599.0335934039787,217.26337882923698,16.343261758267843,0.04438649945375298,28.396562473936953,236.8203852884775,sandy,tomato,3.0003165000857046,17.679725312188435,1.0,1
7.888611676989276,533.947057101292,81.57086814614223,16.06859122327455,0.00425804896356356,4.259736627060516,232.48078028101932,sandy,date_palm,3.443515959332765,21.238861312476384,0.4245467437412849,0
8.237021448887724,405.6385552567443,286.4441243115868,5.637135250565201,0.0476992827218324,14.103901288892972,245.6197223909008,clay,tomato,1.1672686961299066,3.043380606961704,1.0,1
7.52171381185329,280.7457602624646,83.14351937112059,14.38605992720014,0.014809458275884552,6.57992009872704,207.4790764332107,loamy,tomato,3.2243985153572865,23.925414428330917,0.611692157341392,0
8.017024228838595,256.65133859628855,243.66823429544957,23.49245635685057,0.01971970669015228,26.929120353540476,202.40817666029545,loamy,barley,2.4422172730547302,20.93847777814942,1.0,1
7.848597945993687,698.9109998673341,116.2040804445797,12.951837386212933,0.0054902720536106646,28.972825388247934,183.8504605112246,sandy,olive,2.707678747861736,15.431836163669395,0.8784248883980575,1
7.400542405254132,751.0385252489348,283.3982859253129,17.49844939576913,0.0065013651581165705,14.882348774820153,118.8913624528784,clay,olive,2.5439025486449025,16.519052843695903,0.5986796567597439,0
8.317944979532736,589.8728280585797,229.9898848423699,20.596373512462872,0.036610287696236664,4.016298634116081,128.3852966423905,loamy,barley,1.4320324407679217,12.04132102468861,0.7440428833873054,0
8.196139032410393,262.06046891629,238.45342824459223,20.67850558283775,0.04727227955166629,23.773545334957525,143.42045330088044,loamy,barley,1.3999102060617241,7.793083944159051,1.0,1
7.987677751987638,441.21633013294445,104.76479326497082,15.385601647905427,0.030926676252761166,21.21709916427957,233.52345438600915,sandy,tomato,2.978493172990845,13.950587936371704,1.0,1
8.275872593641363,637.3635200630943,160.75999415879022,22.159038908046725,0.03607665076081374,11.285453971699003,125.94542869046127,loamy,olive,1.717038387805744,14.905886448759484,0.9042219118706456,1
8.300941301439703,667.8925304060408,204.4532986473216,12.82756186727494,0.03833651748526053,26.73481674509994,238.4309761731836,sandy,barley,1.758892681840897,10.733707916230143,1.0,1
8.062544465072552,270.93117337465316,242.49340455165023,22.773864295695965,0.013877899453094145,29.299124803698508,178.41785995771258,clay,date_palm,2.7290203560514366,22.268054215784417,1.0,1
8.255519992545509,200.01843130722946,75.9898439780974,9.804543327910906,0.0032162519150905314,17.177761624775666,207.33544532096084,sandy,tomato,2.8274505527294895,18.263515266938562,0.6179950554402305,0
8.046207192503925,627.282227528363,290.5913291136321,10.604328139811422,0.0010917644520392607,17.40610942898448,116.53667300208498,loamy,olive,1.8601420103551856,13.30264343915178,0.5133100161886933,0
8.02021115764045,413.95770559172337,272.555167638639,6.062412483980022,0.018181814864746914,9.627891648299556,140.35503231638663,sandy,tomato,2.0228576246561234,9.396694535044613,0.6271136659096848,0
7.927917067322777,352.68879897095616,117.58714762389609,20.911636730845657,0.01283174718176159,17.95067504351611,243.77779122721395,sandy,tomato,3.9295422749920266,27.76146128129812,0.8658530905961082,0
8.129074959336462,207.73848187371527,255.690060758083,13.341104724654112,0.004053568527410097,13.749627295220549,139.9224920394597,sandy,date_palm,2.5473221462250915,20.727462745056393,0.5395818455135697,0
7.23790765793961,524.1796440568999,179.58098075995585,9.58233227822798,0.009796886332189673,9.763539780913504,144.4782580586719,sandy,date_palm,2.9821741113907128,16.76165682013888,0.5807980195123722,0
8.321306138798393,710.6904412555891,165.45162039050467,9.635805552331593,0.007100446015129443,2.948370699193138,129.63960772616193,sandy,barley,1.6445632863864617,9.325613630935404,0.29703916712172135,0
8.307765291617848,774.5789877635527,128.60852645285135,23.027998824584664,0.04582904065025115,8.328527931564622,119.36104979602443,sandy,date_palm,1.9972613453714905,12.344363352843725,1.0,1
7.043870924551839,539.4469703679736,195.2421466578981,21.67833200922074,0.007873093459499277,6.737784840652268,134.9886462180997,loamy,olive,3.2830845428122863,22.565985705132366,0.5154988621305174,0
8.238725125847143,508.6767966439365,232.47227942589944,16.07061770714367,0.02734477473539628,16.71921755206452,196.34903379261976,sandy,barley,1.987295972405471,14.035446520297343,0.9035396498646724,1
7.193304801210168,251.03383129354467,152.73322624068956,17.32221600831442,0.030062191800496067,18.448430631144223,168.30516002553452,loamy,olive,2.624971083648482,12.768267514411452,1.0,1
7.502678281388713,529.3236809255599,207.30479825207303,14.48651141100582,0.027630983427723056,18.64858000487448,183.0633754506848,sandy,olive,2.629745268248342,17.058573411736386,0.9978159729732027,1
8.115262384437411,427.98744737923676,224.82823028882595,12.833330857576177,0.005853765276583411,12.257249030324694,118.35472431490365,clay,barley,1.5322394339527425,13.496979005728157,0.4555306144714644,0
7.241139844072462,564.2811685301461,227.78045425382146,23.30953762436663,0.016621119725777008,13.215662276879383,220.317467074435,sandy,date_palm,4.15230785536673,24.82708563411684,0.8458146698535811,0
8.226950536178594,433.235808725928,62.99152453279506,7.512254070406041,0.0035122462906945102,25.19291445957856,217.6142050869772,loamy,tomato,2.38440109788298,12.617321615952667,0.7472940713826273,0
8.248201266936613,344.17947407022007,264.9369514212667,13.368935794324559,0.020387825790719488,14.81075159199771,103.2384866714013,loamy,date_palm,1.5532121568180797,11.2342144824391,0.7262893912461927,0
7.761201600641254,256.9791651370259,164.56332869126197,11.891238159757506,0.01024134763230801,29.645426631976548,157.52726417654574,clay,olive,2.037322377309016,13.632032926608485,0.9095145373088723,1
7.0095788075752505,388.95106675333744,115.60402042405362,14.963014405022967,0.02851999413093461,13.748899670257082,110.31559029567217,sandy,olive,2.671295887100846,17.528960720957137,0.9164815763372284,1
7.430557199762369,257.9869005726514,110.4411268699204,14.152637490903501,0.03494761129860593,19.837847393917333,218.8158669122437,clay,barley,2.0248556384100738,12.008298415518446,1.0,1
7.925390377563613,306.13817049439035,170.7535282109876,15.377790633021629,0.027073873150030618,2.4605269708084783,210.59045246885566,sandy,olive,2.4938299352740727,18.442417668125884,0.6548250314885546,0
8.471779267041136,792.4016951477275,271.70788486723984,7.798379544539882,0.022277598133958392,19.946857808145513,235.2982141439734,sandy,barley,1.6392766203721651,8.445636308193576,0.8642432578020594,0
7.947720290525003,466.4621341439712,144.58689542066173,15.262830030265542,0.01997933762197793,25.691365438035177,135.4605938429672,loamy,barley,1.7417788075540872,10.850026314239352,0.9528596776946995,1
7.389705371596239,519.1230599030099,237.43143669588582,9.848376277744217,0.04224289663675319,28.33127731746559,168.44438246916985,clay,date_palm,1.7891524848982916,6.533939539390314,1.0,1
7.951008554649417,724.1711172423292,74.20468274680465,8.686626979763826,0.011749035188198233,29.922297737553343,127.67318157465967,clay,olive,1.51377597917563,11.339564187527234,0.8957835609080907,1
7.809978069573783,797.3413402944127,169.01417553776542,6.2966843757238244,0.03697669863691457,9.18318072382776,155.68524017111793,loamy,date_palm,1.395581918501871,5.85815576302126,0.8499606475104236,0
8.169768092726715,549.6286696068089,297.9215350981839,20.25305117512282,0.038116633912265836,17.685731879945788,178.33648773503262,loamy,tomato,2.290462028107013,17.009299020807997,1.0,1
7.160470958240437,687.484292626503,242.60945069808423,13.548838417131199,0.02154080035626599,14.070821580432273,107.99961847578834,clay,date_palm,2.3581091860580585,16.282246259974542,0.79317717183728,0
8.141541853753042,396.16461460200514,102.63212211015326,17.53287366623517,0.015567729362056328,17.35070693667996,207.2305616016078,loamy,olive,2.363537157738589,13.234362613453698,0.7696130517835312,0
7.811899868014166,383.44637446837464,175.36036842447766,19.55186686609487,0.02405653281625279,5.566135758505553,181.49400405566126,sandy,tomato,3.299917777809131,19.634517151811433,0.7361641296386334,0
8.444488005788491,441.6222325967361,108.40619091214164,18.586333306271072,0.005567482368742227,25.828337605282304,224.343852581601,clay,olive,2.3199592092786316,16.43633105101972,0.78567572437907,0
7.512808249058029,603.5043576041894,152.39023181562732,14.410014381793646,0.0032505715792254092,27.37749935699304,140.7670751786796,clay,tomato,2.931813849564102,18.465889465631907,0.8308536687933701,0
7.948932839700922,609.3150135530593,245.02100593374118,12.757970579034597,0.006468556773142698,14.040188230274754,235.49816579038816,loamy,olive,2.554451656470425,16.387880183498638,0.5821882487202695,0
8.398042158265026,389.1436607896705,242.8062038226009,12.519198192813274,0.010170106541649081,9.13246598563373,249.8041379545665,sandy,date_palm,2.7261703962862893,19.61981979362622,0.553294549540314,0
7.153764591986019,279.9259544819772,107.02509447559629,17.800975938601127,0.02570466419656411,5.084169401937357,237.89476575665117,clay,olive,2.9704274275792257,21.799025798447964,0.7248875451935469,0
8.405842730854676,579.4377538793051,280.55582953871505,14.895887098837468,0.042607695171894985,20.829179918556328,216.68387137497314,clay,barley,1.2153100452151258,7.188353888015124,1.0,1
8.03182858345122,276.9955173132587,198.1420456912067,21.982644959770212,0.012546474267984664,10.054723349001321,221.85532043106713,sandy,barley,2.8366586528587905,21.21914209875408,0.6162242732284996,0
7.101755588657758,547.095504937598,144.98107274050363,22.494039686534244,0.046822938526592126,27.376618527488272,186.06163638168795,loamy,date_palm,3.03829605380669,18.095934842873362,1.0,1
7.451445350420224,616.0532768337854,175.48389519521515,8.41120756013037,0.047790487537815174,20.459361770501232,128.52307943689158,loamy,date_palm,1.463354001669777,6.0805796730966035,1.0,1
8.062258132967923,620.366897836671,201.26781335943593,7.724673030914513,0.04798632563741506,19.72487443005298,201.5561027721576,loamy,tomato,1.3940734519116234,5.666645673650288,1.0,1
7.101025902203157,652.0832663957581,189.97263296144635,17.60801852071999,0.042040573999139866,17.222661361048985,206.91295030898974,loamy,date_palm,2.936355027147107,19.133876254114078,1.0,1
7.8732556902644095,723.7156529393988,171.60125888404457,11.024514961245588,0.01882742699908831,2.3275138434330427,247.80777104018586,sandy,barley,2.3628209946141334,15.938045709625175,0.5179873614241162,0
7.518824585429435,499.97539517887304,176.23320102235004,5.371414375301978,0.00456151163912853,28.025750634882023,181.19519743844828,sandy,date_palm,2.7741680434426654,10.959018701283163,0.8508711307599817,0
7.9313732766512155,638.1495137177427,94.10297760697154,22.7728533872591,0.02887211785655825,19.21018730568434,140.70535225375846,clay,barley,1.887621287446981,15.354946111208484,0.968295216957819,1
7.06861305071877,571.503641219502,253.18322607616983,9.538015344876165,0.028375390752924456,29.827797518110202,202.55087826092603,clay,date_palm,2.5439007620000647,16.46537093443855,1.0,1
8.307305209228565,311.98396387860953,185.44007998525385,23.585613033716182,0.04264881258837019,16.583335738413723,246.9063729499682,sandy,barley,2.295763404860301,15.771951124341124,1.0,1
8.460233453766095,215.4137869216449,82.76996542617577,19.34868901756507,0.04980356149635916,21.59321586528018,126.5820862403641,clay,tomato,1.1754885351787985,10.915045770010682,1.0,1
8.453316782928537,370.72483140616026,241.5392753956945,20.253069798229685,0.025899708021447233,2.630077178120443,148.8996877803404,sandy,olive,2.0790350400237085,15.293528717243316,0.6074199670860141,0
8.124477747614387,465.82022380257166,283.11099459433774,9.029229915863208,0.01791499752094943,19.320349127878917,181.28214306590218,loamy,olive,1.6902823617708052,10.621450957988294,0.7903545343134842,0
7.195129360195948,570.2635666571938,286.82672480924055,9.683888512336258,0.010109183866257084,23.17483873612036,125.53219523230072,sandy,barley,2.3853664092778013,12.515687679899504,0.8059638454584875,0
8.137394793893534,709.9755983019232,142.2544331027932,15.425355076481315,0.001235191416051166,23.57691455072416,103.33309592799075,sandy,date_palm,2.5383238328722797,16.53974493821578,0.6931320688850331,0
7.036880374688202,317.7474300236994,83.87921839018851,8.441997052997243,0.02594657093195508,23.33323791467828,150.5474683661876,clay,date_palm,2.26690359128322,13.567642828945518,1.0,1
7.033185327293496,275.32987393908627,179.5999066582663,11.108633853660645,0.028220414668427195,7.562196191516362,229.80562022515872,sandy,olive,3.0245895771420916,18.50799652073333,0.8165173100281026,0
7.4854153287243115,778.0879684845966,78.15230733730517,11.429249558956089,0.04142198551105248,29.28655585055155,106.52025989855723,loamy,barley,1.351425869846688,7.239488434111613,1.0,1
7.732964785606999,264.82673562584426,283.4968546281543,8.192598665055282,0.02572427142674723,29.86028149812322,164.3393588525376,loamy,date_palm,1.8836350028600075,7.667738852370647,1.0,1
8.15561112671169,487.0946420643135,95.8949068387865,9.103656667903214,0.04590694908463677,3.1922803796864367,214.33011593891237,clay,olive,1.1252420967066674,4.764587355445376,0.8424692115998137,0
8.024943064909758,551.3382372759811,113.19146498779102,20.77103684016513,0.03177609035200034,28.15694626154096,242.97738953663278,clay,barley,2.1201056092127333,18.24580366827824,1.0,1
7.668854059565122,524.8246525444629,151.6591317212426,8.343917090945368,0.04217647567283308,9.39402663482671,247.82130985066485,sandy,tomato,2.5933545763215444,15.572425090806082,1.0,1
7.410439999422499,251.61929421976592,145.79111713978145,5.56914783687845,0.008266785005579608,20.98923837077798,163.29540709131123,clay,date_palm,2.20763202662164,11.805724902649791,0.720397104628985,0
8.495686750236567,234.21614840217163,248.66572309947225,17.58709885257877,0.042911470384813424,10.805216701347831,242.55764415686764,loamy,date_palm,1.8845588784588965,8.84675119432907,1.0,1
7.639271953353959,263.29005647662143,164.0792051377406,24.519662387849,0.03408204886774857,29.064875377820524,105.31284599212957,clay,barley,1.9392168898741045,17.776471716844824,1.0,1
7.677080536494513,551.3526103235674,92.69206500083422,11.624276292462428,0.009341418589478196,3.943611890802529,211.88754069978344,clay,olive,2.3784014800614885,15.055649865434592,0.4092656350631426,0
7.245435731787504,526.6069325805927,116.80247387151853,7.373114063925046,0.010298414349154534,15.434657691734904,196.41190519504192,loamy,barley,2.269916547657857,15.15506821206593,0.6447626928846447,0
8.192214323124894,340.24447522204656,177.2783462968805,16.407746507350616,0.04639853033316685,13.413385966320165,137.42827863792286,sandy,olive,1.589864118467399,10.434710611995795,1.0,1
8.040523338672234,582.664485107355,86.86347935653373,23.127084221912924,0.0025785526620682713,10.454680116061562,176.09777510194732,sandy,barley,2.8657117841808235,21.55464913193876,0.4770288349867212,0
7.33115441918314,692.0405012333897,202.91391891150352,20.681235596569575,0.0236642122214896,19.72048573552431,119.43306066407435,clay,tomato,2.9397979912058902,20.72155169382708,0.9845567373293015,1
7.123571568423764,224.94737590795626,191.43682663778648,17.450317368254318,0.01636028920677098,4.800616559228357,230.73957264273415,loamy,date_palm,3.6021192530779493,25.97137102612303,0.6295862095323678,0
8.02074895311207,498.87796612882545,228.67557909556442,11.301129932151987,0.033588794559922974,21.78321012587721,153.6847128318472,loamy,olive,1.4581163064002396,8.153846070935206,1.0,1
7.981766821421703,613.5862472616142,284.4261538448419,15.8376034655244,0.04214183999088061,29.43717159033883,193.90667056985748,loamy,tomato,2.149847164590932,10.800482883185603,1.0,1
7.409889290497314,351.38715624181225,278.0636402752889,6.824896826085107,0.01865852795627191,24.332202719590274,123.81644294308934,sandy,barley,1.9147446294815376,7.260540745021225,0.9197015440944072,1
8.426295343375616,384.6625431758895,286.51890451720783,18.578908485613397,0.021918202278819025,25.940485834376815,130.92472669468106,loamy,olive,1.689957822333336,12.145202904300833,0.9827793766564886,1
7.22658683767135,568.1827417936303,111.17889925592523,19.501920377953017,0.049113971440569296,11.429465552191074,248.7934556204728,loamy,olive,2.750533601831078,15.821766492737703,1.0,1
7.648502201563903,738.7611760662421,82.89132665983865,24.300632458198375,0.039411908974280936,10.421711587955341,212.9629591661994,sandy,tomato,3.6189753631033903,25.513937173202724,1.0,1
8.415423880251398,685.9546521817397,125.56917512411212,10.207947174901433,0.04496300241565778,15.994402286013862,244.2957804661106,loamy,barley,1.1721209222793287,3.2057847041681957,1.0,1
7.629590975389183,549.8781314597501,273.77129319157865,5.369128380860452,0.02249934881192986,2.326071828105908,144.3776747818066,sandy,tomato,2.2684515842528596,14.347478163874765,0.5654877954812949,0
7.957788921496128,638.1330306543496,293.01336865587206,15.912169288543012,0.012469733995221645,28.415385899239446,124.68443149297306,clay,barley,1.7212738479084997,11.049959133755156,0.8930556357457936,1
7.5963915969441915,418.89348212467917,264.831237767619,19.13581008793629,0.021181309803936135,5.169770017469574,175.46026952182464,clay,tomato,2.9696525751014704,25.047428115401928,0.6586872534165511,0
7.411322803523005,584.5793168592546,77.5044302818859,20.80814951765976,0.03608850397374416,27.18737813587468,174.20024233410152,clay,tomato,2.902394232524167,22.67741768581926,1.0,1
8.475966471939742,479.7089546765342,286.85699951494826,8.874778660496212,0.006362089836962987,3.4238844380103153,126.24197706369819,clay,tomato,1.4468179567886519,10.43012476322143,0.27965447285774325,0
7.614001009472565,313.96168187453657,155.8395068376965,10.235057380740473,0.014252986175208933,24.856122902678244,209.98293543721155,clay,tomato,2.6853091067379062,12.79988279892564,0.9257419792207313,1
8.341148805518701,621.0429643263543,52.32757269058842,15.251818505345927,0.003285159122617929,5.4069132504682385,154.2666301658101,sandy,barley,2.113038030854238,16.226553520182925,0.3264586943169727,0
7.344931908836629,533.8787824092932,160.59843518704838,11.612016199400037,0.02218503917856845,2.1058168086527083,127.95478463957758,sandy,date_palm,2.65853344297334,14.945287860796858,0.5875745992894481,0
7.319657056037625,415.17294917215486,61.5172924188669,22.2102297317489,0.04154484106300105,21.865194057522853,149.79750918149327,sandy,tomato,3.3539746364667358,18.950906522631282,1.0,1
7.046701124326767,746.8035140471784,185.9694802902794,14.475203074774406,0.0022085207266025293,9.127693705058421,184.54880494525227,loamy,barley,2.888752405697335,20.59501044023107,0.4467818774559932,0
7.977500238063827,212.56047069603997,134.63850685926283,20.99157288204006,0.034090852813551134,21.720388430746137,208.97063982706646,clay,date_palm,2.409583357869217,15.388174401095705,1.0,1
7.5527895155856415,389.4638907496976,168.3587333985122,16.612395209647076,0.046692297851173244,17.097472263711772,172.28363290862268,loamy,olive,1.9820843076299601,10.456338142792147,1.0,1
8.296537374759456,234.12883866658794,203.29259018577926,20.46180283234224,0.012609465214047932,4.1554143166719015,178.839248474256,loamy,olive,2.3324852082232903,18.178843383503843,0.4588490812020203,0
7.709814860037335,659.9163897329763,267.20027395445504,11.653459730606476,0.03498810719565476,28.03177212573375,120.84189039141226,loamy,tomato,1.8429636046205833,9.227573538368624,1.0,1
8.452290141872083,621.2644724682756,215.47539411798215,21.628332438606222,0.048779993153909816,14.117111068140849,237.2036387062348,clay,olive,1.6962861632716844,16.41107771062999,1.0,1
7.278288273554682,398.8113312417902,158.51221711954517,10.491446311020432,0.048151624947470696,22.298971056161953,239.30862969880667,loamy,tomato,2.5684401712345197,11.1521876198346,1.0,1
8.302934751933416,605.3977413242438,254.85696341759126,15.921976160065816,0.012511530458428021,15.529596588453128,202.51398856270055,clay,tomato,2.4303721220425905,18.151260051185428,0.6926946584088901,0
8.164895279187613,437.5623357175699,276.395534393283,9.280142263477485,0.0059162216073913665,18.52648277387494,102.64471134010371,clay,date_palm,1.506770580712375,10.945332632634457,0.5798146260453593,0
8.156382766966079,653.7522748534606,79.9399916080493,14.510530432523867,0.008265844356899883,9.78043417834408,180.56113238549892,clay,olive,2.0330143871680657,15.848200123677632,0.48223749989382514,0
8.267174842175331,472.5101976420236,182.98324438819787,11.363504190174062,0.03539974775562497,6.810448816100058,194.38284581329202,loamy,tomato,1.7183875819489673,10.45554161747383,0.804676199212293,0
8.141535986414498,447.3678366989993,121.12798993561104,10.334068612744286,0.036562184897210505,16.73453589883397,249.1981334437165,clay,olive,1.5715622969074312,10.097943413126066,1.0,1
7.939330482447123,760.8379492929806,61.76529946923685,24.339700360560748,0.03403759151978175,13.766350216159058,249.41004327921954,clay,date_palm,2.88773762384405,21.303701262703658,1.0,1
7.196867316523582,350.5274599344201,217.13667377849634,8.201482109734613,0.01746784099936967,12.31328318958406,228.6416852988336,sandy,olive,2.928446679871986,16.625833733089447,0.7425590131719851,0
7.048789269236877,272.26840399793923,265.69269436480636,20.746516749147904,0.009319070048147984,20.504448657744067,109.57464880391703,loamy,date_palm,3.373976575877598,24.35353671116863,0.8197931499473089,0
8.38127177172353,550.7258679556749,90.72566361934851,24.683299189664297,0.029457293505660405,21.024692328322942,242.9914586168095,sandy,date_palm,3.081971152669061,22.06061038396503,1.0,1
7.924975471781107,781.5930873705073,253.10341440597512,5.398029674801556,0.02470034184213546,2.331681626646628,191.89918707279986,sandy,date_palm,2.0343295517429474,8.03722968110046,0.5798851243044003,0
8.194805936464265,426.70352823631197,263.3489333842354,18.9805482808419,0.03671287320899287,10.823590333066493,220.1330155718769,loamy,tomato,2.4592749136303547,16.095569804748845,0.9639068978866514,1
7.722283527268825,237.2220581772689,278.58511066662084,10.058236111125742,0.02262664385559545,12.941171956564943,161.07892745287802,sandy,barley,1.9606761945044693,12.046545781944165,0.7550771925255882,0
7.175962283443591,403.5831603857405,116.32127227151311,5.809756486566089,0.017593345039636953,3.809872673760875,147.95042068518848,clay,tomato,2.334840918086755,13.043101794242105,0.5268849025167122,0
7.187778688303825,503.5589925917351,275.9882662974723,13.057791579132616,0.015380450290591707,7.841125134250363,169.48662182257118,sandy,olive,2.9730686474059183,18.91098438560394,0.6253747488363564,0
8.028347930843458,297.15380397932825,130.16568868410806,23.7043562034175,0.01136204568243758,2.4976121194599425,122.03117694532403,sandy,tomato,3.3389975983297826,24.574615877875086,0.4875027354921452,0
7.6454588423491945,594.8613308338952,188.0845033638757,5.235301887339954,0.01402157243314641,29.891020859893597,153.55992081299593,clay,tomato,1.9621430337157115,10.388518873808104,0.965115446392325,1
7.300787090050505,798.6496334061204,62.626867708070534,16.757713838595635,0.005646691503360967,22.36015888612549,228.6426249652418,sandy,barley,3.235601207730891,21.209129454655027,0.7907516468913955,0
7.737391820112156,471.0436855888663,60.9702720921859,15.027929571906487,0.01799599353551559,3.5360545385798563,105.69257293913222,clay,olive,1.8303053122100146,13.989547018274237,0.4870854187811321,0
7.096313405612701,412.8371340381276,230.09330318305072,22.46768328742095,0.0027919208057849516,1.5872320139126712,122.63170702369067,loamy,date_palm,3.661163430933636,26.57144193322982,0.3665165268397186,0
7.872957102871598,440.42250010067994,161.11999449444778,6.680034290412513,0.010134278511150015,21.859346204416127,118.76742394742283,sandy,date_palm,2.0829467171057447,12.434441326973667,0.7558368391240323,0
7.403490106652646,269.0877070371207,114.07309384230439,18.630520597733007,0.037591751786352025,13.73657280479734,160.4613314050342,loamy,olive,2.3455107718399937,17.422193006423072,1.0,1
8.196338650955783,729.9641608557342,97.60337400622754,18.602193968665546,0.016947980445154512,23.817104562872704,249.54803513362927,sandy,tomato,3.4414095409444347,21.534409428388102,1.0,1
7.465542938385361,448.89539331281117,217.4883727148045,18.381600337245665,0.03374361383188985,27.78080509673313,126.00368953170741,clay,barley,1.8320470564924725,14.331904795992612,1.0,1
7.682830223622702,432.3646468549048,50.100386006334965,23.84668989870074,0.03612732460426659,18.3797112814748,121.82239743988902,sandy,barley,2.3139924391241964,17.56232605444536,1.0,1
7.017430809862151,595.8141637582846,251.47279229921355,21.461750580137608,0.029478081793873564,6.426144264600339,237.25835946642317,loamy,olive,3.370490548373181,26.5317319936951,0.8403333560699647,0
7.1086703316918385,465.2200525586741,69.8124015324822,5.839454524870121,0.04797618932690453,23.683627045347123,232.30757754489485,clay,olive,1.8154451073251203,6.182787756956178,1.0,1
7.588740334610027,588.9400812847076,97.87240372702986,14.421657014090263,0.0020505534645325497,28.718540552056858,104.83605549948317,clay,tomato,2.6729716336369904,20.318794793669937,0.8189668437000847,0
7.719908252075685,236.8677740784725,146.5590988247724,12.95906112402667,0.037193979878818964,17.826707324738724,212.75589402689724,loamy,barley,1.8193652445052435,10.591759587766944,1.0,1
7.900030822178955,688.2340062333365,171.2146849290259,11.202944421816042,0.04798054555308,20.777925971141272,198.31985522146442,loamy,olive,1.4841403726115203,4.327216059849032,1.0,1
7.437493868063955,764.3023717276416,138.74877895348544,14.026734503081945,0.04325131473829403,10.786766156063518,215.16112147790636,sandy,tomato,3.002865946028885,15.258513866509512,1.0,1
8.042472829189814,589.2592316956316,130.17804124607346,12.68388369851955,0.009226741898445651,12.064303145149026,174.1753682193883,sandy,tomato,2.8960761140248197,20.39220207054414,0.6113732805016509,0
8.290183595783807,772.7395573152864,290.97900301829713,13.646677997573306,0.017014195006334873,22.304980437738852,248.70688276724434,clay,olive,2.0399043169368767,13.091384361863671,0.8645048792047503,0
8.169776483340025,290.859388621978,210.39492031084856,24.58523731217285,0.009450140153946806,27.905361853797757,106.57705280664447,loamy,barley,2.1448579617113737,15.172858088352102,0.871447976322067,0
7.0594282380225355,486.4497136882122,55.858238841847054,6.772659494991615,0.030464109826920504,19.240663229506215,135.15573796057086,loamy,date_palm,2.1178448198005047,10.189070880458113,1.0,1
7.7207604208867435,561.0840403672684,157.54397711107828,23.444617396774596,0.03589721111699513,23.905589346075075,159.48189804604226,sandy,tomato,3.251440769984867,19.860657101032636,1.0,1
7.157395267627262,549.0419884527121,268.75217493599257,14.604734269420534,0.016536614698789854,5.977415505045817,167.4666912348555,sandy,date_palm,3.3626659046880936,21.265197226523135,0.6366108029578117,0
7.3630675237937915,440.877067453426,125.36404660266699,17.47484490999082,0.02743582212523048,7.146813617481233,238.2051104049278,clay,tomato,3.3004149421013347,23.850724624775992,0.8185067995961887,0
8.479993889900719,402.85064561975685,73.63908619359705,21.603659332353878,0.03485510793348856,16.42900591816831,184.00065461158883,loamy,barley,1.6516130061679473,14.952932592038238,0.9835357778591304,1
7.21374331435227,276.0944135302513,239.59619289747945,12.209260582985111,0.02164565101394137,6.120071575042375,106.76664932805909,loamy,date_palm,2.3787293308446356,17.686097443503037,0.6373845431775389,0
7.748332230177034,435.0454703373669,201.50345798402032,13.608438161759338,0.04284676099231751,19.414857036406783,161.17944451384926,loamy,olive,1.6668025082868287,8.369687664017142,1.0,1
7.9272336014771785,297.5964890632911,192.57812695662597,13.19036960557428,0.038805946829103044,9.45794237644627,162.4735618553605,loamy,tomato,1.903061001416946,10.624525499133073,0.9234929300788267,1
8.053697455816156,640.619405895331,63.39413990185198,12.494620450715196,0.004168611648677963,23.954445941339866,244.8236407656677,sandy,olive,2.847465233244766,16.72944078802655,0.769415312216548,0
7.8394730252303715,325.298561296754,85.12475244887933,23.5105864329379,0.031435139655450625,24.43520005181596,189.87956365316623,sandy,olive,2.8597517909487955,19.191392672293887,1.0,1
7.014656271128776,235.13918317072032,205.63734905327846,21.578597823860242,0.01253095199702773,14.44983621690524,195.34766067384083,sandy,barley,3.4281991043615196,22.66556978707656,0.7512169326424423,0
7.489691962365987,531.4196826903406,101.95596036470894,7.179999797259522,0.02831839496869649,6.243508416091423,206.9879546876906,clay,olive,1.8576182920073046,6.714805943646766,0.6982555562128602,0
7.776567465077067,557.137839631641,176.0175199371061,7.16246704954192,0.04788753368901535,19.756473871376045,215.50589735231847,loamy,tomato,1.713927436670577,9.377583884930798,1.0,1
7.13179974871725,723.1478367683033,186.22042150734836,13.557390297059824,0.04407403822306026,29.790823529644005,195.25766053037336,sandy,olive,2.602811157040451,9.845687491667315,1.0,1
7.5259403968137715,546.1889674506092,120.87679756773485,6.9731475346561815,0.020821303752641455,19.055136040333178,135.5791526700903,loamy,olive,1.759106222925976,12.242937562837321,0.8341507749303636,0
7.04980466318705,407.2885122340674,287.1062888853732,17.381861905422394,0.015284179058873318,2.0374660307062276,231.10688715117462,sandy,tomato,4.3835026060249325,29.833957736246752,0.6206922149792189,0
7.117867745732531,681.8071289157923,260.6160267088938,7.873832145234678,0.012485881476004691,1.501525297245395,209.8179700615945,clay,olive,2.5275079529159346,15.538069826031071,0.41951936431825304,0
7.595384914302394,524.1673359124527,230.59337690819962,15.447465279336022,0.027093228618069485,10.29049714427688,211.28057276454336,sandy,barley,2.488570449101616,13.6835009592474,0.8112940080847091,0
7.19907363106459,247.56817077871506,69.49846660235227,5.144398940074355,0.00659817420964476,6.677730398951741,249.48351088521238,clay,tomato,3.137830922143147,13.922746542894588,0.483553694895158,0
7.851311272392337,539.510336187948,76.53250482725485,11.331926968252935,0.02791447539828418,24.578485007155937,220.3789802294974,loamy,barley,1.838224794026799,9.835639855079622,1.0,1
8.034197453705898,744.8111272529974,173.19533646623893,18.54381447345311,0.0010653483350488088,25.499364344044015,224.372710473273,sandy,olive,3.1858274911078563,24.490369324095496,0.7808337111952409,0
8.200880048663624,437.7875752989323,90.17833729774642,14.680778804556969,0.0168686319065464,8.49994436800381,242.71082735652377,sandy,date_palm,2.855956606793631,18.471358640017648,0.6515048945017626,0
7.300225366367215,377.79548113988005,294.56636588236853,24.565389719979763,0.011776781377698484,10.443698531546888,122.67009997733408,sandy,barley,3.0704021661939427,21.913489591002257,0.6311578645919305,0
7.2512238733886045,286.081674210812,89.63005850685236,22.482075921324217,0.04858972070807832,7.851162063738325,174.65910647171017,loamy,barley,2.294501917288998,17.902777453479825,1.0,1
7.1568517605016,290.8673131612144,171.8669588659935,12.181415580863025,0.03663487365892897,27.343093873766655,187.08505353861813,clay,olive,2.158131320965013,15.36850212764045,1.0,1
7.954645374315455,459.6628906050913,141.03026421037634,5.9097308294454916,0.018133015642649648,15.576830704046184,149.39135938336864,clay,date_palm,1.457680437816037,7.385794628564222,0.7001462837459514,0
8.059713589730352,557.4078944969177,209.8466053635245,21.912526002300375,0.005549409240000405,20.027974278378576,225.91050158417585,sandy,tomato,3.9426540137695336,28.14201335296247,0.7992129452691403,0
7.047379217238463,248.36924310176104,82.25910222235623,23.224686206293427,0.026323229139840577,13.048980514288495,214.3629432468585,loamy,date_palm,3.7410207252267482,22.34495782740806,0.9551097054015184,1
8.404318369365535,763.7411534150995,157.57910701059774,21.412547868380734,0.011458946184976074,19.299411611631403,208.1324611762186,clay,tomato,2.7873378705503846,20.527040449388537,0.7808594546512999,0
7.077956925477209,653.0801704671176,118.67625820178591,7.558998818395297,0.027285047749019534,12.189805924930347,249.57241596372504,clay,olive,2.4433355135601853,13.53265227625908,0.8485386758187148,0
7.811944502951606,551.9743509701975,271.937881167922,24.958302688245755,0.04193275535476573,10.85067469414754,138.90720601125858,clay,date_palm,2.2592058300838826,17.795787770756696,1.0,1
8.063590779176375,697.0632025633945,60.14642803367377,10.171684431055477,0.031173835052967887,19.399922122030926,210.3185877513132,clay,olive,1.5375446802194377,7.623677969803175,0.978609542652692,1
8.306453685619129,248.11205408726798,278.4318735016148,19.4840982561674,0.032055632557705105,18.140800263420687,182.7106712358851,clay,barley,1.571691286710058,11.898045463293847,0.969385796570795,1
8.071130398198642,486.10332663987464,258.24853463825013,23.16069752671443,0.027510484164077764,9.512310670870539,146.94837737408142,sandy,date_palm,2.7689967102960846,19.463792672669314,0.8244232127022639,0
8.202592124604688,578.055876116998,124.39267911020386,9.713742286614188,0.046436015998939054,5.331105059264729,124.08803060846887,sandy,tomato,1.3349648046919962,5.359789910774981,0.90995952554474,1
7.509175288814209,697.1917436709736,247.32266366927618,23.16517109354132,0.04666323153660956,11.688724121305992,234.38257556013207,sandy,barley,2.7190964534666233,19.041697156124947,1.0,1
8.22223767061977,670.0817360295606,57.80339008468689,11.18963158389734,0.02612343685260406,13.040731535115366,189.3183224061768,clay,tomato,1.7612527602201933,6.73469857866125,0.7935664043089837,0
7.120172269577012,366.24154982803975,291.7163875733484,24.528264447681124,0.01598221487003172,19.23184566931354,223.74007564611918,clay,barley,3.172152718826297,23.925148856584915,0.8781423539428503,0
8.342224984090791,764.5281017355226,181.64873564744732,10.625200407609492,0.023519763288092754,27.521334145469048,181.80174760023172,clay,tomato,1.622814611307888,10.71212796202534,1.0,1
7.821388564230604,274.6075048585222,125.82025651636131,24.068716495156703,0.01014133769758517,2.049359128454829,132.99656209810294,sandy,tomato,3.659001833836476,25.76739262620439,0.4858273947397922,0
8.22594665494374,725.0801711726913,140.64580314866927,6.070893017853498,0.03218087145058638,8.066169363713502,150.6323219650488,clay,olive,0.8430404379297339,2.466806163801668,0.7114796940674444,0
7.67847742677745,782.5641497627711,66.60133836512435,19.18544023339626,0.02550452445332943,6.6177623261072505,157.23082637103198,sandy,barley,2.415967303833349,16.302771285561406,0.7082004976287544,0
7.965366542794787,306.29211393357537,297.3373785105098,15.642222676740074,0.006061723412850715,15.566537852119724,245.94022187555535,clay,olive,2.6247067674893376,17.81615061978333,0.6122331496343022,0
7.78960399140417,633.2396385222712,59.82298628767312,14.557541542454613,0.010684741274861152,13.461323404251635,100.84499175720738,sandy,olive,2.3322994327127553,16.427807208760253,0.6160815418249703,0
8.097384282632998,224.17131126679908,213.72678078696475,9.4698862851168,0.024501965853776817,22.142091090785463,247.84990345367606,loamy,olive,1.9394959511934537,11.293243200663875,0.9655309857178378,1
7.1224449730458845,443.25369508349297,160.6839819266146,19.11191579552984,0.04449186054522406,8.03006146380105,247.0692452664746,clay,olive,2.7442679847229745,12.7158915548368,1.0,1
7.090528125985846,509.76997951860443,287.22905454717875,8.816189828926142,0.028753145310923774,18.240452606743,249.42261857952047,clay,tomato,2.974318890751223,16.82851659717877,1.0,1
7.370654851015219,548.3871355457804,111.49993507669879,16.056835919695366,0.03439521501021507,26.63186064439882,171.4882268379452,sandy,olive,2.6364231083549714,15.585330639937581,1.0,1
7.239317020169782,761.5623489491358,183.02170598450283,10.064907260805017,0.01761239893745158,27.409654457630836,244.57134544314994,clay,olive,2.633049567979193,19.295897201409883,1.0,1
8.307675349888303,603.3504123765168,170.58905214568824,24.11242759562712,0.02899915825916748,28.804753537025903,159.3398772774741,sandy,olive,2.417321597031006,16.448366119691716,1.0,1
7.328820981037066,488.7667707315422,225.71661101252533,5.572623876713056,0.022921611309265306,23.42457341031967,103.944166100258,sandy,tomato,2.3191071025069365,9.797794914784712,0.997844206045928,1
8.463797883728697,685.8050217595336,67.00255798810512,8.994565602224732,0.03329736571853487,27.273649281508536,133.6520779557647,loamy,barley,0.7838538341027874,3.7815408823838195,1.0,1
7.50534368765666,770.3196925726454,98.44728250583871,9.846212127748954,0.0034782027378715084,7.801395287572952,241.7944367406077,loamy,tomato,3.3910870877822608,21.372550915595806,0.47948791384211253,0
7.273176873533049,213.23968920937452,103.64120502321245,13.281356515356329,0.025171710595709,6.729847386163834,102.06470400031,clay,tomato,2.322275040218773,10.505212092922497,0.6979546098764134,0
8.184547760713718,789.5127633536232,234.53768871042243,9.65460483740107,0.015503638632054381,1.1881544296352673,181.89912031344625,clay,tomato,1.8972730927190804,10.139643431118177,0.4080995154910475,0
7.988061663251314,251.6792834382082,97.28467408168501,14.826981805375706,0.016983068002617556,21.498486365443853,111.34023833420186,sandy,barley,1.9045884684061336,14.938068585066882,0.8370828248206311,0
7.747293574679708,688.6320675612568,193.37294097274417,22.44931046517078,0.04808495414634501,28.186548446598586,142.95948676413678,sandy,olive,2.3022221190602634,13.78609147387004,1.0,1
7.833045326406447,368.2008515308475,103.81095512523842,19.241268428183417,0.009952045822857757,6.421125006208616,113.213927606783,sandy,olive,2.6550685661426074,22.71669837245308,0.4901086727584473,0
8.078802667408397,279.3077946523231,265.40623752099464,16.59923961070222,0.01625101737635125,19.471363687379487,228.92929316695844,sandy,barley,2.477284524920865,16.493249533551946,0.8313752963865276,0
7.3426821119969485,463.91338382830094,285.5463636224097,6.780063559653593,0.02598473621081272,22.64733301743155,188.66060644715589,clay,barley,1.7156397888010635,6.893004344101689,0.9799688866149068,1
8.494500874085112,586.3739476685681,179.62324373556012,18.87984216778551,0.043288320459331564,27.900812819293638,235.31596985774692,loamy,date_palm,1.9228035979912586,14.057611326716382,1.0,1
8.462189743220176,428.571107014085,138.0772210522946,8.328285686218797,0.021416834077112153,19.758946496499426,203.25297993103425,clay,olive,1.2678735647099155,10.744233463974773,0.817861326263464,0
7.975488529520406,232.7392449696194,108.51444375437478,20.72734771923396,0.03744939876352038,29.138518249713815,245.65436968676497,clay,tomato,2.751040695241356,19.13399520503612,1.0,1
7.299313676393718,559.67668379523,62.44525038076094,10.001135170203064,0.04296233081252532,10.995521089363885,176.48164821406098,clay,tomato,2.0805345527004095,12.627752548777258,1.0,1
8.020342363646936,741.4419656664048,117.12501904937385,13.340974566418017,0.0161908014352706,11.147927479370821,195.8065872644312,loamy,olive,2.1394014906842767,17.767587817735457,0.6369726903712175,0
7.108297613468764,429.929219568351,213.55894498632946,12.009404046358558,0.02024475899339679,16.74736279041602,186.44632298335847,clay,barley,2.260136328349823,12.236250001097702,0.8194295469772581,0
7.0459787533087095,329.7996665784962,183.4042328273027,22.176278293497134,0.018471254960729457,12.121554552361307,172.6390644169919,loamy,date_palm,3.6163203096165546,26.981770037527856,0.8088055402274923,0
7.386524332766821,465.5464075596892,286.0103195702319,7.530889174268163,0.04180993462227814,1.0413461203384462,226.8939048134519,sandy,tomato,2.6890856590371954,9.229849484058333,0.8631027944639167,0
7.693934435108974,229.01762662926853,149.06931562292516,16.31289764769577,0.003172996235726457,22.221388727522633,196.67877035055403,clay,date_palm,2.962916261594089,21.872245807048877,0.7290560190138766,0
8.30240875811257,692.292550688165,223.46583558209863,7.841232188861245,0.01611263335260532,22.79979420287602,220.19683972832092,sandy,tomato,2.40873414771734,13.426264497841029,0.8903841161639874,1
8.090753604649462,695.804486570112,172.33068686878033,19.095916722643732,0.034291019322161366,22.662263535916342,217.95459049036197,sandy,tomato,2.9725256227771633,21.5577932768113,1.0,1
8.114059781799972,552.8002780577771,178.1440539810529,23.101562555889622,0.028706731478701793,11.00559933170353,128.6567740982943,sandy,olive,2.3639951688308356,20.534430744609534,0.8398325723210643,0
7.638240001672113,411.8617333630337,116.94357865102937,13.692153077345068,0.02237817860539102,16.146394726023985,197.52452987764656,clay,tomato,2.6411955127001114,17.584587634968287,0.8698962146173539,0
7.518902488820444,679.87001866747,163.7376942104999,14.761845205299517,0.027457463133847837,11.439232027123413,129.9472028772001,sandy,date_palm,2.6082930202677264,16.797312669039297,0.849310029171604,0
7.556558144476904,532.8122148730204,167.6962492531768,23.548456729655246,0.010681644705587596,1.4650556008887272,187.49807173656563,clay,date_palm,3.345670188045755,26.096306514976018,0.4571793976452489,0
8.481474345604086,695.5593851300098,226.6606304372335,15.419827772987142,0.02210511445879251,17.311019296871144,201.6152026669451,sandy,olive,2.1059839140548346,14.610880976342871,0.8462758159436974,0
7.060163787118723,578.8752755498124,285.1599997965285,14.751968760991218,0.025583446224641107,4.58905931643632,249.58526073813803,clay,tomato,3.5078933701948354,20.759518250690743,0.7561643493139298,0
8.300547244183672,670.6432839276783,132.33031937062606,16.566582054086084,0.045158266975775484,3.3211983986517772,104.58129672246075,clay,date_palm,1.0156280991945235,10.074102964534388,0.8250482205452296,0
7.86801311285859,559.137795930656,60.55011714532461,18.78459472725904,0.01378092297739484,22.90947299220683,113.68635911705815,clay,barley,1.867930676447458,18.601178614757774,0.8143377586208558,0
7.657923128784386,448.4846409293997,174.0737813751599,7.137667501740628,0.043523596606081696,1.2756798701250631,111.55400445568472,sandy,olive,1.3892196372337184,5.16548713085226,0.7895051174724241,0
8.087886490622704,774.7675159556825,186.11533303729215,21.422210554830322,0.03256782864047312,28.81124486465306,159.75419294001102,clay,barley,1.7211940494140239,14.393344410976427,1.0,1
7.730003412137054,524.6682949273068,92.11013778297881,13.710100549065185,0.0019967007223124483,15.94240555926473,223.23825422287206,sandy,date_palm,3.4263466158926175,22.579413676403465,0.6229063512913908,0
8.310134857122492,563.0537111243231,240.11615156901667,6.44697019794971,0.03650693550807029,29.507476490478304,226.60844991807033,loamy,barley,1.1174524790471414,1.2919600397341728,1.0,1
8.351052796016887,332.2925836488496,296.23227711037293,20.723653383964262,0.0027420419999036995,2.6819296017085446,210.54693935817275,sandy,olive,2.9604708230171357,22.144740113457004,0.33160688787409726,0
7.632581390310183,575.3904736563659,286.4436792521152,12.538999433725442,0.049871675213876844,17.922356917111482,234.53173627449215,sandy,barley,1.9993500277832736,13.224590793115066,1.0,1
7.415241695852577,542.9645896897663,99.27650970591304,7.007349901901079,0.043759197696868694,11.130484043301424,148.4289916254179,clay,date_palm,1.4357295057838908,4.1061159699293945,0.9938560067817702,1
7.888525492890043,310.90303876821497,268.84080997519015,17.675580790865013,0.01556984362946224,25.46099229161429,113.22319663784486,sandy,barley,2.163990207365861,20.56228591483169,0.9158867168634882,1
8.368545018425037,235.75225841188623,226.1234091029212,22.602627068672835,0.013613150279638567,11.475459321794302,108.72295419847751,loamy,barley,1.8294060373019612,19.171018605193844,0.5800589236146215,0
7.3159932835085,562.6155918288626,163.46164095172787,22.755070188279728,0.019690613023174836,8.554139792663124,227.81990794290795,clay,barley,2.887017177366924,22.371048960921446,0.697403365390239,0
7.934449875345225,658.2153616101923,185.15274858118227,24.153269496179462,0.01845218130040771,25.869040685897485,209.5654441530537,sandy,tomato,3.8165038371020428,28.02029542589407,1.0,1
7.947340330138781,514.0408225532049,262.40004374561454,22.35410919533376,0.019244553100883674,11.86493965794457,204.79229590166813,sandy,date_palm,3.3246891756096346,21.806220853423255,0.7919422237209173,0
8.099669533622922,336.06357519178744,170.0337349095933,5.042818386909504,0.01659555075985454,1.4881662759562826,150.95145078185033,clay,barley,1.0761117435255543,5.207673491956714,0.3647855263989881,0
7.1973515276908895,599.9131860158209,143.30184227628172,12.604823328267805,0.03143553693556824,12.31838392434068,156.98577829273393,clay,date_palm,2.315088963325228,16.356618675019956,0.9031078495863555,1
8.073737447023133,248.06343596576136,173.31187325649645,21.37085159811006,0.009048919522310576,19.981145801317314,243.7170293348979,sandy,barley,2.934781105046738,21.088295533899593,0.770139197264744,0
8.363548780998462,465.1002228811728,194.78245100876228,12.325060119969484,0.042453083329854646,8.376426625385074,109.57071161469025,sandy,olive,1.1474564738757578,8.544261598278716,0.8961213003655818,1
7.269524663305363,298.0200550390521,97.2694134445872,17.030970127594124,0.040807721717534454,13.527640180329561,216.0597605406689,clay,olive,2.420382845364012,12.07944972723015,1.0,1
7.356314987385817,310.67543063593,275.2269325667477,17.12633894749064,0.024347677184908254,2.64473901018454,146.44499855625898,clay,olive,2.337799796023915,13.708450015674986,0.6051339216592279,0
8.45709264106246,321.3763694949222,218.54673720740345,12.300506080776461,0.042783768298648835,18.05469095390476,105.85819276188342,loamy,barley,0.6713746648497547,7.801468257867108,1.0,1
7.271465429064235,432.02423422638674,208.31722933437223,23.089478545625752,0.013110108431484371,22.93255279195142,211.38551661136842,loamy,date_palm,3.8092139623046433,26.94717609414443,0.9600397992956654,1
8.281577640054369,230.6901233722386,74.87405654515953,15.064566907722352,0.0018607073294943806,12.986064280632197,149.63678285175618,loamy,olive,2.0895816700887386,15.210664606594513,0.4547984291621588,0
7.738416784672053,438.6760645574589,201.04348454314794,14.295684118750016,0.03134118832646133,13.186746351242341,208.32212781141948,clay,tomato,2.4381533902982753,17.500403420343176,0.9289050231456288,1
7.370846611604765,507.0244682688205,80.24016555962308,24.95027491323792,0.023437560941271054,3.5601924589625766,206.14815746771802,clay,olive,3.112328774023632,25.68964085121323,0.6717535652202079,0
8.306124851908766,489.9765709797951,69.67441879884976,14.870007281452333,0.028791062768497664,6.856285070847495,180.21803131496728,clay,olive,1.5225694565650099,12.523253049070695,0.6907971994696156,0
7.667957882503998,429.67046024182434,181.82772391059834,8.567965038571622,0.04506763104190175,5.485583790709468,216.60596938158233,sandy,tomato,2.35366658685717,9.548960006700112,0.9740194683912893,1
7.772226030894535,703.4879648424514,150.69638351162376,15.261388457268762,0.04852635310473123,14.9689452911846,187.1557486256865,clay,olive,1.6131541637543059,8.743855739330563,1.0,1
7.538850054099648,287.19601545230245,197.2025675390558,21.280334710398602,0.03208820384802455,16.348410687571754,142.9955279272391,sandy,barley,2.447058241817911,18.161862355896005,1.0,1
7.889426277152391,503.41804626882436,72.30554201430965,20.53720653796563,0.038438723902769485,28.51926380724354,210.11729515966286,clay,barley,1.9372530314690548,15.446074066549048,1.0,1
7.245285808877534,237.22485017393257,157.7457657118146,20.771635302169422,0.005106613240871049,3.1237136240397834,188.37097238165853,clay,olive,3.23979206811901,22.979985989338637,0.3982568365433822,0
7.586622304977642,242.69340732674584,93.69667876128949,19.160475679958235,0.008875063659683775,18.396171221496367,101.90909225348808,sandy,date_palm,3.0936123733780603,22.586219994146614,0.7485383691954288,0
8.454118483502931,544.3195098062578,296.77502148102917,10.084356581333765,0.036927035442695856,16.268457292519,235.24662666554642,clay,date_palm,1.3524049358066452,7.637846368891958,0.9874670723553494,1
7.387200149051691,539.6110549326926,190.2875531087936,22.241681716804628,0.022136907363012097,15.970759840139046,181.846542748647,clay,olive,2.8412353502499177,23.462698214420737,0.8787676352679559,1
7.9851049968119385,726.8201077066742,221.85921523521682,22.8688693075253,0.02285229824981588,26.321619334101968,230.29408982192976,clay,tomato,3.1541671741383586,24.142085426590562,1.0,1
7.487785096337042,534.7242053960439,131.35457017065195,8.88305393237098,0.016121776400136394,6.960615650169108,232.4105258473367,loamy,barley,2.2341350340959227,10.098115813743785,0.5597697617331019,0
8.160209688529902,775.8746122429101,73.68472869483604,7.609112731027878,0.03076046279040945,2.1824249558997724,166.74499851026326,clay,barley,0.9872052748027911,4.4763645704133905,0.5840318629583604,0
7.196310491077525,229.21690903995787,293.9677156958842,24.51209937178224,0.010073087225393927,20.495873721391582,176.14899946768463,sandy,barley,3.4136647400479134,24.00828798644624,0.8341069620125736,0
8.454731567617817,258.8046108684446,121.5647588457958,22.366479273007357,0.031718897686380886,11.009566459943423,162.3631581513403,sandy,olive,2.155641339315272,17.689083478364562,0.8684261016398036,0
7.680684312075459,226.43951694222883,155.95204629339355,22.864722944198935,0.009516143999626744,1.5101075701632132,167.41551629620682,sandy,barley,2.9466815656320606,24.77398930688729,0.40867883664823024,0
7.354075695019696,311.166110200124,212.46598042564375,22.727527692487904,0.004127475700775967,8.289846211422,234.27207384575917,clay,olive,3.519201960746794,26.477385281872028,0.509245216599823,0
7.110245120995019,524.7620665650069,56.17432442152782,15.833736480674567,0.01718752674625399,9.970476452287544,218.22160209518665,sandy,olive,3.4091855675953116,21.124415694365283,0.7299572756471857,0
7.254636857631311,587.3433088564568,252.56478262932174,17.928034733315993,0.012325876758482537,18.88831292674302,118.9788514473367,loamy,date_palm,2.992384251957038,21.038887063335295,0.8020451500686615,0
7.779660922834027,227.35109476920127,184.14454750715507,15.907257042672834,0.044560590289260286,6.004988027428891,191.54616723101438,sandy,tomato,2.6366708575956173,15.508036623076702,0.9994422834951315,1
7.505504764646929,767.5825339073596,119.55429676720554,6.024126983806582,0.0036927192395627036,12.978576090648543,249.38599605795133,clay,tomato,2.9761432833712247,15.640895982988674,0.5530537730761094,0
8.243325048823914,705.2992259902287,65.40199632311732,19.910061707055455,0.00965407093613202,14.991787888117143,189.33260518487288,loamy,tomato,2.9442303246791037,19.282347011065767,0.6801852477786514,0
7.646331285492709,377.96748929425587,90.62460386861036,15.106640666717606,0.027887260673569423,14.317884349558637,217.88074383896583,sandy,barley,2.4488927255990975,11.39811574221488,0.9005780151426419,1
7.373071408881445,246.3125181358808,273.7584647133592,17.954181495804598,0.02457229235152621,29.24428223333667,215.35922100717562,loamy,date_palm,3.150558422713322,23.011599740213597,1.0,1
7.925717479906045,301.93224393143436,221.50605598397274,15.052796099510706,0.0032467489003603755,2.319622895918587,152.5476288808493,sandy,date_palm,2.9264366432871296,21.32135925347383,0.3292086228867478,0
8.060165825328168,276.1666482529836,112.47543040922247,14.83622644644912,0.0013553689727420792,28.57807740711958,155.77739540559384,clay,olive,2.14382052409754,17.243078324481488,0.7633977246613259,0
7.250562861851424,273.9702675793681,66.40019123625738,8.435782189555336,0.049415329156096345,17.876179205826965,208.6114632685605,loamy,date_palm,2.046492112624362,11.195638299240208,1.0,1
7.251428824432477,511.13701319944033,222.65382809665908,10.574274302822978,0.033282900317583075,24.07610373412531,174.99752974072527,sandy,olive,2.4426430409753617,10.60369887486286,1.0,1
7.055007140400314,347.5084654960402,193.1019314919413,8.177053838879116,0.018904900414176286,13.481385922466186,185.5856063695582,sandy,date_palm,3.0760922957344365,13.289531221096162,0.7992886083207229,0
8.10460302259846,414.88382991748665,151.12988111455877,8.91332591250685,0.024051180135498826,14.161298556452433,206.93586855472563,loamy,olive,1.7047728767352939,10.452540568167505,0.7803755033003545,0
7.995706791432708,793.7032000305935,140.90286229751595,24.459547608406098,0.014060955902260062,26.500468471458884,216.63625405585753,loamy,barley,2.6756726180330572,22.342629294188583,0.9549775174057231,1
7.711946313624721,610.5885493552069,104.20356898227708,8.062268915443969,0.01789881540096728,26.982100392465163,140.7274866599607,loamy,date_palm,1.9358242302380515,7.65153355792561,0.9629901772828566,1
8.266255673453795,769.3884002282008,217.4028141343794,10.385408486104152,0.03280317889614249,7.9219775615076315,122.01906391554444,loamy,tomato,1.2769820544697028,7.97779790145687,0.7526457990298662,0
8.20850522942508,285.5339330198693,292.6670069484676,16.8117931547717,0.044257778144501166,6.778014478953927,143.7691970085588,sandy,olive,1.6755938278990081,9.876462682154468,0.9334744679785166,1
7.878031546595128,429.2836848995415,93.92881145920646,17.203571524732837,0.01002237113097806,15.390820042228581,176.1307487638113,sandy,date_palm,3.090994912948099,19.71998994206066,0.7054315608450904,0
8.302406920769888,532.8390819694125,199.27915500387584,8.07948259487658,0.04217771376388062,27.108033786703057,151.32119759455588,sandy,date_palm,1.2714846449490362,4.704597469742926,1.0,1
7.308761815055153,246.0548371332428,156.04626393649406,20.87434851570425,0.006956274846395184,10.348297708779112,185.25441382713908,clay,olive,3.1425980311059245,18.484044935334865,0.562717919359984,0
7.167879429096592,202.51246617677472,161.67218043616623,20.7040573582565,0.011534618955831171,19.908423844834807,108.01985861884427,loamy,date_palm,3.209081493415286,21.990820068012038,0.8279142807073866,0
7.4046244172754845,602.2606002781505,113.5368200319536,9.746354084077822,0.0028215891144326532,21.536398944477433,176.46256174206508,sandy,tomato,3.4643552851751456,19.529570009095185,0.7502002384200501,0
7.0856302841339724,585.0917100808613,256.28371891535477,10.773326053509209,0.007899781242556973,23.58156528193052,155.1977360406562,loamy,olive,2.6958883912555165,18.11299914729785,0.8057990955774064,0
7.796754292001548,446.4732859997671,171.31390103681028,23.75975730918994,0.04594785412773848,17.353809279707935,180.20001323393237,loamy,olive,2.2702249885650496,15.943782180705604,1.0,1
8.404908538442442,493.7864456192196,185.85146304956604,21.51342891958956,0.023512498584300552,12.671200170090119,163.3800032327465,sandy,olive,2.3135289488991413,19.099504201259236,0.791193798078242,0
7.0590153110027645,449.26580035525376,126.19022819933144,18.955940661250477,0.0048056272271393245,29.043463675170212,142.63387759563136,loamy,olive,3.207201034308187,18.03874002385383,0.909529764655149,1
7.18316487101504,214.40302690693332,95.45211641673744,6.644664430212011,0.04802661506390911,18.728591845782727,235.61618581864536,loamy,olive,1.9696965968157332,6.025490804630463,1.0,1
7.678298542425153,401.22296373047743,71.47759705070513,13.365281618051515,0.04407062308017386,22.128391137364854,127.71474826320353,loamy,tomato,1.8197272114266112,11.149680499479167,1.0,1
8.400812526291858,306.2493532383739,228.52978523122897,16.18603744153654,0.037979443522538923,11.004502525180472,202.20483633708395,loamy,olive,1.601947536693347,10.068479046681148,0.9179375062771611,1
7.474234157465125,259.0545134608212,99.0585704219639,8.748225759675538,0.04674016680543033,20.428526249089323,238.69670688736213,loamy,tomato,2.285023701523963,11.941313196895731,1.0,1
7.760852213032589,774.0322603336099,222.51883854719944,13.964531642164491,0.011786341620952445,8.47613220275965,180.80049395281497,sandy,tomato,3.2369589185385887,16.982767268685055,0.6052744818525668,0
7.062359288575588,559.6158350252994,147.59411151173848,17.0205175497738,0.04198209535749423,8.10781060833045,231.4612732869223,sandy,tomato,3.7068096976928206,22.606267652003147,1.0,1
7.2225148014431335,637.1937705419616,153.94370024741286,11.547533602307984,0.034809568621361,21.726943852473365,118.72772176499265,loamy,olive,1.9122874113817159,9.42121520012559,1.0,1
8.47994518443827,389.2182459596705,167.29437402319292,20.618896379009744,0.04361820322881673,16.120447351625117,174.0683155384612,loamy,tomato,1.8613861779671277,11.720274949792515,1.0,1
8.447678044654069,435.8882776964091,141.9271270318858,21.80899163277611,0.04004866672138886,20.815021702249304,168.5537920721409,loamy,olive,1.6921926881762386,15.161787515707653,1.0,1
7.007409971401614,342.1543963380341,75.15499430564752,11.472189388681414,0.017978258095664425,8.81371623169466,101.21782105554922,clay,tomato,2.6147127954768616,18.188416183203444,0.6551252197070085,0
8.427717678134858,258.1794025792548,127.40795250071145,21.773143089849142,0.038945528313845526,18.362976890645182,166.48860120390017,loamy,olive,1.7177468826256526,15.472838209857928,1.0,1
7.95867990672325,307.41898246495026,215.93359017348462,7.0715313220603,0.013860358846259625,13.874075841390264,155.35446345738967,clay,date_palm,1.657604403737451,13.807882512981944,0.6179952518206957,0
8.301877441780032,678.5084271778915,216.44610036721775,21.754581972453128,0.01710101598837469,18.311848318520312,200.4698091661923,clay,date_palm,2.501511860085292,22.032897707456915,0.82287315500285,0
7.682109783450788,606.5274831102655,121.55607680999859,8.055008633352331,0.006287380143925832,9.435512235082362,240.7494667864778,clay,tomato,2.838734906753258,15.196066805250044,0.5101197394007954,0
7.773394042868875,528.1573255912862,165.02565663942198,6.65854305019452,0.046818754183042974,21.74807794582459,112.86866323930548,sandy,barley,1.0878890231270153,3.7042631736798883,1.0,1
7.733269870385381,485.0539237200608,98.36180700298436,17.835508088820227,0.015259164806613795,24.3719516186245,149.12145800719347,clay,barley,2.0465447246321404,15.120614561057543,0.8800500824422681,1
8.000296386319157,753.4605701936747,102.59302038245895,14.438747315105886,0.026510500793401143,8.537577741873985,166.60971060913778,loamy,date_palm,2.0558188937315633,17.46172303525819,0.732874578237022,0
7.209476882134469,243.64096866720104,55.76177210165185,23.157812008256656,0.020175308986843443,9.71799623581362,168.2778067051575,loamy,tomato,3.7917240822920912,28.41395422547619,0.8003274861022913,0
7.044960384809017,368.3604879427496,274.18663747693614,12.263783921816984,0.04803647790859158,20.173473821853698,216.22145812633806,sandy,tomato,3.1442837519059963,15.445524263970706,1.0,1
7.461894912386787,409.9627121424285,102.67666626872655,10.743045268752574,0.01741740937598564,21.17197005480278,166.50934987501614,sandy,tomato,3.071118417685312,19.66688885383503,0.9303900151506652,1
8.05702114410497,669.4554873276727,106.88346923411584,15.014698122883967,0.039148745249711764,21.41889084752605,104.074195218048,loamy,barley,1.1633949388665599,5.443582485888999,1.0,1
7.302780178184422,795.5087720971828,119.90035816128295,14.118923715373226,0.04291539157692782,20.798256638499268,206.5156141889247,sandy,date_palm,2.837099671759016,16.042052162542532,1.0,1
8.010148649987375,344.40230885429185,81.85201792385725,11.888560924343764,0.022344718376567332,12.391423791623625,232.72445427185076,sandy,tomato,2.906307167158359,15.176643382666402,0.8155038248536512,0
8.454868069160906,724.5844004822484,209.8157207953407,18.874825973966573,0.019530418908193632,12.450756557706672,177.08570688245092,clay,date_palm,1.9947567852934167,12.193488023979535,0.7015519576005113,0
7.140851073684128,698.3736562590748,68.78573829439664,20.191236678278166,0.037639545225698776,8.389711085687061,187.16627825477582,clay,date_palm,2.89501721136022,20.356698680602154,0.9639887770080405,1
8.00890317733769,334.79443858506,83.55060658158757,22.05967938060273,0.045731903035005475,5.548177296994527,124.44046584535691,sandy,olive,2.0240224894926873,16.187976086579084,0.9588638906243876,1
7.665625328956857,439.59954811953355,211.1891816475232,24.457132094206855,0.03799165492053968,21.084744002510263,133.09689170184356,loamy,barley,2.106521120326815,17.43071821968682,1.0,1
8.302213381566258,445.8037215755115,134.91515512036068,10.333123842650089,0.012129191914001414,3.702474793197072,135.27553586869175,clay,date_palm,1.498211623006373,10.045454379558757,0.3758443044144725,0
7.2657246841710785,786.932401115935,226.98695667529725,19.321869649799233,0.04452707962444757,28.195976316816665,164.6112962321943,loamy,olive,2.379247320323111,12.639559189397673,1.0,1
8.038938928339247,308.535140827339,189.3561861675355,12.885164709914905,0.019991501704404824,24.97390280647209,239.2217831343463,sandy,barley,2.2844138593564187,12.254291268873079,0.9821036904440277,1
8.257172934472166,679.4947826628693,114.00529326537827,18.541639439022163,0.029235241177118784,25.867666458760425,178.2677150072329,loamy,tomato,2.296072524308863,14.03493431996371,1.0,1
8.416921329211036,400.51562850386597,212.706987622332,14.519633806984407,0.04174034534534284,27.293395623840517,128.8146467802029,loamy,tomato,1.256288750453272,7.447916157075992,1.0,1
8.024872042434469,638.5222074656963,79.06842007322017,24.875462055358632,0.010231343602624118,12.849544150973962,139.91316038034245,loamy,olive,2.667569019223173,24.41725302520674,0.6238665585966949,0
7.745762146012641,452.0066025773977,184.1025957700076,19.578042715815,0.039440996648200104,25.55432097716163,157.60225445907764,loamy,tomato,2.492717022564207,18.471510956484334,1.0,1
7.92677086030182,547.015857869924,159.28702626125866,24.04982600868649,0.0302119770976232,5.583777708457831,193.4888463539199,sandy,olive,2.8647775620968683,17.62548530497087,0.7940374156012541,0
8.303357476718077,699.5670639956786,116.96839570436019,21.699390989623716,0.044773740449552804,1.6276120436388346,166.0049729506008,sandy,olive,1.9938275337649094,12.785053346284858,0.8636645503172614,0
7.855914619958245,682.4993389903304,201.00124943487504,23.05802022326742,0.009426549690333606,23.761850445251653,158.86672662653874,clay,tomato,3.185462588106565,22.767544021662758,0.8714722613085624,0
7.0455805895452555,719.8539101238201,267.8333980850706,21.2883839442935,0.021613429615005494,3.16910279191124,184.7092900598492,clay,barley,2.7739047807184876,15.160368262806797,0.6094958825207862,0
8.396423043260466,235.7703952067954,299.72617494076917,14.183182607518228,0.041809311550475035,29.667215352451727,136.2752492431698,clay,olive,0.9290425370490694,7.26979646710495,1.0,1
8.034290126547342,615.2303318238469,201.94069218585614,10.035769066937688,0.0019423534693812487,20.569096458445124,111.83549088768733,clay,barley,1.4805399850462797,10.730452556431306,0.5589604300133236,0
8.014770078665869,283.9924260330577,151.17646858229256,12.406403509010444,0.0064978669715165,22.85004159702106,103.66214722333332,loamy,barley,1.6388293898648416,12.280636582514784,0.685575187702356,0
7.323512728596576,449.4911408110466,106.30177505405041,5.404724652799009,0.049537695425080006,8.128311832058113,137.68887452006908,clay,olive,1.113163760389425,5.465681237310006,0.9946847688485164,1
7.988328205348986,529.1530490328131,114.27402234877793,15.479863349293343,0.014739314750927178,20.542096423670955,113.73880512167031,clay,barley,1.5858332705413978,12.823798243900324,0.7587983113806386,0
7.590796608481238,441.64369084809846,169.86374453744142,15.101156005408175,0.04880161649247372,2.253378180393759,150.45109577811502,loamy,olive,1.7096552225806012,8.847115935886867,0.9138642288014291,1
7.976849465562238,511.7670054818045,141.81942532017732,15.505009296609764,0.00994404599942502,25.296945877784427,215.94003105396334,sandy,tomato,3.395568264753733,23.329595684479955,0.9267450687273625,1
7.159889545461986,797.9157852791715,278.45363065623604,24.480624499441276,0.018693627707359446,5.919098697915601,207.44414957302575,clay,tomato,4.025128832777792,30.0,0.7207966961909271,0
7.986767956904554,281.13038822771284,142.0738669139274,23.229080069096785,0.037890602780674965,21.223383938179346,191.63914341820433,sandy,tomato,3.125656920119623,21.72379148226778,1.0,1
8.499120588656,605.2736272018553,143.36114778635886,8.23425556660216,0.03323114195467075,7.509934535749122,227.87503658192182,clay,tomato,1.3434134482650286,8.066034469895229,0.7561388958962459,0
7.0723180582908345,437.60057983136915,145.88362810849424,12.377650431117784,0.029474997596523726,2.9851419133552395,142.3101436816415,sandy,tomato,3.128226414854559,17.353557187581764,0.7520859154033255,0
8.465761276331977,279.8058793443973,259.1550525919145,13.479123589265239,0.026965059614445373,14.963316677932434,232.75806295449485,clay,barley,1.44956476509651,9.779251807024783,0.8197074089830501,0
7.610361941084306,295.24205802458573,212.69708021172548,12.210658357032955,0.042328581739572275,5.909300097910894,159.8858754503769,sandy,barley,1.7974869219134744,9.864881199020983,0.89691368180488,1
8.306130175505889,769.5638637473702,203.54221257972316,20.96991927207826,0.012512479578836243,22.153875661469943,160.133997739994,sandy,barley,2.307340271738907,17.167179208776894,0.8153519286510551,0
8.173578226087411,727.7608980270572,133.53575559596555,15.480753397351739,0.022681075422682405,7.889409458121061,160.80274204382823,clay,date_palm,1.8594123072103355,12.08513212398493,0.6467573050794841,0
7.850524391480001,744.2251762490131,254.47604420810987,16.4419963394325,0.008617162315666407,10.931704130839037,114.71415493614722,sandy,date_palm,2.7580605751042926,22.261144463364772,0.5685363633601203,0
8.107673813876989,794.9196654964319,59.59096533892529,22.06027117975851,0.030201138190804517,17.455738286669714,246.32357474965835,clay,olive,2.415072329616121,21.8952684926282,0.9953376249647518,1
8.317773341952021,324.9892340051108,267.6992930845283,21.11856306830717,0.01327667678929469,9.264080049742036,120.77601667377388,clay,date_palm,2.091365823931768,20.7609824961286,0.5517410187488025,0
7.606210482476549,413.263602418437,178.1874749484824,7.644230456405994,0.017358261152825908,11.961655370088888,151.1328586703777,loamy,tomato,2.2586214140381884,9.968458423933654,0.6802967378172214,0
7.490549742344858,601.53141795492,149.56255871585319,19.278291681672684,0.02409128511455288,24.653031360171212,147.89504804901358,clay,tomato,2.8462886939741816,16.693916561914747,1.0,1
8.001390078345377,490.2815239163883,174.29182017942142,13.70872257804071,0.0023117586994532645,6.197085637269746,111.20191492250645,clay,tomato,2.2574228311555298,14.158008453158288,0.33921191972963627,0
8.211768912911888,451.0337200270001,216.85388263345777,10.892978061250009,0.0055049588601210455,3.383846094976077,122.8390195167815,clay,olive,1.5382594737269772,11.766767590881747,0.2733120626994954,0
8.143427702164924,414.6867496013558,53.19135662947434,6.000376418043727,0.034610531814702764,10.52237576885756,106.72875042780787,clay,olive,0.6367135391956682,0.0,0.7805425757333462,0
8.196720473287952,556.2683791660713,267.8879641145619,14.74499120690902,0.022019529055157857,13.306926243402467,143.86067403407702,loamy,olive,1.7062358828514073,11.049619858265856,0.7329303313235298,0
7.6533749722193996,545.3560571840492,161.6848813278482,12.108733614490628,0.04337472087799488,16.737119181960463,229.99853860433598,loamy,olive,1.9863223145557005,13.251831509097492,1.0,1
8.226751324262533,296.87470043854404,135.74162992501954,10.030260793528017,0.03503892817856578,11.800287189075204,150.91633086060767,loamy,barley,1.0567959110400396,7.757068716212642,0.8461333393431939,0
7.180313583055913,483.04390251106344,84.56139140851428,18.89343459193915,0.0013969461407188,23.90743930646135,118.55377481010689,loamy,olive,3.0541851603077776,21.670415723095655,0.7434377910646311,0
7.816733646941274,532.0830657259099,159.86634358961055,20.389707746311743,0.031218904207589607,2.140265142385725,196.8540802575877,sandy,olive,2.729887864361831,17.816721117233616,0.7294798951105051,0
7.008637990747182,542.1721632388343,174.08069282109471,9.895790380588496,0.005592518436926105,13.521258607758181,249.49013680823657,clay,date_palm,3.3796810800942474,21.43195312262783,0.624687435116595,0
7.486878744850405,326.0643157474111,150.91167362336944,5.988948733586945,0.03926572580973422,12.085421525035734,134.84856842978914,loamy,barley,1.2228860286802383,6.453974566350946,0.928525199941147,1
7.549692302307097,645.362835351372,219.66502345672427,21.9750540113047,0.0495838767256466,19.779776233398913,141.93565080558542,clay,tomato,2.3361001420171195,14.445860106563298,1.0,1
7.594259037413883,215.11945689264178,155.22413218980648,5.199194824086066,0.027028740917834065,29.022011305024485,245.77705814211828,loamy,date_palm,2.227340425054764,10.044773919685966,1.0,1
8.043200810034794,412.8991133258976,290.3543944616433,23.74224987842944,0.03445619550951239,15.800886792237003,126.81644313257307,clay,olive,1.8849326501505488,14.343924194133235,0.9836552804994699,1
7.582837151905519,668.1275891213802,199.81937945589797,17.55239747965412,0.012628393883842827,29.619428561309896,176.68211011887456,sandy,tomato,3.621260160206818,21.201721521761026,1.0,1
7.673040433933796,538.3357526332413,251.86948391297724,11.436932704026406,0.022442289443935885,9.765232452482726,135.94781995241425,loamy,tomato,2.254412311173481,13.16311819704075,0.7122919756025713,0
7.356316196311491,356.6974595065161,77.33897577736971,9.929558191534724,0.0429486712795828,1.8951758437313693,239.85278468518658,sandy,tomato,2.9412132387326,13.791167261901084,0.9174306451669774,1
7.55987768744401,616.9718716058287,149.32282323647644,5.180113285289504,0.00920372443956631,5.80423185681597,247.2281521864441,sandy,date_palm,2.986468011233362,13.56272469434867,0.49305794462848307,0
7.340904440894727,540.4345664936441,134.2119253617882,9.709428340217542,0.014011244675074343,12.458621658462452,222.2046769180023,clay,barley,2.2415765749072163,14.982691618391124,0.6386672292879414,0
7.109793885652666,677.7461656738324,192.37059703414795,7.754566030342822,0.022826250089015482,10.173683366468014,147.2175723719216,loamy,barley,1.9413015420399613,11.492350470687166,0.7011715420277893,0
7.905172890072067,641.015111713894,265.2783800153564,17.24332441446291,0.035900195700356685,3.8145697985179527,160.52312129207576,sandy,tomato,2.6340874143160393,17.869186669019847,0.8255213246209925,0
8.002319197832524,566.0647532217408,69.58455444050166,8.330911771876027,0.01941831378498802,13.547143123030787,136.3458525499632,clay,olive,1.3413623350965982,6.5612042948058615,0.6695265560431639,0
7.929235519014422,492.90660518648843,68.1436995111777,15.572596750732385,0.04645888170936719,10.80535737812732,233.6136950513487,clay,barley,1.601872407811625,5.625361212185066,1.0,1
7.695241065700858,279.90927540051405,262.5794270393997,16.802328446889415,0.00562839551216724,4.5559573932657145,237.1837416532237,clay,barley,2.587767887047907,20.031593522069876,0.38256651151165544,0
7.5696786702688446,356.79981073123025,103.21252150958935,10.96083396693829,0.019169405679697528,9.587396787745359,162.83059933690708,sandy,olive,2.432671984891807,13.30252751400517,0.6739027797417146,0
8.295000474357739,451.4596837502512,217.1883136124534,5.701298980374374,0.03573875204799268,26.706645605306324,198.47996048545028,clay,date_palm,1.0270725528840359,2.060670885279259,1.0,1
7.778622677704327,559.5795722038332,185.71953309020128,5.7450776122839216,0.01207335151741313,9.759417099190864,124.83297696620409,clay,date_palm,1.5999548059619646,6.576363773695192,0.5042849992219713,0
7.718772816444597,508.2247131291829,258.22339872180737,5.526946643878352,0.03316424357725398,21.704707274019498,165.24038505451136,clay,olive,1.269515599204501,4.691287239674141,1.0,1
7.038463098709654,372.9107155757177,81.27222745910089,19.782493342730923,0.009046630953139952,18.749365310074914,194.72486600102462,sandy,date_palm,4.123757915792302,30.0,0.8405874037619817,0
7.511871741439235,203.87861467382632,82.44574143065282,11.360194096285962,0.003743033958222633,13.388253709842783,157.81046777770294,clay,tomato,2.803567094819798,17.176710674080084,0.548195951155779,0
7.570293428178785,497.74353314048835,189.20459006957688,20.92600371935327,0.006929770120683795,7.931743467306406,153.63992885296898,sandy,barley,2.906036750222403,20.02800213845108,0.4950643611741773,0
7.598234171345351,371.37559313734585,286.5946633395927,13.634656476856984,0.0465692543735726,11.701426281032418,100.1498488400414,clay,date_palm,1.3847418290902829,9.024513100897005,1.0,1
7.870258553840999,640.764980426321,153.74943959268856,14.059962016599277,0.028035793264038017,18.17110919066024,220.64401956656712,sandy,tomato,2.9878741325702793,18.105400702629872,1.0,1
7.800403820090318,214.3677591622901,131.73552506367372,15.257652050191474,0.040020942998502805,11.171843227731294,233.40064180321724,sandy,tomato,2.930064499182317,12.512686280761478,1.0,1
7.911857639190167,550.8966867834745,201.67233079947147,19.260629127502078,0.017300070544347512,7.231996573652723,245.41952943187482,loamy,tomato,3.368697447084498,24.142424471495143,0.673636785405027,0
8.147324892313193,764.8845425036393,282.6121501362578,10.470057316594142,0.03004027374638689,4.377419717857331,207.89070776038233,loamy,tomato,1.9787899068231212,15.334880623117776,0.6964556930987996,0
8.21947860807414,304.6455602668997,259.2319582111559,7.431746990670538,0.02525265455154459,26.513241199377394,182.3188468554827,loamy,tomato,1.652235691472929,3.507539943620354,1.0,1
8.077184614339743,482.9896944503572,298.87090268330496,16.12114670382923,0.04734116001071241,13.769076296805263,140.3926779713064,sandy,olive,1.6606613004002435,7.546237134417418,1.0,1
8.433285543932403,254.8531950902829,55.64214580059427,11.539552464854786,0.037631157166651406,19.13104133054497,249.89492139452477,clay,barley,1.2533365587464647,1.4223338857058847,1.0,1
7.0273488740145424,575.4091473568116,78.21453617819056,13.849826273360748,0.036796588943332376,15.221900472967352,188.46292817981583,clay,barley,2.1289440053001987,12.354382800030386,1.0,1
7.293666978525319,530.3190083577354,202.3669408416555,17.938934166746108,0.0032713102022796973,26.304429032380938,202.17311084956694,sandy,olive,3.586841817386752,26.763424206626937,0.8621055790727543,0
7.011344312467213,444.4193145276994,255.14410983346244,14.882514822825412,0.027933813781180865,16.861110720998113,202.36092429329767,clay,olive,2.687003785238625,16.805644976797762,0.9711897239567653,1
7.971212071231904,512.8262128842448,121.31108557669164,17.405576342016857,0.02388258124118893,14.942661120524287,226.7877693635772,sandy,tomato,3.2683825746355146,23.699876682090764,0.9185625469991608,1
8.347045823424981,737.9447950814061,109.80277200855468,15.884000042272557,0.04646427106370354,27.813428722229666,101.45088082703788,clay,date_palm,0.8837095593232358,7.786821287815117,1.0,1
7.365223444864449,317.7765813866402,246.74394984530022,19.795927438721982,0.013609757421287082,21.87099828531528,133.03704106470576,sandy,barley,2.7797102525965927,23.860241143347398,0.8639431472333392,0
8.39055181719446,213.53870702320833,64.0954634633079,19.1187323542324,0.014221839211263621,4.234947313058862,199.83010002550208,loamy,date_palm,2.4743358237406756,20.917409675484166,0.49597340032938564,0
7.090401085434341,716.9989308194606,142.3456618956463,15.683797836172385,0.021155966195193523,6.153429374707607,234.27186052368518,loamy,barley,2.8052522824836825,17.378297790149006,0.6648282630207496,0
8.401654040208271,546.2702494327439,176.45230564808242,18.578060417194138,0.012925115956912425,23.826563025243814,202.80081728820343,clay,tomato,2.51863459220136,18.865338444662893,0.8718987672346714,0
7.527434030859451,734.3950732771054,190.08716858758086,22.471192045452256,0.007330011972628726,25.239688314218675,162.023693724052,clay,date_palm,3.233826779927986,22.687255689596014,0.8734500882680434,0
7.152131242673825,558.1671340479036,232.15378919819423,13.645425755763371,0.04301332748588924,16.810534043618595,154.23332438053924,clay,barley,1.7621285610524884,9.506168021242768,1.0,1
7.728807638779489,686.0966539758215,138.71143085766454,13.255261454975873,0.02835554969579188,17.07920160813254,210.69220124249807,clay,barley,1.8437576297144527,11.809001105019664,0.9144178879766852,1
7.385164851580762,457.80401801308875,203.1710861686518,20.2849124170476,0.04320677322887177,19.32605592269189,211.185654570579,loamy,tomato,3.120906806440447,19.228007029063388,1.0,1
7.427309352942884,649.9159587729613,196.3438556977391,16.65107674083988,0.0417256035047811,13.734357454196545,191.05869887585357,loamy,date_palm,2.505798401017705,17.70136940355359,1.0,1
7.46093494738943,747.8248801339136,186.90402516343678,6.420135604451771,0.014820075384693883,20.725774581033214,143.72005361460054,sandy,tomato,2.6863907264816254,13.857664210705787,0.8517278805096026,0
8.204538846748996,543.2737782333238,210.12082328555306,22.842240313821627,0.027839134771889425,4.145956469426055,238.77322275858154,clay,date_palm,2.6333854357637425,17.655737000043704,0.7111769858279618,0
7.808741915012882,308.4710903374277,114.86229276701907,5.615662044752803,0.005077667434263453,28.877098028654206,182.78199131779587,loamy,date_palm,2.2025330784364305,11.011941396850556,0.8299096183619504,0
7.466961548734005,361.2785690181189,71.16218839615725,19.967927124194862,0.045847342317507166,22.754489890052728,218.57385343724957,sandy,barley,2.520385928370533,17.314566803024956,1.0,1
7.915500674966378,319.1867461384435,79.81791800993585,20.175882854086257,0.020808873038192503,19.3040519162612,132.14623932427475,sandy,olive,2.522706167129597,15.79671985728524,0.9000306272684794,1
8.07422601133479,348.11421655743976,106.14559566347526,24.06222170563861,0.02029013301056205,10.17333965327494,151.60611829220917,sandy,date_palm,3.0102384669723183,22.244695375758997,0.748637865581715,0
7.408936001100301,383.84926961062183,175.0494838806963,6.082688168046415,0.015835013160279708,5.667709136245145,231.18692745810137,loamy,date_palm,2.6147515496162024,16.57833219018245,0.5600595040983947,0
7.620323652288027,533.0802720519131,260.110687636505,16.93713721568982,0.02357252349082449,12.870945951039394,107.51605449099526,sandy,tomato,2.8633189364993443,19.319394111171864,0.8400722863031028,0
7.182829140005421,552.7949776782997,225.32333552209602,13.556811412541059,0.013336209940726956,20.185725476647697,176.8472966884993,clay,date_palm,2.8981234231136925,18.43050990827468,0.8356075324929537,0
7.271724024302021,455.89984834511665,247.26015105051178,11.612659097190841,0.019367761367043424,19.377582559270216,172.25582197660134,sandy,date_palm,3.028634629825169,17.77963984402098,0.9203588420770692,1
8.021676780947475,569.2524678925013,137.74390598152286,6.806371205981461,0.04019740538065921,12.096593496901573,212.68452833621234,sandy,date_palm,1.815566919835664,5.721513359050638,0.9901383042347729,1
7.27215752154344,248.94495536681956,151.16343541213755,16.253082393426183,0.04187851967567342,18.785305421160764,142.28406558989985,loamy,date_palm,2.344439746887535,12.321310303371721,1.0,1
7.78774507550059,252.67294223489597,148.4204714976532,14.580814513492273,0.01590494140379729,24.59870057145888,132.86002327893993,sandy,date_palm,2.6299395086006006,17.00116586219103,0.940943293174185,1
8.063569392583648,303.0976762145951,97.96829610112539,7.091089163020485,0.02398170709708661,1.762258397790605,238.91992581598507,loamy,olive,1.789575322852503,9.928687629980637,0.5381368002403115,0
7.160315384642116,510.84649882420683,65.30416453589301,17.249790141941666,0.043817169037722564,14.068010389977996,185.75644779376972,loamy,barley,2.213256563115484,15.480781992186053,1.0,1
7.850968329443355,328.3968072189881,197.7290232068067,19.75906240505877,0.0035809932596551595,22.99810162553694,115.70343524254818,clay,date_palm,2.5978330309453286,20.719812025127503,0.7215035738811926,0
7.384844175552046,369.9706420955464,297.30417085514654,20.345566021072965,0.04456810313779349,16.83818964343794,128.95542433214817,sandy,tomato,2.9595284156731343,21.184606524524007,1.0,1
8.44439031285637,440.18770170379645,91.7074262375657,23.107463765248546,0.011740032936964254,19.892806549943028,249.82390892713724,clay,tomato,3.1143053538314613,26.85090501197935,0.8231010533598413,0
7.725318470079888,687.1196744062279,61.67120497481844,13.189414837775544,0.03424842296650442,15.98361538555492,129.34134943782885,clay,date_palm,1.6751332422678467,11.817124274763415,0.9674093115900925,1
8.208988824662738,208.31728154771608,244.88292045598322,24.06145537244274,0.029545033122845413,29.764361795787018,191.5713267030518,sandy,date_palm,2.9077974570421974,23.65902893801531,1.0,1
7.825339813234392,589.6272921419734,113.14650167118106,22.308588101653722,0.028094096661273354,2.5840245581821084,163.01921184934272,sandy,date_palm,3.004603317686252,19.15561512018922,0.7134602064976426,0
7.065118799282229,601.3259186244112,257.41095133823205,10.93003142047878,0.04310865101288825,15.240299831398941,232.8398642274753,loamy,olive,2.4057331466825556,9.79141533093934,1.0,1
7.949727063391034,679.193468213982,225.98416675862885,8.18566074698917,0.005977035038588403,3.651079924321013,213.27528884429915,sandy,barley,2.230374363800626,14.86437936652029,0.3411070731692964,0
8.427105013309985,759.6517634361879,286.4183842627011,13.707787922560268,0.01800437324095617,5.633781301293542,189.54270943927236,loamy,tomato,2.1220912164994394,11.610714303691593,0.5525085219601685,0
7.902417730219497,212.0827093695739,152.231808939168,13.037974159119333,0.027374384570893518,12.108112162129594,101.61084726969737,clay,olive,1.3709108103021792,8.751561570037412,0.762450876630169,0
8.228783289140186,292.2702233079297,215.49245986265854,16.514386106624087,0.040753153843355955,5.510662653514132,231.96928112401895,clay,olive,1.7026198638382724,12.585922188164881,0.8577201498276837,0
8.326309695022612,731.7027764335958,166.21369520331768,16.66772464655496,0.011605711087171903,28.94692781274288,166.70012062580744,loamy,date_palm,2.244442314576888,19.55547617215965,0.9325796077285873,1
7.342119657923399,475.1111373122092,207.64717432713587,19.999739687599504,0.040343562227339536,28.456903525029613,239.73664795278648,sandy,barley,2.8062905851209536,17.488561277334483,1.0,1
7.31806725986234,538.7543833600781,162.39972650193434,15.197798964112204,0.020582285642202852,10.74717974039751,174.3308519281302,sandy,date_palm,3.2091649444288,18.766827152953216,0.780411074995297,0
7.916471483276488,597.8163222338885,97.1580616060187,7.096452818815311,0.010256778965251075,19.552683649092707,204.13367337740883,loamy,tomato,2.4097713241077012,14.50268309456269,0.7376870633892363,0
7.616542704710057,607.4399626973825,176.9743540008452,22.165826711062124,0.03819033558173065,16.478846297219796,110.39389741999632,clay,barley,1.777390392924945,11.78716220382873,1.0,1
8.25979195430008,759.0442419899049,182.14605035936057,11.195291663703742,0.005454046172252844,24.65202243495729,211.77274802901786,loamy,date_palm,2.325033428390412,15.211321893621419,0.7608538155541714,0
8.350034685097016,798.1696504470018,252.65096206504026,24.42594920613184,0.026223601329696707,19.195922684691325,150.69940469678843,sandy,tomato,2.8974650414163654,21.61934466001233,1.0,1
7.530132068954077,632.0944765585641,233.8801764483953,7.357202173595403,0.004129913409232532,1.0073211802263011,152.70385214976713,sandy,olive,2.4982474678166473,14.965158882256553,0.2819549221683458,0
7.355305838461723,372.3327255230905,215.94790598536102,24.165023444650064,0.018464474902731592,23.132057182682427,117.79837670640849,loamy,tomato,3.4624309456644435,25.308723563544845,1.0,1
8.170788272865792,727.8514413766062,78.34677388814313,6.8202361376503395,0.030452763151313244,22.658595517587425,122.02857229603035,sandy,tomato,1.5284053781043283,5.6558153193061695,1.0,1
7.412209053322204,229.53254872445697,230.15407266592877,9.62072275894119,0.028249661532873442,15.78195846142795,127.86385843093151,clay,tomato,2.0061626212510757,9.600150071307677,0.8998771019217466,1
8.233921477770517,338.64851172469776,175.0762890886287,5.931598841730832,0.02082811547732866,27.18465022375856,149.23092528571334,loamy,barley,1.0785159586524868,4.188175260156661,0.9423960133273002,1
7.635607380473144,738.4314304782289,273.5248840265398,19.1022629327799,0.02202335170463367,27.344939965021645,233.79548691634082,clay,olive,2.7161602720773095,15.779182684645027,1.0,1
8.001324848937205,353.71490866361296,279.9677335326357,22.005974731435835,0.012111708114187561,16.193438624427518,155.23903573451207,clay,barley,2.1629336590126753,19.089548019911163,0.6785790869223778,0
7.143302970752003,332.3906357730491,63.78914765044637,13.681421636319609,0.023338246832781042,18.631658704699593,208.65440598448276,loamy,olive,2.782750014844367,18.841808948855586,0.9453268777732569,1
7.93578898701486,282.87517588414835,255.1603900886197,23.570441500848595,0.04770948793032088,29.8991400858155,112.41212558348072,loamy,date_palm,1.9508127867250156,16.0039119066395,1.0,1
7.677651518105844,715.46705458815,59.424347605667656,16.805981435111992,0.04267219297140573,9.665786809531108,188.6648198907989,sandy,date_palm,2.5917297028127173,14.8888280700463,1.0,1
7.879912694763211,500.03495551465204,141.79240642375566,17.600142708930463,0.008116410584740847,10.413900027032843,172.28368469056593,sandy,tomato,3.421402342179926,21.713417257069956,0.6037363466861636,0
7.252021311617295,604.9359218324928,185.5749939052698,21.9083840340154,0.0024592585787251257,6.3004431772413945,246.69369204317567,loamy,tomato,4.556603137666157,30.0,0.5274259932389973,0
8.105310617416274,343.43983044501783,87.02519965678187,10.936004101036778,0.046742691323114906,26.98014123557817,226.93116548184446,loamy,barley,1.3245423777685008,7.600690441694829,1.0,1
8.294195616314843,654.8242526067299,236.5784531422692,12.085314426552516,0.026810737744156637,22.590163308528723,168.22446586579747,sandy,olive,1.794669946987131,11.561243016013588,0.9975379280918946,1
7.325109700136164,656.0033269772591,52.088676043034646,23.119038383892885,0.02735405333431608,4.063642617237015,216.27141460680082,sandy,olive,3.4613305492723248,27.307485271333718,0.7684900963012675,0
7.143571833280243,387.5588149449801,92.14976210850921,23.019269920775276,0.0392551817896196,29.471253184741006,128.95581119406663,sandy,olive,2.9259741488002633,19.859209490615342,1.0,1
7.035457879069504,446.40957980616975,195.19920746336894,24.529655524017418,0.016419759719695,22.197889536672367,184.35044910876672,loamy,tomato,4.244124095202451,28.876726745799942,1.0,1
7.962957250664899,325.8141664581205,228.5968905093231,23.036766328833423,0.02461347087296411,25.66514117854426,111.19285833530623,loamy,tomato,2.610642064098403,19.006935102579774,1.0,1
7.910641054133171,785.9366139937425,279.16077567347907,7.547440720667218,0.04846448274419014,2.396372886022827,152.21335483775246,sandy,olive,1.3161107192384558,1.631326197078537,0.8801835564223852,1
7.820046119071105,587.361546235047,226.37416298365596,21.474485722739747,0.03393528565968795,15.643866649322861,133.87932724332555,clay,tomato,2.367747805356444,18.357684678193912,1.0,1
7.347920644173963,760.7263284293093,217.9448175637165,13.196769562191882,0.00853350656779351,21.259350315084138,207.83647229878164,clay,olive,2.73198188853038,17.874295876433752,0.7717481559010158,0
7.586358993858272,382.0313261774799,148.58528658766608,24.816027118918758,0.007528110651233312,16.745450952583397,173.5136036821542,sandy,barley,3.1831922136911515,26.10942333361352,0.7024860559154598,0
7.8917145027792595,669.1345477981338,50.32110638170035,14.445619286576022,0.011008973158317264,20.332776505279046,212.66057182720158,loamy,date_palm,2.7461378460348986,22.091795633155655,0.7914811551631318,0
7.745150288288754,659.5151863308452,80.03981468390549,16.076721650044412,0.03856887204661516,24.718347844123702,177.29431564471685,loamy,olive,1.9835772056629422,11.710183943861725,1.0,1
8.481678280322331,614.9933911199249,183.6386361890098,15.59549830513597,0.015473473188190187,11.855774825845689,112.97266632274578,clay,tomato,1.626937370280262,8.149521421053578,0.5993725839621875,0
7.2046596288351,779.3833851600803,218.78247146110493,11.434740597165556,0.0020480534870789095,25.61139159294258,210.305147459879,sandy,barley,2.999629260287703,20.329377930618392,0.7829189749880516,0
8.042716831071392,436.13320166378935,154.36207097411562,6.500441777858363,0.047264543811777436,5.724567038193431,224.98438959817082,clay,tomato,1.3025809362836325,4.720345791169115,0.9276659728432207,1
7.606478152156438,278.43039415385437,232.66975288209755,22.91302460803837,0.009315957403350623,8.855695595764868,235.5296838869189,clay,tomato,3.87711387134968,26.154275707686047,0.627022382673531,0
7.642299422388422,603.0253155464364,180.4655738330447,21.053516250525735,0.0014683511212553605,2.2570229778924475,185.79879179600624,sandy,tomato,4.138798048410876,29.76309430138213,0.39826957024954945,0
8.076396648487265,637.5858802863237,68.54404889857805,7.790535611193386,0.012619448516782827,11.568377528722282,213.03780384992427,clay,olive,1.7691148667957561,12.272036366986605,0.5621884676698485,0
8.038654226986555,545.0363440752888,98.00406274198721,20.53536542700146,0.01251641056878855,12.01737679989949,212.80665053239406,loamy,barley,2.4434132267853386,17.286351427425323,0.6235667526726452,0
8.486883990553283,324.09073588003776,259.9995558109857,17.5169333210122,0.02167825729144043,24.352847319010277,123.36246396984166,clay,olive,1.3947559808385057,11.2100637806466,0.9238112842188924,1
7.192591434181188,502.6735650016132,231.22818665610987,13.182875758352445,0.046099101743501805,19.940789438400024,124.63310311893561,sandy,date_palm,2.351891166768922,15.376203422533266,1.0,1
7.15616447407625,387.3138419414777,273.69049675312374,10.080422981911255,0.0440800609711758,13.664954186514333,110.63282587136892,loamy,olive,1.6514567095870045,6.438202261123213,1.0,1
8.086508225693112,456.47991690001345,79.38931228023415,22.19457567004465,0.02338783319413897,19.9113053800887,147.98704527104522,loamy,date_palm,2.4581111743326995,18.962942331095036,0.9456924994604745,1
7.867580375509614,587.1311455067984,297.5556336537685,19.00376518588106,0.021134095344598522,2.5307171649550435,171.0262881611597,clay,barley,2.005750030193101,10.268024358770308,0.5280857758835268,0
7.411240999839709,647.1288456145007,102.3516784874834,15.954798189382737,0.028195445237267712,6.227874544532907,249.68467791313253,loamy,barley,2.5315286186803547,13.256326843265505,0.7500114589441023,0
7.11912905348348,339.33481454080584,52.9449690716605,17.19137067796928,0.012929246586616521,19.181487802010896,164.64900131022543,sandy,olive,3.3008390727101697,22.40285397074251,0.8416355806562793,0
7.128487374394646,443.195216388172,299.35573476338857,6.82132364164362,0.003557064606351779,19.599637757533767,208.93638827610562,clay,olive,2.630030168236393,17.97894945637544,0.6557511377048635,0
8.341286311996178,361.4969425949775,120.26847136127829,14.478395218223838,0.047021982672389134,23.449905102515388,204.0095539408802,loamy,tomato,1.650339335703727,6.616797134567257,1.0,1
7.287800987078114,319.1789683171215,217.00486312814,8.87400585571404,0.010148250258981466,12.686993012554463,130.67229253758694,sandy,date_palm,2.8078556211075223,16.723183546046073,0.630592063824413,0
7.485057343173281,670.032331997503,94.1705785440763,9.167673580176508,0.010721635733040105,21.95406880186853,108.77607271741546,clay,tomato,2.209754627037889,12.892243175848604,0.7766862821960032,0
7.339984603340482,745.5516166621954,195.05713304978542,18.226079245737335,0.024150556113843435,20.835429644245494,181.90101273003813,sandy,tomato,3.6576852161342113,25.069978277566634,1.0,1
7.532494458747906,422.139311410746,276.0087466136398,23.225123036685762,0.025089053897176205,28.938407972725624,205.0458388471714,loamy,barley,2.6918639383456386,17.804856906039706,1.0,1
7.10413576411914,650.7673546242602,130.04529185710965,13.075132209566931,0.0019032762753363552,7.238776566315695,249.73776852793839,clay,olive,3.261822638411669,22.208993745086453,0.4342704865292928,0
7.778589686362405,738.1971736186466,217.5634940110898,9.154985460243807,0.008249782199924564,16.998707348826546,153.7916578421756,clay,barley,1.6923510213633821,9.991389696929463,0.59910896168447,0
7.101418845388323,707.674526318139,96.97589719960413,17.974938744733084,0.019529586109476346,18.45116882120361,234.45468431216452,loamy,olive,3.279042947744623,22.07830767532166,0.9242906038857872,1
8.200534761733543,309.68803312353555,206.1988496796813,22.423740927006357,0.03450280398201642,29.9607886630924,157.28986838037798,sandy,barley,2.0532509176455975,15.923332665445832,1.0,1
7.350568122865649,773.7751289080168,134.11258795437755,19.966376022449815,0.012192504384764855,6.8343401228328995,203.41175626457692,loamy,barley,2.8716630810138515,20.62205722728746,0.5493074147092389,0
7.810017871906766,426.00586425767744,102.80206464698792,22.375144610731745,0.021727707865846373,16.173322579051472,189.7379395775578,clay,barley,2.3027669277204184,19.246745388848918,0.8336034237863585,0
8.320118631342186,403.5443967043018,128.29551267590878,15.731093420215988,0.028309908171106877,11.039373923695527,107.94681899538953,clay,date_palm,1.3324372948634227,10.210938493898745,0.7520310846295875,0
7.976316053570791,237.4587963666682,94.71026712694984,20.037524887383817,0.044541032236541316,16.250896088790995,111.75826404553878,loamy,barley,1.4302523932949376,10.446556093620694,1.0,1
7.799436679827003,491.7041924629298,275.47902695947073,7.801291187178729,0.016977454614029042,7.731729460990072,103.11461345866914,sandy,date_palm,1.9850073126200753,10.634974508523479,0.5680969934398431,0
7.486500629673063,265.40816938455725,149.2967215792822,11.96549230726383,0.007544355027310693,2.380758974397155,155.62511268909842,loamy,barley,2.2103707478369916,15.238811938850093,0.33761016472456284,0
7.499502869587297,349.1238925564556,111.31982624359183,12.790983289630448,0.024974339068982804,17.60439816303298,211.8701573149016,sandy,olive,2.727720706902841,16.701650039760246,0.9449207058476289,1
8.004230432797286,390.16557306036884,162.10196025398324,15.22591492492069,0.03758935848251904,10.739775159964132,125.91330909860841,sandy,date_palm,1.9667449176100817,10.186870549605539,0.9359754738458748,1
8.491209041831752,685.2957940950105,130.1340417016239,23.581527205136474,0.006383128095583938,6.2763006507045755,190.87794525758437,clay,olive,2.3986515632190297,20.088613412756594,0.41316505950537297,0
7.992758784774068,725.2931902375379,236.1048134533315,22.485931204443485,0.02180949109315106,10.39413141626298,143.3241670046617,sandy,olive,2.6353798576076413,17.87995077123815,0.7458553833311368,0
7.836675126055037,381.4797904768818,292.8049779713736,7.690509845783691,0.001871471921861688,2.429125841984603,219.5488935968608,clay,olive,2.2024055194500622,13.821393497816047,0.25284703722362234,0
8.095975765358869,715.2188727467443,159.5084141744117,8.455793037649265,0.0026443999007153057,28.562824788612996,219.75942235044863,sandy,date_palm,2.7241236920807776,15.553831275684008,0.8288523896494517,0
7.697808418425577,714.3385624218746,265.2583499930601,12.152810991778226,0.024664714797616616,17.853289534224555,216.31217724496355,sandy,tomato,3.0710262180464603,19.29135030314444,0.9727186100924572,1
7.090213513901178,658.7905702309241,191.46576838990487,10.814877317813478,0.015611667609395544,24.62829175906372,178.72502707020652,clay,date_palm,2.758924972222087,17.90486298280965,0.9474548470999746,1
7.843445223816865,288.0170684091089,89.30891627355837,17.295419063125244,0.042410257651265194,13.270427728884181,142.68500651197775,sandy,tomato,2.433826613122329,13.000777798606487,1.0,1
8.436437926758071,614.1937081404374,222.6556855203354,23.0555209552909,0.03050556100019626,27.196125359419387,221.41660658179518,loamy,date_palm,2.4542680016976526,18.438377599788048,1.0,1
7.262954413536489,767.0144387483413,178.35862428145504,24.245830833451734,0.02324271512540653,15.016228425015347,127.91508429088623,sandy,barley,2.897196694311792,23.13707745089573,0.8807410309263483,1
8.035007336230999,609.5242872602942,212.65163081302586,18.07205905070453,0.020988833181660522,17.644414343819413,143.4639403042984,clay,tomato,2.2846328543349057,16.20248793346223,0.8504914129480886,0
7.301400532988585,398.9701094647004,272.42185314291623,21.763184028021733,0.025365028529288604,15.262025421817048,127.59215592409325,clay,barley,2.290797741892617,16.166324418131826,0.8689797557270793,0
7.803741526709622,500.34759045849876,160.1086426640115,15.504044004615942,0.0029815027294204056,22.265070580161897,201.13152405814714,loamy,tomato,3.279932381533903,20.118322180484256,0.7524185430672563,0
7.1450146744700795,587.4350260106321,275.2944058043389,9.166538937200794,0.04474687446461234,17.433026250459807,202.9354042173727,sandy,date_palm,2.5890921412956605,13.84592395805411,1.0,1
7.675556404387278,506.34224523710213,237.66725357041372,15.493768241869548,0.04991685463096396,8.876368783831534,197.87649891801294,loamy,date_palm,2.0682490102704505,13.352493181573616,1.0,1
8.134244993342868,271.9717650385819,172.1512314694962,16.101652028753023,0.009892869118076235,5.2206464083567425,162.34022002970016,sandy,tomato,2.967056213805435,19.870759770972665,0.49017046204271314,0
7.521357286358473,387.2384267912124,200.80553391449092,19.84915128427113,0.006898765273956367,18.577607277606354,115.02565108021498,loamy,barley,2.439914578102293,20.98163204587763,0.670226790909656,0
7.997367586730827,681.4376183321795,131.39528312975284,9.397659794146982,0.008035295708981167,15.18621888486405,236.67543767725317,clay,olive,2.1386367924707996,7.718297249343992,0.5953447567296625,0
8.193174941184594,716.8508276573104,295.89932493469354,12.366207641734634,0.03339032585348399,3.7832952041872754,176.15964460183574,clay,tomato,1.6205090537950815,12.365105041739335,0.7061615161896119,0
8.390766729219179,282.38001962934214,216.83779076259898,12.280549384291326,0.033410601084087964,12.472906508004783,161.04582923666374,loamy,tomato,1.5134840450204354,8.824690259855553,0.8716958700230499,0
7.3519631227831805,771.4320514392348,60.96171312415747,24.188791914823298,0.04254828395164214,15.928516238013154,188.323733987244,sandy,barley,2.7543690068096076,19.47608652641212,1.0,1
7.5989738737139625,397.2935707091656,131.6554764370022,13.878899206534378,0.03783949303288641,24.97990378094211,128.91856537286588,sandy,olive,2.0413578196274935,11.333364030130637,1.0,1
7.228624019995626,597.388243238432,205.82860843976437,20.101879345962928,0.023034793995097648,3.206930619167508,119.88231686573116,clay,tomato,3.014315099025573,23.60026279773828,0.6508057302318607,0
8.488725253237563,651.0950875740086,64.08331944980995,20.01622762748878,0.031029912716700626,11.106365099134084,160.82878321869154,sandy,olive,1.9935391168187215,12.749732115507987,0.8470591220786887,0
8.390501451886443,687.1677407827301,55.97104782978569,10.310883696064828,0.03472594884803239,24.857027558601175,134.08310411498658,loamy,olive,0.98214840386902,8.511421266181465,1.0,1
7.809935695420839,767.4498213355581,162.50605988195065,16.437393787434644,0.026124087043976035,19.804294021375785,136.64354418057468,loamy,date_palm,2.1989341560260356,15.749761432596653,0.9638619185692391,1
8.263049941564631,387.75172881729355,133.1725449231675,22.886057866372962,0.0243068982381302,9.408791332309816,233.8767231667794,sandy,barley,2.5613722528217693,20.77592301868133,0.7576890804438909,0
7.781436965908063,715.1038727309327,159.57465200829148,14.50395438913899,0.03260977483649001,25.51471853865663,179.61387657787373,clay,tomato,2.2091538921377487,12.927964606037508,1.0,1
7.9353785320041395,279.0121420617242,115.6733274700013,23.90235014685092,0.028316252899807035,15.305513836318077,172.52035964850268,clay,tomato,2.7985379081449397,18.105565913691624,0.9547371028750622,1
7.133686648174025,623.0245438121556,91.17943673574523,9.289164586483231,0.03255317296145961,15.452204848003355,203.4219390592896,clay,olive,2.16644679271703,13.153604033104683,0.9706574347993238,1
8.132905630745212,645.1866377083916,222.28583924508442,6.483182115480615,0.031029883924204832,29.321032836811145,242.73221705151096,clay,tomato,1.7108757949273505,8.667480130787178,1.0,1
7.191570225452852,606.6339447207922,178.6427790669501,22.829077462894986,0.03624063146516908,28.466378593854973,116.82978467058462,clay,olive,2.425824761460959,20.35993856256352,1.0,1
8.239101445378793,351.3888416810918,100.0385528123417,21.953623959244332,0.03249737193036093,11.397447817725473,225.03018506638858,loamy,tomato,2.761367721571619,18.950998358088334,0.9363189530356529,1
8.173042131505579,723.825888209122,129.8973565649996,24.851797518676896,0.026467381835426098,5.076794731229387,187.6028769801769,sandy,barley,2.485206804697662,18.88155208961863,0.6973631665317922,0
8.063117046614465,301.315078022237,197.95197691583147,18.587869762248523,0.03440804375293494,10.444335236064727,121.92480307177559,loamy,tomato,2.023490026492222,16.88797013534763,0.8868865631346965,1
7.054240570787143,232.1808749124985,68.05733706811947,23.73375853334299,0.023024616294085976,1.8840145490302531,144.57239780334874,clay,olive,2.993002718505889,25.97984370545293,0.6224897528723659,0
7.454692533917993,630.4789943671473,86.86325231654489,21.538980501682218,0.012841890072657451,1.6022687146013448,172.35421246971094,clay,olive,2.883518063861944,21.767687865448323,0.4553551704908442,0
7.394668854866264,485.2854291396402,68.31140102684753,21.888526662401738,0.0010694927865618575,12.470141951291156,203.67657168661344,sandy,tomato,4.553483422263508,29.91036350390784,0.6297239046053316,0
7.540204611207279,709.4588119752057,253.0793331785297,16.382831409085366,0.02843824321014632,28.28957485821979,136.39105254301785,sandy,tomato,2.956795912909754,20.11434933274738,1.0,1
7.131464120145758,430.0382846349554,238.1023083030023,12.647291958334216,0.02994210610382341,26.269362895734027,180.23182232013846,sandy,olive,2.7559832109076705,15.33658109514835,1.0,1
8.405436734546594,300.9671531046277,238.32823296981428,23.691161450865636,0.04863039927401001,15.831842183611068,202.70074411237925,loamy,date_palm,2.0218176379459947,15.921038493476821,1.0,1
7.830703361068564,701.8653154819218,229.081335869007,13.64234351231789,0.018712438370619502,17.39156505395409,167.31111262712594,sandy,date_palm,2.657913189368208,16.35670756594874,0.841150931787831,0
7.458286465987035,529.345778984043,217.3463559174673,15.776387344993381,0.020312528898587277,1.1720714056356378,229.45389416802638,loamy,tomato,3.3851675529340333,24.333167849232417,0.5989427658262446,0
7.595472275611425,313.51747543421294,169.24797884454375,13.922286142503754,0.01088817948576732,7.2495335191792,230.41886542606065,clay,barley,2.378961076928438,14.975922882965559,0.49863024882436885,0
7.670803810757254,632.2303991518675,210.56954087677875,16.296366279203944,0.0044561804666287735,1.7184496810971286,170.60368264606686,loamy,tomato,3.2460404784530317,23.26419018232778,0.3608949388976167,0
7.900891500040926,506.6681830937003,59.590388696993664,14.410101579846543,0.03886742015022529,22.88164644816624,245.93885656133494,sandy,barley,2.1566148971041987,11.682969161972835,1.0,1
7.773519141544747,562.5877893441918,205.36610566419614,5.9593511715895175,0.013234372152626926,5.223728084768434,111.33776386081709,loamy,tomato,1.8368965599733444,9.681772930398298,0.44994186878264014,0
8.379087959821625,476.5390029239491,244.4694263842193,22.640963720153973,0.030836338190471862,26.202365971827692,100.5043567484405,loamy,olive,1.6409824752847029,13.353552735916765,1.0,1
7.745445224358745,697.2253902908038,175.08959009609754,13.887876378315395,0.0347008787417286,19.656405096597858,157.10023957058786,loamy,tomato,2.194080031476354,14.532678966721896,1.0,1
8.48823702223497,697.7376294098299,139.37833210680924,16.778872970146974,0.02409059767729074,7.653141618955687,190.1645592058764,sandy,barley,1.8766382426139694,15.522406863267303,0.6645528569475924,0
8.277137436617643,625.6332930946317,119.35668370024479,7.78375605515974,0.04394125353833239,5.573889195414242,194.38002361744913,loamy,barley,0.934551415202461,4.507611802107704,0.8453607001994677,0
7.312765771536004,263.24082643787733,210.7005125405206,5.067756959652783,0.02274594720800671,19.201116326768542,171.46686044407429,sandy,tomato,2.7075217900927204,13.074150080033501,0.9418132778628892,1
8.395892821965875,703.3123171424413,223.2002996574772,9.905801872872859,0.014960522529046491,27.124272428187382,118.73249698609692,loamy,tomato,1.5265030669790716,10.379143893143038,0.8890135318577707,1
7.174549596828214,602.6077883197459,267.74189996563564,19.091720642667006,0.0449047606251195,21.832446348517067,125.57462826818414,loamy,date_palm,2.459205638929578,17.237683526121593,1.0,1
8.226174562736787,618.2144996025797,135.58352061524766,6.983890602257572,0.04321664992824787,11.10785289649795,227.82219757780138,loamy,tomato,1.4554461303240884,7.607745074113896,0.986842497279604,1
7.57093494021487,417.78970424232295,242.4430768463964,23.17774880772936,0.009037957406744238,18.034124262790765,230.1866697608892,sandy,tomato,4.444909412353711,25.2112995814788,0.8518445993452758,0
8.316961480667604,727.567733694204,190.33895604733448,9.300451387123692,0.0022720898993421265,10.01208916580022,201.084780679108,sandy,olive,2.2644400041020356,14.270727241880051,0.41547833213429913,0
8.302085035161175,635.2229601409144,270.7091226695198,9.091872285835516,0.005409292261131414,29.975337436581107,199.63269584183234,sandy,barley,1.9744397487069514,12.51950084887685,0.8386013125451495,0
8.208888100176432,267.5542799175167,181.9530270739052,8.63015923242991,0.015040822529137035,22.716336465393685,189.65231920417114,clay,date_palm,1.7029586411670408,11.80127977414579,0.8161757585382925,0
8.185045654460591,444.66682064369763,179.4074570994918,5.279634259427295,0.048640730285343825,18.817067552945854,130.43888285529823,sandy,olive,0.8481213405667791,1.3548457426489398,1.0,1
7.457018708647061,731.828217176085,194.46927036022728,20.43610936956469,0.02836729150488043,13.274515140209047,164.23760503898546,loamy,tomato,3.137272548424262,22.46244410135772,0.9419814792513284,1
7.121378924576878,228.3180210184274,237.3288387856086,22.50069062490517,0.019289824869434175,18.92641641752716,204.3841977195068,clay,barley,2.9151565101374928,19.48975477164501,0.9010882222030552,1
7.604470268147742,776.8499717852297,291.17261970711525,17.283254052323976,0.04454708863602457,10.90686581155271,180.5878408005008,sandy,tomato,2.838499751883909,17.171200547668242,1.0,1
7.260286772479763,607.4975409917377,68.39083855394142,8.763999633597246,0.023203680242446484,1.8370803442828918,102.78705010826488,sandy,tomato,2.6009666468693036,15.990476370441757,0.5928741422718995,0
8.042426633353692,578.825586586026,63.35865059775429,10.705559938817595,0.016446692791650036,12.457567148342353,243.03352100801476,clay,tomato,2.4535512466238103,11.956545190844789,0.6921358345715024,0
7.519149589806679,362.33555389279485,284.3875843518346,14.518533947299266,0.047119756908537216,27.983943767816143,226.7224078858215,clay,tomato,2.3964111195011712,18.104780421989645,1.0,1
8.463415301289873,349.2750732435062,182.46890637955153,24.086919032466017,0.04262636564344122,19.16273174844211,139.08175211646068,sandy,barley,1.7256279137665875,16.38204248320826,1.0,1
7.961458116017998,765.2349316931573,203.72575364173403,9.947027436354857,0.04233975039555261,3.4347153890561466,192.46884027494443,clay,olive,1.2932043468305627,6.213564274070779,0.8072469114608571,0
8.233720845451542,378.9634725404736,170.6059003986822,19.63291807839776,0.026101952409460442,26.66481478845575,238.48590755922817,loamy,tomato,2.8336666775394765,17.754489163632908,1.0,1
7.198787009112773,665.3031780313996,73.41436315186863,13.788964465858406,0.0396824815419573,8.79737063090393,114.4016518170477,loamy,tomato,2.336000266688854,12.877168665044492,0.9580646570825464,1
8.293021723408934,435.87307892424747,242.02234460466664,10.956946967200436,0.009788314603963042,8.069315299399095,175.4544221195051,loamy,date_palm,1.9849557836054579,13.49633096373384,0.4670074877358642,0
8.384135785770091,283.55244247082237,236.8061612721467,14.118318740442275,0.029087924920255942,9.615638094629304,168.43645387694417,sandy,date_palm,1.9802356934690724,13.521038585120774,0.787050491173951,0
7.7305928782284035,206.42917861721537,127.925830373203,6.424134350824651,0.04920845021952974,17.738864847652767,161.53075079252986,loamy,barley,1.0120126572349297,5.710193703471596,1.0,1
7.909379406626466,526.5544022091506,126.5598113071001,20.97374741860725,0.015256963095380122,16.795954709585324,225.33829133393874,clay,tomato,3.2429682174928245,22.12644680648332,0.8242109980218342,0
8.147214701354493,785.4672911293596,259.4603452263796,9.866038559659343,0.039923264133136085,15.25099888406357,157.0969220046186,loamy,tomato,1.3934518558276054,8.046767964833277,1.0,1
7.262257940890619,421.4817162855227,68.08931443533166,19.50824246385941,0.025033441953195297,21.808569041866182,109.54949998615113,clay,tomato,2.829320227183103,16.861695600939523,1.0,1
7.753849114695163,414.31540039582694,270.2762870891414,6.3669674289638944,0.002950478477882279,10.17959420871381,109.87566132464538,loamy,barley,1.5923767419425559,9.386421404859576,0.37523920069791483,0
7.59799454165847,406.45497070966525,114.16542247397861,24.10197112331372,0.038387950492967705,23.679871125600503,106.41169097869135,clay,barley,1.8738198711955354,15.924526451745113,1.0,1
7.219560988243374,512.3263023829151,198.24618693887348,8.860299708113972,0.009259888075213527,6.084328672979375,161.37181328110557,loamy,tomato,2.9731565961520765,18.86643903850223,0.4984374222799566,0
7.551301633437297,464.3989300545761,283.99854475044447,22.65484152414161,0.031942204789504755,23.69600288323327,207.760941654754,loamy,tomato,3.3818517566188007,21.27050996047093,1.0,1
7.102258464078241,727.9487760362086,219.5306253841616,21.18946419230869,0.005197545508301672,20.250493052258204,130.5583692895773,loamy,barley,2.9145618149020036,21.6472568085795,0.7161379888618494,0
7.038717860424231,503.3124750340942,153.60745311675913,24.35719848162832,0.04739650247730228,20.813040976880007,196.9702780647324,clay,tomato,3.3808547536031184,24.828616184103783,1.0,1
7.202749433732234,504.65470291314125,222.3835522263538,14.557813218914992,0.015294470471837684,14.965048516690539,203.06327081555563,clay,olive,2.770696190790137,20.470976433589,0.750373722674587,0
8.444672667383761,283.022956832334,135.99490907909257,19.54794587691903,0.012096769892192352,20.343044447745076,138.2803186023397,loamy,olive,1.9666048138759842,16.85943986503303,0.7456408224478656,0
7.8242943038425254,789.6437245462316,119.31460408729653,12.414213140755681,0.007327683799250382,3.3141143502242647,190.0836484090944,clay,barley,2.0153537202886063,9.836395171378836,0.33742584161632955,0
8.44873324172983,349.98373452129783,299.1708194836699,8.687364760393876,0.04735410747361334,25.69498239443165,202.7302510040271,clay,olive,0.7788243977876372,7.655922241114419,1.0,1
7.648746817495198,244.0184404757616,237.69755779494693,13.861518658668977,0.03588328337962395,2.610869771141734,169.99204342031885,sandy,date_palm,2.469487036536406,14.263851184872738,0.7880256090401063,0
7.46772419962789,597.8877493851253,211.17999434545442,8.314980307769098,0.037341383547186344,5.313503786273427,150.50748959201425,loamy,tomato,1.9565150829362143,8.749295067027422,0.822912035568161,0
7.759212794260366,557.2198220941236,138.8224108048297,24.64089245572768,0.025470823507631985,17.726901546419853,192.8727327361491,clay,date_palm,2.9436335560098223,20.982722559868755,0.9720910680236627,1
7.659267532949365,449.08739239564744,62.29020728876204,6.9249298228143275,0.02426166147825369,22.442932208244052,246.67706309920854,clay,date_palm,2.18485723383437,12.020826024870429,0.987572145045436,1
7.158497026392616,453.3153403284068,57.7642190087889,16.784234469052407,0.006391040906582356,3.2112953660413504,164.02621140534671,clay,date_palm,3.2148233545165525,22.921871647887347,0.4172773892808866,0
7.9612394720353095,671.0383526278588,188.5453138621997,17.529277105081118,0.0284322136836156,27.702179609547276,158.76026444276815,clay,olive,1.857922097218148,15.359355706014652,1.0,1
7.324057273764399,317.4275840597894,240.50818025976275,15.761590857481085,0.013098908260330732,29.234621815220258,169.640035363917,sandy,tomato,3.687205972860379,21.57865105256323,1.0,1
7.929381932346744,692.1519913669338,184.34479761096378,18.243717714236674,0.04888012130721989,18.57255501722362,111.43275901675723,clay,tomato,1.5368146630994326,9.46855851418732,1.0,1
7.97530163859723,589.2482683370108,260.1962679847786,7.323615500237819,0.04003246606074222,14.95606020592826,182.9744919507085,clay,barley,1.011058881907665,8.042585450007635,0.9804929055823117,1
7.228037279692972,451.3818642677146,58.356633273305405,16.100370484105824,0.021236610949451493,22.50045419611274,149.30460808258954,sandy,date_palm,3.1959215493874784,20.745276112134555,1.0,1
7.092024440666002,474.81716995032116,141.68801910648503,10.744251422547231,0.00841572167588512,10.522363217488957,118.21331834968937,loamy,olive,2.493787691050777,15.580018110030773,0.536186104772118,0
8.17114237910266,353.9883243116575,109.26759779354451,23.803521266021132,0.03948125286580042,15.304668589048088,169.938511167606,loamy,date_palm,2.256501358321278,14.972554480267398,1.0,1
7.68970063565398,651.2685996181849,161.8182420392805,20.241433068794514,0.006980634586984484,27.568379777617636,100.50759798609661,sandy,date_palm,3.108215851174808,23.9514576363349,0.9047343824511047,1
7.087245693258214,507.72484538316064,68.09409829853062,24.450289643194854,0.010277353921356456,28.714007332004474,160.26778677441385,loamy,tomato,4.191615215316072,30.0,1.0,1
8.49229947575465,392.51272564990614,288.53291039276814,5.751121394803791,0.011364505369467145,27.885004365484367,115.86029018896758,loamy,barley,0.9029151419760015,7.4277490224744245,0.8004008792097747,0
7.08667084149455,557.6300694565701,105.81385026734023,10.702663503614174,0.028287641275381626,8.610993941951364,103.64390550996704,sandy,olive,2.3252898390634122,12.561148742006734,0.7825576850948246,0
8.04255284328783,797.4406712307938,280.57694387089623,8.90845173276698,0.03956577604552795,7.741602166286139,223.67125693667532,clay,tomato,1.6530067117302873,8.594341213932507,0.8805592209470651,1
8.47551838789512,461.1573677939323,156.47328875917043,5.22309174623661,0.01640142905750992,9.632270671950113,237.43732049239523,sandy,date_palm,1.9713416973468665,13.649121152775207,0.5963741850894004,0
7.358770156323889,752.4148404671718,296.38103331380455,9.846514604926428,0.005148820899489181,13.798022259265347,131.151197253866,sandy,tomato,3.1878651834192246,21.50481425346071,0.6082219733511827,0
7.213374053030794,407.01010395473963,188.51459586505268,18.57551967040858,0.02376238471269654,10.110854970966944,180.89473957513917,sandy,date_palm,3.4903637355638093,20.937462590326184,0.8378819689548918,0
7.182077409133643,232.83962415499153,282.7082160439519,9.62177844269137,0.03765740181683684,11.85217107643268,141.69372356964774,sandy,olive,2.1869653607660697,5.925787869980273,0.9768616776424919,1
7.454912721351393,322.54526382105735,51.33724717355571,15.180068909652364,0.011861528311282028,18.998471611502026,174.03661580082732,sandy,tomato,3.5757917643318278,23.35837856856035,0.8439556980458172,0
7.15156871651597,451.21708599661054,237.05970154522504,22.756362299299973,0.011776302853929336,23.1132446357253,165.49469813412404,clay,tomato,3.8232890380047064,28.638496077847456,0.9447725585638227,1
8.038242012541197,331.7809571567414,275.7626632756288,18.875158406981505,0.04741412433998883,22.331187749769594,140.35765826207285,loamy,tomato,1.8665060386758245,9.962732138426315,1.0,1
7.093437697195094,200.13622293095332,84.93014174473852,12.89258139812064,0.04775353262883972,24.618283445295408,205.05903694529465,sandy,tomato,3.08283510993701,15.778275801803778,1.0,1
7.764133192224684,749.0009226485164,74.03146293303787,12.449378778242167,0.04953282087101725,1.933347693246663,118.97364389803813,clay,tomato,1.3078415699815544,6.038279142356757,0.8862865925287163,1
8.495045280779465,706.3276467385574,156.1431517964889,14.114716280169695,0.04057532047716423,2.3842799006839264,107.96091732570507,sandy,olive,1.1791449292718508,7.692651755175105,0.75064699951289,0
8.220955404259028,645.3753388921682,283.41972653323376,8.540828821198128,0.010221024289229334,23.89210585997025,215.1513149555919,clay,barley,1.581319345372234,9.211433252178065,0.7576630291676237,0
7.922829157346516,300.68875738761716,185.5966400476097,17.680015348319763,0.011387094519163806,16.459285847414325,199.88950468310196,loamy,olive,2.5942432280542063,21.485534822938543,0.7075315929800801,0
7.459380431179918,272.21814572599163,181.86411593043303,12.28305638209211,0.01767103683459721,17.76607953910149,174.7789186219597,clay,tomato,2.687943473279336,16.88177399703933,0.8354226211633349,0
7.935843754437458,240.56284968342987,85.28152957483047,22.047306985240873,0.016588494035341052,2.5250189462169352,170.16846557088124,clay,date_palm,2.6875594489832793,18.839836863149138,0.5143325453731168,0
7.790562195867477,634.4175132637527,50.197377773304694,20.131053201156327,0.04786985970482245,8.404100233966856,174.61170692371394,loamy,date_palm,2.1901822534872704,16.051270884604076,1.0,1
7.639125075835557,757.2847764127312,252.5350226863653,17.2102632818432,0.03966462516120299,19.512274841678853,165.5536114148009,loamy,tomato,2.4669495481105086,12.724015345186114,1.0,1
7.196065565110299,458.3214925478222,71.89364074655956,12.284044452990322,0.036476430815916144,25.916274813209608,158.93384437467688,clay,barley,1.795797738581618,12.813952147582869,1.0,1
8.329906322860701,271.4844031976289,208.462454683831,9.198636633469688,0.01011219797884846,27.592518518260675,174.95359043291805,sandy,tomato,2.352620558768689,16.4134564977916,0.8917429847494356,1
7.674676973231984,507.43569243926396,278.65411362879786,20.52303728211246,0.04556675240875415,15.51216537921737,179.27727567396408,sandy,olive,2.4766919885358982,18.81555020529063,1.0,1
7.291933767731147,409.2991444751781,102.16297828960775,14.72818197982173,0.04156564859580252,16.81875274940773,203.78534711254315,loamy,barley,2.103981901425946,11.938124694594942,1.0,1
7.551639026315934,424.89495460999865,216.3182090592277,9.49500076354715,0.00901845022506826,25.158439301000737,206.6810741101034,sandy,barley,2.50328267172831,14.420340681986831,0.8387081531343035,0
7.621194628793391,572.7983744934244,69.67464417687736,8.903492300800124,0.043687346266087654,16.591113421673285,156.6443620210217,loamy,olive,1.4467287197966505,6.594349414560724,1.0,1
8.241306843350312,631.2308679573214,200.93878595940325,8.308018090027181,0.014340129282153093,15.988897240582205,162.0310784115233,clay,barley,1.2409095754223423,7.924868612196211,0.6341526500777279,0
8.100421570842103,266.3621593238965,90.98293023830068,20.5432239241119,0.0049626175457731965,27.247437095067657,156.05457546043345,clay,tomato,2.8599320461916813,20.71521547489882,0.8481825687832856,0
8.15395734046201,221.35413848388583,233.9883901287945,9.579743706006234,0.033184293019196294,23.908048910620522,180.48036604385655,sandy,tomato,2.0284016637913465,9.54822987118831,1.0,1
7.0165468966429705,796.5981816114289,125.30782369847705,15.53284527050395,0.0330364283098322,27.36310326447754,168.0030306871293,loamy,date_palm,2.8578217647703497,16.465858406537183,1.0,1
7.624230997269642,339.6370093493311,165.84775220116154,14.030927219461129,0.0056516684687152865,7.329164588653461,233.43946947042903,sandy,olive,3.1966348133297933,18.690370734682165,0.487089103870182,0
7.722016227452985,232.29831494507545,199.8576355069054,16.59221798456568,0.016623738637892536,16.206889113005346,204.45419003747088,sandy,barley,2.61694464708695,19.415163144670437,0.7828494335954509,0
7.028788415234585,313.925197457552,92.81835266655989,22.543098007423886,0.04964790865052139,25.43169172920738,234.79845756316683,clay,barley,2.574530336756854,16.820505746559675,1.0,1
7.389719813117551,223.37470780907853,235.40945465440524,22.354947801634612,0.03424290668342811,4.223286996546159,206.37054873391384,sandy,barley,2.8588640648445383,19.195251838066433,0.8268184653699079,0
8.140434734683202,435.08653677030304,125.66008515920363,14.021521436497192,0.03677368316356313,24.045202474524892,245.6488222785721,clay,tomato,2.126056735877841,10.340815615748415,1.0,1
7.205664558593498,681.4410706707945,215.59296497818838,5.307325014694467,0.01143294699461098,6.306228119031214,195.36051673829036,loamy,olive,2.4020514978061014,10.669146840112267,0.4897828871242771,0
7.802965197178888,404.7466698546324,89.57076267484342,13.528876114286064,0.004860321479191802,24.435443894574313,244.5325207244582,sandy,tomato,3.7137798997830105,27.36624589815512,0.858716092062004,0
7.322802808025856,466.5100441270199,222.02941480158756,17.12387074848281,0.014568182797305946,18.748027189149177,123.72548356141391,clay,barley,2.2018083843143113,15.147257015510945,0.7696279564877175,0
7.01818116196584,605.3520641404632,82.04701820261543,16.155295181961236,0.013196020874466408,6.603843753061147,107.87165212441057,sandy,tomato,3.6362527493732717,24.544836520622866,0.6209174081280808,0
7.361802186399312,505.33644204192814,156.3391240674959,18.02672211600411,0.012492660936654604,14.727271200651233,186.86877778057888,loamy,barley,2.67898702320954,19.681626808584234,0.6962542999196069,0
8.463810632365082,716.8674116127945,111.80151843471921,8.08151464946167,0.010444961772464938,20.775249827362376,247.52398086996624,sandy,barley,1.9283067377785503,6.279266449214721,0.7264439621565058,0
8.202305667824485,719.6214050274539,237.09381235704564,17.930701975614653,0.029163028842114812,19.381734125622728,162.6407870953595,sandy,tomato,2.572729131494151,20.704525209782318,1.0,1
8.43936496648155,205.9464172946922,115.50875112671864,8.653032374875444,0.017077070316249266,13.390168690719428,131.80650432894393,clay,barley,0.9316629761643186,7.779988756699076,0.598492466651273,0
7.731781065889543,666.8277838899195,270.42932659884906,20.01047961393498,0.041196905737328995,27.081629338706882,178.2312173790271,loamy,tomato,2.6189062755276233,15.44369234086959,1.0,1
7.164604298016255,476.4401601450043,272.95505285165325,11.7817522652536,0.010013423474521815,16.058639020147485,197.3197936868333,loamy,date_palm,3.1477074160905367,19.393162630242752,0.7231907258080199,0
7.821939233460539,793.3043247821978,99.11032880569647,19.197908667629072,0.02376672647255868,15.670151657331964,147.27680432738333,loamy,tomato,2.706447150570067,16.536359837838763,0.8864197022806248,1
7.681566001839942,489.9392455252611,203.46148625193106,5.957311978122142,0.0016692339848779192,2.805267108302174,207.21540377488893,sandy,date_palm,2.876366082031488,20.25027275984077,0.3112531385017313,0
8.266535624109423,792.1375672329785,71.92941042999108,13.157200511818267,0.024602433800304413,27.741491304131475,246.26717605685886,clay,date_palm,2.0520398092697407,11.24752045456264,1.0,1
7.147123871176367,652.7416167234419,147.8842749004073,19.100690445266654,0.003736072822947245,6.136380491672817,234.54446825659252,sandy,tomato,4.711611857518708,29.77856019001616,0.5556976507791617,0
7.732361705532667,349.16293076798377,228.33043237531805,9.537410326629882,0.04890845208175954,16.32199610966007,143.73780602682928,sandy,olive,1.526875243670615,5.09937298453389,1.0,1
7.225072997040977,523.0369875721747,214.85581171247907,20.90574089594445,0.03973901430387023,24.303460440608994,149.00855247168974,sandy,olive,2.824548532404929,18.67189639043374,1.0,1
7.48701389033509,795.2813836871496,206.175167351652,17.615594662098637,0.025015462355186317,7.248145031713656,155.7311836674383,loamy,tomato,2.9348054864295734,21.959352061747317,0.7549792748764337,0
8.1060356160817,714.5183646511542,120.6352159156109,16.751235442995966,0.005242780550788163,16.293825409154394,159.1829167590468,clay,tomato,2.5935655277926424,22.722792659273097,0.6120034586683217,0
7.71402719405315,258.42013627473267,144.50623735860052,12.070977084086742,0.0300298265987303,7.979862367476884,115.04792487899192,loamy,barley,1.4649119660007344,8.351975715320744,0.7272376036105509,0
7.563832427718654,623.8231980859977,75.73653617507155,14.64902940762235,0.038179423784392,23.031154936197442,214.2944258333934,sandy,barley,2.2821835281853904,14.209104990172538,1.0,1
7.591714417855053,407.34775152248784,229.75570510840024,16.946986019557063,0.010345145397232521,17.365893868321372,154.80088954160507,sandy,tomato,3.4926589999833073,23.371385693224255,0.7819077783235798,0
7.68917015260898,204.18935712820888,175.97219919781838,14.44924227829781,0.028842208698587054,25.823299951459163,231.97299650581783,clay,olive,2.2486392231680323,12.175453628412463,1.0,1
8.177524815755586,442.08858141619976,227.19140808641365,18.966266478811203,0.04089633402076053,26.942182083444102,239.0410934680163,loamy,barley,1.8659114307441669,17.67154149236115,1.0,1
8.338127033410352,340.8526530349828,112.2358811992182,13.673938662139191,0.0386441411046695,19.813270990916543,103.66469639615322,sandy,barley,1.165837817598701,10.159869566974743,1.0,1
8.433002029755892,691.3215623122829,131.10955715876656,9.045463634840607,0.04034660887549049,22.03634613860939,248.27546048923094,sandy,olive,1.6307713192220676,8.1156128619196,1.0,1
8.180355079382943,402.3983653074593,133.55383431502867,9.278675656020944,0.04408684781861627,16.927382896719045,206.50340972502767,clay,tomato,1.3358598817292575,9.145837076191015,1.0,1
7.473110343622019,696.5142163722903,56.43560243680405,5.116075376858822,0.046946423005814045,12.148433258954103,178.05883389894433,sandy,olive,1.6798419570923548,8.175211061059509,1.0,1
8.032202059129814,200.35876330087717,135.26196820765588,11.019154311173448,0.02087053660497326,19.795419767604205,158.429141255883,loamy,date_palm,1.8811348441011564,11.890004966641348,0.8594572319547755,0
7.656404686083087,384.6914900156715,250.82614337950838,19.978352809570392,0.02886968602362099,27.340370081132537,177.77771989145694,loamy,barley,2.236565068823357,16.93912507623883,1.0,1
7.382005933069077,344.69912858465716,274.32462393743464,20.88325417675219,0.03974231677623494,13.0837310325117,148.69370859676667,sandy,barley,2.426411440448104,19.535379480071214,1.0,1
8.261307369138883,340.14041664116655,179.55457890898185,9.049350841915,0.03515985088334338,10.117890764840064,193.40317205448224,sandy,barley,1.437960598028403,5.401251076314316,0.8447924263892241,0
7.057639523443488,240.91197185927763,163.87542380480505,24.180879937428156,0.04978049118495456,12.264671218024649,113.94704146671869,sandy,olive,2.778866561125401,21.93601705674549,1.0,1
8.352642988203135,312.274562246301,57.706154674842566,15.048055869602535,0.001670204904127563,13.626531276136388,193.16839043677152,clay,olive,2.103206815714951,15.918010814632781,0.4658402443418373,0
7.6922161969371015,533.3297419313719,269.8010843963457,23.339574980370053,0.018401527550473744,3.13326984035377,141.30172752076663,clay,tomato,3.0420955534402565,25.755508489997066,0.582055954339402,0
7.955802215212421,374.81664370264673,53.25255335646818,19.135305637232623,0.01477036838723992,15.454813372614838,102.64522435785196,loamy,barley,1.891165788097634,15.622461161731586,0.6819450563087064,0
7.989030883308674,450.43686939748875,286.18752005255294,19.44866846044826,0.013853476658111197,15.335113193451729,182.90586492443163,loamy,date_palm,2.7644707116838796,20.891685721733523,0.7356620706754129,0
8.342676611059805,426.1201282083131,172.30406217202267,6.700872426121423,0.011903959342445404,18.06487100157517,186.76716337790447,sandy,tomato,2.188401224112067,12.363342443619446,0.7149289080971498,0
7.955004523250811,725.5429549999368,135.48362339368165,9.399822537938613,0.035747068199946226,11.521780883668614,163.9853507067304,sandy,olive,1.7049711232103952,7.646390565610344,0.9030393305293973,1
7.920900377140093,743.1793994063092,281.054608710665,5.176296665889453,0.0051532141904907704,18.7801202827121,110.84293488254752,sandy,date_palm,2.007508677728636,11.05263083966126,0.6135013127298945,0
7.0999780608410346,495.77418299351604,56.09774827752418,19.32255280953475,0.03733883286322358,26.468272997951885,234.00144292062873,clay,tomato,3.4231215326855153,23.868968307256253,1.0,1
7.777612032917806,398.09357018936265,195.35622371727177,11.888765768570199,0.0349778662587974,28.708658724359765,191.71462108418334,clay,olive,1.7002521000249362,5.130652216328084,1.0,1
7.225253501225563,264.08042240141816,187.23313112483442,20.733050321526935,0.013289402492543925,17.92475426809044,117.35699493534544,sandy,date_palm,3.503254857450716,22.002622277000288,0.8380965113460249,0
8.106150653082228,772.041727629257,104.83010030284552,11.778724398740525,0.013388855375092903,2.2351376651390797,176.63958648912217,sandy,tomato,2.6846685196828823,15.345003401685126,0.4603090655038057,0
7.7683328812190116,236.13616694017847,157.22185783755265,21.38667504597722,0.031814168681880604,29.10784392074616,174.58814739227074,loamy,date_palm,2.645710717217882,16.4451171514202,1.0,1
8.02034166881253,378.59016654096826,213.06600148594256,7.61396507496626,0.03834638416870022,21.46999976599143,109.06028031893905,clay,olive,0.7689382876686414,6.075598272290667,1.0,1
7.062509350903577,378.8397207020025,231.78279922048188,8.467463135150163,0.043947795041280914,10.74294580805591,191.02895554044213,sandy,tomato,2.8010750211152886,15.512934811214826,1.0,1
7.127188024068705,392.24077168412896,50.179214676644946,11.81753079167873,0.042754838628869314,5.267573327947978,221.24895983823467,clay,olive,2.2084494548595472,12.677839346871528,0.923350002380763,1
8.074485082094023,298.57210596344555,284.2133575227538,13.169747777645465,0.04827926671402881,5.1591397548519735,212.35120813727173,sandy,barley,1.6440907566503626,7.384818087952049,0.9588990563395006,1
7.10812650399801,669.8968585542183,91.1313430982031,11.974056216859568,0.02948785987148905,5.864587778048479,130.4454121246275,sandy,barley,2.24497082970587,15.735794381712545,0.7392073200097748,0
7.106885091647888,273.49871717959354,108.3951085555898,20.2729406504644,0.045524122505677625,2.321603126800789,229.34387943313172,loamy,date_palm,3.153815844037827,16.149583377816043,0.9815991676442064,1
7.018162712852331,580.9439954918977,115.86836142346206,6.939027852534294,0.04061715038976013,27.162471470934435,151.38132484890264,loamy,barley,1.6617376055875532,11.306549410271343,1.0,1
8.43475209744922,274.3076160234905,59.45503413800883,12.024340392769762,0.04483871359138667,16.682278751992754,241.9762567437912,loamy,olive,1.3867657574980323,5.890433991104298,1.0,1
8.10626253918851,242.32138255577394,80.76303089758123,21.744799990309186,0.001569703462982965,21.29882296870128,110.76219463385706,sandy,date_palm,3.016304359175106,23.09840100201803,0.6908263600527786,0
7.529877112753097,745.6577022115259,296.5874807360405,6.33594154524344,0.04832924660142474,25.015146768780916,172.93130327797638,loamy,tomato,1.6251916642482194,4.96872257820657,1.0,1
7.444803371931483,314.0772597912234,128.80418434432153,23.846870153427147,0.024202977979477437,23.954689183662808,189.56865657663238,sandy,olive,3.3387532349540554,21.666001609996037,1.0,1
7.524554844618774,692.7500927358226,78.82527258476233,24.726336845440258,0.0401109664891673,26.595563088136405,137.1475147711907,clay,tomato,2.7569454949248047,23.514391811757235,1.0,1
8.161980296771773,526.7785226642815,76.74781529365583,6.771363476501602,0.007233001847551263,29.050384053223603,215.70702830803415,clay,tomato,2.1126872109141877,14.126470521985427,0.858517685650876,0
7.992055916605621,246.71391176526177,229.86499191749297,10.82545044511474,0.02040111369488473,13.733047827516247,194.03435197160755,sandy,tomato,2.6616381352592766,18.029200569013383,0.793608712794338,0
7.277793351801202,773.2689148628405,263.6421660081602,12.448013320707123,0.014301572488028557,28.559728533383325,102.71641559319333,loamy,tomato,2.7026360952082333,14.614890011399616,1.0,1
7.261164003001126,348.1767001951355,114.23807487711747,20.52782737305452,0.015291279754545913,21.975408501941676,191.25528860443538,loamy,olive,3.1731892879136288,22.90982506734336,0.9227325093901125,1
7.147593474570096,715.7872072115639,55.227378083808745,16.918536242334675,0.0070395253775932054,3.0493775189342758,173.72173516276695,clay,barley,2.677370006831377,20.492369371994243,0.3807700315890937,0
7.990454079552007,301.2860034707385,105.77250461133895,17.887314009851348,0.04048242779460735,20.771710515158016,129.40438025552615,sandy,olive,1.9182489223349592,13.239440483254288,1.0,1
8.146558993332604,712.3657292851117,64.12892269918933,20.150196456370118,0.00145287341447283,20.91478312854061,249.36223405892943,sandy,barley,2.9785664652491826,20.486876665210676,0.6783740810078392,0
7.397569642487506,207.9372877431764,75.84873415751038,7.3595799887405144,0.016312767392274923,27.269956349983286,234.57432922414225,sandy,tomato,3.3241624603315665,20.08436760018782,1.0,1
7.0314174415463695,507.0682739416884,157.87702996191058,21.66418913820525,0.009546116617604336,11.815031841632669,143.8761542543595,clay,barley,2.8378582505774372,22.143455411979158,0.6065210461429134,0
7.123257501214641,661.665547652934,107.47959271540815,19.11239608360288,0.029862908089808685,17.962433507882718,181.16063811979245,clay,tomato,3.248019351416698,18.98883631025777,1.0,1
8.451790052267546,760.87731049567,178.98646963135585,16.546834503927407,0.013458367728112649,1.3534389793405328,147.4753209865436,loamy,date_palm,1.97954600667128,11.460125983010773,0.3873079760422028,0
7.4431671662161305,745.5212817238922,113.3734383142976,22.794706695661134,0.013690924271876886,10.630182023258744,216.32436274541172,sandy,tomato,4.3451423964675415,30.0,0.7655788962607315,0
8.1538347217572,691.774921728587,285.1343252757369,19.00612707767614,0.02492856905577062,2.805068058604647,239.54971497946826,sandy,barley,2.444829336933064,22.234652078421714,0.6256162439632974,0
7.936995353281396,732.9148097967825,276.48599198156614,9.033999252620507,0.03298176292770536,16.134316210182014,153.82429103715754,sandy,date_palm,1.872122856080174,7.645529141985975,0.9671825966056347,1
7.572909459479344,319.5318115022459,191.7015262526165,13.594907621513334,0.006943930523693018,24.705981864701645,220.83763737154413,sandy,date_palm,3.434944112700304,22.25918466056348,0.8730741241654525,0
7.308530893293333,370.5105774270372,138.60599799684655,14.880857338714666,0.009600061170809311,6.986838071743,174.76113140698072,clay,tomato,3.2133973911683174,23.280318332429676,0.5408094702904651,0
7.182079627239109,373.38111495263513,145.28672050868389,6.104352535008113,0.013111562485131362,16.295790321175577,159.4867841967366,loamy,olive,2.2558001215902546,9.870280841238781,0.7030532534277023,0
7.9225194520582995,426.2323586010193,152.96307078612423,24.092750267201115,0.048713662491780066,6.916250458812245,240.76327781481547,clay,barley,2.058383334261513,14.097736990839959,1.0,1
8.161950670956681,435.99240223111326,231.894830533736,7.57154521593757,0.0204604724972031,4.499965567540972,176.5607033078547,loamy,date_palm,1.648158867064733,7.503047613455579,0.5287591081740446,0
7.9658563803116955,526.7331947928053,162.90974887970947,18.949225344534536,0.0303505144409203,15.81890696609593,170.11157503861972,sandy,olive,2.4078160027974085,18.553072097357923,0.9642611361595157,1
7.795453199873737,295.92785801986486,264.1824866264743,15.124620721817603,0.012835597823082918,3.2953100075421013,200.86516029435145,sandy,tomato,3.3824742341041976,24.329704815647858,0.5290381062254217,0
7.062926835147454,614.7479982715936,286.02369648259116,5.512644997688452,0.02503251673271691,18.033284303001693,139.18513015274266,sandy,tomato,2.7308310574232624,13.674034142383471,0.9546199216446485,1
8.452733166391576,300.53992358270386,133.98653834473345,23.494949517287232,0.004631839544911944,1.9087863596250618,148.71893061824736,sandy,tomato,3.2381619601403644,23.442137515137315,0.36670627717740956,0
8.198071287481863,386.1850892627285,190.17362034392002,22.036736176378664,0.0027023651501940204,4.09473418418289,239.80687543579342,sandy,tomato,3.970481057726779,27.51128136831026,0.4400686455547104,0
7.439233055051447,502.0070783636924,73.76413420814112,15.48515855807671,0.02396794281425155,16.949927079133378,201.77947681554136,clay,barley,2.2115354375125094,13.59394930087457,0.8754405187974417,0
8.469955494038276,677.8643369140864,100.11726194158975,9.578846722788905,0.020534305088402195,18.150814974068503,223.99557216565086,loamy,date_palm,1.7688639839166165,8.667890376612412,0.8125399945207323,0
7.902822384454483,643.6815399432364,153.36644167754002,7.432457813601885,0.007707135664899557,1.8406209727189844,140.66676429031446,clay,barley,1.4605926024654974,9.301156169641356,0.2692668626251128,0
7.873633987310869,587.3206138463133,101.55067897544471,12.267849588642532,0.03469247001711596,17.627926852045196,181.5685284894808,sandy,date_palm,2.2562727303324355,13.868909454331321,1.0,1
8.122109769144298,293.4639563481021,269.1401226971794,10.10856562092181,0.04965227105406396,25.316573234385473,245.70944004842474,loamy,olive,1.4443279011007144,7.280353537322939,1.0,1
8.217654682135207,528.2272073693466,89.57156401477451,15.133824020125974,0.02038669423863891,21.947169141524665,147.80558485423265,loamy,olive,1.7651997349977782,12.824394130036369,0.8859597752098992,1
7.984717910997254,252.46790107993127,163.915205388273,24.328185922468577,0.031603373159952326,4.80436801370316,124.07147144755628,sandy,date_palm,2.7062273926479508,20.21618168988268,0.7866361490851841,0
7.1921436195493005,426.41790607799044,201.42481011496892,16.499069864592826,0.0481858211758598,18.18176477934483,176.6329012336996,loamy,tomato,2.7068128546649173,15.152008511396179,1.0,1
7.507401258991748,448.10991817397553,222.9659770402111,22.798621117801957,0.04174521364989689,20.49532250215219,158.17316330873143,clay,olive,2.2679578034204386,13.69029302090074,1.0,1
8.392125460489074,223.8868636674523,145.76734243162667,18.017576749915545,0.023714058941831602,2.0797048508164613,123.93658491800703,clay,barley,1.3164803841213688,11.738296520355647,0.5026234118735128,0
7.336923417765778,364.39285968198305,267.27476718118214,14.504930531744009,0.03713698473853605,25.805082391825056,233.2827074055052,clay,date_palm,2.6118740339437054,13.980392737653226,1.0,1
7.55825053575627,773.3896803598936,192.07978776948138,22.092151254667424,0.007278616972275677,27.281754521405077,248.60858658306668,clay,olive,3.32639924014485,22.04630856704478,0.9209262842238246,1
7.648115324416294,772.1795646978137,159.87694511188795,14.42736220345995,0.026093088917726163,25.663115927505498,185.28732710349965,loamy,date_palm,2.476896762821291,16.287530937948986,1.0,1
7.6591074845416784,411.39623255152355,66.81015851300916,22.37256341020722,0.01467395358181689,24.914312571684285,216.2015152560181,clay,tomato,3.5431155859474117,23.97374786280117,1.0,1
7.9194093737417885,225.86006536899444,166.17236711129124,10.831535391515306,0.008897020706911892,22.603990755365906,228.85575543194494,loamy,date_palm,2.618773286270872,16.992286359786966,0.7950369886126663,0
8.414613756617062,307.45696359690896,255.18396020393257,7.576261475259763,0.02188776440647221,19.369528907176843,205.14730090327404,sandy,olive,1.7108658996088622,11.091333277639851,0.8525763162093289,0
7.361039067748758,435.3306760601241,203.63525455532886,22.106289287258768,0.007419713167247107,20.680183144659306,106.62340736675968,clay,date_palm,3.0494957641779146,21.447545776777908,0.768859021536126,0
7.182252064451377,768.6678187815379,258.0406134322796,16.748303275853335,0.035250270300549794,24.38546350671451,123.64513475752267,sandy,olive,2.572316812766716,16.22012090826588,1.0,1
7.296205734789906,284.719438122311,173.5029176498264,22.781847964979203,0.02335576215861344,20.212455292477834,110.64837867270796,clay,olive,2.5660729402580986,15.98668190796011,0.9598713734494062,1
8.330387350313904,658.1095062009274,79.61542627362046,23.756544139847662,0.027026086995668528,10.504081743780057,101.48194099630848,sandy,olive,2.127970733207908,20.504928803630303,0.7857105984672617,0
7.968716218982809,265.20952362481523,53.409961458970265,6.0725678074289835,0.008172420994739693,11.902871962679264,145.89946131358548,sandy,barley,1.7598869819393625,7.693086939416874,0.5014347127298296,0
7.42886018385874,788.7545464347661,125.8048866796478,15.019386037177366,0.00784881139358123,27.014666582796472,158.85339407223395,sandy,tomato,3.594438909159834,22.16542849651724,0.9455806152924346,1
8.223920408452926,428.969899465481,224.4976178744481,12.499290981490585,0.029587356327746082,1.4965404881176951,136.15445985038886,sandy,tomato,1.9918155657889398,14.676818396294237,0.6330863999416604,0
8.292054994545154,665.1407233394336,247.56497598542344,17.51716794140234,0.04926547764364287,21.26579685608418,109.69069721294814,sandy,date_palm,1.5185830154438908,9.204188637254132,1.0,1
8.269771508035417,405.5546496866791,123.93820865508235,20.87182394404647,0.005716278578648555,28.688549020331248,179.47946362550164,loamy,date_palm,2.771520374445891,19.23990821938259,0.8812367890420245,1
8.378389800459331,576.6013262952852,173.91348022081178,10.61180431948738,0.015000839999723282,21.480616928781235,140.99789799357126,loamy,olive,1.4389691087751688,11.365629736271538,0.7697424672734875,0
7.378361530260042,315.209650844022,155.2797261085204,16.135967687463435,0.043603496710356494,29.82344765872168,219.40557322953435,clay,tomato,2.6885121227763773,16.91766294213398,1.0,1
8.132562893119417,287.6126115781775,152.63069608785696,19.17457159809799,0.0045413286005066104,20.938802260321594,101.20789324379218,loamy,date_palm,2.375600563159093,17.827325916253535,0.6769440192667585,0
7.69080924591121,762.8384837408788,107.83717830003762,7.68862165671468,0.043918400346980614,1.9965278472889711,226.37905769314153,sandy,date_palm,2.1584169026200093,8.42584009952706,0.8713799143600894,0
8.262997829335092,750.5883667426601,84.09277625736459,21.281338119025335,0.02669001318536281,24.983286567760782,243.21305184189356,loamy,tomato,2.93849642301079,19.665198102891633,1.0,1
8.09273601574242,732.4813641277294,99.17213955780328,17.12219199705946,0.02100507192239487,9.254267446240254,207.42025947303543,loamy,olive,2.270142566146912,15.685034515946796,0.681772833052481,0
8.164671169749587,575.260070099956,63.83309679083652,23.990748742273034,0.016174347653221337,13.935659544268788,210.04660978938497,sandy,date_palm,3.337899493081131,20.88242004314912,0.7883603651301863,0
7.984242756521607,684.9609267297669,99.53268545589427,11.790578382613866,0.015558740748264254,10.05066556130538,240.03434674040997,loamy,olive,2.309037416476311,14.34269663836448,0.6191174157681764,0
7.266143154204561,241.42216214682495,52.30022440634487,7.162918846743973,0.01598432654002446,8.788069080080703,131.36069279505236,sandy,tomato,2.8247730487389147,18.958428524756016,0.6415081236010942,0
7.817540378345408,400.8734251344075,206.81460015899458,15.130024020738507,0.044355350967049595,13.510765406423776,249.1848352312865,loamy,tomato,2.53510355446011,12.500052349417587,1.0,1
8.477004609286762,388.22187485429373,129.0938518469207,6.716215434188777,0.03646596627856449,11.98379200477954,216.0221805067813,sandy,date_palm,1.5093768971429862,5.419786844594465,0.907415486045497,1
8.406082099745678,581.387193171568,293.28617785672714,24.390530466480136,0.03381642738372638,19.366818873435093,208.98560624916905,clay,date_palm,2.2628821949399422,15.321745096526339,1.0,1
7.064760603695517,413.5746640823843,98.42926269407447,5.773699165143831,0.04013870829864804,24.58138482863781,154.1635868492939,loamy,tomato,2.1151886822708694,10.095876100337783,1.0,1
7.2472222235941555,289.1040689862085,136.45714257739849,20.070078022146163,0.013598618487203104,9.615570942429983,181.8666228108416,clay,olive,2.9937876467635913,24.043502310240868,0.6357937078977335,0
7.197593160181843,557.8802452481262,139.4602896603833,15.50204796284488,0.03128409779200603,7.197913431838505,198.08766824100206,sandy,olive,2.936804734990108,20.11706875924314,0.8481641143160691,0
8.088969864977944,688.6303524014488,52.112874015615134,12.372413049965774,0.0235432457089396,20.339962855239925,193.0514291975824,sandy,barley,1.94900501054224,9.84364452401623,0.9158683435822716,1
8.226677994785417,429.2740966759839,259.80198825986474,6.316843290173093,0.03933964012480948,20.439281909092667,205.7476957716371,clay,tomato,1.1875366535328573,5.530040032246497,1.0,1
7.320267049466008,279.36122905908906,57.998615036081176,17.443338483472154,0.01615354941319099,27.132805939298983,112.35726086176159,sandy,date_palm,3.1120121840285626,23.789541440641045,1.0,1
7.758779039427743,318.01291838769384,285.0449586823104,16.704406587819104,0.032515752226624894,1.4624249071460147,153.3472649247545,sandy,tomato,2.7739949325818714,18.319488290794755,0.7389043761488434,0
8.261054542016801,342.4899831016304,273.01858777340516,10.617665461351995,0.04422840817904836,25.738179201378788,165.10000248932158,sandy,date_palm,1.5060629572266517,8.311359519456772,1.0,1
8.099202317149375,379.93855579672174,183.88047902149088,23.204434028206244,0.02070537333355151,16.10906301550235,139.09439468124498,sandy,olive,2.594268694708069,19.23929459419737,0.8403033558899651,0
7.813355808237772,585.6770423037855,185.898893727823,11.082200146856739,0.004264482281005611,19.017760585990867,125.89409054038356,sandy,date_palm,2.5942709862332913,17.418006409395915,0.6518641248335648,0
7.885521535688159,560.5672907226315,213.44448073903908,13.994508211842122,0.026286490294747847,3.6497717762810282,120.83912198692943,sandy,barley,1.808747161379721,14.485526421573478,0.6119925628572159,0
7.76254082037442,617.6479169402235,146.76250298372173,15.875249118373114,0.017952651902544272,13.545833053289325,154.95750883848777,sandy,olive,2.5582167969444036,18.002336378674368,0.7448637833595029,0
7.446322676978231,417.5011907189079,211.80557084946386,7.004637563525722,0.03393904364681157,7.59176980991719,174.01625508438488,sandy,barley,1.8490684632431855,6.156743464885606,0.8088465279599724,0
7.847532989288524,694.398591127987,61.19209717212172,23.643234384272645,0.0476006133126817,8.372525872392764,109.4464660219991,clay,tomato,2.022945282578281,13.899875486760351,1.0,1
8.033327953075137,322.45259669345614,63.51190683743164,12.490723049020822,0.024794807581845504,15.618758325604794,241.96871418858242,loamy,date_palm,2.350401283765856,16.687373958031046,0.8723293829410469,0
8.309984373791211,481.4244485108924,164.3076049048861,6.615584277486873,0.02384332127762116,24.561222561690258,214.78649842911375,sandy,olive,1.7460136242093887,9.64145634498177,0.9885553603348736,1
7.954437030968872,680.5632329248582,187.40557527650873,12.745823473506599,0.033074655209381555,22.56964697420083,209.62776597782,clay,date_palm,1.9116300602704435,11.587138326302854,1.0,1
8.141682305564737,308.0951886395716,271.9544100839547,17.004050941851613,0.006071377676084817,18.138998813492663,125.92907874830904,sandy,barley,2.1736035470512403,15.954469277894965,0.6277389251752248,0
7.240107452431859,265.9178682444698,76.16515847697406,15.273053436426592,0.01342180325732572,16.643127589850543,190.57011520182834,loamy,olive,2.9087117551027353,21.687798185420615,0.7668865410651156,0
7.6923362116296845,730.2103806127939,255.66198179847234,18.89083948074548,0.04602998694951953,13.391875253800208,179.4587420213001,sandy,barley,2.120647833591382,16.881401460947664,1.0,1
7.01399742974064,405.75779765551755,102.5118343230174,6.109678841358212,0.03382718805482455,29.208589233280204,247.37032686800407,clay,olive,2.2656906599325097,12.915984276759444,1.0,1
7.370018296782434,610.3220749454192,148.52091212750798,10.690812205441123,0.0016587581551873965,17.245584072792767,212.1507655120237,clay,tomato,3.267615311228269,23.3337088656898,0.6312022786819278,0
8.089692572669508,215.2091625583631,129.15060870685323,21.384611536802044,0.011026648155391974,8.36502555105444,186.36428255743468,loamy,tomato,3.14713330050222,22.46943382016039,0.584470897392146,0
8.487714927024046,614.0281330456698,150.03881821634974,6.597873755827218,0.034459026035416056,7.672632969161148,227.6218999705183,sandy,date_palm,1.6000924091621338,6.193370749852143,0.7983454426474345,0
7.148767149380824,389.66078692818235,87.62387451814638,22.10971909391915,0.03845556092556614,18.729237892479112,123.26414062910642,clay,barley,2.16430101968823,15.507146296453827,1.0,1
7.602241473791932,233.44451215246505,175.89251860088874,6.837921841542125,0.04215311906102805,16.161998292016932,102.28247945364657,loamy,barley,0.9871489327559885,3.532747978246495,1.0,1
8.20010645304874,565.8876569288702,250.4106474578418,21.689084297833926,0.015316663365720198,1.2232362856866708,203.5350000121785,loamy,olive,2.5526016281775323,22.769015083699728,0.458422806453739,0
7.306053451943348,344.482289643904,160.38350259472423,12.215768021574533,0.04662040121760057,25.0718957936776,114.74671903558561,sandy,tomato,2.315314668678852,14.13261390920085,1.0,1
7.832627423953429,432.084345231128,172.65339397454977,17.244181265144316,0.02809439778531673,21.419548272740606,117.31504599752638,clay,date_palm,1.9175598321299345,14.752970662684717,1.0,1
8.099606944044512,248.34848737190816,262.19189632032857,8.057742312959963,0.03513041209700676,20.193049400665,211.70210896367956,sandy,tomato,2.111617543704301,7.40576990231104,1.0,1
7.9239781753902685,288.2979506569672,226.5145286595077,6.3233744345036165,0.03024020427621549,2.9946390732321095,140.58022662009836,sandy,barley,1.384485276000765,3.0517120369899717,0.6242546676879357,0
7.282037101923124,378.7863412975063,172.61360212994617,9.318764080402701,0.0070142626790564025,11.49961965500225,194.29468233533393,sandy,date_palm,3.261152753519325,19.812768621455476,0.596098553567437,0
7.533076853028609,253.8557003360943,114.42391204729492,7.55707635817391,0.04819261830985912,28.1260855612508,237.61103891391227,clay,tomato,1.9213991129279118,9.571090688124645,1.0,1
8.175687676728096,746.4957588117892,271.23168671124165,11.248117953592637,0.007020903414813481,26.01508799889955,147.47117974567874,loamy,tomato,2.197529719518247,14.625671339574666,0.801417688761653,0
7.831339771198025,203.62822591038704,194.2551004226396,15.287664930220403,0.013489215864147999,9.28074519821647,132.57162367598784,sandy,olive,2.445261879951783,20.822262795389086,0.583574092322692,0
7.0078444203143695,490.3161313185868,105.28690252767335,16.775189271300192,0.040867766130926034,5.554707638875023,115.98443256115776,sandy,olive,2.5628026602137832,13.27243030893552,0.9291348575584937,1
8.14148614004214,273.94847487953086,117.27993815950259,20.797362147594857,0.03131125111355397,14.023550757888735,119.56935421295891,clay,barley,1.4906471090541253,10.224351393961973,0.8693915505854143,0
7.052967032410359,384.6074536867691,250.78327223406149,18.12479786496717,0.0420693091034415,11.319080981362166,109.33340430682641,sandy,tomato,3.0604741025220545,17.01679679930435,1.0,1
8.118600674096848,755.6357358909593,61.036390521863865,17.17516650259106,0.0262710732303282,20.78456492447374,113.14635682446102,loamy,olive,1.675939770393726,11.218063703589761,0.943832578575896,1
7.303720840247856,297.0167319643921,298.023046757205,13.235640549715493,0.01947266853296511,29.02660949244527,164.8006883213731,sandy,tomato,3.342854198078649,21.11383209434689,1.0,1
8.43711022017907,779.4993918309996,82.58791992869794,14.476168699202773,0.04617042947784147,11.527042049494282,148.12975675359547,loamy,date_palm,1.1397343540220644,6.028672598320279,1.0,1
7.551911126953127,323.47662619365303,249.01713134923435,13.290416587803621,0.0027763635582249476,2.804501006915018,205.9841221484497,sandy,tomato,3.7563473199401582,20.72458595644242,0.3982432591068873,0
7.490397424507119,644.9396650800977,148.6938291929207,21.843320601227664,0.04295038079729925,27.030806241929174,230.53624873705027,sandy,tomato,3.614345909048677,24.29717661939476,1.0,1
7.223332075498667,528.006358938387,173.0540458218667,9.600009050967998,0.012310071474201299,2.100542176956253,217.71598047135762,sandy,barley,2.735742019978718,12.767802720716396,0.445521277250442,0
7.458406323235322,730.6872365580555,270.1626443661445,5.1144186308392925,0.042588080059944425,28.63021101744666,179.59558849984785,loamy,date_palm,1.6349920406186957,3.8194832034133346,1.0,1
8.314976142742301,532.3959533018785,153.2277973973033,18.026397944524785,0.007820634057427396,20.272803412262153,115.36631743489801,sandy,date_palm,2.4750240553539475,15.558202907349177,0.7207675035349698,0
8.494501506440871,520.7355314937852,184.3734384183086,9.049243672776628,0.029430729220836487,28.308987044816526,206.46509259123303,sandy,olive,1.591064293753336,9.04618856993543,1.0,1
7.552464295760273,317.2748002210399,62.324915602292485,22.802302726196185,0.04451728803156213,6.79013091282037,154.42430870903104,sandy,date_palm,2.868736760865212,19.38497151595074,1.0,1
7.6729159464318135,299.7376172309952,50.58686846686329,22.180926594133123,0.024203442698045637,2.1802940623604212,112.84755908731152,loamy,barley,2.1354226019803635,20.962048019783207,0.577491329876322,0
8.083106407304106,749.8934906693086,111.19996825043148,6.534547438564118,0.03758176701636626,15.158089370018264,226.36996108189385,sandy,olive,1.7058021855527066,9.212306513843656,1.0,1
8.329293670697611,396.70291931002043,220.14577322969183,7.127768108281547,0.04042890927492236,14.068079022533631,150.73247757737585,clay,tomato,0.7911784227926828,5.647400796468198,0.9510894933979226,1
7.889566501280176,423.24935297773754,80.31622333978417,14.903431844933326,0.03708821622712218,10.613275924391603,132.7373248767357,loamy,date_palm,1.7649225104644037,11.65438297018012,0.909782562731817,1
7.587288547266744,655.894195057033,78.44048970113735,17.184453255387094,0.04634115710685532,28.772037757272226,230.71780969282648,clay,tomato,2.565602716604228,13.11381553230932,1.0,1
7.618932761272935,403.2940894536844,152.74015200897583,10.498166749644815,0.022894877295476505,24.854928232681534,235.32008026705074,sandy,olive,2.653446651386064,15.43322743122759,1.0,1
8.04342721974521,771.2374679834016,211.95925965205663,19.335954333987413,0.009483146519092635,20.185878619892204,150.84562557873397,loamy,date_palm,2.6289787499303836,21.11580284611223,0.7562830701786643,0
7.004827395406418,642.7566613992801,228.01799806198264,16.89832041837743,0.0033427421214215097,5.722890457497004,153.220212892206,loamy,olive,3.209283530810111,23.879086373762526,0.4213416234360716,0
7.929384006189761,558.457545544052,94.61266852459369,11.496482194971094,0.013076533612237751,22.295378838337218,186.9442791374716,sandy,olive,2.4194724501890597,14.443477479493277,0.8356133769654354,0
7.533239515662036,728.5370963268515,69.89703684301061,5.507429760846312,0.008016677690131865,22.083361186291995,210.01622407159874,clay,date_palm,2.3579619136441576,14.168686651110924,0.7505543421693505,0
8.191295996915626,229.76354500968966,285.099258486386,20.003005625970353,0.028339488330289545,13.326977034864216,109.47238028602952,loamy,date_palm,1.9004872423350851,12.803633687352082,0.8436708450384343,0
7.1394859597346985,354.2376153135252,115.16659564052543,9.295073316501654,0.01006232152337487,27.818791381706397,189.00154857827076,loamy,olive,2.6898769436261962,14.074626704172724,0.9225008059748467,1
7.882303400422586,479.02180053254597,263.336624402181,21.689474869252567,0.002907751657179188,5.842358584641303,242.92300926753722,loamy,barley,2.926787206510069,20.787381391762484,0.39460642307131943,0
7.721459334829186,336.1871236829126,265.87286261570455,13.405805201085103,0.0027635016145647253,8.752789309938265,139.31408457699305,loamy,date_palm,2.6053293582749713,18.16187068746602,0.4249346590792339,0
7.963488288857841,646.3431123812911,243.13064794063612,16.54154885263531,0.04174690541987822,2.8335058382683758,236.32408211454006,loamy,olive,2.068384602246982,10.428179300148607,0.8483444662432994,0
7.0972803917244525,751.5248186322351,92.20840166314252,22.45897460818004,0.02998104664070822,24.068077787150038,242.52525111446406,sandy,tomato,4.419263383043275,27.232313314675554,1.0,1
7.869975681142197,454.26207195855403,255.4503648135501,22.272460018399066,0.018546179792775532,19.03102219676652,140.37304614566347,loamy,tomato,2.9655704292755916,23.688051277287947,0.8960587751690108,1
7.842226881939285,405.27956006713697,242.31263981039666,12.430391504871466,0.0448171740942721,10.133268864756236,213.1302798828026,clay,date_palm,1.750484892496374,7.1846042988466365,1.0,1
7.840990141624257,776.9304392825397,199.18074752655428,9.177777854296863,0.004439633958977967,5.750596244235146,135.816251247934,loamy,date_palm,2.1649794485203686,13.043420921414157,0.35480479015100186,0
7.905231499894683,466.9114596965245,134.3005087922382,20.50292155457189,0.04903578156366347,2.164285330833471,210.64167425981992,sandy,tomato,2.854179400061277,17.711750019321133,1.0,1
8.014701905839544,493.42904026956995,115.62715106663603,13.661604072042623,0.03119829772246859,5.835621490152161,219.61299569332388,sandy,olive,2.282033743668169,14.248754377975567,0.7672495951335256,0
8.207483499521155,410.98992340514326,80.47230302008974,8.840839871180082,0.009989748444473576,14.145254743792087,137.0808555565974,clay,olive,1.4000729015473965,8.539144430150536,0.544757153666737,0
7.404731080192321,745.729083807283,177.43926672521786,23.088506846343005,0.03427438584987146,8.168132101307577,207.38043153748524,loamy,olive,2.91293998731672,21.94638422760397,0.9105136287595612,1
8.237574115270093,541.3732899691104,196.31521887746163,8.962083884821748,0.03840568172939457,8.510483145527035,221.81568082961348,clay,barley,1.114767459390066,6.499007279509023,0.8354762856026646,0
7.747383523395181,657.3047523089867,139.8347476289468,5.516143363824622,0.02203779638516795,26.391714633363716,153.78683081603677,clay,date_palm,1.5523640104391732,10.044210967932326,0.9825903592799275,1
7.115587418701497,687.0840310105318,168.83976692021713,5.405599475348399,0.043219997706031826,15.938992530371918,125.15541639845904,clay,barley,1.2089188452882287,3.7216303972832003,1.0,1
7.087826393865969,405.1094251503549,140.87861434231667,17.446307129085284,0.008385887957527045,22.148307220724025,113.79468509762704,clay,barley,2.454995681090943,17.389274842423436,0.7651541182646617,0
7.501357478044091,460.216598792228,210.25151433017533,18.233501214350607,0.014663041595302809,2.0356175218161496,186.3072555414913,loamy,barley,2.5480795826044473,17.202230195207953,0.4645043409742209,0
8.177345465667202,709.0830646437588,275.3148019491408,11.220834101139678,0.005581125717615499,11.589737314662832,246.714717897357,sandy,barley,2.387992273802185,16.484237473563972,0.5065510139616639,0
8.061521402111374,417.95321100548614,90.98006551173623,11.400219784941267,0.011333014189760255,14.895911074467813,223.44254800333243,sandy,olive,2.5253485216288336,15.299217537522106,0.6699413160660668,0
8.18292244700861,676.3610800711108,145.35220247578087,11.789878301198854,0.012697711783646107,6.406088801095356,165.3759458401829,loamy,date_palm,2.0173782573923402,12.394731873715054,0.47997771336798595,0
7.775903584662414,764.5953935446622,85.21715098771533,18.603170935177573,0.0459640263551638,4.485554701920622,180.4931354282438,clay,date_palm,2.011517792260533,12.005880171366671,0.9400929127467121,1
7.660298496933236,573.9262238408041,206.235942601958,6.162675820536572,0.004827374748806654,26.238809576495434,141.92918281177285,loamy,barley,1.759158153691503,9.410742651542975,0.7379194650573289,0
7.221178790059426,644.9763724711333,232.21762737214894,23.582327053826514,0.021943340889197763,28.2435171858941,124.45988010400953,clay,date_palm,3.0485720913099574,22.879499414686077,1.0,1
7.492289130413967,683.0583872246809,282.978183149364,9.45042088354893,0.027087535674118736,3.285394243316815,172.312173734841,clay,tomato,2.2116049246483116,9.304273044161135,0.6489493139499822,0
7.651029049260813,707.0237893379856,119.71798156524123,24.993464104841845,0.04503595963630588,11.12154266373085,169.52523492507777,loamy,olive,2.4256915887811314,18.228280207161735,1.0,1
7.132900644519426,437.0320027140776,287.55280146635755,8.43045387574374,0.049887114714399466,28.79028321618974,178.28949292056404,loamy,date_palm,1.9725330759683064,9.599232979504983,1.0,1
7.330917929066817,230.7580755055989,65.81566795516869,20.43092914624755,0.037916017631071955,3.411690260841482,242.92068783459112,clay,olive,2.767404492072916,17.05603407940181,0.8583664290487423,0
7.897337941095608,441.1257627420437,200.75346584114703,9.468250898592501,0.04856875853788245,19.665599813483063,190.58429502171583,clay,tomato,1.4181252064679923,9.865124417201812,1.0,1
8.103494671358785,604.2537378704538,64.2831798358325,6.6169360328650795,0.03956795549425782,29.19441975804316,190.86577549335607,clay,olive,1.027190192466501,3.861172448006461,1.0,1
8.497521267089425,470.2102314684757,273.4435469404862,22.498666487012976,0.04819692940759942,29.36848638885986,119.20371442916152,clay,tomato,1.3607795514516692,7.860985445103816,1.0,1
8.399669997015337,649.3778905162392,182.45226426751353,22.175025183817837,0.03565626557127831,14.665476596208554,249.47332992652306,loamy,barley,2.0205061664614643,14.844428536033284,0.9897940088102628,1
7.963847799302787,414.1894576811983,217.337087690699,13.071407848992028,0.004908407847102483,5.719724125689037,215.9267416352003,sandy,date_palm,3.074138961004368,20.23372944978,0.43395171710066743,0
7.6318720799411075,580.8464846624177,257.89348147761314,19.047922850808536,0.02069408916264115,6.860445134345726,231.5805016141007,sandy,barley,2.8632585887219757,20.763988278809606,0.6766809272242899,0
7.954266047062349,311.8518829123848,87.57765562099219,16.141318653678344,0.03268326690632105,26.798440458607445,162.14506177464912,clay,date_palm,1.8833388775494107,12.090034110364593,1.0,1
8.178477427120349,649.6216619869742,59.64789048453346,22.059122273474976,0.0181852069632583,27.43880712556234,175.31921436784373,sandy,barley,2.424291594557645,17.103445634443602,1.0,1
7.177504286385081,527.4175812878154,269.72028647821304,11.301119386373088,0.014395811987575152,18.628509672333088,178.31257137434147,sandy,tomato,3.5276524214334297,18.5291674267343,0.8707195669749634,0
7.614857334544432,322.4386331279603,128.73330686473312,15.473447999979705,0.02929256408952146,23.219115584627428,129.1141808934408,sandy,date_palm,2.5258646985440127,14.582247713396457,1.0,1
8.259703428453426,375.1467040986844,82.24472698179132,14.70744742409101,0.046741591958419315,22.458006292641837,203.4233734490436,sandy,barley,1.5812722176835967,7.9996301371749325,1.0,1
7.5757494278995665,649.1652251490993,167.11530927177165,12.078116525137174,0.002714111802291525,20.192826341684103,235.4465085426185,sandy,olive,3.1870377558558385,18.2250758793064,0.699531224336522,0
7.85780840684078,489.5607413969124,199.5765189240047,22.829101291127444,0.03869232897353045,24.991031691286235,124.55587272076285,sandy,olive,2.3324321361282276,15.458941977531673,1.0,1
7.881654041293297,329.6188642358433,57.74265085562753,8.31755849325071,0.03641363662418673,20.876792068169312,112.94774102292467,clay,barley,0.8821766242721644,5.415459905121143,1.0,1
7.276714379700459,780.3627142221786,118.72391456427194,7.990172790413923,0.048233717844026074,16.48606686667748,210.73283583105132,clay,tomato,2.0364344231270435,11.851694662787153,1.0,1
7.543353162478432,629.0750118901328,58.199968569224005,16.538190706455026,0.046604849894294635,7.871734515056547,140.9802747509473,clay,barley,1.51237195944606,11.027574518124773,0.9774971954712353,1
7.501766933112898,774.2808995238777,155.08384729887473,18.14988459969884,0.038349395540165455,22.572756179439953,193.5793812425994,loamy,olive,2.3884885249013,17.979179082743112,1.0,1
7.0392950627980975,456.26302721620596,273.7750072665611,8.892385086491304,0.026500029469447337,14.729698167309959,204.36375069882712,sandy,date_palm,3.073317740961808,18.221776728928223,0.937959824664854,1
7.0362876458370325,485.0602044150323,295.6631028733923,12.814348845092482,0.011009110108442473,9.548958836217771,148.28661453727327,sandy,date_palm,3.3671898530087843,22.527038449033356,0.6254910165916953,0
8.24754556551366,738.7731297110115,209.2618883759069,23.931276859574876,0.027716550197953146,24.256441996511484,222.27168961386764,loamy,barley,2.245380842946456,17.35216741265226,1.0,1
7.409606214959219,515.0296041472308,90.40942344614795,9.93234845381348,0.038502247702063036,21.20469441023782,182.49834731713253,sandy,date_palm,2.4317729895864204,12.563401316025086,1.0,1
7.777118149358223,624.3673471434004,276.4623474998265,18.367214042347882,0.044887791419256765,28.1828473306163,230.3499111927704,clay,olive,2.084332050633011,12.438528043266487,1.0,1
7.44808836038316,351.30372649731794,179.0619558000151,19.802987873951814,0.039695888451316906,5.797807560547454,214.49403288384212,clay,date_palm,2.7040870774757986,17.03382736716077,0.9277214441787666,1
8.411018867673011,468.0358812215843,88.43732802572953,13.962573989303191,0.010568079824361646,19.826489254458302,230.28634480561806,loamy,barley,1.934108525484576,14.335098441481163,0.7097796644933568,0
7.388945138298661,274.06991948621305,280.43166736291533,23.75051973519166,0.030384629397174914,8.082944574557104,103.02420731768412,clay,barley,2.1341731699057434,18.559743107045943,0.7881621860412253,0
7.644485219108403,323.588021526177,239.36726268077575,19.73313470437581,0.017276499517036494,27.20390657374761,136.5259391107892,loamy,barley,2.254949650970138,18.28699894792761,0.9836215963081106,1
8.309095375726903,200.56604916057864,232.9263181807879,14.158491597217957,0.0014510777021415067,3.8854830134418545,113.5011910668908,clay,olive,1.6907175965431787,13.648218325360213,0.234733233524414,0
8.262900350187714,223.55903098919615,227.29517594860116,16.38670403552188,0.010810825853644637,20.02869238690144,166.31245257840237,sandy,tomato,2.865873249360313,19.914042757429186,0.7920060954915233,0
7.279152126769416,786.3702939061576,100.08495527411058,18.852268868502016,0.006547811846739015,23.941485924312868,233.49401824229773,clay,date_palm,3.623761113468426,25.871859278456093,0.8669477852648166,0
8.203964964693565,345.4122170820574,102.75167292688153,16.843803608584366,0.04229323705343396,11.292617370576508,170.13103934003038,loamy,barley,1.3970220303525143,10.828096765968592,0.9720126656412408,1
7.687280330106839,597.9864257024012,222.07324960681376,22.573951676521517,0.013666806355242787,28.67000430213047,227.45695668705912,sandy,tomato,4.162273791403511,25.436278665587476,1.0,1
7.724453308128033,703.4598192797669,104.93068752759922,12.137773245608024,0.01495020047549022,25.67118985299508,149.07673570289768,loamy,barley,1.885575075514865,10.63318670047064,0.8885228102334441,1
7.200219958623916,530.3962755419386,159.66792420076223,10.997714801116098,0.04803689201814533,9.543930690862197,150.93551092078786,sandy,barley,1.8842639718679794,11.23133764585049,1.0,1
7.120902270635687,291.88670005037375,245.50045639848534,9.276777789905285,0.019575249429393756,1.2186916887639616,234.33425954903163,sandy,olive,3.0400511600430504,16.831702833375875,0.5612066680196296,0
8.091908960460648,636.8698624016998,245.98812952446025,5.755659361291903,0.0014696963670753334,9.603058107423765,163.87257197675524,clay,olive,1.6117813258512657,9.366047550331597,0.3430491137227065,0
7.74469172853295,560.1508460597498,163.31544313146492,5.860279287601107,0.014908461268960692,9.158003643651533,218.46482316919997,clay,tomato,2.280021917875791,11.72637623167125,0.5891887453375043,0
7.655276053922769,638.750353608425,248.04748456881129,22.401103862185657,0.00684567944948881,26.808973617526362,135.4965321822852,sandy,barley,2.844373014463116,21.970328061087855,0.8664145052499086,0
8.094262342978595,661.8479737142522,259.65544904951423,18.567862928118146,0.006037619525056844,29.046514169387677,242.3201244516453,clay,date_palm,2.947461146367433,22.676564513627483,0.9072914679730009,1
8.148269348486664,785.2462206108471,213.69393782106505,18.210648308729724,0.004796877216651726,3.0427595931375504,186.18673697958565,clay,date_palm,2.5949215163292805,17.563146395511584,0.34040207141886936,0
7.2383622515040305,544.137968016026,107.10646307710505,17.29285637869772,0.03006971403859349,14.667550027466184,213.89853528676028,loamy,date_palm,3.0964779748986277,19.4421165151064,0.9921149491201162,1
7.915337724216462,404.9846676143611,118.50294509638688,21.9843828938821,0.010278038457863074,16.901627957364077,113.42735496923282,clay,tomato,2.758042559938391,22.048397570359292,0.7128465408102989,0
7.203031123416528,589.0787341401423,128.71028885218385,14.60533851331255,0.018700896908009513,3.694438178561396,173.8996338745793,sandy,olive,3.009375643278237,19.811459764046255,0.5951522686536296,0
8.127062629043568,241.0644255455757,79.201026933488,22.408216571166008,0.04323886809037082,11.947433564988154,235.15577466010348,clay,tomato,2.524613283033848,17.70819422701915,1.0,1
7.985432734400709,738.4383909929518,118.28990509248628,12.188900523644783,0.02179256885001751,10.195390104395567,231.55579435649568,sandy,olive,2.464915438680247,16.052692978485453,0.7279895699325938,0
8.434921931625187,271.62860680291806,102.37980607813303,23.53415008678181,0.04586887615253025,16.545634275485533,107.02209358513413,sandy,date_palm,1.8500288452600069,12.931524343643106,1.0,1
7.103437024534632,396.705702731491,163.83218745215055,18.9731396016248,0.02539896461638471,20.1745360922262,145.554770369342,loamy,date_palm,3.0529766475876787,18.430637152299933,1.0,1
7.085582081726882,689.4472283756725,277.10938696806625,10.143542720488545,0.020542994127148034,21.40106820440043,166.498000971862,sandy,olive,2.761777020164157,20.726011662802428,0.9571084376083616,1
7.4232806120398,558.3874269984271,76.12007918848951,16.281698433772505,0.03776905742744438,4.965895684788238,125.83972215336823,sandy,date_palm,2.54330436647371,14.849766093984641,0.8693181244253273,0
7.392558525603859,436.18131216646526,230.0669809868489,15.660611229765111,0.004585579839632103,24.57548335639402,209.49974664849555,loamy,tomato,3.6976523877031857,23.925039505149627,0.8561055557386168,0
7.370468198608,484.06139562501284,221.82075110328194,7.757976434606679,0.005384440766138452,20.67771886393201,127.67679933980673,sandy,olive,2.4997992085662655,16.419422735495925,0.6943049254560182,0
8.359381870781554,712.7284359213082,73.93854966583942,16.824858115012283,0.032946711982225076,26.783172585654867,151.99595415548293,loamy,date_palm,1.6753346735492478,15.004123999917129,1.0,1
7.3743192997742595,404.00263163593524,280.64310122645,11.295712474339158,0.024860094948723165,14.03074572362759,199.49209552867273,sandy,barley,2.410691298578858,12.996675753888244,0.846371642589708,0
7.407924589192946,721.7898108873028,192.1180505392049,6.046975336192048,0.03973034726564131,26.922803118943555,172.313401678672,clay,date_palm,1.5987828030874696,4.442038886970984,1.0,1
8.139097393626946,252.8806585860149,140.93138028392104,23.973123154131297,0.04589727102983304,26.107449548326187,210.78565579523408,loamy,barley,1.946783099453248,12.249130954352234,1.0,1
7.67460976367581,666.0790623251785,239.13464587382666,17.829807381285754,0.020029977005905832,13.713870638418818,244.18118518342897,loamy,date_palm,3.1354477195090777,23.992376292474958,0.82556288541769,0
8.165065835432772,708.5285798328418,114.34136460040851,22.53837863741694,0.03022409130264767,12.05315614349638,117.48200315727962,sandy,barley,1.982860415669019,13.831030430125036,0.8530533256631642,0
7.0980492363465775,309.09059170240323,223.3774592615801,18.521120100265062,0.025534134761970185,28.051548434137448,206.43515745970916,loamy,date_palm,3.359752999897563,21.598687690365686,1.0,1
7.731356790510077,458.2079194233203,59.927801893061805,12.139673842802258,0.04909892212647921,21.73977730161469,134.5516233448172,sandy,barley,1.4706672051191176,5.344743685982632,1.0,1
7.050420400274924,299.29986479819337,259.852009402318,15.253761446576227,0.04172313596047317,27.919115046704196,162.17150911113538,loamy,olive,2.351284192920848,10.788900111270802,1.0,1
7.093979805183031,623.9624773965306,162.0427117553296,18.51493520694354,0.04567514770559033,24.112268587978576,104.92940886927097,loamy,olive,2.1468563585047353,12.98799039855469,1.0,1
8.359656180016616,521.2086608369941,209.17322858948543,24.20504650402875,0.013462664291302606,18.669625739451014,120.38610734390484,clay,barley,1.8425295874097138,15.672826776847488,0.7227348461513365,0
7.208868056676392,581.1940080249926,105.30945495167092,10.07338918243393,0.038853794734967126,4.359730533109171,147.96659335733494,sandy,date_palm,2.420072575461479,10.861082225937627,0.8636073377236086,0
7.798631023412826,317.8921801737267,219.26842816461198,22.499541172482353,0.014008188024884797,9.452939504793855,151.29787079319775,clay,tomato,3.0448718941043684,26.835567331861107,0.6427713619974985,0
7.61664340390106,327.0475172314517,243.06006897331915,23.48155610588539,0.011228384137991106,29.096429805853354,234.93778246931436,loamy,tomato,4.03883984738283,29.313775473814,1.0,1
7.521014989388264,224.89839530594384,168.30329672109968,18.40831029317913,0.04726904182312199,10.26324086271193,211.27193638997727,sandy,tomato,3.1183985658810998,20.09135180347293,1.0,1
8.349750018530909,393.2405211174378,204.43173101544858,23.625332548026755,0.0019459164191754658,3.704391223775753,245.82744522805615,clay,tomato,3.4535266029763796,28.17249351787356,0.37955869900125744,0
7.032735095163234,535.846796800205,164.08148095559966,12.95757174954737,0.048304046479508055,21.519047321660274,189.86072655028607,loamy,barley,2.0110400388031717,10.206102399725951,1.0,1
7.995684529263384,714.7609483983973,273.5228423144614,24.060323520808854,0.008313832952451503,22.286123381766842,136.2570598136977,clay,olive,2.5120804278572826,20.47371153360956,0.771396396150692,0
8.445091651320325,600.1564684752084,174.4672951285798,19.055657543319498,0.04115246600787014,9.278273888327373,149.14825448824644,loamy,olive,1.4099580838267387,11.054676059396712,0.9156491145907387,1
7.840252275192763,461.2377940398509,260.4521772572047,5.840115348376238,0.014520205100337052,9.632487401042809,147.97538849379507,loamy,tomato,1.9532135294527175,10.986994816445367,0.5667099068821294,0
8.405233693049638,771.8720686364827,250.33801456756214,23.137456636381057,0.018184414044105642,14.597896579754734,148.97414914948774,sandy,olive,2.4452429086084786,18.525144958853637,0.7603435749453576,0
7.078386818929036,631.5471203454991,152.62620533708912,14.689456180663852,0.011621127854777265,1.6318795431054105,200.94462596677235,sandy,barley,3.0518626395914263,20.232678545678667,0.4511035198510813,0
7.628189978611243,758.09912171753,107.52112296436876,14.206539695556657,0.029690188081572904,23.890367300473745,179.62118921356245,sandy,tomato,2.944971099936911,16.02579315635734,1.0,1
7.390236686443076,516.5527839632994,151.52053313994276,16.329332119592685,0.01805668182788583,10.195574830949642,157.81362671299664,loamy,barley,2.33595456752553,16.062921641394464,0.6616380894393228,0
8.096231447471094,355.3425648758838,256.55434394380507,7.987690935424558,0.0332122589352385,25.75912995805735,122.36346530930749,clay,barley,0.809863601391329,3.252601538567943,1.0,1
8.47194563574587,231.6960118188332,106.9081339548481,14.383320971347972,0.0017667185791612329,24.27628222640098,103.32087444132189,sandy,date_palm,2.1633840253383236,13.855831472103127,0.685097145242504,0
7.384795093666372,635.6509108903103,181.10908646443733,21.622544334354913,0.004154369292236941,20.18065896044471,132.82520163815389,sandy,barley,3.0334996867268047,18.698762811927953,0.7086086935305926,0
7.981261902211112,272.7817988033205,251.52418699018688,5.309649182750307,0.005883396483831184,10.421371145879373,116.12071059530219,sandy,date_palm,1.9761555577456178,9.538171313565694,0.4547708147947046,0
7.2971464491396105,381.6650769631803,138.36936878209468,10.458343206487426,0.021530690580201323,15.97318028817393,217.8167546278359,sandy,tomato,3.417904073535252,22.7279979214237,0.9158562903493186,1
7.847995381857415,519.4825447303384,210.55240925067434,5.049091728876885,0.040925012460338826,13.900048470340812,116.8746936720828,loamy,barley,0.8013801756602867,1.3146727597448487,0.9559865703647216,1
7.695898730032504,538.6499526678485,111.40789351220363,13.314226182996967,0.044520717608540754,10.827574701211553,208.6342355960254,clay,olive,1.7448914127631268,11.150012097953155,1.0,1
8.458007994447305,560.3499181922816,77.31986134203999,19.566310209874693,0.012995726262984137,25.595952389792167,157.8488034664124,loamy,tomato,2.4442820509284195,14.499471426106846,0.902397505814879,1
7.9127909090447,299.75319820982037,248.5960562732141,20.97543658229257,0.029144116487711688,15.021705162752294,111.00675846156639,loamy,barley,1.800400437229853,12.46119303436647,0.8816278855491094,1
7.524259558130228,427.84244289298925,74.74215585217671,23.903795222540133,0.03864988464193743,25.14896983611725,221.90950741473785,loamy,barley,2.56623291997485,15.818714989971859,1.0,1
7.1711436773319,570.31653627018,117.84534876989615,17.170092259415732,0.015152642066060828,4.051335750112904,186.944585535492,sandy,olive,3.3249606800556677,21.572976077264318,0.5743132003976239,0
7.226870243102402,781.8913187802708,263.77735549936006,10.092537333057908,0.02104137910007739,5.089718869409737,135.36422692953596,clay,date_palm,2.233054557962453,17.942060774098174,0.5960594285263519,0
7.337975394926852,636.5786826198132,136.6173217696668,23.48295898273398,0.026674735931599986,29.342288848276326,234.2021761499002,loamy,barley,2.9485020466260523,22.388698119519688,1.0,1
7.376449992010447,753.5622542563747,293.26133737854025,20.50631507760752,0.007608867473994338,18.0452854155766,106.78874708058272,loamy,barley,2.529886767274008,23.482298186569793,0.6774296618033677,0
8.275924086761707,657.3272349885062,294.9335836934649,16.48856966006289,0.0022731323925632356,15.783320531472421,130.27294122966444,loamy,olive,2.0744769684914655,16.231626011854836,0.5157215539972142,0
7.841834182423788,555.0301813354403,117.06900511338917,18.912804314378718,0.008487484656595878,16.17152583117924,212.80703917087914,sandy,tomato,3.7867036987754044,28.37963050167906,0.7536790823745553,0
7.78508636706155,315.21402148180675,60.24455556247261,23.486327100148582,0.031715827441423136,7.242794446952935,206.4066895464834,sandy,barley,2.6809446881372665,23.774184949969232,0.8350688756113871,0
7.172153307803827,600.0113911355079,226.26582105134477,19.24788056945843,0.004607294815150402,21.842414535557218,143.3907540586717,loamy,date_palm,3.4561538681062745,24.300453953978785,0.7824500223869022,0
8.290209540024152,574.0277395759442,162.74662566208593,12.36749015169468,0.010295121877656289,3.4586380881628767,109.30373130291747,sandy,date_palm,2.035547795648202,13.016693428698524,0.38644341357995804,0
8.084221454812726,561.4815022743599,75.18821098989407,19.260564045781933,0.017554840399069883,17.626387679987673,228.71171083374156,clay,olive,2.4307184250840455,15.466711829845707,0.8103078335925253,0
7.101502542850002,493.87152079294447,226.8807047445107,5.805563254707757,0.004815633151011951,17.55229510099114,147.05464571048537,sandy,date_palm,2.976701559188117,16.106049265568554,0.6614165240200515,0
8.061752645844653,517.1939623935654,57.79372727798031,12.728311236611624,0.010393264286920088,27.511464299871818,129.3570122392398,loamy,barley,1.6678946996808952,12.555264914758698,0.8395598262757094,0
7.815307326013969,400.66551627086244,267.54917262306054,13.126460636911585,0.04565221966019205,16.25930149304095,177.40927335414656,clay,date_palm,1.605278126067453,12.773660153780993,1.0,1
7.122588018620167,511.5876155853819,84.66313227832593,8.336764688416693,0.0019456574791222533,4.974818183251206,236.5340798923671,sandy,barley,3.0113034446594322,15.606709402559442,0.36958550142461255,0
7.687450962292985,318.53354340708694,81.82796968668126,5.4617096110354035,0.033018164284543745,17.609844518196713,106.5319866765063,loamy,olive,1.1500384545193927,4.752383475950706,0.9394724309936417,1
7.72704443069507,683.1046384162261,93.91807449214613,7.667624732754856,0.019836037614844062,3.6485016865946385,214.87061320463317,clay,date_palm,2.096659678449072,7.93812828108366,0.5382433722304795,0
7.248661810244913,311.46617281922465,290.0665896230166,18.092429915941104,0.033959788232186185,6.910021223697728,185.87098419080633,clay,barley,2.2380979527637592,14.177957249299483,0.8266450841778481,0
8.418547220500423,250.97977393367984,223.2923400634615,21.04577632727375,0.029845894297806826,1.9021489414350679,163.81736748277254,clay,tomato,2.040093305632575,16.256978344115726,0.6489388577464097,0
8.274963057220994,461.7476158142944,250.3428838659092,24.764069854539482,0.01195143896337757,15.88551389132545,211.612066615759,sandy,barley,2.776414769376136,23.617724197735832,0.7190950438272634,0
8.003533505993662,594.9844637036372,149.40874643318824,11.927270062169885,0.04251326489109604,3.4514458435135986,244.87366366624485,clay,barley,1.47322117750011,9.063733582542746,0.8245855844367214,0
7.6934433415009105,462.63009496012484,134.0781818762389,16.987584445222033,0.02510507874785848,14.612436977408542,134.38093167440366,sandy,olive,2.4343034769274423,17.25085135371387,0.8635691989202433,0
7.617648312376763,366.05247917078515,108.62100169579249,23.74289933630244,0.04130426492676012,28.055406024400178,121.54710476081794,loamy,barley,1.9908949819910613,16.48205203199275,1.0,1
7.976460200726431,534.9027103342644,170.16200707810225,8.340835626763052,0.020894614273222742,21.87308097756063,236.93226178340456,sandy,olive,2.286051000477206,12.768606083774303,0.9337649136877302,1
7.8181478041103585,408.20140124731995,187.95718338354212,19.352911726854853,0.04924959214184672,3.2449385525334984,200.34296161859555,sandy,barley,2.0910414830211423,11.175680279685036,0.970925971820062,1
7.093409658822829,759.7206140759798,207.94371091318885,20.099574662983265,0.03875397856656352,7.502084554056452,165.6979032342949,loamy,barley,2.4161910278048437,12.54207322020106,0.9246466518039694,1
7.768753973155498,753.5870837621433,114.27962599967363,6.779510717386767,0.0483315600505161,20.53621017690959,185.98893553964245,sandy,barley,1.3995728470860285,3.7831368738588047,1.0,1
8.20960542584926,501.4230919832573,287.1635202257477,22.224987703661302,0.026201997466583086,26.946353969701327,211.8420857764366,sandy,olive,2.700985401090791,19.50549147413371,1.0,1
7.688859816395437,396.7303964109551,92.43962455178396,21.262100942216875,0.024210865482244326,1.9546390161546592,215.95478480585757,loamy,barley,2.5381753360209576,21.282494103118065,0.6053097894384347,0
7.077934866331403,642.2794483739834,291.4132936916031,5.668060131548689,0.03801723665693764,24.561082819897226,237.98412712284468,clay,olive,2.0573116173032697,8.550855123129686,1.0,1
8.17941729907605,222.02776608984,53.714030626875946,6.82168829760103,0.04413427188765808,17.292602529810953,164.02641833434342,loamy,tomato,1.0838569350165324,3.341394736923881,1.0,1
7.302045673203962,484.86140362619074,170.2814229542114,5.982537877837046,0.04824314399741235,16.836648433595386,144.01163650290925,clay,olive,1.2225110366733527,4.4523101884439065,1.0,1
7.387931252332058,401.7940365622001,133.3419595291407,11.694870635987245,0.01690304339559249,28.77658229984738,195.9496400184763,sandy,tomato,3.399641482168944,19.445827350777968,1.0,1
7.2470595301484435,752.3215310615328,162.2808534825627,15.185779813598524,0.04013652411828931,22.68169376530642,162.35918489192954,loamy,olive,2.2225646067910185,14.794566545459448,1.0,1
7.495322597307246,207.20181636360954,192.66614474519727,15.646954559092576,0.011321634284141298,25.653447173627246,189.1897680923467,clay,olive,2.612075350478665,22.145662384383982,0.8918594857729576,1
8.135127258532952,531.6889254310095,158.89728950317726,10.353335195388853,0.02773314299052682,11.265871516795334,162.99786976839252,sandy,barley,1.5960823145355558,13.73000238020204,0.7690011603566534,0
7.779078789255906,644.3981486399756,153.71171257539874,23.231937731205484,0.009812559272050759,17.076557184023887,122.94936800172617,sandy,date_palm,3.2880637757387423,24.945919298459806,0.7517646348203385,0
7.307321911226069,491.01079251442474,233.18085385332662,12.365255797438264,0.018022470725766605,18.84676464540535,170.41401274884376,sandy,date_palm,3.06644631490376,19.14987155030834,0.892588058986907,1
8.316745117228061,251.241818097633,221.46906877161615,5.9110031193070505,0.04663655999311651,10.325934270511487,203.63767329115493,clay,barley,0.6630491339724768,4.173703159020521,0.9591110160247754,1
8.319372782427294,783.4768340167413,258.317820508962,11.004542230827727,0.008158444288881218,17.537195623474584,219.8925711501475,clay,tomato,2.2692819334571297,14.632458084936076,0.6546631314792803,0
8.30586763756901,510.80625882565874,112.48974530987388,15.62218845088311,0.03198764386162463,7.863006004911701,173.99894151948203,clay,barley,1.3255911246264265,11.036450901171271,0.7431220679927176,0
7.358194317072309,568.5117465914068,202.3821274385159,13.16443645176464,0.030054759373442767,5.157894460978947,124.78568353156014,sandy,date_palm,2.558758360000674,12.783770183993298,0.7586799486212743,0
7.676859016271482,341.9658696245044,196.29869634821347,10.476850381985184,0.006916179282740338,11.845137519042646,162.20315644741473,clay,olive,2.1098160064841927,13.426523960391007,0.5094307201406933,0
8.477484484211313,490.0988510640823,142.4344527181722,7.626464995286348,0.016972973144671798,22.43939923364667,217.94408932625475,loamy,barley,1.3732751664773712,10.531893749324828,0.8132445951612001,0
8.158018714464985,457.48969517499313,171.51438547567022,21.383290001924596,0.028586093721248023,27.569427294142738,161.92889059256092,clay,tomato,2.3334060084975983,15.925345403557778,1.0,1
7.04075113183834,244.93750520119025,128.44553582643218,24.922904842483838,0.010171751840436023,14.273707493448743,204.47961904063334,clay,barley,3.268562799125524,25.038698391118203,0.6995354514055571,0
7.097806886890738,263.69621212848034,85.4610994042463,11.590842670477642,0.04023055916422796,19.64188695998752,176.08205225171346,sandy,date_palm,2.7423045415590837,11.176384568359442,1.0,1
7.6958970652184995,702.4835117712647,103.45030266568321,12.632420883532077,0.04863566896720275,3.988076798277914,136.1834687664095,loamy,olive,1.4094315653251177,11.24809587233742,0.9220510956996089,1
8.363830308792341,343.8919713239542,76.37841160030027,17.360750493539143,0.01152321059816113,27.229448998017535,219.42257620346115,loamy,date_palm,2.5489523967958148,21.062797261212424,0.9213533306764328,1
7.808052696929071,316.9749628991783,220.76739379753104,19.368829494710827,0.010158686274738222,17.4895221935281,112.63201811060306,loamy,date_palm,2.613241374917408,20.174069177303046,0.7112300479850279,0
7.746718762051435,502.9468707500836,215.18184827728788,12.840590696071825,0.02329181851807479,23.629809181129552,178.73354241327257,clay,date_palm,2.1459809512108317,14.551984926840063,0.9936519374905795,1
7.158210549934946,661.2482788175078,287.6515928949682,23.098590339636303,0.03764049857986158,24.03879482672042,131.33365513651074,sandy,date_palm,3.2595258129670976,22.564811556590588,1.0,1
7.985170157086441,237.16791114739274,232.41960341181033,16.200079784578367,0.01479842990152732,8.437935264675072,110.05984428120635,clay,olive,1.7881992847810348,16.709808853645363,0.533791096598894,0
8.23315474090034,546.0847517829535,63.01145968903286,14.00780152811862,0.0019741155261667398,16.34605914227364,175.44009056248734,sandy,date_palm,2.7408286853815427,18.07225240079574,0.5757992105684973,0
7.570630011261343,271.52626570434404,271.0612934822385,17.933455063198103,0.027519810773611805,28.853912795268347,174.93432339023855,loamy,tomato,2.9325344355141216,20.54860836534513,1.0,1
8.163417776387991,221.87663049537107,265.66879073643145,24.056076964983465,0.04787342782059808,3.5994017998040055,206.03513525135813,clay,tomato,2.322405019960133,18.601946101438585,0.975881854901862,1
8.446714980851217,231.64637129733043,160.83008019317467,20.89104588843411,0.020172565914940335,20.80844704285734,211.71260395778575,sandy,date_palm,2.806322717126715,22.8014272904661,0.943263246951389,1
7.305649688691534,700.4984649250648,196.4657626319804,5.800262610702487,0.021586593154971922,28.905658263019987,209.1687233039345,clay,tomato,2.4811293109309873,8.048350515775343,1.0,1
7.784994446792112,270.78349017683695,294.01958311812973,11.646198214799192,0.04847618413858786,9.716736133566643,161.43380993751325,sandy,date_palm,1.879263872607078,8.008631278565993,1.0,1
7.430706937126863,227.09081864737516,183.07609096204158,14.410893699024454,0.035035772969709694,25.981989720726094,194.7534680839844,loamy,olive,2.293139953265705,11.688138706363526,1.0,1
8.18928162855076,462.7399322857474,276.33045709402245,11.290351444182106,0.036239424219264134,28.07606881683988,186.54178639659403,clay,olive,1.2839162314080066,7.610955883927835,1.0,1
7.866390048821736,706.3960831652148,70.75968945254661,19.003751216609132,0.028572398263182315,22.665500072449927,163.23426341753793,loamy,tomato,2.6302036629158425,13.86321853587609,1.0,1
7.9518736263254555,357.44502589358115,97.76296717717071,21.525382997251622,0.048755851332298844,7.70852105690179,189.58190412789898,clay,tomato,2.223379887321901,10.760221720389065,1.0,1
8.19687123942384,453.0275705155498,160.18873586032947,19.62690190370543,0.03475445773685225,10.686020845971223,242.08718150593938,clay,date_palm,2.294010263023496,20.185556286666944,0.9185581040140879,1
7.593955708993683,223.95351953825073,196.18920208432618,24.786665736565507,0.04485660482865331,2.038469538114191,128.9340615522066,sandy,barley,2.3036162293682563,18.182465735128833,0.897907761541544,1
8.372635102610564,469.4471084809255,254.05696296570005,10.450952957860583,0.03526956442092784,25.1121437931153,235.86581436782896,sandy,date_palm,1.9831755666841488,10.811321060869817,1.0,1
7.79954330086921,546.5678483822802,297.0655287857967,22.49978990048843,0.037020675417179405,25.638724408821318,108.01832709747976,sandy,date_palm,2.541033968525523,18.73036355678301,1.0,1
7.236932234253022,542.5442322512869,147.2128741185291,20.33245330348972,0.01523013518497008,19.34859898901959,146.2583819352491,loamy,olive,2.9570906167838102,21.688102734316292,0.8519912568976478,0
8.043848677253203,399.4560153046191,61.85390903502123,12.243575151162922,0.01587045620267713,11.223307686651689,143.22178729172924,loamy,barley,1.6184118417050846,13.397144961825932,0.5919959441095975,0
8.189892025657382,389.3199083978813,250.2928758238312,19.682490873139372,0.03936624782922543,3.227519801557696,193.95476618213587,clay,barley,1.5853362355697644,10.59816436005407,0.7818710123151167,0
7.47514251560129,263.9741713619587,201.09517977070203,7.081519128364939,0.01553860816932508,22.838670687532375,119.68374276659355,sandy,date_palm,2.3456660542340644,13.380306757730928,0.8775058206292489,0
8.285768885498129,420.078992387761,99.63571471705042,20.78666964681105,0.028575733469275052,22.069259614687763,232.35214177596305,loamy,olive,2.3088311099044736,17.456092597194715,1.0,1
8.359214882148649,259.6968013237788,173.70711415535504,15.646612051742053,0.013218263234428398,27.46547313042813,224.2827112697562,clay,tomato,2.4701677308549805,15.193941234612211,0.945196829593387,1
7.415356731066713,659.957566827231,235.5775613834311,10.845803454185063,0.0410321856596444,22.185428609155505,197.80987295279166,loamy,olive,1.9868684739688036,12.723411303679708,1.0,1
8.475282209072834,779.7645786489115,242.60294676716094,18.115546035683604,0.00641456621015681,25.032153325076052,168.76207476882968,clay,tomato,2.3666712534285135,17.546764580597507,0.7861952599281543,0
7.211067292073138,782.0446740000241,174.9046029996905,17.83239997428818,0.04164288534832156,22.632683919215985,239.94340632131176,sandy,olive,3.0679494894389077,20.343262241695456,1.0,1
7.303023502603735,719.0426596252363,126.30363253221478,9.189724454391994,0.030533760224872492,19.289928461057176,224.6119832080834,clay,barley,1.9542144390511489,10.623411407268252,1.0,1
7.276337258857039,560.4752896037714,293.4356455096234,5.607948296230523,0.010158567206526786,13.382025431539267,174.89727221218675,clay,olive,2.1367221076185983,15.17810280075064,0.590956785338175,0
8.340984565011805,620.5194183463279,215.84065273912321,13.672451738033477,0.027559733889799792,27.161401950626058,205.2810031681467,sandy,date_palm,2.2250467693490323,11.755482975935521,1.0,1
7.981438828487443,371.1234816082484,152.0593798365747,16.390237386888423,0.014842443005519682,19.878088585316625,185.03949282695268,sandy,tomato,3.151934141337265,18.662003757868828,0.8723531480961089,0
7.22815642483341,578.4622521035724,120.1158060511631,22.532105567411968,0.016849899401794335,12.552304337011362,188.1913357582397,clay,olive,3.123359884933302,21.133260529443245,0.7536633685618065,0
7.660485127552524,473.38972966392646,232.77574575089054,23.56433591295189,0.018224874038247137,3.4206095602767594,149.6464104156207,loamy,olive,2.7692066240482553,21.715871182626067,0.5633218317031027,0
7.922947037604703,489.2104038661595,110.54586139844193,15.576104363135329,0.004102643101643726,9.430440821227082,169.3126906937345,sandy,tomato,3.3128630677681863,25.467429565487098,0.5151775083706525,0
7.125196127484075,654.6659362250948,92.92749724342204,20.076069675370896,0.04931212253566945,16.768075310074778,111.71821461846163,clay,olive,2.026755900913913,16.41918235748148,1.0,1
8.323624552611008,369.15101335835095,182.45847224051758,13.786065446559938,0.0025451967784299806,8.993425730469642,153.60230374968887,sandy,tomato,2.7424462414615607,14.3522005072119,0.4374421656027674,0
8.205405303162303,390.82376701671194,122.49684816103546,19.92164313145786,0.03346234678602964,7.415825089619162,204.3742773043228,sandy,barley,2.1452389165427848,15.848031479139177,0.8218708169062505,0
7.757810160364958,754.785074677182,207.22628623090375,9.096030498783339,0.0191901547401141,16.294411908547566,242.98240457592794,loamy,tomato,2.72474715565487,8.917225282746234,0.8317203317250524,0
8.450689922888756,233.73457691058334,79.48466871855837,12.421294696070628,0.03265450425638825,5.924790030976303,244.45961691445305,sandy,tomato,2.3447204914772795,15.016733497745895,0.7958910037835322,0
7.626641468912649,491.3805790480042,213.73527614183038,17.684559976272297,0.018456164401291608,24.211891836428,183.35843036873376,clay,barley,2.2116863585376496,18.522978172858423,0.938015211430946,1
8.476165478554746,747.680480244717,120.82413199942556,5.363159312141576,0.03401378166668408,15.046676388937081,190.99333777143733,clay,olive,0.7655482314082027,2.491138165844865,0.872384111291659,0
8.00187999820544,566.2178046908941,50.06073360862818,19.44922620677908,0.03673253996394968,17.642020444916856,127.85817782514513,sandy,olive,2.0700896636891244,14.624847959751797,1.0,1
7.952006909880912,527.8442445272792,81.73401441854409,21.710710025363337,0.0348370793795826,5.2741147603231076,204.2962162140296,sandy,barley,2.39919891038601,17.343848409997605,0.8199743987310819,0
7.248932342943678,349.8465075376131,283.4038444587735,12.982833221879028,0.0065841370865494615,10.412713733251653,110.59881890115794,loamy,date_palm,2.75124901890586,16.722080837143473,0.5271162524757438,0
8.322891637456966,405.96529343866894,266.8386597788394,13.958848343543286,0.03318776849807955,12.892600814573434,142.70285286991668,loamy,tomato,1.5947717820420204,11.10203296846242,0.8832502863260236,1
7.641234531880922,711.2290494828158,108.40225800905921,22.02564424433062,0.01471938992325077,24.438172084978586,200.25450209281632,loamy,olive,3.0154357411541657,21.952681407871488,0.9507891498406664,1
7.243350108673719,535.5308790610749,244.5929761363728,20.513092706520666,0.0024112671578973427,23.334626169498424,146.5465197315234,clay,olive,3.070612730951935,25.177757440157446,0.7485105492345835,0
7.018911279963638,508.84531625406794,202.14289829349357,10.7629897806675,0.021326702922558744,7.46634676884276,107.47703111716815,loamy,tomato,2.6898017520045663,15.394280510995497,0.6844116193756017,0
7.8396335254575735,259.74782812401736,292.72617786246735,11.47952213123078,0.022243612037386253,18.869193366603223,224.78056140264457,clay,tomato,2.4553140885279423,12.921971878416882,0.9074631749750937,1
7.791099433184014,209.61689387307388,143.40141488351478,18.577564647811933,0.023891532534269882,8.06023437538793,146.54950107018445,loamy,tomato,2.684029424384436,15.390290385888939,0.7343000294725617,0
8.079030433553738,778.2111132122295,220.36515312929282,16.263961848963223,0.0355363841041451,29.659167515017113,109.46578372880177,clay,date_palm,1.429136060721501,6.369496982666859,1.0,1
8.335387079526704,426.19170037210495,65.88393060597964,8.24459142192994,0.0161333466479805,28.611592465795248,111.21822467542978,sandy,barley,1.3138110109007746,10.878575646386668,0.9193369299076745,1
7.1191098769645444,561.9278372597025,149.0618367041015,11.198598184583329,0.016448745142092207,17.334676895097996,137.76381981831304,clay,date_palm,2.515119404328394,14.494583075548045,0.7946342673796145,0
8.097244735510543,247.829043912371,290.9544152970451,22.999665537573083,0.003967060555821769,21.268174584930147,126.70239208322894,sandy,date_palm,3.141990382460226,25.190260451911485,0.7362286306327476,0
7.281117916146373,609.8685714338279,184.74521861253012,18.763488734445268,0.0346542395836225,24.241481084050704,216.1450176670226,clay,tomato,3.166266345374737,23.437763045778578,1.0,1
8.287265579735745,759.5400252235765,121.96987583371114,24.71948635371039,0.028823478478579617,21.908954181302214,148.25260700005515,clay,barley,1.7713351645764395,14.73651385391261,1.0,1
8.228595270792484,545.3991517984518,80.06774078215172,20.340250599615388,0.018121830521995615,21.295032041390204,220.70436775597489,sandy,olive,2.7786240476828983,18.962082457298777,0.9200180224723702,1
7.811190632478317,275.66919342524636,225.8820850453826,23.839488642871803,0.03555425996695038,28.798066230536314,126.07689967347292,clay,tomato,2.460859333941614,18.0203426254511,1.0,1
8.065364197934967,549.0329164840861,211.2140108574317,9.323771477409508,0.027330529712116983,18.297227082911217,173.93187693161258,clay,barley,1.2421653486410884,7.266147763797532,0.8752757152312662,0
7.471525169775623,659.8083278627914,143.48467840094366,20.429697496338513,0.023993002347656445,19.452777482752612,203.20557003296932,loamy,olive,2.88472951717153,23.971329050139104,0.9797289462436214,1
7.706751848399222,443.8499219444112,287.7353379664586,5.404350402955949,0.026054902639395198,25.628793762707254,197.79862807987823,sandy,date_palm,2.229430096376413,13.835041567313151,1.0,1
8.232455346565708,727.9026487648807,55.55070324696258,18.415200434230677,0.03218105813808577,20.426835167893795,190.16941148954032,sandy,barley,2.003556279138535,15.407506587389864,1.0,1
7.688897795759821,589.2097720144186,125.93096290795646,14.385645562404827,0.03334012762415538,22.25504603850815,238.72324028967546,loamy,date_palm,2.572717560711873,18.182660804099495,1.0,1
7.536697397988163,739.5493509735215,280.2673715748954,11.935201438401373,0.015158933137895143,7.790891899702631,134.27877215601166,loamy,date_palm,2.370466302529279,14.754080749081718,0.572839139264822,0
7.74131867087545,574.1031867484023,130.2338595798601,22.24808704586178,0.007896424806166508,11.766740799337056,174.0578806693158,sandy,barley,2.928772073947136,23.3517818418407,0.5880829539950096,0
8.242373878655828,278.7727832028945,113.06320846379259,22.085353853150615,0.00867507487833542,5.271739025644898,232.5988825108613,sandy,olive,3.1207150432519724,22.967181980609176,0.48521810714808705,0
7.502812071056309,385.8150266631135,183.55510248281183,5.446034097972872,0.03233015340924708,15.667197827709359,111.68406483927356,sandy,barley,1.4726966805402761,3.728144935806542,0.9161119921361155,1
7.260642389703616,321.07696895147416,255.95043748013447,17.19010244898862,0.043770791002589175,14.216094619727143,108.38324023796129,loamy,olive,1.9893926163144473,14.853674444495956,1.0,1
8.06802103049617,745.2958986301173,75.78669021959027,12.356644486419128,0.02106531763893204,29.91772161410425,134.99534313374372,loamy,tomato,1.9687826492139462,13.7434367447239,1.0,1
8.238967319062123,656.2400403724896,285.75517741143403,13.313220030008983,0.009306487856143658,18.72505093165073,194.95318293070278,clay,tomato,2.3355066048977773,16.10831919772544,0.7009388648669916,0
7.1509562177853,605.8390213460036,248.768220295291,21.640814784375518,0.03807352241639888,23.806899872638276,138.98194396747104,loamy,tomato,3.1333478212124026,20.51077707954798,1.0,1
7.359811169133917,380.579791778973,95.31256388788799,11.196795430553566,0.041791984246552984,10.686425451971973,128.53598257131983,clay,date_palm,1.6948789202967822,5.7614846072370245,0.9761985863614768,1
7.212957984641491,310.4268632301281,228.00199029954067,23.8609762127524,0.044148539712927364,25.1148146089411,168.8203473037438,clay,tomato,3.0869077527745477,18.60912461137553,1.0,1
7.52191211737325,653.8706527933471,146.2396806593893,8.592676527442816,0.03073474001677293,18.83746402814282,192.03971031541172,loamy,date_palm,2.137888113888526,11.725343518970513,1.0,1
7.675526468358119,484.4947675274478,150.57366951907966,18.254448467363556,0.04317569941001615,21.212777616354714,137.28365605251105,loamy,olive,1.87775002541755,11.314734238482547,1.0,1
8.12323950544496,335.4737312903775,245.8225231097166,18.442101340275293,0.0017553329639719763,9.538492560534177,145.1036780085613,loamy,barley,2.158511586141525,17.558439087985565,0.38978077256158516,0
7.976721377322511,569.9731868991651,290.69620199518306,10.043903228558364,0.006254554286706653,16.910513359171738,192.03389572172708,loamy,barley,1.9407019362569957,12.886303414479457,0.5872847363845942,0
7.931392851217646,224.2003112830712,81.66396821179848,11.49501217934404,0.0055362272855528395,19.38707222899465,241.8607632984179,sandy,date_palm,3.1274822926243138,18.31685606826968,0.7209834372731307,0
7.528562419914482,395.7021524769521,155.15755921970486,21.695969851598807,0.03591762952848192,18.08374559868085,201.21125911571323,loamy,date_palm,2.933273156190598,17.817154128696217,1.0,1
8.26217132962714,481.1341967546808,170.23540202107588,20.23610509909905,0.004409507393635373,27.54061763131243,217.435621537684,clay,date_palm,2.808758922265938,18.472570649755028,0.8416556773120543,0
7.7069307510972465,288.77500046564353,144.07795423874938,11.58191760629519,0.025321854250849048,27.049907270284052,155.0215142133203,clay,olive,1.7480409415495346,10.547749767157763,1.0,1
8.468657407022732,790.7926865545037,140.79728092905626,15.679130938698677,0.02416263803317817,29.158537678429248,140.83815390766992,sandy,olive,1.7867599395785208,14.026405365274824,1.0,1
7.9512132074436055,325.45841875376857,63.067166890399136,6.233605925061909,0.016224472654353807,20.35541217420269,168.14016148039337,sandy,tomato,2.315108572636465,9.159269683331805,0.8356840191102781,0
7.189397112346754,278.2118780259593,221.3846551406558,9.174917647972585,0.043649853327162896,29.185509773644853,221.06992430675103,loamy,tomato,2.5575959087897395,12.044865620221788,1.0,1
8.014266343113151,322.12092433213786,159.05360428001134,14.716411177207982,0.009351226892119806,25.141862000925357,168.44494626858338,sandy,barley,2.2740946106782305,16.884201340445486,0.8250332122545626,0
7.487656023147548,661.4366798958346,98.69845066098169,6.719474705584232,0.018270676435562752,8.854132069858819,227.00881131847916,loamy,tomato,2.739209030037787,12.577606581408068,0.6702795103336406,0
8.029490795029146,455.3033955631057,254.0083755755171,21.86664709783875,0.03893440350112353,13.395634416987615,248.31579710426905,loamy,olive,2.4512971053458834,19.953987638848744,1.0,1
7.104461722243609,539.2495638515228,250.64018703790697,19.360124202152956,0.0024906934052709283,7.913380823481284,110.80399985955046,sandy,olive,3.382244205526624,23.634770629890397,0.46620755399081953,0
7.262322155763939,212.60549419181643,171.59790702222347,23.872673412969895,0.03397456961207206,1.121717664086391,106.81152341255556,sandy,olive,2.8770689049883793,20.33443755200963,0.7622184098618792,0
8.283605888358679,220.65878514398872,124.61266528694013,18.869338119280542,0.041003488591716965,6.45341384126035,122.43845543700428,clay,olive,1.2473980818205717,9.361837796447423,0.8439124522466073,0
7.340769335535272,467.4953298962097,209.52318144911308,23.80802744524371,0.046681124103070196,1.1177570023193943,157.65545136015191,sandy,barley,2.5294688577231845,13.960894011224278,0.9249295102102955,1
8.255561687864411,689.9931459209741,122.03803394435077,16.0902511138193,0.043938535384082766,21.87531537916421,119.65633137181486,sandy,barley,1.3324289991435432,10.721896046205247,1.0,1
7.418914132681616,731.1433272245391,109.001982580928,17.004372221239386,0.016649821724850574,13.340494633914787,230.5996716428134,sandy,olive,3.3051329508461262,19.751393933402856,0.7809678546187444,0
7.964322865088062,252.02394055738412,232.62866350658166,24.539421092525217,0.029731842924824677,10.06466708525789,103.47193765405957,clay,date_palm,2.170992783580355,17.224507031617918,0.8209504082639563,0
8.041225860264746,523.0178612606137,60.08130993023767,17.842582937285208,0.004787381164372826,23.08990584176045,147.36890745037337,loamy,tomato,2.8544054423876717,22.12564427297115,0.7619612696918152,0
7.768982129717579,747.9378117675623,73.6921177586485,5.6157313772149315,0.013635630173852421,25.142116463969707,127.7041944241308,clay,barley,1.2938098927521944,10.27358584955077,0.810881573307356,0
7.457966015045097,432.78365263873184,51.69704350589745,19.476055532610467,0.005616896558627862,29.283686620846517,239.73089952362986,sandy,date_palm,4.0573577950027575,25.35565696840151,0.994515804396569,1
7.318966564556645,697.7394988570211,88.23579661885654,23.10937384274831,0.01644417721754423,19.618393955581993,200.4221507335042,sandy,tomato,4.325539665883463,28.334062973573364,0.9850737106454803,1
7.0497840318436396,280.21739263966174,67.24750217761486,20.911604995886535,0.04388417345947772,14.3843397976615,236.80453846770618,sandy,date_palm,3.6533291271699833,25.007707548271064,1.0,1
7.455919601861086,761.2366938006792,298.95059194497964,16.676665452508452,0.01801117514404034,9.852664746615641,245.849306546559,loamy,olive,3.004887275513626,20.821412802718374,0.7076119041340081,0
7.979744185796925,650.8539905187815,122.2024924885224,18.426070261870326,0.028533007047069896,7.447228067212563,174.5647365516054,clay,tomato,2.3687188906695704,17.703064571492213,0.7664371783038653,0
8.407457227672724,764.800635672141,87.31700316731181,24.803835785033435,0.0222356615576321,7.174852563995435,135.14786620720395,clay,date_palm,2.1376195113319247,16.283802243357457,0.6480415355509441,0
8.306806723394578,605.9703401315039,110.2490644989795,6.8132417701867665,0.023486909690638033,12.866491866874163,129.0593179294884,loamy,barley,0.9350167709972023,4.293270534143799,0.6844348243768299,0
8.149097164802953,418.0423591996562,284.03139288503365,18.34489657266479,0.04850903053999136,29.761804303349965,133.43782925287607,clay,barley,1.1055821381838704,7.6792954012252705,1.0,1
8.182671014879947,762.9087035148335,180.04005575609892,10.667953891411877,0.015511568944929041,1.0247572256846946,206.28899614330044,loamy,barley,1.7236386210588086,9.618428252679943,0.3910597683723342,0
7.997477355213993,365.3400657855071,141.20452407696422,17.801807931723403,0.031738899006635395,6.718971019699023,106.0668592184501,loamy,tomato,1.9988194892301028,10.591791466828521,0.7703684646319195,0
7.390430286349004,399.3035132370395,268.3478644773048,17.152471517678777,0.021583070809392906,6.463396489703641,107.70416095490722,clay,olive,2.1736634505682013,14.550001661446036,0.6269070679804225,0
8.360792546058745,620.4850508010442,148.7475676372581,8.069136642163242,0.0039961628713366245,21.796465080436477,191.2214413574725,clay,olive,1.6216981110434285,13.645105324117637,0.6256075935622532,0
8.00609846785875,659.1897797152317,133.75214248942393,9.134932914804782,0.024977210749587565,11.222057100343793,196.308572010611,loamy,tomato,2.070259014795108,11.625894096059689,0.7647200244342979,0
7.84066094647066,757.6420903094923,101.82063063743388,17.43259156086427,0.04085382312321031,14.260563333162798,199.789438648369,clay,tomato,2.2863569607035608,17.068020942689238,1.0,1
7.166484203820222,322.88144543372573,144.44920597735288,7.564598946075483,0.0058388954654027304,5.310099783627244,155.78207568828867,loamy,olive,2.4828210428417403,15.21409707455766,0.3924111110809251,0
7.670583315709639,678.7988211315344,129.1710890042315,10.303617502606457,0.00441000052241914,12.744914127431484,220.891733307123,clay,barley,2.203208148308318,13.167072231166333,0.4973049422495822,0
7.690537406802889,643.127632038178,219.32598982453524,21.70491095476005,0.008527944499270067,3.9927945452692453,180.04368815899264,clay,olive,2.8295242826528533,24.53202937170472,0.4341370010066642,0
8.296845414284006,238.27673375215872,122.39567616768177,11.541830120032772,0.038455605458076,16.45825534876891,115.81984450141292,clay,olive,0.8150205891203066,5.27092672914284,0.9712008359761426,1
7.819972330281683,432.3338847261242,194.29993660564037,14.761203125393259,0.03647577382309216,3.8402125961028224,219.56489606010177,clay,date_palm,2.1428036598506064,14.894599831955917,0.7953651520564873,0
7.570600823455615,369.65927423605916,66.47304125799317,23.822806702916807,0.028685870676399418,23.92474305402153,242.96016794056874,clay,barley,2.6675740526268346,17.86174953441981,1.0,1
8.46520049276599,382.69425461241826,97.8222891741286,9.542981776738927,0.023943093800538988,17.431449808674195,109.0054469503538,sandy,tomato,1.51990064535904,11.099899136665877,0.829367454810292,0
7.166080889989473,789.7681277328205,151.8513179028372,12.792520347160208,0.04452796492042849,21.99506833943199,158.70270080508698,sandy,olive,2.337640714454899,14.490193770184128,1.0,1
7.633822642467917,585.6664480879567,284.23731347717387,17.129155510870913,0.03856819336784065,13.136975212927831,173.12740672521215,clay,barley,1.768467944652452,12.416716879539631,0.9827398403483625,1
7.063037012757108,630.6056946760998,144.31299642892384,20.106778590079443,0.040785170313788456,12.063247504024591,121.97061401174754,clay,tomato,2.760152122778459,16.151110846925665,1.0,1
8.109856181150395,785.9705823890055,216.01853029995854,23.033067734254104,0.04084985276618206,3.8480577824170443,230.15634216743157,clay,date_palm,2.395672152113292,17.01458492022467,0.8813627193101352,1
8.377114828298726,426.3210694745832,113.77180560534953,23.309459751470303,0.032493140582532345,16.191812604241857,142.6224467335066,loamy,date_palm,2.0461376589127362,17.527740431375058,0.9749243735358413,1
7.420055994325734,681.1041010716835,81.75839399330793,20.53280148745246,0.02344271659148135,15.920562780855668,217.451280990724,sandy,barley,2.9828928302194977,21.252453126803406,0.9086834309068935,1
8.287512515198681,460.71857798269724,64.63415002001253,9.566616731866208,0.043369209876696874,14.574959289038555,200.6491723042474,loamy,olive,1.1798486557403267,6.591134459993958,1.0,1
7.438327345692847,721.7202030889879,126.35337463568784,5.496186600851316,0.046374363462559284,22.47503257579103,189.70687337005353,sandy,tomato,2.16018770051506,10.386468611965707,1.0,1
8.366155242465872,308.3945247867819,89.415256699227,12.675478607112476,0.0021664961196588076,25.14262760093828,128.82142730448317,sandy,barley,1.8615435629249615,12.864366338760075,0.6842734788476446,0
8.130942855395176,768.6117062385678,93.50261200403105,7.8309770197564665,0.003526188790046314,22.772900573506735,133.10552808263586,clay,date_palm,1.6611190216296503,8.775215795125929,0.6412403650512015,0
8.207360165262157,331.2630250465278,240.1898270967375,19.20775294876596,0.04797842154851343,5.172106541398471,107.1022607119854,clay,tomato,1.3350239007670683,9.485300925745898,0.9299203661170363,1
7.027009833400681,395.73230418855894,53.95951773621855,18.222611736514338,0.014580870078365546,19.039725769181135,136.10686446733996,loamy,tomato,3.552798909887645,22.93546591846767,0.8837314793501174,1
8.44421553561104,653.7153404640683,189.4525314338586,5.879432832429097,0.04379510254282152,3.329370064996468,151.8165414190771,loamy,olive,0.5805741976958692,2.4468266934811327,0.7699598752579218,0
8.090006488105486,436.253084939244,144.8653451483662,21.731875582619022,0.02005096082910873,21.14404633577382,224.9717955793638,clay,date_palm,2.756321816366137,18.320266452649808,0.9441510844613984,1
7.4571266430792,564.9268260598681,176.6374999771368,9.974865325823645,0.006835902822858425,12.073333800272675,154.9589000072208,clay,date_palm,2.4429537535314942,17.561888364056443,0.5394415186308494,0
8.24409199728827,466.7441006416571,190.70755930365073,13.644541509820844,0.004941716810257379,4.8424697317223115,213.19326741484096,sandy,date_palm,2.8495839829904606,21.918789056948434,0.3989418654275438,0
7.422281797622395,645.4219622538691,128.34192361431954,18.358674709114847,0.008668887054942367,25.999474852307706,165.91634219432314,sandy,tomato,3.863878817186091,25.796585192606734,0.959133108245177,1
8.309130759349191,336.9987514211665,123.77721504607132,13.588375737045066,0.013244766548500871,18.806241832129185,217.73024679908326,clay,date_palm,2.135929223745625,14.911992009858674,0.7456706727697469,0
7.168870585617905,235.07479234212622,233.35046233372643,13.825756055998868,0.024937399342610488,11.287024070478298,246.44074006555599,sandy,barley,2.90511414750706,16.02704022321349,0.8322106033492881,0
8.055528966191194,379.95763848383973,267.81924703028926,6.3125599067148075,0.035373397127723395,1.8910882098644866,135.976233708637,loamy,date_palm,1.107418012182516,3.439452512878029,0.657016162087742,0
7.811047714967366,484.5851989210582,98.14540811463198,13.028870985200076,0.0493335302477797,16.581997511104703,229.35124179458143,sandy,tomato,2.51157562938651,12.01940015494324,1.0,1
7.144801705293161,300.81203131560716,74.40469013378724,20.29695786439967,0.022633830421169385,27.773550476100745,193.2736129458662,clay,date_palm,3.2622343203289343,25.052451840963467,1.0,1
7.362840742388259,412.87837379383325,274.4489515980065,23.303526743731954,0.026391062174812383,18.295015148368606,222.59413923829823,sandy,date_palm,3.8423973097494093,25.750549457137044,1.0,1
7.018606054415972,439.98981097614114,137.47386591184966,13.269942741267435,0.026568969367779527,29.1778675339653,197.73788534017078,clay,tomato,3.106346112346238,15.53846480818019,1.0,1
7.7031519481967585,234.43510621296412,187.82934766570355,13.471716537581578,0.027432283418908868,4.957082429843297,163.59242609112252,sandy,date_palm,2.5466076853524156,15.88920538412783,0.7143545147086923,0
7.451897891140001,549.9843489105227,139.88578613000087,19.052542126473043,0.026369292198118652,17.48084803325027,134.21124091626854,loamy,olive,2.4253045752953515,18.763190756498663,0.9391807096604133,1
7.897536226446638,730.6060567827725,81.45058408651283,23.855440022105533,0.0014299629980339735,24.145626392186454,110.50528379967476,loamy,tomato,3.284669495048059,25.771704445635923,0.7671355324180834,0
7.445856711562926,291.04574777183143,197.332911236932,10.341218804787204,0.0010845162833821947,16.240681202645767,180.32775466910755,clay,date_palm,2.7431098273862635,20.682011909961957,0.5605301544945493,0
7.449878667260477,558.6848080409084,181.2852129424074,13.802884130758738,0.005785649588180023,3.640924323636705,248.54891417902985,clay,olive,2.945301693168692,21.22411449386075,0.3952273657489298,0
8.114789798097405,598.8435229465077,100.7483897977993,20.919464871046024,0.005976273568029763,17.90369404486931,210.70627075213093,clay,barley,2.382607742566407,17.58493984467176,0.6383266038231452,0
7.07221425396753,451.60080825157297,162.96726116306945,17.19387138748077,0.03553994853878501,18.740399269431677,149.1018312098525,sandy,tomato,3.370285278418061,19.072114468411307,1.0,1
8.35434249278798,620.658552418562,249.23687600391145,7.2117268792790945,0.011040885593283988,22.132568205785226,224.0807200130103,sandy,date_palm,2.253697057398307,13.50154004222399,0.788560412606829,0
8.278395811586773,446.4389260946072,197.60652577697283,17.554654711245313,0.04484099113302503,23.075133939798743,215.34760002646098,sandy,tomato,2.412576973052526,11.26826916040504,1.0,1
8.00170702483961,502.78237278646094,74.22933176674871,8.734925691946538,0.046501710149273956,23.35240795810761,142.2453690030185,loamy,olive,1.0039225636747182,4.53612555516604,1.0,1
7.889832355161077,204.41182673265618,187.00537430728377,15.204318681568083,0.04881877355689904,20.239887415530013,102.1461234691352,clay,tomato,1.3016980595675027,4.185175560265547,1.0,1
8.338453747209478,615.0320684808132,225.6845748223967,15.582065353208769,0.04701498393946399,7.2585244061410865,117.72439578009244,sandy,barley,1.1812349011825136,9.484369164378695,0.9448940393093826,1
7.277995269293072,596.8056073668347,248.17585144518785,22.524067244499697,0.014322527774007707,12.722836919344902,231.59592854680864,loamy,date_palm,3.8506345971383547,28.6450944756743,0.777345422768082,0
7.118453743286243,223.04052639580675,207.2793946585667,14.249885480248762,0.025979065390472112,23.50776920581756,225.48445529573075,clay,barley,2.446263992569629,16.34293033773058,1.0,1
7.359265254864307,420.95006443707985,88.16454113519593,10.588848444717884,0.009597293539650109,28.649382518623582,144.28135013175438,loamy,olive,2.3773795826573973,13.810951208504505,0.9071374200798151,1
8.191867418050286,787.4191044750004,227.54331664754017,9.619326964320631,0.04050427310344923,3.289461980262038,142.77931394266307,clay,tomato,1.0529721492760076,5.402569870990445,0.7575911080990597,0
7.052005400089725,452.4419375411701,219.33546152037908,22.48503753368672,0.04453315355206071,16.53056365611865,218.92974806537066,sandy,date_palm,3.6426319613585685,21.72710449003216,1.0,1
7.874210252625234,501.16724307910505,56.106720735158305,8.420217088364568,0.04271315312557823,10.063145868404886,240.6606204843133,loamy,date_palm,1.8203733494228573,6.137007715002158,0.9875900822055999,1
8.493156274286966,745.9580948958311,152.9369168975608,13.517371217662875,0.02223498048614491,7.536422935188063,216.87058851964,loamy,olive,1.756170586505502,11.286817347435347,0.6247468129163751,0
8.283544140756309,630.3571255194538,133.23756174059332,8.74346229853894,0.03817502034965227,15.668509822071735,190.83680155461423,loamy,olive,1.188456026087315,7.018694087871115,0.9810719837732039,1
7.782168533565384,549.2420786745341,217.35301606341085,20.466080802287507,0.005781379309237203,18.576590876139566,136.40070254977067,clay,tomato,3.0223271374188623,22.807558462749117,0.7000386781548583,0
7.095461363929964,678.6828088046435,104.03395307773019,14.48745279949238,0.002971993760343284,1.2833947111649562,178.8621871142891,clay,date_palm,3.275524050909167,24.776821846577306,0.33228972470118173,0
8.247060271578565,718.6197598735839,197.71798074356462,12.022873811136241,0.03790858430112928,23.625990593834537,135.0267787889897,loamy,olive,1.140686419327685,8.253284269940545,1.0,1
7.898467762265816,474.1328430423601,278.3014904535431,12.221992812529336,0.021842408442105502,24.776581806523982,221.20171301451603,clay,date_palm,2.237076330686536,15.2073195620451,1.0,1
7.17239949558935,485.0650189591012,249.45059305215193,22.044284134459588,0.04978191397223889,28.999813912470056,158.04416192766058,loamy,tomato,2.9751839781475433,15.497589048406457,1.0,1
7.140785927235035,431.6305613911015,280.36443405413263,16.075479085888762,0.005765456576921088,6.2386682635161534,225.05458254910394,sandy,barley,3.295677406115156,21.76171594692862,0.4749094064133519,0
8.364440229154889,780.0236840110763,294.6264917331725,19.357357022625273,0.04292575639522646,18.242024308467492,157.2413826974088,loamy,olive,1.49758102361612,8.809527466739667,1.0,1
8.003800394407119,618.2997525742103,52.66753175154069,22.94077032501369,0.024519170210920597,13.372135830815441,223.62241077998368,loamy,tomato,3.2413614643879596,22.565192671605406,0.8945391869311545,1
8.243930198975134,249.93383972484338,205.6853190943694,23.03483352081284,0.04153035957968998,10.710007695105169,149.99767227478628,clay,barley,1.4906943196639157,11.127816800829402,0.9564110931705663,1
8.318468350423402,717.775773987811,153.2098494397266,11.570181086757263,0.0410392368263371,17.403370091687634,166.01990569265047,clay,tomato,1.1985011721638699,5.761444706772666,1.0,1
7.857658528072483,488.3359645017608,264.9636225837804,24.049025262927707,0.04588360806674179,23.68910970348296,192.32326290139864,clay,olive,2.150758846489833,17.90736899569377,1.0,1
7.776169527632562,241.25234385349248,112.95367550228292,5.497517640292109,0.015594650553019038,1.6685307199110933,110.5431421044878,sandy,tomato,2.099685762928242,12.088470673467818,0.43526523372776676,0
7.645641115481485,529.8303530979866,295.257372278769,12.536711220323314,0.04754016831963815,29.112603264419416,242.23105927231967,sandy,date_palm,2.525645881883351,14.903125923545534,1.0,1
7.475419881686679,450.2985673854213,203.4269923859368,22.915977150176833,0.008431681057523394,24.486565985465614,186.04086791857048,sandy,olive,3.5561934421036514,22.90282374680468,0.9007020109404553,1
7.651893941288067,726.649642917575,248.38435055720774,10.492737596339659,0.005016470102081036,22.783457405721773,176.17300220362034,clay,date_palm,2.462443182899047,16.12361333605432,0.7279116542775748,0
8.160819483595235,322.3967621656324,71.39988820569208,10.461629006426367,0.02214916035124511,23.0512340832346,225.90909566798683,loamy,tomato,2.262725309789311,15.216772079185795,0.9742801117165135,1
7.9028851465226975,695.8787656953098,95.86447118971626,11.052445701637774,0.041587825463450294,12.282760578940925,229.86440948452415,loamy,olive,1.7584041630337235,12.066808379253011,1.0,1
8.338784934932269,534.6132147112717,239.6009182585508,17.246267696938446,0.024197635401038836,22.7969959744996,178.3390606793524,loamy,date_palm,2.058639780171125,11.675765660142133,0.9835956329192644,1
7.6650700215687815,232.76618192808144,55.4966305098309,13.766655512287077,0.0416350471989952,12.216336049485772,239.0893488690456,clay,date_palm,2.207358025232276,11.67698033885435,1.0,1
7.9106343680781315,783.1071807952908,254.2194964734457,19.53469672706685,0.03675465348392096,27.062498057669,109.7106649114721,clay,date_palm,1.7677380204444924,15.045556792666632,1.0,1
7.946961329637983,507.56914646191996,53.48725467297786,22.898212851293316,0.011261990920807746,6.13944911588762,116.98386883768264,sandy,barley,2.498402909825524,20.140543971941277,0.4915910789159105,0
7.887545743459488,374.5261125389495,214.27970976531833,18.48398749885721,0.04749519962007373,9.478075302239393,189.51823450216602,clay,date_palm,1.9213588188005175,10.430033783198652,1.0,1
8.053950659628274,481.6441051935549,141.27348005795147,9.08933440395151,0.003978277262840767,16.988788738273207,153.10987926903755,loamy,date_palm,2.077001726385128,10.522916310230151,0.5656100718188859,0
7.356150202562209,714.7146701104934,202.87371317979978,23.653638047210045,0.04501570566964595,10.257120040730904,169.6337749283798,sandy,tomato,3.4585834584381776,20.35539887478398,1.0,1
7.768545666318686,382.9418746310381,224.00785174727844,10.28985746694957,0.015917729000528326,13.302880113562928,149.211882684575,sandy,tomato,2.6763116980492,12.527925239845537,0.7189284731231195,0
7.156337204212521,315.6058378920202,135.61880479657606,7.9978859065631625,0.02550725607505557,15.280257992559246,160.70879671674035,clay,tomato,2.397842703727636,12.75456318742594,0.8800414172752293,1
7.576766991467219,277.44274815852884,76.99061202770889,6.799345577219218,0.02169524176233599,25.83424711559175,223.39695207194492,sandy,tomato,2.915552479886859,16.920596825645706,1.0,1
7.731500602931897,378.71563903412675,67.41146693706641,16.26767481332331,0.009419893288928893,16.17257535465209,189.0214299781457,sandy,barley,2.652812361509428,16.307192886166366,0.6769748953477295,0
7.978336389318208,668.0288522240261,197.23400564063695,7.2752492496130365,0.018549196453682967,11.511335609822254,249.60168239252474,clay,tomato,2.2570443916934155,12.855861495366101,0.6890282103371628,0
8.425796578879305,482.975819117157,180.16383843352787,7.775517682252615,0.010453787378346967,8.184348757018357,218.03187967314443,sandy,tomato,2.4083729383565946,15.797235085741054,0.5131636208840993,0
7.900976599822534,336.488962216124,235.55025228028313,11.000609611909933,0.010990437297565669,12.851603384973718,141.049938115274,loamy,tomato,2.3096354897779503,14.84396091020046,0.6066594663451954,0
8.11539087426484,299.7109997658495,177.4338775009843,10.633060193689277,0.010165784965292638,15.956347028016728,139.65176765900443,clay,date_palm,1.7496754563185195,8.763634272704554,0.6115877515452057,0
7.759399089242804,399.6376859062275,155.6114475077198,17.084790206642847,0.02496185163698312,22.637330858893854,150.38474051755105,loamy,barley,1.9532293297671783,14.876300677119726,0.9834327381139981,1
7.951156047064497,763.9546237314253,149.5217945590577,21.33490558945363,0.040098637008054466,4.510414508997822,226.4889220971614,loamy,tomato,2.819569641648404,18.512652853689083,0.9172534166326458,1
7.1063983242006605,405.8160275540146,56.61172564941687,20.22699312405785,0.02887953165430081,7.426666458935376,104.09314759758485,loamy,date_palm,2.828513636283336,19.032402968408032,0.8080073948958866,0
7.38158737126277,792.8744455727813,133.88930042416428,10.249689094329534,0.04476712283899126,12.009966460191523,134.52719183068865,loamy,olive,1.5870049510231738,6.4645136174276265,1.0,1
7.5427796398077085,491.1382734592137,294.00503938112354,9.906209959719599,0.03219067994025949,11.451553748465923,235.73776305164003,sandy,barley,2.2455216919710175,12.14459930226506,0.8915330094308922,1
7.708740032509771,307.4983509740905,268.3888940567722,24.315830602139354,0.03477766566599762,12.36069454055114,195.9844654124878,sandy,tomato,3.571592188635637,25.126162434328084,1.0,1
7.068473118253576,734.6840550761057,132.34451675855442,5.1647248318392025,0.03371275425662316,24.012116674569413,134.02706432515845,clay,date_palm,1.761083754980903,12.281329550649577,1.0,1
7.210036146329976,476.2132238808961,196.94885126659304,22.594410661204314,0.023023500466003318,10.40047768590302,132.87174523488704,clay,olive,2.7415244394626472,20.667700551969045,0.772684015865122,0
7.415221461686959,625.8028061027146,261.8241863838735,8.9945703824481,0.034777602287804056,15.555047231677275,229.39271526391457,loamy,olive,2.1589085841608107,13.936893165028234,1.0,1
8.457299036351575,790.226949925491,160.31858418751716,23.945686461795358,0.004415679576979097,19.093303952878998,234.06362624155696,loamy,date_palm,3.1381971481241306,25.543202534494643,0.6991570445621968,0
7.497020510654576,230.10521019198438,54.48946593753774,11.846145696550394,0.0431327221238675,7.733177955324548,138.4196636443173,clay,date_palm,1.6418558299149593,8.435408560512696,0.9330028573577002,1
7.723061587168123,258.01673587254027,68.62761545466002,13.807035477865046,0.03911279502875195,21.84216622727863,163.07655371147985,clay,barley,1.4697897542277876,9.257578514832346,1.0,1
7.294146569107589,632.2740448776538,177.59818033717664,19.14241227888762,0.013016267953352263,16.866228272410147,225.1893607942476,clay,date_palm,3.4417338189865165,21.12053447176738,0.8079072902674083,0
7.916170106613652,369.09500197728323,292.35984391896955,16.753381029465206,0.03863359025845004,13.956653727909963,215.65111579148282,clay,tomato,2.3134206603184846,15.01681722903758,1.0,1
7.421024823273961,310.58083817005945,223.30238555471695,11.358786594136456,0.001619487468600906,24.483736775411103,222.08741598491267,loamy,olive,2.9227546675815637,15.011209099059565,0.7477874209437607,0
7.31048886765764,223.6171278918377,67.72904785964238,16.07661831735647,0.01164508205156314,8.061362516370277,177.7597286181953,clay,tomato,3.2665236083699876,19.873424447859147,0.5972253697704517,0
7.774858942668969,213.10802719172108,97.3402189479657,19.614137687257724,0.004191724694873901,26.612103147815372,236.73235724577597,sandy,tomato,4.148146079318027,28.38689918827346,0.926969619724858,1
7.008258698740631,664.6913618718745,242.8307858042125,5.846698918049842,0.039231118914276844,17.270413325634408,148.89273159316528,loamy,tomato,2.1648435069249303,11.627749756774593,1.0,1
7.011496048973838,280.66005642173,260.3599399890612,5.223986105114083,0.03803783340774097,18.666071502010087,123.5008201521277,sandy,olive,1.9609897597335941,10.952008693936294,1.0,1
7.328603213652786,480.63236958269056,204.4236465471477,14.161338781457825,0.0408681651662897,26.37670996089934,206.30984988472972,clay,olive,2.150983702063095,11.85954434698776,1.0,1
7.055082043751232,563.5380891076898,211.10579240745415,7.636732356070284,0.001219602972950913,24.709897947630743,180.90316240103445,sandy,olive,3.0942620589093854,18.71547757874083,0.7600329682596294,0
7.162038631196037,457.0110803413078,57.08436259584616,18.286885829294288,0.025560403607241995,18.44529999583511,228.18786532142215,clay,date_palm,3.2420448491894094,22.937663156104616,1.0,1
7.508290974008127,216.26399140173987,257.13256489537713,9.281049124548684,0.035536973678349494,22.84244341159705,112.17388736870724,sandy,tomato,2.160432157851559,8.301895926856481,1.0,1
8.20387851936972,670.1009015527453,247.0688020427074,13.657022135913419,0.008614655308211757,13.566265216754008,226.55386051571003,loamy,barley,2.0851152381660096,15.836414525005248,0.5673543530115372,0
7.858072965053951,206.3079347249921,114.75878602583678,8.953418737485379,0.03283974564811861,16.87395485149264,143.99419798132334,sandy,date_palm,1.8853151120652267,8.068182755776808,0.9809004907168501,1
7.769001588934625,657.1339366264904,227.16917999137675,15.96967171498249,0.0051213948661746,2.800033964546823,198.22835007522747,loamy,date_palm,3.0048621732842844,20.55638997644352,0.3732105761462982,0
7.440233234812182,735.9826962728737,103.71365160624953,7.3210691876913785,0.009884966949111347,3.6058796220013583,106.01931836173837,sandy,barley,1.9975273346143814,11.009521152248695,0.3801942834458479,0
8.397630579149224,459.7039526343034,60.08254026287825,5.462137055749605,0.024314043934735453,25.053336721403628,191.43719444554011,sandy,tomato,1.776634624270306,9.507339804274121,1.0,1
7.595522561855788,521.3254838586789,100.28413564759433,6.022632762133943,0.033024692481374004,2.730478014792403,207.5907533781004,loamy,barley,1.5861598501557859,8.137990455513286,0.6768727355289209,0
7.130639150193657,486.1900355705923,94.65721918857489,24.0851688303062,0.00814758722074091,5.912574643345611,155.31253217584305,loamy,olive,3.454209726127843,27.872514795482395,0.5168020792682533,0
7.9255997741767015,433.5251711740633,134.4369991837118,7.845724372218717,0.010075943210715956,24.079147109562804,132.31160578932105,clay,tomato,1.8483633692688577,12.068909931089078,0.780591159893504,0
7.170757590214902,732.4547212222161,154.61237429386452,19.169565062736705,0.011017871986217488,1.0332325682194323,180.64460149053176,loamy,date_palm,3.516076739252649,24.489730062673967,0.46721887029786285,0
7.517834714202538,736.3601064019942,177.13472287442698,6.3585240844565245,0.012696339430249944,9.189725536530064,224.97862066534697,loamy,olive,2.3382099884270975,16.672873233770307,0.5612964012585182,0
7.761117908076713,401.4898187849207,169.18846887708204,7.163207044703643,0.01210113857778827,17.937121076972034,148.53210374449762,clay,olive,1.6715358433875709,6.964130036646129,0.6739823676772704,0
8.311333787027763,569.0418524088188,117.66865149132234,15.177525028186693,0.0203623063163842,18.2680480126096,137.87039462819195,loamy,date_palm,1.8080593507704934,16.4662958537472,0.8154403030595945,0
7.740319870510178,756.1445372875185,57.292667143518614,14.297418603086873,0.033035692890999425,23.537434338654734,141.84029629565316,loamy,barley,1.6326691590918125,9.999100129857073,1.0,1
8.053388149047496,777.2350993648109,201.27540555928766,24.03160618879739,0.022463557373589016,15.671861380272942,242.36982293749966,sandy,olive,3.1617638193055644,24.31688900742449,0.9033316937537392,1
8.489225258498605,505.3754242532285,148.9362074618386,23.896709060414747,0.039022721528744524,15.77265421639814,153.89153736468396,clay,olive,1.5814255930745296,12.912220075476892,1.0,1
7.197233679846972,471.6948831705961,124.66803934688743,20.592172850849302,0.03624415679148213,22.034006690680314,100.54063598324308,clay,tomato,2.6466761655119444,16.440751029647977,1.0,1
7.412097288279279,367.21658955711547,266.7352607076281,17.042036602546993,0.007199818788404709,15.460109434722222,217.25218119394296,sandy,tomato,4.12213067487722,27.676640522152884,0.7469699245106927,0
7.591864113396469,775.323123914246,236.68582694953994,14.099206347860221,0.0033932395427164527,18.64624151034489,204.89121930030853,clay,date_palm,2.946957635381817,22.119403379010414,0.65958003417819,0
7.632742267808247,285.6885826837204,264.44138709311056,12.12357068656842,0.0440191366359807,27.03544797939648,119.28523969044534,sandy,date_palm,1.9109902819481321,10.94848193070477,1.0,1
7.616531612898319,547.897745628635,173.74569867811525,23.94175093951111,0.004911722261580798,12.642079220758786,247.73563737023687,loamy,date_palm,3.942095858438738,27.711775868474284,0.6418850870139867,0
8.361416503834832,369.53016051118334,82.73281303169438,17.05817622849371,0.008268619855265941,12.168627056657444,191.20934279576667,clay,barley,1.8675285187637443,22.556751225320948,0.5168041204632375,0
8.071048966700285,367.40497420867797,224.0553590303181,16.58145055371989,0.002084530502347785,1.102920764078368,175.11692364109024,loamy,olive,2.4719418680214607,21.180983853092986,0.251081722258501,0
7.9118578211360555,442.98115242571305,101.51844498429381,9.638022435378296,0.031788481899634034,18.789361584115724,157.33289014343364,clay,date_palm,1.484658892132175,9.966339853263296,0.9713871715473991,1
7.4640590767941735,799.2757614893927,160.3074172729292,5.933956357702261,0.029536157594759083,1.8633853148068273,234.8009133345457,loamy,tomato,2.4816858417652123,11.12246753094665,0.6788449375587398,0
8.235685576331942,232.97978410389322,66.25019723722212,23.90377159519089,0.049358279655327526,15.620306202121172,136.59452221278448,clay,olive,1.4914848526032713,10.83277335898188,1.0,1
8.432590767227483,547.1250909221189,256.3271006057456,11.274705176893079,0.044459687419541434,24.322779881934572,142.86533503298529,clay,date_palm,0.776096885966266,3.384719606948541,1.0,1
8.23179742382534,249.5432948211663,81.48516026187514,13.851780466489174,0.021131315696564578,16.94771104507023,118.36162100298503,loamy,olive,1.5148506800127124,13.16464710578774,0.7771120107508903,0
7.002347657787209,292.7124979943114,275.7743767623274,7.292798871714137,0.019207706204714216,8.819448791283603,213.867864337639,sandy,olive,2.9208750036669917,13.619515272397537,0.6981745691897446,0
7.95460205527511,463.73776506373923,266.0576505653893,21.73848659818584,0.015545749679719268,23.798884222031766,189.332392060878,clay,olive,2.526374518381067,17.63628460029911,0.9112738911069096,1
7.076703072163151,506.2760788078648,166.14569110981154,5.5526366571186125,0.008467939081856187,8.821793118393627,191.35992538817476,sandy,date_palm,3.14516024570038,18.179157049885763,0.5550677682517458,0
7.386410830500583,355.27544501871444,236.09205107599766,21.67981524198193,0.007766099173498444,22.25792164743106,132.77056465291955,sandy,olive,3.3001910899130786,25.03466451829256,0.8256652077441442,0
7.089287050521658,389.8742785246497,204.86126845453833,7.805700255759335,0.007481901692470666,18.697495200516705,197.6752583690626,sandy,olive,3.0356506329241335,16.01171602189554,0.7290304800313248,0
7.905693179424082,252.18021215355984,250.7689105844362,22.731282252623043,0.006591623102152149,5.929892605692035,214.81876708702958,sandy,olive,3.3815837650102214,23.158862259054658,0.48799889984694067,0
8.02988487023891,381.9318703065503,157.951275196478,19.595452746723147,0.012785090077871309,27.248882370481386,153.68327960885338,sandy,tomato,3.1974406381189224,25.4226692682336,0.9925492496272112,1
7.171731457098858,779.9350636283265,246.4521210610875,8.293405250146101,0.016026762885342705,6.818666805758675,220.20207159425684,sandy,date_palm,3.234763674553521,18.6025130348909,0.6355558733595957,0
7.575758324567469,766.8244290034891,165.614204266287,16.31635985718936,0.04811736958090688,29.698025150079424,152.31858827980315,clay,barley,1.5008584334024382,6.492027424341183,1.0,1
7.684354763433313,400.926974082191,285.24144696069845,11.25312628710439,0.029345189299092404,1.2120041709932825,213.72076922639314,sandy,tomato,2.8912845919556767,13.435903472546308,0.6957206902627059,0
7.553579532641375,542.512361767257,171.59302520628688,8.564661978231669,0.04939219295115077,8.641017937144188,105.05951611865785,clay,olive,0.9584698141510745,2.5559706220320235,0.9903808381422314,1
7.1815375007277895,745.7572346665667,165.6548179834324,22.18364398822217,0.01925088044345799,6.7959486209517666,182.6746902210479,clay,olive,3.064144480947178,23.734775569674227,0.6698137375466794,0
7.6284216852812134,203.710293584538,246.26796539087817,13.070455330144588,0.02342370499688261,1.4058088949434162,245.428984095983,clay,barley,2.1511447129133705,14.831552801152988,0.5515633298851772,0
8.126767071712628,686.4101422025551,255.3944229402095,12.97087428730765,0.01690435429909868,22.23866910427215,247.1866901023586,loamy,barley,2.0472166479583582,15.997354598807418,0.8621160284085918,0
7.106511496799883,769.0217316733514,188.6222785802927,8.3977334961324,0.009961494893931083,21.109348260888293,142.26288675126108,sandy,tomato,3.276887217846865,15.76668038337258,0.8337603660544813,0
7.120270021122855,254.79544060013424,94.94945337376885,12.661313521715574,0.00801507068110138,23.978177966292982,166.20986366205332,loamy,olive,2.834210699092889,18.881765215599852,0.8265264754698114,0
7.532156937753976,296.86861161975264,166.93955773939487,22.432336926577005,0.047308880692583766,8.444257847472393,109.44668619799495,sandy,barley,2.0891434342767643,17.53958453739897,1.0,1
8.412588567428388,776.4477816628132,292.0181257274196,12.262574209792717,0.04935372340813903,13.885719845406129,231.00119614068996,loamy,tomato,1.5283381334226256,10.276951471168509,1.0,1
8.002858970084372,522.5240861842078,238.24654825979627,24.03207124999576,0.003200565328927846,20.114292127024875,185.28582297103213,clay,barley,2.566849416487967,22.844839012370723,0.6556422757934526,0
8.018004935008847,208.5179806830342,252.79065096978306,23.92617798416775,0.008366947861856561,13.753286612756163,157.76510184107755,loamy,olive,2.7426532830112444,27.143079839845417,0.6199822128238712,0
7.542879986256797,354.57919925811746,58.20637470481003,7.8979731861469205,0.02175268052275011,21.222447339219556,116.91558377337296,clay,olive,1.5390987105752398,9.897985007891677,0.873867051471662,0
7.890491186812808,469.96620456131575,166.96486565853996,8.546225070452898,0.010130340340875961,19.385228844772822,242.01509282453338,loamy,olive,2.307849212082075,16.030195320186625,0.7242876189751619,0
7.015196776041615,615.7453466148606,211.65528341438883,22.253481406637782,0.018830139287717283,4.324786287643118,179.53285717314907,sandy,olive,3.644112963676374,25.32783928981627,0.6604768521627316,0
7.954144069614314,639.8962268820798,257.50817090701867,12.855218378494385,0.007325721143122035,23.650250511232073,142.43918936243557,sandy,date_palm,2.6110473080647445,15.902801191720695,0.7917746120166516,0
8.369930421364355,797.2529077552737,62.31841339569287,5.087479645660187,0.023369076079367723,21.89961441368303,152.5322695197264,loamy,date_palm,1.1050426944253453,3.4728793208965367,0.8769318450182041,0
7.918860202517228,372.5067196302554,263.1097214104683,10.47743639410742,0.014313036192293706,20.019197240904752,140.60457713832216,loamy,date_palm,1.9913522018262397,13.079662377133635,0.7743876638485998,0
8.310547890199517,522.9320611210851,187.10023418547792,16.952579863911197,0.01824334773217438,5.497714581859068,190.27147132854708,sandy,tomato,2.8262482580091666,18.66493444869246,0.6097043682605303,0
8.085959583199141,519.994128715763,99.32849264401497,20.985319319199363,0.005621319921674632,8.771897015065546,239.49453636707648,loamy,tomato,3.570477331193446,22.14721105165255,0.5453959256219061,0
7.180837624605536,443.38715566834253,129.313804112425,7.6677723418651915,0.021978274484796945,12.402133916040412,228.50407049898467,loamy,barley,2.2665159932638206,10.150274284734003,0.7590380750538681,0
8.353679960928762,301.4971363054521,120.4823879378902,7.210827288334707,0.049179622937116925,9.117959028036859,169.0571313138966,sandy,barley,0.9102589797457957,1.8808563722429832,0.9928742429971547,1
7.099665766533662,786.4739379103055,182.71475857211894,23.441853071446634,0.017112819297178325,7.606498429607813,223.97490434515117,clay,tomato,4.145276048210469,29.846398291787487,0.7404443419066686,0
7.800951208821646,711.9903119999517,62.92141997778295,20.02296735645165,0.04394503446727932,24.355372434691496,163.4658221914495,sandy,barley,2.069140946347299,13.928240455265078,1.0,1
7.213205685690187,498.9998169765423,89.63403962498089,16.795592015561567,0.04231675793956057,19.50873514444587,137.8460711137957,sandy,tomato,2.9760794029911737,17.22282960622341,1.0,1
7.017559916096356,561.9472536104179,253.1732608439456,20.38373579991856,0.04765086249656332,17.39869181495726,247.51226728996417,loamy,date_palm,3.2928723318002415,17.878944475305666,1.0,1
7.633051390191459,336.3566321357974,83.15099768670277,13.577087226132768,0.03971536610108763,7.5526286147443615,145.58313519562327,sandy,tomato,2.4501509704453954,13.75638529269552,0.9427951414468334,1
7.442561061481235,526.2722422350481,108.34906736453175,20.169114946182532,0.033320244525881934,27.624220305790598,148.55863464803627,sandy,tomato,3.2789835963702076,23.768741562627834,1.0,1
7.729000740696405,616.9820798728855,163.34265140103935,12.436059825490716,0.042972637767145425,6.544308133822172,248.45393016797834,loamy,barley,1.8412019032223723,10.19431989511072,0.9227718814414145,1
7.865799830101826,509.10021703195326,179.28022202833262,9.881891449852047,0.004706589352210132,24.053577051915635,120.08912397484823,loamy,barley,1.7159287101657301,9.047114032584734,0.688944678134723,0
7.065608608463421,794.1711023509647,240.90261990353966,19.580268425859373,0.023678702202741583,29.0335073344535,214.08009820145426,clay,tomato,3.6829867988799183,21.376125555860117,1.0,1
7.184504942685619,566.8049937486358,161.83310666654694,13.393445843145367,0.049473555692137884,22.085689147502848,240.371913772409,sandy,olive,2.6683912514595143,14.929556779788237,1.0,1
7.837963594675638,422.5842275553014,247.4661552588847,24.627542086523896,0.03871040741344188,29.792904480354263,176.7692491413128,clay,barley,2.0402277721997852,15.732484003819057,1.0,1
7.514751029758988,663.2912165695029,204.58657676136437,11.98970364616202,0.048141693523823935,19.880482392360456,100.378264255423,clay,tomato,1.4359666149158008,7.01238472045439,1.0,1
8.093760231324172,302.2775069489852,78.27493485595562,23.434548410621318,0.03920208345054048,7.306349964512955,156.25884161696592,clay,barley,1.6904855327867656,12.680570333098796,0.8693970936713076,0
7.97843747288791,430.7094882237599,89.08285959820964,23.65925097134159,0.04386921640466507,6.910765317778828,116.73534885772406,clay,olive,1.6930974961654868,14.54909065329739,0.9317013521187916,1
8.26840654448486,408.17537022655154,159.2584313624427,9.837058941294924,0.03561995198285636,10.412364243408813,162.42814914005436,sandy,barley,1.3277160062396571,6.40957298293992,0.8487638451101942,0
8.038739240003839,459.08425706466636,149.2223482722599,20.96442363176027,0.038264598216444755,1.2067705864091758,218.5040142463427,sandy,tomato,3.064922559366436,19.5106959844346,0.8432981897241697,0
7.644896616085222,669.0678955572357,235.88606740932366,13.661490102891303,0.026635722482135537,20.769255632402203,165.80673233257008,sandy,tomato,2.880109590390528,15.499124961569354,1.0,1
8.009449933591648,490.50381929804445,195.18428494933798,23.35049454460696,0.04628764733989252,8.791365754207,164.7887682018884,clay,olive,1.8416606200146903,15.763118780212524,1.0,1
7.413071761383128,676.4086701595777,147.03327025056234,14.002485452704775,0.041426906620544726,24.64031373648983,183.518421537827,loamy,tomato,2.51849483200083,13.608512095798744,1.0,1
7.459470248167319,545.8933418839196,92.6900708625964,19.88607434674732,0.04235036331761598,11.416006866219707,187.253587712152,sandy,olive,2.7148489344794244,18.509398745573968,1.0,1
8.18347773988119,405.24166079453323,106.70927558137379,14.339348183275957,0.033977445947189565,14.91873831043607,228.4444463198457,clay,tomato,2.0715024140964506,10.308323621005645,0.9737566485442809,1
7.669629274602373,685.9872462100834,193.87525461726474,9.556015114257123,0.015924417407275203,29.004978580250707,146.25331588434273,clay,tomato,2.1605228621396857,16.500344892430974,0.991807661685317,1
8.19757051077753,342.9738023318549,155.8597012249481,8.987002578893726,0.002745859974116827,8.022991568371037,223.2506896552024,clay,barley,1.793249995414748,14.841213088245993,0.345107730612353,0
8.233633560502417,334.6297878798773,178.73187721516803,13.508623885126912,0.04684710134106768,21.91636882546245,184.8900623038071,clay,barley,1.0450069824630264,2.1241789929412755,1.0,1
8.286343506491926,502.70175443290145,92.66935882555842,20.1098931402843,0.02971989709146935,22.898415889857098,145.07943245757204,clay,olive,1.6585180036819904,11.760682615249305,1.0,1
8.374952853761812,356.50954757725333,215.72656308614145,17.101429703615338,0.015609005586258873,7.40894656818542,144.26890660091158,clay,barley,1.516759128438166,13.818735747030848,0.5036547454326448,0
7.646477830769944,205.4522209707298,263.13468521399176,18.772585798010866,0.008307620284529353,15.528908261753672,154.17062756585867,sandy,date_palm,3.3152609769437427,20.61511986317212,0.7004133476585132,0
7.478300227481708,588.9785163792809,114.48487669672515,10.646527014638849,0.04164663510953698,11.155855834076082,193.40398639299633,loamy,olive,1.8902386686672064,9.281952473911222,0.9990357368179528,1
7.873298119891171,506.6562928834388,172.87855645795665,14.62870691915211,0.04198948952793136,23.385281058602587,134.62175970399238,sandy,date_palm,1.9936432199172769,12.474013486407687,1.0,1
7.5567586351564415,467.3106886958967,293.88183225522545,5.88790529938654,0.04091089043839605,19.052016251842087,238.05003425084013,sandy,olive,2.0798997723243184,8.294120113577636,1.0,1
7.901611250200349,780.1811087709892,133.3104351376819,21.350648319162413,0.032609051906372526,14.803508590955865,186.23688762668507,clay,date_palm,2.4076286288949844,18.39517468857683,0.9778162407263038,1
8.058378793965737,542.7195103777483,198.7615862309403,24.79784324479749,0.01893475399200192,23.60153468638383,238.00236654940102,sandy,barley,2.927235881180003,21.275181495415058,0.9902308741021056,1
8.032607527738206,718.0589466736307,72.54892505006109,13.137581252493417,0.015899443954232595,7.819511530244093,106.96065378687321,loamy,barley,1.5110849185278792,6.732149613877258,0.5157686834006011,0
7.561829330530182,283.6701417230961,201.5037506198608,5.219273062630867,0.001419183735790339,22.855034536946413,151.39170556922102,loamy,tomato,2.5107213269568054,16.46362811058746,0.6792461529323277,0
7.250290302548129,541.5238778776566,72.40794332615448,8.395852791018948,0.04184677037572378,26.095855050691906,103.42114910314346,clay,date_palm,1.4670581897662627,8.460584334871575,1.0,1
7.645794007693311,720.7877760385418,289.8088588309555,18.050537555008376,0.005284202177188481,26.4800263074196,140.83777226469547,loamy,tomato,3.1978822379106737,27.688479278414533,0.8646941378390731,0
7.213891216122863,549.8634543679389,228.91566301807785,17.241586364077186,0.031906994903997614,23.726534197568512,229.30097084028822,clay,olive,2.7217471650678293,12.90029784470163,1.0,1
8.335145552775712,630.8085068762009,247.0399470339266,20.75729439171088,0.02569967239516433,12.832410842949795,105.49145737633013,loamy,date_palm,1.859863566286492,16.53393256729401,0.7909323880893803,0
7.518816191106787,423.22614068732446,226.0260901929092,10.077680219221364,0.02680777858739121,29.47243265881698,165.42206498736172,loamy,tomato,2.376675136148204,9.29630563352367,1.0,1
7.2316896208349855,255.46971022223997,197.43225901911643,20.272638310942682,0.046408929420080895,12.008215670850756,117.63506057098417,sandy,olive,2.491003316441875,19.436165527928996,1.0,1
7.038171639858627,474.74017707624284,162.47819527137634,18.759680430473395,0.0025491355522908633,19.520136573970344,162.52609888905516,loamy,date_palm,3.6923604270750574,26.686494419727573,0.7240285989297744,0
7.968733579429727,436.6876345033145,264.59334494026564,11.456289954276865,0.03889621900680985,5.671151164014591,225.82773763965662,clay,tomato,1.9363258101299001,8.470665436326755,0.8517723731928316,0
7.955353476182115,720.2361094273684,289.2089168857658,15.90976296113924,0.0035505675199980495,29.43301806045539,193.46065501037788,loamy,date_palm,2.8452544135120506,21.795565449219016,0.8695392270900426,0
7.510906249871938,346.39718141148336,174.7590432260203,7.945476169966534,0.002869526690833483,21.415591734075235,210.5134517997135,loamy,date_palm,2.8194983250305734,15.88263940862226,0.6969146010464529,0
7.107567833271476,780.0405365210648,282.8837622888155,14.051290068711653,0.022061067208927716,22.847948812144683,152.36561731743714,sandy,tomato,3.4531558558969793,21.281020785179326,1.0,1
7.614443342342848,774.8828718826977,195.83322749712937,22.623946791112818,0.00409068354280537,2.9075243989231936,241.65965425152123,clay,barley,3.0081300605945906,24.093082097555712,0.36016114596811166,0
7.46682624259509,348.57898584286323,184.5960467241083,13.423827596507817,0.03966805361335269,23.139116612399484,206.389314066925,clay,barley,1.8184987438037719,13.983555668581307,1.0,1
8.015680959602514,408.8311732863923,163.62068323883918,21.79133412950844,0.026948591588768524,23.46697944739744,163.26982289267963,clay,tomato,2.546775075331827,22.38540168975868,1.0,1
7.908668874179035,737.333444524331,102.32194038252996,16.805067305193887,0.0024229003503289477,20.481409064504664,163.96972003405824,sandy,olive,2.852759532132117,19.549003801158232,0.6741924491155968,0
7.54689059229631,779.9733325376645,50.9299152045148,8.837534262047136,0.0029845336376140563,9.465378799919966,237.80262669149465,loamy,tomato,3.266474451109166,21.68514383259535,0.49539353665134345,0
7.326838831382485,466.0634617016264,110.37655671401532,16.622124893957928,0.031020757957234493,15.201011222665564,186.46070401530875,clay,tomato,2.87729374735601,18.642923209780363,0.9995150936003094,1
8.482053949233388,392.5982273845387,177.43079290089128,15.119666583141269,0.04049947906526184,4.202596767952778,205.95688148545625,loamy,date_palm,1.5854648278961918,7.099878732197458,0.8183813075696785,0
7.681002431794172,515.6564079509252,144.98998806493813,12.97282670392768,0.022452177032463907,14.676024927315426,162.55528367697562,loamy,barley,1.887570481082331,10.989308622991977,0.7813087925198536,0
8.032411353670355,612.6615238194408,162.12130700065845,7.392608790321407,0.028174452905245596,8.070891725411741,133.5539147147071,loamy,barley,1.0997171639564616,10.310476244585558,0.6720120012034356,0
7.210829451367541,364.0847092249879,295.1620548910124,13.334173276944597,0.04019164324844518,11.123812608328379,208.5338937991628,sandy,barley,2.403201095594598,14.04621926611562,1.0,1
7.728384549489097,641.8839047714437,137.56809266733188,6.455247524792542,0.03091480252804914,5.715411843707259,191.17356582120817,loamy,barley,1.4779610913971992,8.879983373133143,0.6962671621066583,0
7.041305079804198,230.99441426878462,163.04573484002697,6.9753810279750255,0.012013251645282153,7.671576664660014,175.2014320637169,sandy,tomato,3.385465110297701,18.09206417341632,0.6044675167962487,0
7.758182676865675,229.57669565864987,83.37888783820489,13.31833065865432,0.031039549267604452,3.220490612783371,193.60314099916957,sandy,date_palm,2.573756259437526,14.01227480445023,0.7359035520247363,0
8.446026110676554,431.77262308732713,61.98943310924691,11.107629639369275,0.031785693494195466,27.67713962667072,131.24283790963506,sandy,barley,1.1971234885366613,7.304628964280418,1.0,1
7.5763100694787004,412.08391523643235,243.85237864812365,23.51088651724447,0.03697124206317521,16.381909951286698,219.09080597979346,clay,barley,2.390070891678454,17.125376748480104,1.0,1
7.058494018862367,389.3799292202914,192.67079376799467,12.51411610760541,0.03142283519028326,12.505517166619452,242.22442075304588,sandy,date_palm,3.3953888664585947,15.853801394243614,0.9930839805033256,1
7.046433686379015,494.611857601346,240.17620151097375,20.157162441442004,0.048492864392443866,16.515847170294734,233.66547162515542,clay,tomato,3.2649034411922493,17.531444828385595,1.0,1
7.581980139920304,392.4401493869427,87.4656997216379,15.604950527324855,0.010667127127136355,19.220503625965026,148.21536179605258,sandy,tomato,3.3581366233689396,23.381719643885464,0.813067909295861,0
7.240037404694791,315.3547510808552,192.95719279567274,19.081713372846707,0.04760344329878674,27.734485007711122,160.90086599231137,sandy,tomato,3.12637001112095,17.74280969665994,1.0,1
7.035028144492279,385.68172945316053,113.41061858534388,10.202319660307984,0.0273786350271508,6.182095616303086,221.26034496963416,sandy,barley,2.64856111949683,14.637279722948078,0.7462063272930701,0
8.134320420925265,784.9425636861409,107.01545422500499,23.83809945676658,0.033925850884250694,9.571022460421311,189.26756962369058,sandy,barley,2.3315854149893,18.270427870222484,0.8868350456713306,1
7.6877845133228355,446.6680501969091,52.881503513246315,15.601769938288479,0.005873618275157303,29.297890753979328,182.1871665514974,loamy,barley,2.4114078476040435,18.336485483457317,0.8669747170152696,0
7.433867157958982,466.8276661150015,82.58518089226797,21.626481425704995,0.019648221127527246,11.764596612807207,238.9962951300168,loamy,tomato,3.9030146547295836,28.49400185380793,0.8422564215474195,0
8.350124774524721,545.926993970684,127.31702787492384,12.300913869522269,0.03869957817669546,1.6542878719625014,180.4037441465576,sandy,barley,1.4273839527753944,5.989935863879271,0.7277701463117136,0
7.174208440300788,790.004461048536,79.21969014773477,7.004226981010491,0.03563863973985053,5.281661286477606,177.24080193809647,loamy,olive,1.9543180815134704,10.149922673073746,0.7965582683483877,0
8.433878243432979,344.96076586145784,296.46461010273435,18.474232954416976,0.002966830020105099,1.7638223507080086,106.30278868995394,clay,date_palm,1.961881598122934,18.412473757410247,0.23672942516557138,0
7.470950076066029,608.7692663194603,127.15816213098766,5.15519296674849,0.027783118911364986,29.707771130201124,110.41254378852065,loamy,olive,1.4289518578673894,8.400228142902856,1.0,1
8.332605508463022,629.5908161250345,82.58098667558204,14.505859531310165,0.005325631455452063,9.087254620745469,101.11304618209752,loamy,olive,1.7033197669096385,10.960544302697308,0.3978951455994614,0
7.904414314719192,564.3946500758395,99.77057820698943,8.856038053329184,0.04979696502972995,27.782739951150553,236.98663386754504,loamy,barley,1.3471422301507714,5.808068305806532,1.0,1
8.24006103961223,253.14700378198646,196.92580708536912,17.54751008870724,0.04496753283813144,29.880701997031757,161.25799900265508,sandy,date_palm,1.9445152230716258,15.676978759824916,1.0,1
8.476019744815696,606.1233654965458,66.01088096619713,24.588397462757044,0.002032952360998311,18.39539541315031,170.28420642001188,clay,olive,2.4552500367929584,21.710072894654534,0.5948221966214176,0
7.432608156728119,238.4568266217053,265.6085325352892,14.288058126412919,0.043073829366228916,1.962693136901291,226.8080421388693,sandy,tomato,3.1005127026864576,17.87739323130315,0.9334023194463761,1
8.44170322811139,557.6855897299381,290.37491980928684,21.349965130513333,0.046052050427361976,3.366157281220882,191.3869465563667,clay,tomato,1.8162348594915387,14.576746496097197,0.9034026907941705,1
7.584222842353631,643.7487063330457,111.68685516684522,15.155683739022422,0.0183238629056093,14.966082598128455,191.42523945858716,sandy,tomato,3.3991340275670283,19.17461765408666,0.8461103177520709,0
7.578267857105383,326.58193437197025,162.52381714771485,14.916800622080482,0.03625558109734053,12.778988374433093,144.48016440322186,loamy,tomato,2.315619542051785,17.586909307357015,0.9846630473129125,1
7.510580656381759,704.9732045256644,55.53361275737427,23.608469863575557,0.022663083564181168,18.57914186767126,225.08625608867789,clay,date_palm,3.3332346034557823,24.842254200228826,0.9781878590926052,1
7.812111411021378,218.21228331980257,210.1775561818054,22.79931737493363,0.03310639174424086,13.726586481629555,124.87449640592406,loamy,tomato,2.6166174729884624,19.93118076887853,0.980457003635281,1
7.23121756476773,706.2877181949837,153.4815145131472,20.71600930375949,0.017675552810611384,28.088228628873047,107.97243882594219,clay,date_palm,2.8537714087617556,17.463650728230366,1.0,1
7.830567228037017,476.19743038565906,117.51461652538893,10.925115066335682,0.01680540259503015,16.50745174699182,128.74050362777984,clay,date_palm,1.8135123465677059,13.346157096296414,0.727311061590705,0
7.812557218615006,330.5527639589867,101.70927765415212,15.900168314478812,0.021797260554021376,21.118055782410824,140.1605828161847,sandy,date_palm,2.6057042296749415,18.22168310152237,0.9577763623325325,1
8.142852718907305,280.2668869963808,213.50576941469012,9.4779446661137,0.008132820173972558,26.9980729066324,142.346658678131,sandy,date_palm,2.2038185342274,17.24537117562935,0.8382592434804285,0
8.25047494290638,771.9843005494236,154.05425775807862,13.878333960930796,0.04172580925733375,5.259284399163014,200.57703979281513,loamy,barley,1.3506201874333306,7.509323167196891,0.8391224418379329,0
7.660662025468636,243.59935254869401,94.91482225747801,14.684261315195812,0.018086196872720197,7.662304969437328,132.67368809929653,loamy,olive,2.1541705615789186,12.860620987504017,0.596872697405863,0
7.453499874027241,319.45605196155543,222.277270371706,21.63280080338662,0.020607328141386414,4.112241153746437,201.4987456742477,clay,barley,2.5924637830724233,18.190228433029457,0.5987518478415188,0
7.3890023459756415,408.69340845982754,191.2680707591734,22.920567306499862,0.04480867602240509,5.049513577667456,113.66982598506996,clay,olive,2.0862077710867264,14.108441705778471,0.9400170335763636,1
7.291935755057308,572.1409093766722,264.66801373237405,13.292401247929558,0.025334566889095397,15.86493504109276,122.08036916468635,sandy,barley,2.2209353809843058,11.650487678921065,0.8749920346370306,0
7.086471373298537,526.880651165659,79.36897471912323,5.354088901464744,0.027668441558192286,10.314198510056457,176.32321727364925,sandy,tomato,2.856378588784146,16.237004396219387,0.8498208806767451,0
7.51367196825207,275.38609544738836,246.41665048611404,22.235476795787093,0.04786840811407783,13.272012346275892,238.2843703864964,sandy,date_palm,3.252969195076145,23.02759160815111,1.0,1
7.405371538196174,373.83679024292877,218.37919670431475,8.485573570027213,0.04444959277410447,29.49220512202779,228.9351383216671,sandy,tomato,2.6886252237251265,12.000812866945958,1.0,1
8.44962607879961,343.25106265161446,78.75273420702446,17.437639277807868,0.009303868735533537,5.544426086082495,245.31301636642047,sandy,tomato,3.272454240900258,21.621420197902697,0.5122428920266736,0
7.8365632393750655,328.1257126942048,223.70518246793017,5.499418008682624,0.02418753646598715,16.68355005314419,197.57185979172561,clay,tomato,1.8177876703917484,5.238988082194453,0.841907061684031,0
7.520915558545761,446.6866018879922,160.3868222199576,12.990129505211286,0.04859351514399873,3.8672634965558776,201.3722299624138,clay,barley,1.5728995533673462,9.593120565128583,0.9320799613604863,1
7.870701401490544,622.4188715549942,286.2461963889608,24.719206042306997,0.019245948613201534,10.23639308465248,193.75344983972383,loamy,tomato,3.4445274219366873,28.492604882937766,0.7689792846460075,0
7.2087950520185435,330.47175933034157,85.40283765447484,7.013872022076062,0.019207082317293806,16.29825178656336,193.4228384287296,clay,date_palm,2.4054457080582514,11.63767968287319,0.8065069271353345,0
7.666065623803305,420.00732782178886,210.7083477039345,13.473863039992846,0.010556481357668564,28.452320632994795,122.06805176013769,sandy,date_palm,2.7222689065046684,17.711672561200828,0.9451751455452978,1
7.939351482131595,434.55045610469733,145.4950113657365,11.142999003799044,0.006601832591837136,12.345618417221008,181.56084342458928,clay,olive,2.0428663198088706,14.879930864011719,0.5093691628066868,0
7.733346747688677,785.8739176612461,289.20366764771944,23.101762467765287,0.03727493474704311,2.8822941902254247,157.91019001775885,clay,barley,1.9741325445566167,18.8327109564047,0.7747005085746845,0
7.602668200981486,772.7998141274413,132.4937238225691,22.386802158147102,0.03873149296637431,12.256681990849192,166.380582366594,clay,date_palm,2.495181283330033,17.95703042694176,1.0,1
8.490772583349548,680.0825496512455,290.54647737295005,9.753975206124576,0.048481635211647,5.226494100345354,178.54008595888558,loamy,date_palm,0.8972569883742565,3.9305713352094505,0.9035349692515525,1
8.320472143223391,344.9953524915111,275.3714627751873,6.623755741008623,0.038897492334362786,7.669698785451914,119.25942577033774,loamy,barley,0.5934554208416136,2.085667169494845,0.7843327943918091,0
7.9351089372391606,240.82238845500183,117.59580882766409,17.54276788122235,0.012924272207646338,18.92462807178472,153.92316007781798,clay,tomato,2.5987311351818105,15.868270593826015,0.7802551353649343,0
7.854066041773424,390.1424826323748,250.88544420660693,11.727374237674194,0.002965712336137257,2.955292119906769,109.51743413149053,clay,date_palm,2.044528799254062,11.723441150066533,0.2671538313805192,0
7.930990719736876,360.0767296602985,298.9010504508765,18.44168781212126,0.04928643183411335,14.476988931251084,246.95021956335987,sandy,tomato,2.8928773848867686,15.296428527641266,1.0,1
7.30196816173365,503.5554800878363,113.16575054282059,5.642395121356289,0.017682084081636684,18.674385994312168,117.77920432301892,loamy,date_palm,2.0154458696645,12.591760136776093,0.7999546506839537,0
7.592706614896478,666.6367460406759,159.1942923308299,7.667984703549788,0.016286605579188616,13.23389337865741,138.77871078174317,sandy,olive,2.154075232620748,11.538195345512808,0.6813029698706372,0
7.059189299336349,714.9937633273148,180.04518414168993,18.727444655452867,0.04539180527771974,1.5546641680881805,233.69393900550958,sandy,tomato,3.764314595197494,20.714162212792058,1.0,1
7.71331905623024,706.918451246305,123.73278395096608,9.247413106049954,0.029669895028704322,29.580061350183097,172.40650693587128,clay,date_palm,1.7631065930324825,8.453159496424426,1.0,1
7.814536875936495,415.80533673384065,53.81620991150744,22.151753515248032,0.011528687518607594,11.646357252875523,120.34558022809455,clay,barley,2.158766874840606,18.22635327149613,0.5785588078238729,0
7.3416246041548145,612.3406060764098,105.03231104938166,6.171817754202708,0.04456571589309574,23.57873842106474,157.63458070590235,clay,barley,1.2094811708363171,7.4637772347563764,1.0,1
8.446043270748271,387.70051851453206,120.48422108543961,9.309639655711493,0.04967468189768243,10.443748273436144,117.38019912870787,sandy,barley,0.7156360083905667,2.0321729430749462,1.0,1
8.364181916405864,236.54332594110963,160.8999253295468,24.971204969701372,0.005247249496390705,14.775485952809147,130.03239956267527,sandy,date_palm,3.0273581502372484,23.027952978678,0.6164071135210234,0
8.08321485318386,620.9391593617654,92.77561960335046,13.661522051735853,0.043250329786821876,12.2654456357189,107.80447704247675,sandy,tomato,1.7125622760396115,9.752878480373477,1.0,1
7.800079943148043,205.89653154187272,268.3135891729181,19.059313270892872,0.020135269186535305,10.933637655778623,165.734124182365,clay,olive,2.2794600789162565,20.517665995807974,0.7030585972269026,0
8.304953739471527,445.50955247509313,226.22778318283403,8.653260977140274,0.026679549878828517,1.6336899390255835,220.99541825878896,clay,olive,1.3966187607685696,6.770793768944875,0.544596547824425,0
7.195978515735194,397.62756158124546,71.3001193899155,17.197374699710757,0.04582598281248406,11.440607197780603,187.89537680498432,clay,date_palm,2.4728185868867034,12.298434516207521,1.0,1
8.185764691412327,616.0265231113115,212.52311278498286,19.52212136738837,0.04869558059298075,26.79520972158637,190.95179582269176,sandy,date_palm,2.203919185784013,12.956903877116503,1.0,1
7.187231220950272,659.7472836562274,213.4141191014051,11.28953271733021,0.01384603161003117,21.02140681921683,130.08760451248605,sandy,date_palm,2.9712148143055424,18.244811470153543,0.8658157956792475,0
8.191315993824109,382.4567815827703,289.0552934109069,21.577942239517554,0.011429687777035777,5.2172629137677555,151.584076487855,loamy,tomato,2.8451404394523907,23.090392217016078,0.503401810087083,0
7.413651352377036,686.976208666912,50.75521783904031,17.068351569445667,0.004945311370984081,18.143495134059435,226.7863155761248,clay,barley,2.7703848264534483,22.198500780311587,0.6586803593622258,0
8.315635871527283,376.3500563029603,111.9831124514518,12.782460192300604,0.028528094780444765,26.874694938517273,113.17842764897718,sandy,tomato,1.8117229883426402,9.22735499266431,1.0,1
8.416063140738096,467.79581599193676,281.94786984382887,16.15284786686317,0.0016666153770827454,21.30098718798081,228.68959805028007,loamy,tomato,2.93572325055727,19.0714031929052,0.6858768344604389,0
7.223193954107673,636.2111162084803,283.03347884957077,16.535216948718485,0.021183016582886894,5.311847378344205,172.55350393971784,sandy,date_palm,3.3579315458456045,20.638918331651745,0.6926167199778359,0
7.69401340759809,615.7521375348731,230.14660484265934,8.31070585387732,0.004595816815948419,26.167142405300403,225.5721146987676,sandy,olive,2.7793758623290366,18.13056602099506,0.8146301693315573,0
8.471481067244028,792.42108338732,241.440830261885,13.054647397339323,0.020856063363537368,9.744776385377095,147.70096290916004,clay,tomato,1.532973044784228,8.281102051198623,0.6303743217433406,0
7.72511115395972,335.09661452955913,72.87073948241178,11.868611760389863,0.002956677274014854,14.168208185057912,150.82644273745314,loamy,olive,2.3270264506625846,14.87225540923199,0.5138764388643878,0
8.295321283771818,597.3907481237494,178.4689586945584,13.018054451582522,0.04192564576982968,16.258140030985246,212.74073024847144,sandy,date_palm,1.9470186735155868,9.564263112404078,1.0,1
7.88309728319698,565.8091449654664,107.89574782224986,20.222211769705158,0.011277210702989728,25.664691526967662,217.74942600883304,loamy,tomato,3.4440693547309156,26.06500812196641,0.9579775394626724,1
7.562994861879403,749.0590726940179,95.30451090340432,14.650768149333453,0.017087126807537687,28.016617359282172,134.44670169852202,loamy,barley,2.0332270546185067,15.374251373401025,0.9792974136681892,1
7.428675333288806,293.817284986925,252.57582478083313,23.806323064785285,0.0436323518337132,27.959933455926127,245.93069872328581,clay,barley,2.5132010167784142,19.532735848534706,1.0,1
7.304834636629131,651.0788981521598,83.75953417013686,10.873528267168723,0.03756703700527805,1.2306712570776785,112.67351563672435,loamy,tomato,2.064684989765855,13.593488503635065,0.7532937794019928,0
8.142697287066547,540.9611697612611,167.1629092490963,13.31407156569858,0.011732879720460866,27.734766081978258,110.27544446531964,clay,barley,1.3962654829854526,10.522367878982447,0.8423897560853143,0
7.579810760234542,364.79952187274324,284.64455989650827,20.739136209580828,0.004523071514217307,2.5772220140455975,189.32563229291543,clay,tomato,3.5839995546809362,23.388532796107917,0.40611047736864647,0
7.766913193301127,484.6609484883044,96.45801389133564,15.920491866415006,0.03606801506591164,8.707436047705626,208.4111151657432,clay,barley,1.811154808669034,9.455242047625969,0.8600613316363098,0
7.738488220001773,400.2659582418787,294.4983559345586,15.940562928488955,0.02014442498371736,15.934647787107155,244.13291938374607,loamy,date_palm,2.9517612266475326,15.44437367614383,0.857000228629706,0
7.865918543849697,547.5880416730765,298.5719964402648,6.06680326010367,0.03853791995679284,14.917844981127427,160.74186711982924,sandy,barley,1.353801867290777,4.424404985483682,0.9847298483577034,1
8.298365718436829,733.4003664887995,188.90428867060072,12.971993254369117,0.02281944384638531,18.536584022734367,103.79371134844497,clay,barley,1.0369860302944822,7.323337838918051,0.7959822205740256,0
8.471109015375145,541.5829906473211,92.53568504428948,10.41467464843465,0.017954118235641546,14.90394063337317,190.43445091696105,sandy,date_palm,2.025191472125731,14.071522210048453,0.7294059039721451,0
7.611376312860726,579.0334509959505,129.0262219852239,24.986702456622307,0.02310906500240743,28.096894709572204,143.45440308981577,loamy,date_palm,3.0417109937606566,22.92615788556467,1.0,1
8.241278383159454,511.2487082688257,156.1232081691338,11.167101412646206,0.03767939029786316,7.975916598223023,164.94206817931035,sandy,barley,1.3933133218534481,6.684811255854195,0.8361742521806836,0
8.146791691982077,230.69930386728555,127.33105608955573,22.68993069587727,0.04520879404047833,8.94671612711609,173.2704223374903,sandy,olive,2.206138719044859,15.353789017206198,1.0,1
7.86029342718336,339.71513412565656,120.15889496912894,18.52467470080955,0.0034385926328402015,27.70140013509863,109.67689161070507,clay,olive,2.252858345698606,16.2523553781033,0.7858355598504642,0
8.4340707154179,495.20103765924966,293.0574273040894,11.818328183841809,0.026681465520120802,3.2254458986124304,172.89726768461543,clay,tomato,1.49124017606022,11.566198743328316,0.5840301148588782,0
7.300711773292604,386.14117024682287,88.34120685393641,15.870687567482474,0.0026089360251100027,18.677263835239486,163.94795002064723,clay,barley,2.546309578514311,17.247098191434528,0.6163840833625847,0
7.163896315464432,309.0581586567165,233.33197717921556,21.810717598983874,0.02395206770619358,20.770342609902713,206.88163979298898,loamy,tomato,3.8794714180902723,23.446574815553767,1.0,1
8.280942950433133,502.479705151063,50.10257235979372,22.667365960618238,0.04437885862574812,15.660709979462444,196.8498866818517,sandy,date_palm,2.455155844003373,18.540603675104286,1.0,1
7.6587247249506225,393.6858760687102,199.04566735059421,8.207877500122905,0.018717923054595176,21.13272448587098,127.78235772258415,loamy,barley,1.5570415778111042,10.344895000372867,0.8279866617612356,0
8.27045328131059,354.8645859040488,278.98575098851313,11.791462824163393,0.046690070632951525,6.009884734347043,130.92083773155954,loamy,date_palm,1.0031207124401085,1.6158108714527244,0.9007984111764225,1
8.339635307793122,478.3912504642285,121.98352352330475,11.704463604271433,0.03189981511087986,25.726334750374658,137.650926816156,loamy,barley,1.0627361116964742,8.515487758523404,1.0,1
7.093686390428607,279.9705548493039,96.3814938144298,5.840895921518894,0.046773611845857314,5.060744994626682,126.8425660445766,loamy,barley,1.3268207126285867,2.809915468976648,0.9089647345906804,1
8.325197144479091,756.6474398452444,212.91994871960674,16.96475519703793,0.038101164645213466,12.623560885156742,198.58197995027007,clay,date_palm,1.692475623394693,10.689954676139452,0.9593867372529122,1
7.672478583054133,720.6212587515435,228.1503518245983,22.09640105984376,0.006068323165789352,3.182470437937968,249.16452688004057,sandy,barley,3.3410316314085615,25.310926479789252,0.4219567867582846,0
7.765648733506349,624.5723514443212,222.00762973799533,12.631487756510356,0.012326417010571175,16.811121285704605,197.8162510773905,clay,barley,2.0141308743849646,15.063857538705491,0.6822491508234569,0
7.9398887666398155,263.72829655307373,129.82922000534353,19.800718899683538,0.020314352274591805,20.422628415343535,191.00223192869367,clay,tomato,2.8018274817849513,20.788948090714047,0.9373140509685438,1
8.38957391009513,665.5263526818158,113.05060053983271,17.554008272014798,0.009335237218591724,28.295427417763428,161.48919000266088,loamy,date_palm,2.268554831274879,17.331217081509138,0.8874214931361348,1
7.028674141644646,684.7743968654114,288.97969999051105,12.512974709860016,0.025250668634056367,22.440749680984023,146.8870388289641,clay,olive,2.307260990739578,13.167141316404436,1.0,1
7.715265202476726,660.6587706286026,280.82487706748236,7.8211959898459416,0.02409703962937304,16.69198457717038,236.6610635359719,sandy,olive,2.3984241225017744,13.53533643264084,0.8871692157841451,1
8.03158306364584,268.3795322715447,164.32915247320506,19.186477055519347,0.047856700703341686,28.04589349793968,245.35028112132295,loamy,barley,1.8859856075588426,12.082073114979329,1.0,1
8.084060436547343,586.3447742406588,261.54846653859335,22.091303378824808,0.02225266626190291,14.87466830318542,174.51642633815916,clay,tomato,2.6829103919332224,23.636515603257596,0.8459161913469099,0
8.038798647305661,700.5948774496392,163.08086940857402,18.717089848029836,0.0394957134101119,17.274963939867213,143.5300743259836,loamy,barley,1.547750318818447,12.448834212232782,1.0,1
7.201652694112183,546.4120407318006,156.0972545181276,5.357569680696361,0.047153616697722514,18.286857302432775,215.51833115046514,sandy,tomato,2.5135816168198923,8.148743036625044,1.0,1
7.449093382557522,587.8444251368534,89.19073689982366,9.324657887819825,0.04397245271772529,12.889412050710439,119.86851863003177,loamy,barley,1.2780884754169424,4.767860357692811,1.0,1
7.538073288125521,475.0180876557837,156.6015141229932,6.389599697670638,0.011224713601067998,25.3159980264089,214.83823564655222,clay,olive,2.152614257571223,12.292824161337228,0.8468998051498957,0
8.206655811519258,517.2243919304316,184.35423464995174,16.407721991524536,0.025305464818423672,6.370102226506715,222.8422561467008,clay,date_palm,2.1749647201052063,17.506228345434387,0.6809811944149059,0
7.418139808621829,220.62611501103513,55.62608185717161,20.12955357680825,0.01803924933250036,17.090423520776632,118.73559169407511,sandy,tomato,3.4873852074376797,26.50703255288593,0.8913880269980525,1
7.316057445800805,583.3778131839708,161.0282512938516,7.211583741373189,0.020593076061723562,21.944764429428627,246.52922031948458,sandy,barley,2.5205702833842287,12.635907866566935,0.9494370521851642,1
8.436172028557145,248.86832773469553,245.3390545988001,21.766756411867703,0.018679534486041812,27.215308984420737,247.82684355827178,loamy,barley,2.2703501609431815,16.323231487679923,1.0,1
7.013294927670203,461.008756604134,220.01151409356746,16.110179567909665,0.0414916012985752,26.633633496594072,240.50792189910268,clay,tomato,3.2144188985549116,16.244010907668528,1.0,1
8.496731283522967,375.5930586004447,208.78924721598375,18.7993802428345,0.023154813700999928,15.753468393474115,174.40522141093965,sandy,tomato,2.5674091449436753,18.546173966183744,0.8677843049799752,0
8.015231948286093,527.2567701270278,277.3888571093006,24.428036972172926,0.026661022279989725,19.651682083736908,136.91112134152428,sandy,olive,2.6048318208093275,24.736840283351818,1.0,1
8.242703949173675,280.04980131392426,54.5080024563075,6.673619764953946,0.04913992049530666,12.43289434774973,187.30139213228694,clay,tomato,0.8519550927763176,3.0934195288427055,1.0,1
7.44192909451929,614.9860411839909,189.26189654805853,23.024480459555786,0.003938984337384306,14.57715512352581,162.99007577071535,sandy,barley,3.2076866196574243,21.66650179500299,0.6072427971038747,0
7.02147291650059,677.0069221570823,246.83721210242678,7.522053919748187,0.024909924349746693,27.281707984618436,130.89229670757956,sandy,olive,2.390407898527383,11.017860419069516,1.0,1
8.106804277842295,298.0126698458939,185.3338456753168,12.859176132733644,0.03892902364035969,27.990415802581747,163.55146144267712,clay,olive,1.2752839800963742,6.379359585849532,1.0,1
8.251216895501013,262.5878524111293,130.9738881450948,22.028773926622286,0.008406935951223101,26.96700768394357,199.58347535163858,sandy,date_palm,3.245584734623283,22.554734608413202,0.9250909717170805,1
8.110714197930278,287.3092896724155,84.06264127299445,23.125084734757365,0.030965048136123923,5.012754992595508,110.63699661789866,clay,date_palm,1.9610995207190576,15.183239034017403,0.7216187835512936,0
7.214275430951258,726.276537139101,271.8907679540478,15.127433470902908,0.012733774197188873,25.65243661858845,150.0127002169025,clay,date_palm,2.839775048697294,19.71526093416863,0.9312373492253856,1
8.130141883385454,516.9135570538137,167.69059809690074,16.882092765508503,0.04350280154800381,28.50254819962293,102.66923350192378,loamy,tomato,1.5025226349260277,11.279132464678451,1.0,1
8.153384173161461,480.35659760450153,269.52879924642536,19.162946691971143,0.017027883604603885,11.476241142634535,212.42432581925135,clay,olive,2.298633419993279,19.639084398127753,0.6688337505212113,0
7.987810773505082,264.02709146141257,196.4630306082921,21.655173369054282,0.01712407802814457,16.040742393228406,196.10369014250512,sandy,tomato,3.53651840818659,25.680658731834562,0.8605974909416638,0
8.149173899193379,589.733604054177,218.5480291537502,7.430223390753323,0.030311500047376785,23.59376241857688,109.40082020529488,loamy,olive,0.967248384169435,0.8688807917531434,1.0,1
8.268882159516599,720.7997551370539,251.0652885946125,21.20138616458455,0.009994582497875527,17.30026598940381,244.71063394029517,loamy,barley,2.5025750658051837,17.879362370009563,0.6961300625206238,0
7.920406171356188,696.9115215940717,214.7888861500336,14.625523010232335,0.014959543306249993,29.811022129481234,103.3932335690651,sandy,tomato,2.590778094299179,16.991957271245447,1.0,1
7.132907070954518,575.6328253884808,149.51371016973442,14.01246850216338,0.021414960655851165,14.215687589548022,188.49409697141328,loamy,olive,2.7485937251062316,17.501019672346352,0.8254256596372264,0
7.731441714500816,245.16722999100418,178.40834598216276,13.477995039939966,0.01832825529386541,21.70433862501395,216.45511926985836,sandy,date_palm,3.0131605033945017,20.34701172331447,0.9500634421798203,1
7.116474002007408,267.4382163056078,250.76138116896996,15.184231704920851,0.026718983682273538,23.98514306569978,218.18444695670843,loamy,date_palm,3.1618589880101355,19.29745760622521,1.0,1
7.6113145465486465,229.5853922658948,143.41257409324606,23.90101106789207,0.03038236705937935,15.328912056994744,105.14277033898057,sandy,barley,2.3967679836077305,18.607422146984895,0.9540551857192037,1
7.610659733688442,354.48752989548154,147.03036419212427,15.964075455843032,0.028766705233758065,25.852530365629896,235.9622698960659,clay,tomato,2.9085527822459962,18.527318296469502,1.0,1
7.099014766210362,281.39688029622664,73.92252901450028,24.063550765262786,0.033054247287604685,16.838483145008695,237.76775078906832,clay,olive,3.2423550411407254,22.02172730548587,1.0,1
7.523230800954219,356.0288241514603,278.64610880543694,8.60580261231281,0.016079726313783193,12.937873107247311,184.2085559731559,loamy,date_palm,2.41693294652206,14.092783425912728,0.6933079925734589,0
7.166497148186973,431.034833431377,72.75907873636044,19.482719576652663,0.007194885130596375,4.1268865417064635,172.3124798330719,loamy,olive,3.2534301526030136,25.592414438639995,0.450735420001316,0
8.212352815013833,765.7896704426814,212.05229436213898,21.244790772174944,0.03827956953012278,12.408993714162301,106.73011945938997,clay,tomato,1.707437281216709,13.03932396437324,0.9589683997324244,1
8.421532038946706,566.2256358690153,153.29861970069942,18.58257662669724,0.04268823874890342,22.28415718726524,184.29312137648031,sandy,date_palm,2.0299727781836823,13.253645213138398,1.0,1
7.108474712886908,700.9842714097774,151.40484756386059,17.13844560453081,0.01359330537889918,27.71730593872311,161.4068622655346,loamy,barley,2.679025652740811,18.82400515809208,0.9725677516772149,1
8.432672810937552,626.2109004273993,219.88795914317097,16.296255621723645,0.02094750585174297,8.298702711948998,215.92096111129842,clay,barley,1.658062599367509,15.309612287935046,0.6128316499645252,0
7.783864899005118,267.50187831597907,66.77343315746968,22.21860965157392,0.02542989163121421,11.301830002584577,160.58253503291317,loamy,tomato,3.000407402916747,19.130385058433,0.8475175667532444,0
7.449348516930811,641.5522438243693,198.42644573785864,21.43293194329,0.027133015294893887,5.46486882902836,202.53712499870647,clay,tomato,3.295826906578087,25.890699570299436,0.7799587585302226,0
7.115293112914245,365.0593289354747,243.0079464930887,7.44577442361199,0.03331501838329494,21.030963932640095,115.21122193562962,clay,olive,1.6142677170975726,5.365382807572138,1.0,1
7.750936402105626,583.4647081968238,257.0531894716486,21.97175314061756,0.003038558434410746,28.845464470287833,119.94284061489503,clay,barley,2.3458491910249317,18.90565084527509,0.8101556012039124,0
8.191773316736123,404.5771841857931,92.63259734844382,13.28137238880885,0.036352377053966836,19.58761437559709,120.95652859737375,sandy,tomato,1.825438550216597,12.29398054064048,1.0,1
8.060629715900047,798.6033579587955,274.35476251954344,10.073936599916216,0.004036579341991103,18.895219370180563,106.82882496996153,loamy,tomato,2.0512139535419047,15.942619864424243,0.6025501938168303,0
7.075339017195961,358.13088769806666,214.03652296186056,22.395371360278517,0.023946139815970525,17.051207984512583,181.19932889047055,sandy,barley,3.159472424393596,19.55389865048536,0.9529740508812973,1
7.109352753051855,367.4782824645618,270.4637002051707,13.640495992674833,0.04155588564289051,3.5652164798805592,219.0951589065454,sandy,olive,2.795305638793923,13.091734300256324,0.9182670653444828,1
7.604309923948955,758.403353337439,171.32017927754958,21.16729380353633,0.023109550350641418,22.155610966452123,191.56168055404993,clay,olive,2.632207084810437,19.872683529346272,1.0,1
7.442935741071915,214.7866427817936,185.50833627430052,10.26807223911689,0.008305397689644141,18.459436762931173,186.24323283292844,sandy,barley,2.5441595566751167,20.68632568558552,0.6973024651372949,0
7.348576484584072,618.0133927239181,279.75956925716775,5.078586428444356,0.04926665840529203,20.182826296832324,202.09358926041045,loamy,barley,1.3958898986120538,6.57674378590617,1.0,1
7.42150674836307,635.1958344415268,274.97738583866794,14.909183858058888,0.044574987641638905,27.065521697795226,150.94679846080223,loamy,barley,1.7285218850378792,9.652590104985439,1.0,1
8.205224114945327,701.8271464462396,162.0402183422505,7.004565132857685,0.03879436802802569,23.734862824769518,154.29311074723432,clay,barley,0.7215055282717713,0.0,1.0,1
8.393842080447781,784.6635863830852,118.60315790892044,20.087519110498192,0.02116406854206131,23.646542312481255,147.1405147331384,clay,barley,1.5773388165865194,13.968580341768062,0.9165789797074663,1
7.607654041791349,785.3611514939914,148.29260864106604,10.521502721388208,0.010008440617575592,27.88832929750108,206.81633992803634,loamy,tomato,2.97489578056666,18.806829536924134,0.9458848576589882,1
8.359166503198745,239.16605453987833,146.94108213243743,13.872912932069575,0.04712914788950656,29.708113592426987,124.24605035061614,loamy,date_palm,1.0160577540609408,5.151148872016272,1.0,1
7.482243551871823,693.1035936517414,121.71671874569849,6.740671301831085,0.027085205199339813,17.85719922687073,101.95379204693866,clay,barley,1.2030392635742733,4.301496337576628,0.8596652036134537,0
7.714655479515687,587.7859601944288,117.14490108324165,10.733184968945054,0.042765417558986774,4.1575668649038064,189.42946700837388,sandy,date_palm,2.1605162682249155,11.137644093446697,0.897473902140871,1
7.339043496724,588.4052806238547,265.26573411992985,20.62980486517144,0.017762655282211864,14.314767325487654,241.35720471013082,loamy,olive,3.3180864124375034,21.181566092246985,0.8181820887379314,0
7.960714063263766,277.0099559688169,67.46548017116542,8.03175823804639,0.01742912753689406,23.840433247387686,191.41118754944569,clay,tomato,2.006169156817341,15.245533647233302,0.8987391105465519,1
8.468471672762213,590.112299867392,219.40279552489852,17.94319122253915,0.04929148355302792,1.8040344180936265,217.43824794113425,clay,date_palm,1.4884932741664603,12.724084099612801,0.8945324035906081,1
7.905239644065068,789.4895483607487,93.20501286411307,23.348517056090024,0.026569819376247642,2.649735712328323,200.9186064199045,loamy,olive,2.6499159526879166,21.24782991143635,0.6635352811053143,0
7.536721126170323,747.0911417236682,136.1264733485158,18.596735195154405,0.007894075769176568,2.9475756891018188,174.61549802845244,clay,olive,2.7516231855317366,20.58682356704142,0.39749250516222384,0
7.971726168985793,463.47839648291034,65.38575853370921,21.220433785844538,0.011764059221740664,22.200036991521014,207.7588602675769,loamy,olive,2.799358208865109,19.988230463262177,0.844410284865739,0
7.184381017698081,223.9687839716566,117.49340921386552,7.179432586078316,0.02461526969024332,15.53383222833199,223.61561857828326,clay,barley,2.0331304560835055,10.53432397804272,0.84255612640697,0
8.332988620398098,417.37609400012286,242.10526777931054,10.014636520041089,0.0030810746139321556,11.698040362097213,133.7097466257547,clay,tomato,1.789697442880941,15.924828631442477,0.42335272188140194,0
7.754625926169755,695.8341869603331,271.25383113681465,22.89077704481182,0.023664165283536726,4.062894312590344,150.41957207247182,sandy,olive,2.8485604364445294,22.770004588666957,0.6641052004204201,0
7.674024613059463,620.8994608790996,105.38178797559176,19.302112272361782,0.021528101261926256,22.234967255970783,133.55885987549257,clay,barley,1.9855253880297672,15.90304627985384,0.9264628950906909,1
7.8787971826802785,475.60619335637386,165.88695981473046,17.791076527546224,0.03918747700065486,10.30957450597609,167.82594333856616,loamy,date_palm,2.1117877244071126,15.604570201323757,0.9629466630819139,1
7.937175794184103,233.06092109529865,167.5810119843016,18.275334722434,0.01839215625997285,8.694398031875348,232.75968263750013,loamy,tomato,3.1712816831841617,22.41854800565878,0.7034728391918326,0
7.10766370933977,456.1368366939816,268.39382643993355,13.284011086092868,0.04914488931544037,19.91725684505298,151.78106512529985,sandy,date_palm,2.5156089607125924,13.769715386229816,1.0,1
8.023925831835104,481.41496383073013,240.69976321895135,5.891132632353065,0.009857726045744253,17.211315885308412,156.170033369583,loamy,date_palm,1.7798252322467436,12.23093312758359,0.6344782269720715,0
7.362897520473294,757.1333197364816,178.26930459201247,20.68883084141458,0.02995834756343861,11.509908612585747,229.05508520078976,clay,barley,2.5624082779572745,19.12579425965786,0.884566047939876,1
8.070928948759885,584.6516621492956,217.68680011794333,18.574264724307078,0.005395265553404477,19.603136653362053,177.3061496117013,sandy,date_palm,3.1199719775850268,24.207142162514277,0.7225894745751104,0
8.233802191576295,386.9917499927893,261.8387634773417,14.456089282254494,0.03695933521570512,8.865424091139428,180.31734994711516,loamy,tomato,1.851268378914848,11.665618185174544,0.8797999803715533,1
8.20593776132878,515.1909586704328,52.384738506386235,22.995192307365148,0.049742930715036604,24.050077586525475,229.12018049983195,clay,date_palm,2.1072739793350435,14.251902101737409,1.0,1
7.828751451111834,239.63318469329604,150.72250776251215,11.723193299701977,0.04113779324982998,7.6502495589219635,173.57901055382098,sandy,barley,1.6969766623786413,7.964055548910702,0.9058300229161802,1
7.780254838466127,783.5409413898421,276.81079181926964,10.886434884624718,0.028229473495294765,5.606293166078453,202.23363019440927,clay,olive,1.8255609033707332,9.324811910232157,0.6816128380206492,0
7.214313942009118,416.0359411584356,235.07825771098786,22.455926501588856,0.02475232651258491,23.69074287546737,112.8466998811091,loamy,barley,2.470582265077696,15.649708389882468,1.0,1
8.163019225604703,486.72041294788147,185.71034358351866,20.93975309517971,0.0419164681020755,21.528868890240062,126.79475696903279,loamy,olive,1.6216142280306738,10.468445674394374,1.0,1
7.4071140706700715,413.17038454215356,182.41113175878337,15.299596212966895,0.046862730150825496,6.296530295352155,160.65643010743685,loamy,date_palm,2.1541432701388943,10.322574761634318,1.0,1
7.74504313422692,609.50703806972,136.94252440110944,7.614694789156999,0.04947111976410656,4.371126828008201,174.22586017298124,loamy,olive,1.242554085550659,3.2968459750373666,0.9288936598658151,1
7.426411139391275,597.3392949977558,180.13013341037862,9.301429429301049,0.020430422150659724,25.31357356611407,244.86005518543442,sandy,barley,2.5493838184431183,17.54893707014662,1.0,1
7.20074254449954,629.1933863174813,213.8457998658633,18.124559808176134,0.04955495626493111,23.521355983703952,245.5977449571685,loamy,barley,2.3973922371403407,13.96616557137149,1.0,1
7.944336545337605,360.8859377671525,154.59075960719827,12.700824756808233,0.008640386356517742,10.490463837290262,227.67956312181425,sandy,tomato,3.3266044051405514,21.332847072542897,0.6055434245048155,0
7.081498052234355,389.4010886984396,228.5382865980435,21.729463833319425,0.01342393902066355,20.087724838187633,147.33982529283617,sandy,tomato,4.208147681115109,28.936769325860812,0.9397653965629147,1
8.1229678511893,275.1507386577248,265.30805681509645,23.999100186644082,0.005361790111960914,4.600645409886513,244.60424362486594,clay,olive,3.0073571461323167,27.27540861980786,0.41302833156772933,0
7.476380192891675,593.3059831076675,88.67121204621529,21.112738505498363,0.014315187307739601,15.704382112382666,203.4011297014319,loamy,olive,3.116362058368929,21.444216055579446,0.7781244165332617,0
7.000202039506728,223.87827640139153,162.88675570435612,12.550908459911144,0.03862894002928255,1.5431784697521764,158.94101917261005,clay,tomato,2.5500230055200226,13.462540248120195,0.8142995102758837,0
7.766693708855845,558.6094013140755,152.00502282127027,20.77372858462848,0.04279329355074404,12.356454546725109,205.25123754771494,clay,date_palm,2.3688049711883994,15.661788191170618,1.0,1
7.0702778627914045,721.8175309109803,221.86620101243201,12.02883346941367,0.039165739610026014,3.1704418226707474,102.47840946797899,clay,tomato,2.093501967685285,13.635538976738825,0.818375088018628,0
7.414254336731349,734.4992889737802,112.46686631448233,8.342001755312678,0.031922223130217114,14.779268224549593,121.92320234113204,clay,date_palm,1.6393170035384996,11.029374794304768,0.9055640717273287,1
8.060464731183574,469.42265622197704,210.06272873806907,5.667864097317148,0.026184359113609636,13.228767758733936,224.45285673345518,clay,olive,1.4402771622872534,7.799263178390053,0.7725629148618036,0
7.094034432432799,475.58221292784424,269.37231043287204,12.7143342552204,0.03572651017146868,13.887165772503625,196.83604553097567,loamy,olive,2.45728253359249,16.2653141010275,1.0,1
8.259007738534004,246.18150980481042,154.53289994840566,23.071186073945636,0.02015084391409387,2.314607759391828,154.6292051937826,clay,barley,1.887474709166913,17.006085576941413,0.4995527906325977,0
7.0057298839878746,602.4590152658214,277.753924994805,9.77973175511353,0.04222410922348539,11.48687389717314,175.09999603340782,sandy,barley,2.171896014432459,10.203755356625523,1.0,1
7.370235803802854,692.7556522237073,298.29093473336957,9.130263298595679,0.034182314604862485,22.93803162389758,235.77132244686504,sandy,date_palm,2.8015212225115866,16.598928144681203,1.0,1
8.111356084228108,346.7930327628278,76.52301248698802,24.396415704820807,0.03519243022622602,11.698516827254982,194.73671642186298,loamy,date_palm,2.578988557740712,20.109501398476876,0.968175874557747,1
7.47440522459396,452.7805289800188,108.26329699621465,5.500082257011842,0.027260863663324492,21.73998662567784,159.72239259014952,sandy,tomato,2.40465053451576,10.026137877235922,1.0,1
7.152838582099021,703.3036020591621,287.59493787052327,20.715643007875087,0.044376220226347456,11.714882985378264,118.04899860963025,clay,date_palm,2.3907271336459397,17.79711272499369,1.0,1
7.540350878200642,726.2722805973729,289.5819216203467,11.427399114817407,0.013348721950273573,13.273943803215406,144.06202024383416,sandy,olive,2.50669890654223,15.352596721570196,0.6662456178417901,0
7.405589929576788,345.90798815853555,74.42681884668963,5.749759137393187,0.019676235014691488,17.352871272048716,246.7510349194875,clay,olive,2.2107440788857686,10.72435350246856,0.8190604769722081,0
8.264067853240832,530.3423807248186,53.74962509428417,23.35605080419167,0.03910448591420677,28.56977616740539,165.60445942776664,loamy,olive,1.936041344513533,16.89818718922308,1.0,1
7.470021876377714,315.4958903814962,90.27500581410555,7.792846604191672,0.02514469591033755,4.1569529527530005,170.7759195767291,sandy,barley,2.0182850773436014,10.516430155671095,0.6217723038976114,0
8.183398707664011,261.12725848373395,299.00319584556206,16.035585674513907,0.044571486657785354,1.9544992911740366,174.7897048595523,sandy,date_palm,1.9777284620298483,12.62364498625685,0.865880562652649,0
8.337808217216102,746.6723008351745,94.99990415267172,10.481084148590956,0.017973566668379765,18.63075833049131,232.61560344223167,sandy,date_palm,2.378447674884753,15.611194535163769,0.832494480626303,0
7.650726129364794,692.3045025392655,175.6369016805058,6.303856043693821,0.019097178272162594,28.523815578924363,190.5892426577965,loamy,barley,1.7357877962779718,7.724877413106359,0.9957970093631638,1
8.364914715781588,656.0209410819043,262.10443160762776,5.998449713267582,0.044548053679944646,29.70197084408673,204.05155546778832,loamy,barley,0.8075447225197503,2.7519992592757236,1.0,1
7.565977080944789,229.25979128788424,55.10040267205159,7.311133976726776,0.023754145688920012,15.040763174368053,158.4120313823656,sandy,barley,1.8925772552830828,12.710871508737371,0.8085336292438078,0
8.446117624735162,706.2372756261545,201.12224556461487,6.427340277787601,0.026290104625921854,14.574367011467855,104.36314278834615,loamy,olive,0.7247599383024196,1.6527910525557319,0.7438197046823785,0
7.133934286788359,462.82644554323025,119.25636221740608,20.211162310398457,0.01730542205144829,19.70394935161069,239.64593713642665,clay,date_palm,3.6384079092310264,25.44578004283214,0.9447329505424202,1
8.030528899754865,405.43707397751575,265.5837291099329,14.711324045668583,0.014556827166775015,17.113407958944123,242.36915213746096,loamy,tomato,2.9747586483456336,17.643704674157526,0.7986012585481584,0
7.740721060685393,527.8858166152258,120.86528731601979,11.857841826979595,0.03314148683108121,19.388553670809426,242.37295800220767,sandy,tomato,2.9615144573518504,18.279355702123762,1.0,1
7.58147320818347,254.8119456341335,221.68893007047723,13.367378202640143,0.00687219241551899,26.345983340598934,241.5530629970075,clay,date_palm,3.0329041515149187,21.848063964578294,0.872634885165957,0
7.949067818122901,653.9879296114393,218.55490811184922,23.578934711452465,0.04408435941796256,22.64287891514067,222.28629116043416,sandy,date_palm,2.953748705194921,19.08323678826114,1.0,1
8.055785637451496,549.4610461329776,105.37338721491,23.215036254762943,0.03918095370149029,15.40944435891707,202.689407517449,sandy,barley,2.320291465993817,21.388633766106963,1.0,1
7.006544904475463,311.9540581239005,58.69979996708753,19.31352960245154,0.010346664921584335,14.394069311004918,226.67648774009285,sandy,barley,3.492022493551949,26.364108434856497,0.7224431595280192,0
7.250429633120798,312.93931986142735,152.31239344634932,22.693647548433756,0.03500697734540371,19.548450706880363,190.08193585015545,loamy,olive,2.91154527875209,21.548345648865922,1.0,1
8.069569075951478,310.5491909436046,122.29828799146742,11.392960551752495,0.03052901314299611,14.215482248188627,120.15544208380354,sandy,barley,1.456307387912757,10.087041638177443,0.8587494331417348,0
7.9995781203673095,234.20143253116038,252.24443740342716,12.622186520165657,0.010042217486095562,14.275601186703556,158.68272475621316,clay,date_palm,2.090261765872771,16.463815507233008,0.6033662272953262,0
8.449071257693015,552.679069623011,250.0910471138363,17.27424363708456,0.014386971796461392,1.4728711518086397,245.6942367959406,clay,olive,2.167929360121137,14.319362261305049,0.4186963487927846,0
8.141556685376175,704.2089065531048,164.25598804815638,17.472518945945282,0.021040338682957887,6.047859984811944,152.67067203934846,clay,tomato,2.193182849992034,16.24010315696454,0.6120169079399699,0
8.426159061597007,210.49892839243316,201.62805633080472,14.63399676024682,0.03526289402702822,15.166895559876838,230.17418705970542,sandy,date_palm,2.180998172204683,13.998680933173976,1.0,1
8.05381075230221,229.40278698276413,201.0648789967313,13.013156968759066,0.03229744703203329,24.856950312460704,113.98172061623043,clay,tomato,1.4540405744691147,8.44544883004075,1.0,1
7.447078312959165,543.6621660121675,256.78953710690587,24.723606232173903,0.0270795075361582,9.0830831950866,150.12757635632045,clay,date_palm,2.953281600083695,22.87749027856015,0.8241168049508006,0
7.158047383376284,691.6974112316313,156.25060353079937,21.42247252235449,0.03865211661258768,16.15665956080332,152.64299870910693,clay,date_palm,2.7489914165274256,20.912123031188166,1.0,1
8.172735795017402,396.0433343411802,118.86166994762726,13.699603957760903,0.03813894924070214,11.003900458017734,107.74038146634703,clay,olive,1.0097105239694246,5.870961103349459,0.8729390896884407,0
7.966223832213874,409.7686392846333,116.25872953513687,19.54584954479137,0.03127509854905054,4.039315696648082,117.86414952801324,loamy,olive,1.8635906835754386,13.899934780146076,0.6990000468547549,0
7.072279018589945,557.8078984980656,184.04806982055104,10.39123386504919,0.03956251408585644,28.790656009067717,128.97478166826565,sandy,barley,1.9973469992896757,8.545806542174523,1.0,1
7.540075698851467,364.5277334744882,162.28705068305314,7.003386524746597,0.01737890536418125,25.78554223725875,225.67233862151693,sandy,date_palm,2.82581884005034,11.61858025411063,1.0,1
8.435199723226429,215.96501964661047,160.03019274623404,12.048620511054812,0.04418122688780768,3.2762803095402857,109.51029849097095,clay,date_palm,0.6475528474589317,5.196954113976837,0.7800482373046355,0
7.750601718565302,641.1371108609576,72.7843347724268,13.059456002467885,0.0311305942042951,21.873830611580253,144.8051352016581,sandy,olive,2.0844997772182197,12.481754276970248,1.0,1
7.649093704029557,575.3899477648719,229.6509351725489,5.330742491213416,0.041295812176809096,11.079817226367506,101.52625038839012,clay,tomato,0.9987415135859136,3.0915821810396,0.9209328482663597,1
7.686549407738941,548.4535994333955,103.43417199547767,21.29584003271792,0.027767676134723918,29.850644404791986,204.34416181045373,clay,barley,2.290390345916742,15.219972892851432,1.0,1
7.3133240860077455,645.0104773950939,99.23840755218035,12.18386804778363,0.011703474004445338,9.769557075040353,193.04546350650696,clay,date_palm,2.817683716654895,17.42061134387101,0.5963579488998787,0
7.553060756297192,605.1385025372225,153.18958006934838,16.60836331560294,0.027578096305237124,7.923414915515398,196.7473393079713,sandy,olive,2.786227964333536,20.009863095749388,0.7950379800355477,0
7.5547198839807645,323.5291929069927,106.94458540445035,6.47926374541912,0.01918447152505282,17.46882590085675,156.1574177071928,loamy,date_palm,2.0262853331329875,10.806327684886224,0.7992464175435663,0
7.078532530281208,411.4886281660107,195.96456682700384,8.499936575011679,0.035177452765817636,25.218658736952918,131.24017319013535,sandy,olive,2.199821980910058,10.939706774084025,1.0,1
8.151351442776878,275.666085007175,142.8658348336179,22.793874506551198,0.024313895795002056,6.5830472827741415,208.048031992905,sandy,barley,2.520462204212448,19.70352779990936,0.6980063589175095,0
7.624756647855818,277.91420805072863,162.2279306481975,17.173750557656014,0.0419695274414567,21.572680321860606,221.66768091110427,loamy,tomato,2.759481085081312,13.997188647510384,1.0,1
8.233269830224636,605.7174478139235,184.2923304010072,24.005681003409713,0.03422555310377392,2.780790911092529,120.79022471473027,sandy,date_palm,2.3904815632753516,19.381965835567968,0.7602376398404874,0
8.275522001679843,715.1600641894989,100.88388062045121,24.975000687826338,0.03454267721853488,27.64910755020442,173.0244141906132,loamy,date_palm,2.3675860631588823,15.863266639239798,1.0,1
7.317991082047987,777.6395503166834,88.93790571638245,12.437202306661888,0.011640611341062184,3.3511725682716644,137.30735229682938,clay,barley,2.066007426681804,12.261625759409503,0.4069132156159104,0
7.9860302232551925,577.0082705296666,270.1054757184012,10.976061281665492,0.049228238558073234,27.512709913980714,125.21602918092006,loamy,tomato,1.2135058476466931,3.43670035707801,1.0,1
7.708422706244472,310.4607940165742,158.43092570785524,22.167121103181934,0.04224208525430295,15.233410234128382,210.14879702424986,clay,date_palm,2.551110519353581,17.04774257934929,1.0,1
8.320235106882228,263.3902072693584,153.02340240813479,24.972228540749086,0.03966123934347404,13.994642271081675,180.71454032092555,loamy,barley,1.847244187506879,14.554083012410908,1.0,1
7.323611018764681,687.7105829220546,58.90303756821037,17.592824684649145,0.017180546032841346,29.22590530551092,132.42779985680016,clay,date_palm,2.711729619163816,18.875273289778093,1.0,1
8.016719800465067,547.2538858159996,174.4940756468483,20.902814450230448,0.027245950989514364,29.721141153248354,146.50000168173176,sandy,date_palm,2.67121141678616,17.182075445518656,1.0,1
7.911628183379084,570.9710126082318,188.54243040275003,20.63491717630549,0.007718056215642104,19.85516565286935,244.99805069916135,loamy,barley,2.7714794517522248,23.35054914833186,0.7345925124321966,0
7.4429522163577495,668.8772532528255,189.7102177386666,12.106794164390939,0.027385322856472594,4.686459463854407,227.3019347062835,sandy,barley,2.4847641838613,16.196061436868277,0.7032901668330811,0
7.204901355476759,621.9663366394709,226.7577923307211,16.485407605141745,0.008148573077681076,15.678932484000873,231.99201143096926,clay,olive,3.172191967528323,21.292638546146765,0.6895826032474994,0
7.977459640715915,700.674951713658,94.37045874775293,21.661138825284272,0.02809885435549046,16.34572992771421,169.0018145621062,loamy,olive,2.3007326026450463,16.40149967461402,0.9324560220982447,1
8.107896187198495,233.7283432759271,113.0557835576547,18.76227752522111,0.03278737212759038,15.918946415923982,193.57108958813126,loamy,date_palm,2.256680477857651,14.35086119992726,0.9907239484609474,1
7.473441015645025,648.512382047903,252.68261630760318,5.423276279640765,0.020119602395245215,17.515263317080283,156.51516103066174,loamy,barley,1.6441447693597473,7.757784129109163,0.7836308838190637,0
7.967248906033471,710.5116543932572,286.79265421084847,11.73411337795067,0.02542869903823337,1.5430167000373294,111.65679635333358,sandy,tomato,2.1359492146227166,10.03003106296816,0.5831667567440645,0
7.592696361417255,371.6810254749886,83.98318684183016,7.8895139318921075,0.04390701599605471,21.625591162644568,160.16039659851737,clay,tomato,1.5262504918214577,4.477141807834979,1.0,1
8.069810324923926,584.2683643959517,174.41238862630456,9.65944424156078,0.0063195940904376595,21.659434756636653,189.0971129810717,sandy,date_palm,2.577093285416222,17.837525498631592,0.7341500693225957,0
7.2988229123410795,388.4972383021833,103.54406318489671,23.109789549826512,0.03979491175698299,4.34862348015875,143.0716406152197,loamy,olive,2.566989011053166,18.702994671649872,0.8892552668421732,1
8.335322503954261,774.7826398894724,65.01829208874561,5.7378657782153635,0.009366972998813623,17.53694383092822,227.19258620911236,clay,barley,1.417173673138922,11.712866349052453,0.6046173654518825,0
7.43111439469837,220.05414346130226,131.37583453153385,9.396014239238475,0.002798691157426791,17.482474290637462,122.66502387618979,clay,barley,1.9135985713452233,12.448139136340185,0.544717738881769,0
7.551678981634229,547.875706299773,85.92190629605318,11.191387044764628,0.01009315553450734,20.791062185521604,155.069363415538,sandy,olive,2.6036237437660374,15.76233152907157,0.7755084762293252,0
7.087137928120525,299.90212822970904,227.48326835856156,17.337681439327895,0.038487116308554,3.4765330719173515,118.73558579863044,sandy,barley,2.3350375320167935,13.94575075587243,0.8336404086280006,0
7.167268318481915,627.3321231062953,183.43135341786112,15.68203380171731,0.020851177593506142,19.168595910716796,160.7248200977838,loamy,date_palm,2.9630787141299337,18.364760365549643,0.9331858792473228,1
7.773792854068493,305.53417005119724,85.95861774757772,9.365389657067722,0.04375350532546292,9.141806571643894,105.94919574614056,loamy,barley,0.9878084715516421,2.9899396617458116,0.918163389038953,1
7.401389015091957,341.2299571390146,52.31039710137859,8.28482134446309,0.026710669517931027,15.703086724388985,140.8824092592468,loamy,barley,1.6615590520786498,9.49263327575978,0.8476465014230371,0
8.253220338613291,496.62248662745486,252.03926225605318,9.735960691922376,0.002090267244390217,23.426383028418226,160.11028826705257,loamy,olive,1.840327467072168,12.945203021987592,0.6471078665999912,0
7.02204008298243,748.9009699981268,94.04860154106188,15.050592534033111,0.036118966870494415,21.463732154527385,171.72480449150373,clay,olive,2.371648170703673,13.246752176405622,1.0,1
7.568641073007904,327.0286232887825,201.5541605551915,10.423555714224069,0.006401412527340403,4.448187512661808,181.55445377127128,loamy,tomato,2.940293403308003,20.733045875533406,0.42020841042798246,0
7.506018320153639,286.5440126708621,134.2304782691864,23.952050032154443,0.0396796020396343,18.144358826366123,141.24866946848783,loamy,date_palm,2.6894556175917197,22.853303741829556,1.0,1
7.028991446376401,655.3860991124184,196.3714845787589,14.27730442857695,0.009237024940453822,29.10437939728142,178.45620019223085,loamy,olive,3.0409856107655737,22.325301742360068,0.9639218109136816,1
7.186552598500765,500.3717194003586,128.913406745581,6.175920330892741,0.017926872904470162,5.546313682715065,176.35069323430898,sandy,olive,2.5445291491350934,14.516574613752338,0.5833916991521613,0
7.620464012377953,747.0710674290629,71.73489017306355,19.58532811673267,0.03830230005164266,25.73430554403703,147.42670763143127,sandy,olive,2.4498360142259004,17.77662076518585,1.0,1
7.73929687667117,287.9687342959054,105.73750213943839,11.576905764179791,0.04775733651634466,21.373894336059532,224.53004959847175,sandy,barley,1.8636123259613855,12.885921319497047,1.0,1
7.606434620882304,587.5567358138236,97.0146416197689,18.06977864116495,0.019200263581689886,23.44609607438303,181.84616898903477,loamy,date_palm,2.886691054582973,21.2619790027307,0.9878611595796467,1
7.7964065176181405,339.72748769108904,157.00483810991096,10.59188741046464,0.04164061078974786,9.176791487136718,149.84045781198176,clay,date_palm,1.3912559141781495,5.858601750903247,0.9194454647232042,1
7.892697512358522,294.0562571909836,214.57094585653934,16.4148748346664,0.010348821008316099,9.348778952015431,242.10077681211646,loamy,barley,2.4968357496786844,18.79979163472947,0.5419547541393448,0
7.014885731691754,610.0576490943623,115.95151873658939,20.443050096149292,0.04055180873992206,27.274564217518154,226.76686196067413,sandy,barley,3.0037252998784356,20.393154195986323,1.0,1
7.696142739180256,556.2107719452399,53.017483825154486,23.56017483549108,0.033217208903556304,11.4351289306842,247.38817173277013,sandy,olive,3.229292979377984,20.25937939265888,0.9853041505172673,1
8.445248861331383,652.8964750173988,179.73434106618922,10.222542888661541,0.010444431853406055,2.827446330091504,203.83508119681312,loamy,tomato,2.120928303804637,13.07935385186084,0.3828896687072919,0
7.778548420194323,385.67754586770945,201.439872339743,11.697139019979623,0.01582269405721917,18.417304403804053,156.73343582590704,clay,tomato,2.2754434836341653,16.67458726855169,0.7877219776251018,0
8.01631340118843,468.78299382931397,290.7176235004524,14.285328405718793,0.007456773541254765,4.6197124022134375,142.12910000185184,clay,date_palm,2.1511369138342022,12.077153107233878,0.3763368042698264,0
7.467795786875325,443.2830057982511,197.3677007733117,23.543496754719776,0.019765383542151353,24.101291000829338,199.49767655117216,clay,tomato,3.5886646652349126,22.883326583766152,1.0,1
8.160987067229144,790.4536783799085,167.79313984453546,23.02773713621314,0.010978783415040595,19.610646832530666,247.12248737429556,sandy,olive,3.268911342960139,24.104959120525237,0.8184075953130333,0
8.159382222814173,375.34937404363274,193.35040647442597,6.79756560201276,0.0325558997278932,26.36706865141504,194.00726201557734,sandy,barley,1.439339826050505,7.367494589279718,1.0,1
7.781944071481209,376.8903430080601,281.97515746550675,7.638596515076217,0.04973075010680738,23.76028024369642,232.24224114847573,clay,date_palm,1.4842924110584206,2.7885607607440384,1.0,1
8.46402073491882,412.72892529716444,257.0945364004116,14.910183546612766,0.001588448991128943,4.2512958018076885,149.3655146571653,loamy,date_palm,2.1322983201574526,16.213141616987592,0.27943651651568413,0
7.18832532214398,538.7564487741929,130.744683340952,7.132385456108469,0.027505070851077635,12.051049616598245,161.04306737113833,clay,barley,1.6941571105369178,10.880769728197347,0.7891296239410829,0
7.025421497334372,351.39364655824716,109.3135909142843,11.911617466973949,0.029109663279901478,23.46224724752303,235.94128593840298,loamy,tomato,3.35024761709391,18.74222165841755,1.0,1
8.155237317635644,749.1739642275644,115.65840309151841,7.967707564349553,0.045796230694359785,13.102902724723448,213.53000529367282,sandy,date_palm,1.6561578135669894,8.76642691140105,1.0,1
8.210733306047324,359.4113389197581,176.10525992880326,17.720807102637718,0.025794261403579943,29.198599058619372,247.21154805518586,sandy,barley,2.353350864172261,15.09142277888839,1.0,1
7.180310843680864,737.4894389361168,236.01236280714446,23.989908634783234,0.027641369562600958,22.336473046910026,216.21463145983628,sandy,barley,3.2610524482705183,21.517255025427428,1.0,1
7.398374249437909,262.0850381879508,175.8048017957405,24.93467540588763,0.024110987265091043,1.4494975840193098,167.27735608273477,clay,tomato,3.4578577918977405,26.549808055904748,0.6672833840085711,0
7.026328545049943,593.9376214397914,66.94909895702816,12.504822649938296,0.01417631092351259,26.519585055264255,179.66020297335444,clay,tomato,3.2328015832234365,20.486836953053622,1.0,1
7.439962916170847,744.1913110629462,230.89517510999522,16.980252742292244,0.00374542752919677,3.9233387611881705,235.0773238694705,sandy,olive,3.5673229003642737,21.882980830269673,0.4200340201908569,0
8.159712810878007,301.24966303893774,251.49253216773846,22.125353070481626,0.021024226428281972,5.0751880012224895,182.74701041470718,sandy,tomato,3.2316017508412656,21.304045507245203,0.6753952965159806,0
7.776940791568869,780.996176059553,122.3744662799299,7.34924145592768,0.003576982090793248,22.300279617720477,138.30960612466677,sandy,tomato,2.687292291489641,19.147622312854782,0.7146437070354796,0
7.522143389752432,471.730016249307,216.0314348208376,18.7912882210393,0.027974131003829974,26.084088223483928,165.3429719154924,clay,barley,2.0942953388651477,13.34146844341983,1.0,1
7.557608942359495,767.4290650646146,156.64797526359834,13.176873234501365,0.016057388518872364,16.554139209087126,177.4473983273677,clay,date_palm,2.4866759075860645,17.96704747329563,0.7708776845717131,0
7.002030438573202,606.0920261780282,272.2798389318607,9.122923205603282,0.027146517674745966,9.382442255427597,114.50797503266944,sandy,barley,2.1378245068314565,10.6672666544566,0.7658725707762579,0
7.449700791347854,380.9521219241309,261.30638954018497,13.055072374948839,0.007580551255364148,11.18815081234209,211.56440113793354,clay,olive,2.6797546900010323,17.85639556091402,0.5518516602773866,0
7.969688112456896,312.9815149502639,181.35799957741057,6.519205739298338,0.046698868321228625,10.943790558285624,116.40309000324595,clay,barley,0.5520959441856369,1.287460426411402,0.9635265115189927,1
8.461291665724536,382.2410277350597,222.87638645339862,18.908142971786113,0.04483154093394681,10.473665010475855,160.73765700532084,clay,olive,1.222512712075206,4.990704234696596,0.9797474311847357,1
8.270591240475849,255.810445557605,270.837425255526,10.054853374969062,0.01030982895091194,8.044380482827844,220.69336623106068,clay,tomato,2.200906154705435,11.070054557569009,0.4916075362966708,0
7.035392446968293,286.32077980599786,173.92925251956888,11.22811290089756,0.017828769881406487,18.65714574424776,170.13555424199456,sandy,date_palm,3.2334227090671686,19.048147755128543,0.8992482798314261,1
8.347840907012259,262.79626420788867,128.3126851222055,7.421625964829255,0.031061145820747003,27.11175423838695,226.30232795777619,sandy,date_palm,1.8450449112192782,7.639145232385632,1.0,1
8.174797619947938,453.76612624493464,238.41653447739532,22.293182277797833,0.005688624157989407,9.905389979416894,151.28219830841726,clay,barley,2.1513522141826362,21.098334156782617,0.4555453390927899,0
8.17056418535647,677.3470257545519,105.01656369617294,14.868885585654771,0.018373823234691392,6.41413462638095,243.6454440997653,sandy,date_palm,2.8670757969250196,15.233309133681617,0.6332561048019915,0
7.686993638505357,284.83013252980413,147.1327870015105,16.442937555728005,0.0133045020541313,25.31875232477132,131.42026477078534,sandy,olive,2.627992625310695,19.51719805594752,0.9161819873322515,1
7.597007939431754,278.1922599034015,266.43180927669846,16.38865366189709,0.04586031970711814,22.511716595801396,105.7396217483952,sandy,olive,1.9172045827680357,8.803009967078546,1.0,1
7.454373593249789,586.0573697103985,231.10558506732878,13.209862290826834,0.042773021178171056,27.994273915237404,230.86398144856278,loamy,tomato,2.6735428158350056,13.670146889399799,1.0,1
7.098542288431549,318.30978918083974,150.9527513118748,8.85059830876279,0.029411804322076327,5.8000723325423795,212.83040739256123,sandy,barley,2.4553062164716266,10.746834445179688,0.7536030087997226,0
7.342353045240548,258.566022865395,103.68612560208936,19.902654969967998,0.026496970506707136,5.183288109381154,134.7975755601059,sandy,tomato,3.4371903956064336,26.302176676291047,0.7760955514367448,0
7.369905452467037,300.1091469233466,138.99209770805913,7.541125307153487,0.04660556393272446,16.701452434844903,247.71124107050107,clay,date_palm,1.994286891468955,5.648343860993652,1.0,1
7.726115604565303,754.2388375260657,121.02603730685824,7.07747580557621,0.046688961365961956,18.818575990217763,175.34201939027918,clay,tomato,1.3640243211773848,4.738096400783166,1.0,1
8.121166609895042,692.8827516657145,94.02232198596349,19.202900751930066,0.04849717614223136,14.925029813928097,242.65981602162452,loamy,date_palm,2.1984559459095925,10.370050120056547,1.0,1
7.71071474259692,412.43873741305646,235.83322839141417,9.176740409039677,0.007143565321301195,18.37003245339239,175.7543157080499,loamy,olive,2.2179329025790704,17.24514438852228,0.6519887610936913,0
7.086766674170741,593.4924603964357,113.01747171254289,11.135455027056647,0.00886733272739534,6.231013297377069,170.78118801569366,sandy,barley,2.7677459230356303,18.208743185615685,0.4790499307013219,0
8.436684701482307,522.3654042008229,163.54186754194097,14.504549340034805,0.03416009823531445,14.908798870758417,167.37078057166974,sandy,barley,1.5071194236314724,10.195353209837176,0.9311470048354029,1
8.414086478641169,606.2745580895383,146.46486170902728,13.987026334590924,0.027530289353882402,20.084684267250367,150.23129141994252,clay,tomato,1.5102036806215022,13.341425880139091,0.9354643201029635,1
8.177784314722613,609.6026914776555,295.5193446589077,19.171582501299984,0.0019048293397685623,13.548487028212408,180.05522457648277,sandy,date_palm,3.1572717378256465,23.559353638516594,0.5521239196868284,0
8.48699185234633,577.2404090359958,147.77306103705513,17.468635868867217,0.004036776763486449,20.70397273868134,167.88319929228518,sandy,olive,2.4172051314466656,19.10894504071372,0.6680075167416568,0
7.816723499200394,359.6608211223852,69.99562069918869,17.887923245637314,0.04451593873068146,14.08454713606135,105.51203149353312,sandy,date_palm,2.0428517760551554,13.181284881592862,1.0,1
8.44415252537981,223.40385245769087,72.456438143021,19.281086613109146,0.04357466898142993,10.67438784442604,139.06528501352537,sandy,tomato,1.9504514663060746,14.234493729517277,1.0,1
7.113407560925126,473.3400691940653,197.68843033826622,10.852254548469308,0.018506275177806213,9.804546365525677,131.96842001583377,sandy,date_palm,2.915138402760212,16.081083547565637,0.7068961271984237,0
7.5485211223920565,734.5843308144223,199.8408879345664,11.446666236009474,0.0446614802295962,12.916159710669053,230.11534034815998,sandy,olive,2.3053301733957987,11.2105947236965,1.0,1
7.338071902010149,541.6983551111455,154.68974762066375,13.759954957911082,0.03009007864549719,1.669599057783824,189.8304965840262,sandy,tomato,3.2429888230520802,20.330587490790005,0.7441822666823008,0
7.293749626201405,699.4346250211447,157.96092307800743,11.149243460670522,0.040489376703926196,20.387229014937297,214.5524650674591,sandy,olive,2.496929697937879,13.45015410668075,1.0,1
7.211204423339014,794.9746057767369,63.483145710217805,24.69875737941727,0.0219441224868505,25.508063588427593,243.52390566239208,clay,tomato,4.13003877920253,28.106796770890252,1.0,1
7.933620462348995,298.16972248296577,179.13662759731557,21.281038528428592,0.006556518039900528,11.28418573885044,196.6058908789615,loamy,barley,2.5936785318809847,18.024111484724884,0.5315257679259955,0
8.171982783620958,615.0665834851893,176.18486884508792,8.293093765120592,0.022252626069654797,2.3349609481098383,247.39149871071166,sandy,date_palm,2.3670948082880243,15.92354950959607,0.5698561946700607,0
7.867447599130541,604.5761442200148,87.38732963923613,5.11188311763739,0.023407690101848,29.616492324181174,146.76460774781944,clay,olive,1.2284241444559476,4.523196739248353,1.0,1
7.220444064382314,787.973268414967,75.9598465277319,5.855665364945358,0.027996265498189548,8.647249408080942,127.94007734693407,sandy,olive,2.0547597471617496,11.79091280880645,0.757269750407402,0
8.216685654900207,791.3604403716802,80.89312264987262,9.881269020858506,0.0061735529323169724,4.672012529032417,160.49648319893672,sandy,date_palm,2.308392872147658,15.228623979226168,0.37071497433721556,0
7.953932060745593,612.0071670344777,75.25706162281463,7.285825716737131,0.04957869128943096,11.72282273121781,170.6199122403712,loamy,olive,1.0355296298209908,0.5472082613969698,1.0,1
7.582248559190493,346.16887518931657,202.42704888418996,15.666762297851442,0.01296270421953841,22.418154178373143,234.30423142788777,clay,olive,2.736473963267363,21.15735526858478,0.8617215639219281,0
8.011195443304095,679.1335028783594,99.12066310072966,22.159904454547174,0.010729067773317554,9.523581309826405,183.99106585550146,sandy,olive,3.026011886440711,23.430195729489746,0.5934885937115484,0
7.389857468864249,264.21748052662286,112.85753804686587,19.73500441826455,0.026813343023940894,17.666392913665145,143.82714991270257,loamy,barley,2.2995748611802522,19.381232484287075,0.9394939925268365,1
7.517788312741316,668.4195825029772,93.39303603785993,9.312181261643808,0.027323200790349545,13.051239838677123,211.39514243012815,loamy,olive,2.1550119218492254,11.402794633396859,0.8432737623767237,0
8.376228764697986,746.1176744868178,289.45882611212573,12.985985120515718,0.02255121615382897,4.415155776021936,175.87479057086063,sandy,barley,1.7158731527252502,12.926740656383748,0.5638412100458933,0
7.4357567585071305,429.70003686106116,263.65436578795885,15.157884190625552,0.038822715169937475,10.578323362271197,124.31979179127552,sandy,date_palm,2.4266135302084026,10.788895587608462,0.9880362772111582,1
7.7049824022369044,578.3811769898482,107.62370933788023,21.20411699006671,0.026316065635701533,22.021244665707933,186.52296813868782,clay,barley,2.218099163034499,15.94010432044151,1.0,1
8.335211706094022,458.0856392580958,131.89157348053152,21.782432062123295,0.030875077302104224,18.748113022611925,236.70918052109258,clay,olive,2.1548209154155584,13.853583007254144,1.0,1
8.061582025401291,462.6590329928771,102.4732105762493,23.19436623815552,0.0364635728849815,4.473573016623269,226.39339262137304,sandy,olive,2.745091859375533,18.607280803564937,0.8560324023572304,0
7.093304839247054,386.2225334648721,172.96898986520594,15.184905010057504,0.002226229976629464,5.736349881714948,188.02149589529967,sandy,olive,3.532033309149716,24.455129031120926,0.4306831120157182,0
7.220954566418455,657.2777722701948,54.9026331185634,18.885494928717257,0.028961564944707197,19.581267419915918,156.56247608274822,loamy,barley,2.393952411697082,15.418643360193304,1.0,1
7.0117623861578755,761.7059384999031,217.84200222419892,7.236007424678743,0.044325529090190094,24.589047015305198,113.04681265963167,clay,tomato,1.744168821658537,8.910378356422735,1.0,1
7.946382685343745,764.4505155406766,180.7895374544104,16.30577919907964,0.0018520484033462616,11.134760382786908,170.44733849974358,sandy,tomato,3.40372359372189,21.642499520806656,0.5227738212036833,0
7.671510138115627,304.8687709249603,274.6597320752758,9.973836189422702,0.020853923086247096,18.264011803460054,212.8119156294369,sandy,date_palm,2.7590234950246137,17.469732869567398,0.8988109619648766,1
7.201412276353413,724.8461897939396,91.09817108210353,13.634337700532221,0.04638514506008567,5.948664073811053,154.0410579599516,clay,date_palm,2.034376112501972,13.606615468462255,0.9775005463776639,1
8.436901181585156,642.4588648562733,251.02731151528292,17.68101016613439,0.018304565711844353,10.029913770254392,135.31702383274967,sandy,date_palm,2.22401681658948,18.38908384839869,0.6530881064099116,0
7.79448958591843,351.70244041417357,247.99025361667893,10.139718757075622,0.023477712385811804,1.5878359645185254,239.70695789064303,loamy,olive,2.2017719984267727,12.028598152723387,0.5600641649516893,0
7.362839941169334,240.37076775290873,81.79529730422173,6.043701155935222,0.04909552825917133,23.280002486186156,223.23335506869887,loamy,tomato,2.0479275918968565,3.4966584000529526,1.0,1
7.750905356732061,360.79836013062675,149.6398060360319,5.204677128175151,0.010766869088578115,12.629284773416037,195.7413429130217,sandy,tomato,2.729910810118087,15.81907198647738,0.6324815966064394,0
8.019430499102661,747.3249420689153,92.53816028612923,5.4431907108904305,0.004197504267125292,24.667641635964664,120.5175015880779,clay,date_palm,1.5176529125660987,9.09532099104353,0.6777276297314606,0
7.114358826960347,579.9072049374633,113.68012511438722,5.166994750275393,0.04311170695220391,21.54281688465906,121.73632606092596,loamy,tomato,1.7579761376505572,4.588722012887845,1.0,1
7.4120557225718375,632.6327965387231,115.81154370763609,7.2071011311575095,0.04355480171940606,25.03358370612583,115.48293871836685,clay,date_palm,1.275010163917263,3.7898529703678925,1.0,1
8.210448236325991,354.29141066545753,189.05909850644318,9.789774291402598,0.024131813899320648,9.284101417903601,192.44450003391148,clay,olive,1.4486140906065077,11.614649412551117,0.6635483640964024,0
7.689497305603992,631.6328933448922,152.85273294011637,9.424430283645984,0.02619615154938703,6.368153182407513,117.3344194710004,clay,tomato,1.7119404466833918,7.435178790716343,0.657260572623627,0
7.819865713048443,216.87290376675426,286.9332010015763,24.735931883597935,0.04195451211127397,29.185264796898444,226.39407982939497,loamy,olive,2.6211434994986176,19.74125739104729,1.0,1
7.649224003314204,425.19280746380826,81.59253548675129,11.120122104178865,0.03718941540767396,21.802505824185218,248.94475027289832,loamy,olive,2.1487635668103806,11.90884148623086,1.0,1
7.065849913964508,576.0520091253987,293.4230337125497,7.548415667187982,0.013992301108633521,25.18722576987344,154.9522277062998,sandy,tomato,3.2341681502622013,17.07620157799638,0.9723624840479477,1
7.2486246697302334,287.65793932479215,107.65966005356599,15.911250883355159,0.0018277743985044043,1.380867837588078,168.0504770450646,clay,barley,2.618524993025122,20.56341325324333,0.2645159721713374,0
7.668312458112837,693.8021446681608,243.21848409546328,22.159149107950167,0.024505307964143744,11.279386988580711,206.7500765478518,loamy,date_palm,3.1223975237874373,25.289606983500615,0.8429591611367654,0
7.3137781981118914,341.0187792871512,134.74248154320534,18.561207535753503,0.04308670397868643,22.54168402674262,240.57295094886487,loamy,tomato,3.244536682591552,18.746553021618123,1.0,1
7.074968542989518,591.3686676910677,85.77034885432847,10.921641782709006,0.04489589915781795,3.261502156709516,234.11406603345776,sandy,olive,2.667976019581855,12.732584999056881,0.952106612068008,1
8.265474496077736,443.1182855451978,264.47229631155994,16.2323231958291,0.047855083656731544,17.452857957499134,108.6387743124773,loamy,date_palm,1.1524171926468438,8.713636685873105,1.0,1
8.471788793746175,557.6261572865883,127.2152248091158,19.297119484008185,0.04409859864302628,13.443110256195094,125.36077038351475,loamy,olive,1.2252280131005995,11.271613637673646,1.0,1
8.18971431099511,264.4703315773449,214.71385105671055,19.562089847354848,0.02942213420960682,1.5108787070921115,213.18957978366885,loamy,date_palm,2.4194050724485527,16.72423346592675,0.6651019930818287,0
8.280677382557,210.14767995296438,191.61092127165665,18.330769105953777,0.022785674362568946,7.84329173646409,203.3339662048671,sandy,tomato,2.923512700901499,19.06055623844482,0.732531966239936,0
7.362965695475568,745.7386564281807,167.93907734771858,22.41620849551236,0.03896764248017086,9.258967682934712,119.98278910601849,sandy,olive,2.675161049276962,14.01023135513315,0.9837068748034141,1
8.4409404632698,361.77800526030967,173.95486816213477,22.402109166882088,0.03725126008391423,4.243938444043351,175.30968730023517,clay,date_palm,1.8401871556419738,12.880635611838173,0.7908626425909384,0
7.295388556680143,691.8062016682754,233.0594785230719,16.578731188140065,0.027369028073991268,19.314570382537152,217.12219466279436,loamy,date_palm,3.07630778155628,16.997505231503197,1.0,1
8.427144715542749,799.6101802833201,71.94322853086014,13.597127382224246,0.005279041255364987,8.029538411304781,132.81710233940404,sandy,tomato,2.439139868506771,18.475896162510836,0.4349075765371121,0
8.492228940948927,326.8587547993467,217.0451654894763,17.831405911301996,0.046377985992559025,9.050965488962262,230.69314536019994,sandy,date_palm,2.0922079297556775,12.467997516841598,1.0,1
8.067584208619074,359.10244471001334,273.9530253496447,21.364240027409263,0.023324524337581445,27.048919347804276,107.94576622305519,sandy,date_palm,2.5311279170242384,18.30283995124889,1.0,1
8.471715597687734,597.7158725807994,64.44704925496603,5.113042096823694,0.018803355313896954,14.546569688101044,217.32926276021107,clay,olive,1.189989255182351,6.096715056005573,0.6681808638850634,0
7.8543096693506556,779.2691807603727,85.16333480841669,24.83994018029702,0.03184880236326981,12.371716262108897,192.37283496848053,clay,tomato,2.9782041634971637,19.901763713026845,0.9634226937709982,1
7.389312674764136,749.4886089144463,229.15798417550786,8.657875446583985,0.03401806009718187,21.9922601111268,147.27990199815235,clay,tomato,1.9368728340370258,12.852202712478043,1.0,1
7.6554938284984315,501.7253120393509,159.3204120611544,14.404979713199523,0.01132370793448477,27.37880010960445,208.1398822512867,clay,olive,2.5041289725599647,19.746653778024378,0.9177619390141577,1
7.890341403068179,677.0661695160347,150.88715520342208,22.440594696857335,0.042010003395687855,1.726053750885871,217.35486927267397,clay,barley,2.0076631540258583,18.049766875398813,0.8252841782751039,0
7.109622343040522,281.4475118599406,84.24165863605896,9.500807980883987,0.015206917589456515,13.998926550106498,240.0848456955954,loamy,olive,2.8786364811094685,18.03964830143307,0.7383732133327351,0
7.933514896925869,786.4629105224074,176.69251017944703,14.535904478007664,0.01014751236980152,18.71265932626047,155.16620082313955,loamy,olive,2.1982231078594316,15.731769863476199,0.7023237207009868,0
8.471766755143442,778.611940421592,81.63632779909432,7.651643603623583,0.020913592789870376,10.238329845653698,202.90251039699325,sandy,barley,1.5101333174611982,11.749423355782158,0.6392811541580254,0
7.285161474675592,298.2373747275026,169.15511407763512,12.901526507763851,0.0367974439639758,23.39982394157401,190.39244154020363,clay,date_palm,2.3231733130615466,11.734799100189733,1.0,1
8.188892674432575,379.653874881864,240.90382474041417,8.542709095860051,0.04830745074355037,29.17283503783794,178.78091041856328,clay,tomato,1.0070447321128226,1.8791442664870712,1.0,1
8.361848190669429,260.0929985040602,114.56608947179087,12.272554975423141,0.04065478195420023,28.359393621258214,233.56247112325568,sandy,tomato,2.161909755026543,10.45006954034223,1.0,1
8.415552389230331,363.03055933890784,170.19654204493185,12.46928433585444,0.0470770705058394,8.713493642018314,100.47509712076005,loamy,barley,0.608894301828612,4.370220726729493,0.9291374745742461,1
8.440203406608171,689.573473649124,298.00399234920894,24.863415791966656,0.007889684399749814,7.563810074687094,142.31674091553964,clay,tomato,2.6921186865769964,21.09278092292132,0.4849909624161488,0
7.7821894580822075,426.9893642991557,221.6626058385093,24.896260586075446,0.004487663144320163,28.76722539961541,180.7415859317245,clay,barley,2.728780861923882,22.842896253181575,0.8609619241110212,0
8.465961861987255,253.03818028805503,260.3391928262996,7.295725573212248,0.02832753333342689,14.30022613551251,126.74398924548285,clay,date_palm,0.750357656797988,0.6336145921625982,0.7709461352554926,0
8.135965310701659,405.33531486734273,153.71190164013643,19.519375586566944,0.015224576669157684,7.040633969456061,236.17998005991373,loamy,barley,2.3749187881941944,19.122081839538467,0.559174832482022,0
7.242507154355443,788.830000544768,241.96523078146382,6.034909593382023,0.04157469367549437,21.50291194528213,197.1392676419523,loamy,tomato,2.186749580182129,6.156035636347797,1.0,1
7.715350159701955,577.8101571555218,60.127293235330455,5.6038403067437725,0.03392740569871398,9.248189393209955,171.6824491947985,clay,tomato,1.5525773071713302,4.747359978952039,0.8180810579186153,0
8.077496763058006,449.69656784369465,80.72779563556125,7.106677884899286,0.048565680035303926,8.750162277060518,222.20526385999818,clay,barley,0.9487043831173182,5.1639593358092,0.9793847967201548,1
7.371010473728625,299.92310809836204,100.76764823001554,24.309713140158678,0.013484825430833906,26.498222249255758,167.63292871976557,sandy,tomato,4.236291053290524,30.0,1.0,1
7.960922775323331,791.7060783702169,150.4879811538049,23.817270957893946,0.02480342160340639,5.7118954479302,183.79795178950144,sandy,barley,2.594897427684917,20.769679540334515,0.6938810272244932,0
7.999900718569929,692.5094055578772,261.4362195814408,8.878556405613608,0.025560783393842313,2.867395447520855,100.41264933308815,loamy,tomato,1.4683684659233607,8.888513715948477,0.5582291371319206,0
7.244049615712849,368.88638147055167,136.5665126969826,8.23344671107423,0.012719662948011433,8.80640676497893,154.85507952926105,sandy,olive,2.618649248780251,14.052739339221285,0.5764150194221702,0
7.847627968679134,242.04121743271367,213.65529837886572,9.81070173031894,0.029914576574912383,18.60141697230791,120.81857085264546,clay,date_palm,1.3929751568048896,6.351891491176383,0.9321850006142351,1
8.157440366467911,233.97533442653483,227.32857370087086,15.310939881502843,0.02272101331788274,4.569547748694847,203.45330209934366,loamy,tomato,2.466660412625886,15.461093288427534,0.6295389877522088,0
7.748343496803913,272.2268897033203,196.54558852208535,16.394092640708198,0.02288935624350381,14.676245496027018,171.85404384636007,sandy,tomato,3.103744626433302,16.760116215174776,0.8851648236877617,1
7.018154675164161,548.4611501686529,139.31049204253407,9.431868608788946,0.018774095750651698,19.192776202334276,145.26363358753463,loamy,tomato,2.8826695551847763,16.813582754281615,0.896080524721243,1
7.013557703618938,757.2580527232955,194.26333542838606,20.132455761798905,0.0018295382688512181,25.613372785202042,170.17485090576136,clay,barley,3.02524620476811,23.093921751291813,0.7817302261182579,0
7.535544015955018,498.04605680359066,135.56639819743657,11.191063388053015,0.026582666608824662,7.666218144865376,131.44448319270194,sandy,tomato,2.602317209167419,12.962902206755302,0.760249738763071,0
8.389291102647674,705.7672894737183,70.96843463800302,23.442626510588205,0.017427143949316225,24.703043378100894,238.76299487292107,sandy,barley,2.6463571235058905,24.00348566451583,0.9671765966822325,1
7.3430151694054135,467.5319719158847,298.2009945465036,18.13445412913461,0.0010646735802321541,7.812281572805919,108.09589488263696,sandy,tomato,3.759409338038745,27.158188404398448,0.47296848220270027,0
7.951545533307531,625.1501274606951,81.79561340812772,13.727023886072233,0.01608924167543467,20.626229695949576,229.81255529441805,clay,olive,2.239662949481706,16.46388374231167,0.8330362550090481,0
7.3331138060399805,639.1236423719005,68.08709595901433,20.798240034056906,0.014652788321398092,13.489533572991197,176.70381831000265,loamy,olive,3.071866682333481,21.238670741072028,0.7353318308674738,0
7.4825049844893226,304.3782235420032,269.63268730178896,21.358292520933297,0.020278959507958157,4.325756028981434,192.84197442082257,sandy,date_palm,3.5795366701704388,24.41044425237705,0.6770624468126362,0
8.272063134402226,416.7296353854871,125.45866522322378,10.809632112178873,0.00746074749252645,21.713640421833613,145.39084313630556,loamy,barley,1.5378000165359558,12.521523518673527,0.6692080221474455,0
8.09329216340492,582.3812939228144,212.5742435183769,11.794290876721687,0.02587650740711914,7.315115937921516,245.0046425191482,loamy,date_palm,2.244568464965996,13.658472669007212,0.7140154070624971,0
7.143098915969816,242.4179649106197,132.2514324155582,23.719103074572068,0.03492957727338837,6.1220793547131525,142.27764377792346,loamy,tomato,3.3857564701443854,26.12726742275166,0.9172457638066394,1
7.64305303147965,416.92411265777395,147.86356769861777,8.294820767265438,0.03187909288367405,11.391364929092113,188.33169957104565,clay,tomato,1.9647881532407439,9.546384645908988,0.8631967440962125,0
7.043754645467897,520.8796797687155,115.52824300419913,5.8430083392586845,0.040383992430890345,19.945417098025022,249.01250576606932,clay,olive,2.1029594641937432,7.804480349110932,1.0,1
7.721335219904514,797.7346958267832,135.76100144825256,14.081106452190983,0.023148406111366978,7.785897884928206,232.16415945751686,sandy,date_palm,3.042215974894902,19.797187597157052,0.7463213273606609,0
7.993651017551602,484.72013757346446,152.67510014663577,21.024198004872577,0.026435494786646686,6.326184624674687,180.4494737929159,sandy,tomato,3.168082247379263,19.077246415607657,0.776502694083535,0
7.177753935397227,689.6340542685941,230.10401727308573,20.433362126214917,0.04070969510209019,1.2886551456875657,248.5561784450818,loamy,tomato,3.6148626833264617,24.02528262152548,0.925607544111221,1
7.433327408363748,459.2403710399706,177.88404855869794,23.39061257825665,0.02195735737014269,14.677649815949984,205.20547925989217,loamy,barley,2.8292895692109066,18.705533539158957,0.8492565224080125,0
7.596754938253236,677.8344335718253,285.8913042892442,15.664013287380804,0.035378368145080254,13.430721510140298,131.3050624212714,loamy,tomato,2.2936737550140136,15.473306607631464,0.9827838527801309,1
8.379296536984075,557.2488809720651,60.47009845969388,7.001293431330666,0.022295516067181602,7.782164565483912,160.83943156537094,clay,date_palm,1.127419934053383,4.911518327735697,0.580269627041673,0
8.489882523134446,731.957264901439,175.76708065800705,16.773779486720322,0.02146907353106657,2.5559127562810318,150.17400010173264,clay,olive,1.486009280582995,12.945819138463234,0.4920351005382588,0
7.067366948493424,446.56553141006594,196.05619720792953,20.56791228706423,0.038250075601928855,13.44842036327927,151.60205624067837,sandy,olive,2.973189947593929,21.082792984724488,1.0,1
8.141511885243087,562.5826518928873,280.04924651856845,6.866562405396528,0.009567008857844346,23.857948221077308,214.06846590397993,loamy,tomato,2.2533436661908017,13.363484798336023,0.8009315905844755,0
7.557586099603515,578.0112083712964,62.289630905356894,8.453148021951796,0.017590712625137107,21.74318180848813,187.63943909091904,loamy,tomato,2.577003533503378,12.107963710502535,0.9048846082270894,1
7.58868727934422,450.42976508028397,193.374896233804,5.245813223113418,0.011984441560598188,25.96305180594494,105.71390673842929,clay,tomato,1.779215606869934,8.002408678520915,0.8413649080774662,0
8.131397460020533,286.58722621248893,263.40748213198924,16.873051588936207,0.018596387205412263,1.2778979436815132,231.6172725476464,sandy,barley,2.424081371354759,15.552670489739487,0.49843027666319495,0
8.377639648218112,256.1356441474013,110.48193202980914,22.734687838918088,0.012288366295935178,29.026160187333357,144.51942107202467,loamy,tomato,2.6865591974424183,17.507820705990262,0.9797734339810883,1
8.426392891753823,210.00293035977987,269.0730871309844,18.41326632004199,0.02939087592324608,10.900955326196001,249.56123153697155,loamy,tomato,2.5484043660232767,19.42319648327243,0.8627545946544735,0
7.865683879057482,724.1205585471288,54.76085231857296,24.64080175181964,0.04011036932827442,29.72153608666698,243.12860955021787,sandy,barley,2.6994029967439146,19.562513923132645,1.0,1
7.535681738950754,341.8849473432167,233.11365728343242,6.260673049995232,0.03954403999967719,8.325964357451465,241.07960750229478,loamy,date_palm,2.047773452292745,6.517696391116109,0.9235017633276068,1
8.181323628788169,326.9040495690608,283.2783052921633,23.060021703029925,0.018860547262890832,14.674555239769099,221.66914060959607,clay,barley,2.267709441247282,21.58785087607601,0.7578160690385269,0
7.37650207489345,641.6212402556393,214.29941541001554,21.281365747733613,0.049449259888818826,11.263902620683806,133.0919997525314,sandy,olive,2.4521550859355368,14.42573953961292,1.0,1
7.846111043250277,392.0096678524351,159.757310995112,11.284830409990098,0.03009886387058424,11.317060734834776,179.89491160431731,loamy,barley,1.6179284435481778,10.094832972828245,0.8072584482393134,0
7.53786769228731,503.62681544710193,61.22025411817951,24.470531036745037,0.020570614787136447,25.426180863698256,133.64539402374618,loamy,barley,2.5152771444757707,18.656995567970817,1.0,1
7.984946610561814,297.5066391784738,280.02845333065716,10.7587549634283,0.04194142468282985,22.646149252382823,138.9513183383424,clay,date_palm,1.1698457181304978,1.9220678010827692,1.0,1
7.36059836934026,775.8474328771815,167.57405567289368,22.78609447656437,0.036763826619489404,29.772391621671396,191.6427654154416,clay,date_palm,2.916786694589981,17.29310748392419,1.0,1
7.287389418602238,710.9488400103423,57.249186083987,22.61497154148379,0.037714491504381116,18.791925798807863,106.12503180295951,clay,tomato,2.703986503841294,17.89749112362901,1.0,1
8.377358630013156,718.273773779002,222.4552678321905,20.15315233205945,0.01061082813695971,14.434441527440578,245.41878502310615,loamy,barley,2.3599616384604416,20.59658005384211,0.6366481836800426,0
7.152705524424305,444.06424914320314,170.45931339406454,16.26940947625704,0.023947891061059202,3.6121420254598426,237.80097588669466,loamy,date_palm,3.370451927973095,21.658300617900856,0.7010973606629325,0
7.758936861602398,657.4167282243036,81.08632936060269,7.400054992337761,0.043229578410405534,29.90028116590185,157.11513582365797,loamy,olive,1.2578379211685267,5.206664014079675,1.0,1
7.331279174444513,286.3256932338681,103.5679523275649,15.639434689929965,0.025697862373809107,16.994388935036206,177.31336720103695,sandy,tomato,3.415142796443028,16.74164637531645,0.998567138023303,1
7.0583949449885015,205.17140155506817,66.12267011396156,12.135925113098692,0.03448918442763147,21.31384662101411,169.91791289016385,clay,barley,1.9721208840239797,13.806228317956418,1.0,1
7.05402822743714,211.98375954681688,193.5733849271434,20.844340663107033,0.029808752918678964,12.79552922854803,232.32996679262047,sandy,olive,3.572912633426233,23.668783533497194,0.9888748890252437,1
7.262832658158741,551.9610424427362,205.5073698130023,20.162584129936896,0.04227548259820072,16.883755537197843,203.29028144741665,clay,date_palm,2.772473744196519,17.46101877335296,1.0,1
8.300155531759,473.23694314876445,176.43557458886107,23.212250147452103,0.014943481148318529,28.33475422489373,141.71668711365345,loamy,tomato,2.714789275250187,23.629344540377716,1.0,1
7.42371811596554,510.80920934511187,254.27553325065372,5.296603248634158,0.02919828861643188,5.82616370001648,167.02618816979452,sandy,olive,2.0299868706659523,11.843740238276785,0.716896552900084,0
8.425688755862943,204.47788425033164,265.25220532700337,21.182064336460922,0.007038498732480396,9.478804945577384,164.34489635301458,sandy,barley,2.3501946263514895,21.82912948831216,0.48316915000687277,0
7.872433439483791,453.6119717944554,203.90609917078166,23.769241062493375,0.034820328058273925,5.409732105562938,243.90027524258778,clay,olive,2.6013025272100303,18.538003261813532,0.8386037651621701,0
7.654921284653149,630.8408967205164,53.189119926857636,20.786008982163004,0.036866424079282895,23.974261210338465,126.29663657719595,sandy,tomato,2.900853855009099,17.12507733841402,1.0,1
7.870133252004182,465.61622118046154,223.80741393693393,7.603889197407334,0.003099028738260922,2.799312552233057,113.43645059416436,sandy,barley,1.858795585602028,14.003476567431127,0.2511753289667372,0
7.775047577839402,639.3315237873334,154.49980423008788,6.625582096817755,0.03411375721777127,3.367317845688811,232.09282482425354,loamy,barley,1.5801172589730474,4.409334525674379,0.7054620958981891,0
8.138164380635988,339.8113786381009,191.38937080659676,5.416904796154016,0.021319817554123533,9.656329270833693,234.50289842588063,clay,olive,1.5106009243073828,11.482298261914732,0.6337719226731174,0
7.423744098959278,687.8852026890353,212.2701505047211,17.57490451656142,0.007080746929374435,15.911457246709327,230.7608631868247,sandy,tomato,4.233226043007476,27.54401641911363,0.7630984323154011,0
7.529575587400453,553.0587442720714,137.55915358176918,17.593453037197747,0.021575469837224914,12.78196921622801,176.64653734383347,loamy,barley,2.3253030020575545,14.384580730045215,0.7652956720475383,0
8.341141453799876,326.45785965794374,279.2746262929486,24.738274284364245,0.010517413555083503,2.299673009453411,198.96166424041905,sandy,tomato,3.595012012946854,24.354891314658396,0.49135562455106907,0
8.419684769725608,342.0322855122997,83.4937166874453,12.960863482081916,0.021362417074042513,28.767255178257596,184.50445713414757,loamy,date_palm,1.800895731067748,9.497372692655137,1.0,1
8.338837341229713,576.8182787417222,217.87795182025937,11.638125697949935,0.019832612369967858,28.633216090384426,110.41717390816014,sandy,olive,1.5826512910346695,10.865971310798221,0.99676561063998,1
7.62917199093597,697.9637559274661,51.08989498914511,17.48849854368785,0.03718119020986682,9.101333373982037,189.37523453510835,loamy,tomato,2.69906962602084,16.75984388647308,0.9556700907093102,1
8.170548254510322,449.37666921749314,281.1627763512952,21.512173450151877,0.03893656235015158,22.214242842788863,102.04212208841513,loamy,date_palm,1.7443482835238886,10.961110215646652,1.0,1
7.714503599951648,354.9802574765553,78.12603330952288,23.735478990460038,0.03074440406484279,17.77868693011349,148.74811143356294,clay,date_palm,2.5645161688709672,18.529420460942767,1.0,1
7.746309778219153,720.2069641463603,73.72105753689365,21.06248332358077,0.00211165526693993,7.886824155163098,239.84388638097505,loamy,tomato,3.9884250040867206,25.420082050989233,0.5084853124342985,0
7.307020163585926,601.5609750505009,133.25190826306107,13.533479612316095,0.04662009167447871,8.602975000506849,145.60679044537113,sandy,tomato,2.594429717529007,14.90213487701195,1.0,1
7.886695454887775,468.8512923698459,143.39157150977013,17.69828470624128,0.03462543072472594,15.243442055003063,240.97399639663718,loamy,olive,2.3649020859529246,15.332094707563115,1.0,1
7.279203846630022,492.7401171675811,103.57501808071966,22.12598653432234,0.002675577046138253,13.157871303423443,137.52009357238663,loamy,olive,3.238285041694491,24.01745710575267,0.5623538850961018,0
7.4973470486007905,322.55388076183783,196.28041523178118,14.812193766234788,0.04112281206149178,9.445650518706662,147.18433606922986,sandy,barley,1.9838874835887914,9.15581225815364,0.9644661899836131,1
8.282545302429902,576.0815780389064,160.7285245104909,9.333732874107854,0.01081304158118181,24.41783629284932,194.26112446578304,sandy,olive,2.089032521207828,12.497040397118571,0.8176749512713397,0
7.3106137138162826,415.2455063257332,58.543897260271855,8.39446879495746,0.029381838288984236,14.962424611484163,214.24404591839422,loamy,tomato,2.6865127445480494,13.022711649132155,0.9548970861282908,1
7.106737427760149,797.3871060046096,129.91301556382516,5.003154891561135,0.023865084127559173,19.990593809284707,175.2081652007326,sandy,barley,2.1721846452642257,11.111130172608858,0.9315629097202198,1
7.103511388919224,488.1101091571327,252.60822839329262,19.364759899625685,0.021572100335398758,6.488931504868389,232.3173530791233,loamy,date_palm,3.6401433656827837,24.123446710958238,0.7445716043829719,0
8.411176780754662,491.5313637137679,222.42538371546715,7.22194417691981,0.04459597228609548,16.471722212978115,106.03606324159288,loamy,date_palm,0.5,2.5133006463170604,1.0,1
7.760380656942752,539.5110724464032,231.2177133949701,9.876781993918808,0.022430703286568123,10.221305433952024,238.3292257951556,loamy,tomato,2.67280134879041,14.102496125852635,0.7547107658807952,0
7.6141181077255276,750.053601871248,224.5292310208809,10.957526630455867,0.004691861761084387,16.26599470145147,129.4461699843112,sandy,barley,2.2675956537121187,11.530979740241513,0.5771054727422648,0
8.216317871511878,680.4908599158501,127.74325534575833,16.207597202735364,0.04738529763353268,23.643949168916915,232.63581176269838,clay,barley,1.408387176987712,10.76863075587552,1.0,1
8.253738891865774,470.67804187870485,74.91598051919397,12.959145545915385,0.046106226330741754,23.29848309264659,160.12947692295708,clay,olive,1.003080477262254,3.7163729455068872,1.0,1
7.498286549673407,631.2195595836777,118.116796008274,18.493479840463237,0.03453720178949834,11.272399662994001,224.91355838065564,loamy,date_palm,2.909283637482618,16.27625583861804,0.9762487111009646,1
8.040427086210693,551.7412992684569,257.9463250462898,6.112773186574055,0.023926733878469227,21.134036395309536,200.74983247055428,loamy,date_palm,1.7156031277102037,8.544218435106215,0.9188299863000454,1
8.15668422377783,495.4202292207494,295.1176994457678,7.478783885288789,0.005550114174232542,28.297408561434032,126.39124487173932,sandy,olive,1.8443335949691089,12.262711137446841,0.7967465714396975,0
7.981976030298932,315.3894636706103,173.46175368539033,14.984230070665333,0.039746657810296335,19.144410567822288,237.70713548221727,clay,date_palm,2.0427830513265275,11.17126869243977,1.0,1
7.227392612200149,478.36175807293455,52.42508873076056,11.739295756936595,0.004698417806777419,5.303893578096478,136.82760857326895,clay,olive,2.462613342386873,15.461557871095005,0.37356320605454063,0
8.313824625275586,347.49115221354475,85.01120303355725,10.916267255027194,0.004361448259862137,20.711550249093758,136.62101780424985,clay,date_palm,1.704771704795686,11.672167964471985,0.6160344652634621,0
7.808641829104013,748.9052899109928,130.52014382906646,6.340561580750455,0.027331808279529038,4.042227204130028,222.12683449560708,sandy,date_palm,2.307270062294199,14.17247481780456,0.675403273259072,0
7.423708639555006,401.2440880978082,194.64633714823745,22.914383494960028,0.00884628376904737,26.291201854997787,115.88098833587816,sandy,date_palm,3.5622129007872445,26.086833349899234,0.9434953256986458,1
7.6378422781565405,771.3584087200234,68.77341145132849,18.836371722501013,0.0013787830996771003,15.983154378256268,133.30538595556905,sandy,olive,3.0588597486091316,20.75504344315476,0.5850536139490123,0
7.056356635598361,519.8331740568267,285.8393246774704,7.432363136392988,0.021732558118793526,12.169081353035807,175.55163601315934,loamy,date_palm,2.578359847134298,11.7759219645434,0.7756387866133629,0
7.191800201833626,578.9266272056961,141.27091832110017,6.300919154742813,0.007723644348893231,2.653191244841079,224.57155430299366,sandy,date_palm,3.292299859590248,17.707734165794307,0.4323024788974399,0
8.148320125773791,525.7642666935967,278.14605448120574,24.49745066862486,0.008865255348753872,12.042728303171181,122.12259621059013,loamy,barley,2.236048932218699,20.568415261724066,0.5527173108722276,0
7.000017452133049,277.6283701800205,245.13045068925544,18.6234510087901,0.004768621298031399,27.192993369557893,182.15023517685194,loamy,date_palm,3.776049033619059,26.820723765740578,0.9174731095511535,1
7.624848742723438,425.4927314047646,238.85931812889527,13.34912142187483,0.011049593932456886,1.6085068923027923,206.68608877044093,loamy,tomato,3.136208227604167,20.16404752121951,0.4488107050412425,0
7.783765271628383,259.4876673665743,201.679894945558,19.034620815115698,0.036058724808945085,14.764796575672342,229.0892837073927,loamy,date_palm,2.6832706493585277,15.740582390110234,1.0,1
7.081951630001458,573.772426510029,206.69595426296115,20.12663572960318,0.04063743805367178,28.003584642208047,240.33483403033293,sandy,date_palm,3.664058473738579,21.459320256045423,1.0,1
8.4596172444585,468.12451712026336,209.50080880406205,20.599244047775585,0.02317414855743573,12.45038899318561,217.69598717033986,sandy,barley,2.243932030802448,18.609758681108154,0.776134570689444,0
7.339187996874508,666.7909829425621,207.18034675639552,14.557546113061154,0.02582113697818947,13.417094936402362,197.9242597333003,clay,barley,2.1827708355480975,11.862575004239812,0.8302806202447371,0
7.456298079454421,332.2822885996219,188.4320578495903,13.59765516249696,0.0026000966951159276,17.77824160077448,165.04301279691487,clay,olive,2.5740339762685363,17.117715490674946,0.6004890005437113,0
7.455913768382541,298.73963505760094,296.6035046207222,5.220561685378007,0.004396496807194526,14.425182673738322,116.81652312826294,loamy,olive,1.9446553659140713,12.56677753876481,0.51002353485581,0
7.345624993176025,443.7993385782607,233.072641856424,23.53114230283676,0.013620818556826328,5.8894490458890205,206.4605788788282,clay,tomato,3.8943060802644,29.272468320044425,0.6336457456913274,0
7.002210733129467,755.9512299310287,244.2365970981303,17.06615756777886,0.027651022614944232,1.5381106330259517,248.91059567132305,clay,barley,2.7573600542587995,17.462330294728353,0.6661163562253865,0
8.094017191131995,626.253089007447,268.11570377091857,9.063078743799363,0.03723800628801466,18.684538081382346,210.51408920981498,clay,olive,1.3263812920111477,5.710923707632387,1.0,1
8.450268249698928,451.3541748757512,103.9099406814623,23.392068388428733,0.030645150005563622,27.70339102322655,102.50666406065895,loamy,olive,1.642939823738604,11.86277559062067,1.0,1
7.336440224927568,510.36330185258635,70.95103977376519,23.29863803540593,0.020214264894352626,4.084559857787803,174.43899670627582,clay,olive,2.946675787826628,23.08268750931444,0.6206392335971757,0
7.9945707877051335,250.527806706259,170.72360914964966,24.783683287321917,0.0067978795771537716,7.117628858329848,192.1969948724356,sandy,barley,2.9847525749048796,26.79500760203137,0.4831009768162939,0
8.112844490438073,790.7455378256678,178.52017390481828,22.481131262779577,0.03925788850947228,11.736655088924232,203.45113016542646,loamy,barley,1.971621147648603,20.055077509607003,0.981331121232457,1
8.272638068635787,599.8443828169513,257.2954449874794,24.955687756401296,0.0188255165283538,24.45352464161247,207.9588753401063,sandy,tomato,3.5310178279306834,26.527704956414645,1.0,1
7.6339437955204135,371.2424410780535,160.94589482058393,9.893723762465452,0.037066646709656696,8.80854917765835,183.7162661824786,loamy,barley,1.5873451074457698,8.0857910679614,0.8591582927936791,0
7.454396358460643,551.4850365291466,192.71325638607817,21.844991703984682,0.02613596325380275,26.579577724084285,133.50404991013605,sandy,barley,2.6027850599506723,17.298704429665143,1.0,1
7.487942701034546,265.6894196413964,181.7677346283646,21.46056617591529,0.03719444062452944,2.593778364851926,241.33009922148202,clay,barley,2.4390373440096913,13.30225530047533,0.8049151641857554,0
8.06893199964777,779.5020012845501,59.55069593934776,9.618807184414674,0.04545718851117603,28.28774201650911,204.49997014954928,loamy,tomato,1.602406694245068,7.667755993353274,1.0,1
8.225169199758454,304.87099273001957,203.8037241492285,6.9687509800198155,0.046130446286636304,17.261665258339182,135.52600553041142,sandy,date_palm,1.0923118810051315,8.33669340867856,1.0,1
7.272420951634904,588.8181908331285,257.01082144356303,24.588410273551993,0.027220232220029568,20.10455267614343,148.34827484054094,loamy,date_palm,3.250175043398041,25.905840563721874,1.0,1
7.5564115122366475,347.27267752335825,89.37513701895097,10.920491030412208,0.0260639098735163,11.662996153554241,238.28915059455545,sandy,olive,2.6802678075378656,17.396273000730176,0.8386399957768585,0
8.352910295123724,630.5368295891215,198.58293348164895,22.41783580935612,0.014018244809639025,23.67783427982075,233.12277800610036,clay,date_palm,2.7477899969301203,21.79546546154498,0.9036535574954099,1
8.21004027954211,666.0928203441686,198.40263611160358,5.0825430934920774,0.04685419174493528,5.830421252447776,160.77196575371346,loamy,date_palm,0.7740659914302684,1.93697434061529,0.8813465805374061,1
8.477287604143713,604.0518373468597,91.04624101408969,5.420496144392044,0.023438039192781427,2.4184429330761237,105.74608329871765,loamy,tomato,0.8440431815838138,0.0,0.467462901079949,0
8.131372389523122,568.6996761531155,80.865893432684,14.317426173927368,0.00725197072508148,12.469991350119157,107.27460533409072,sandy,tomato,2.5743375251831617,19.3984821845066,0.5641263898932583,0
7.589792801541884,735.4814563712071,295.01298574412124,9.774293678701271,0.022202540816700946,25.757175705450145,142.58774363775836,sandy,date_palm,2.4018624094776766,12.540094298047165,1.0,1
7.885956750991957,247.17602659385483,148.4297924132594,18.796825668719286,0.0072256092616621945,22.892878262493145,194.3683329008499,clay,date_palm,2.8560109804606566,19.672769550433003,0.7947225826116483,0
7.991521381370981,398.54885946811714,106.85543218088232,16.311286511359086,0.025624052528596678,15.997523144179782,187.62919530018428,sandy,date_palm,2.652237512665123,16.57678300891237,0.9164902518257556,1
7.117683724475686,348.97248777850757,92.83113611359374,6.549715949009829,0.0285025002279544,17.59199466779525,195.0741680415914,sandy,olive,2.50415681300891,11.576411442951013,0.9797099418159338,1
7.816745438655798,792.808377239253,216.90042839580877,8.252565926314341,0.017550032313185682,4.766891962663907,207.592445789816,sandy,tomato,2.7944630248075057,14.083067079301372,0.5821453659356639,0
8.063981242708914,433.6338678001241,202.3613243318197,12.760985401168286,0.0045108800973427485,25.379763749909884,102.85483803891076,clay,date_palm,1.8573837899657308,13.967969244913649,0.7238491796555975,0
7.25098195600159,639.5676195442393,210.88803074685438,8.712081279108663,0.04723167324602872,23.82183080596171,115.76283927586643,clay,barley,1.175508039063605,3.522650189942513,1.0,1
8.170947576138335,610.8350983286027,72.00150687786306,20.84444694487857,0.03889430256068805,20.03764142272134,153.92251777408188,loamy,date_palm,1.986198822782564,14.579988547307735,1.0,1
7.875659170771168,327.24874248642664,273.3836458746092,13.3214047110656,0.042105172944750933,14.519540053539215,123.22899962823726,clay,barley,1.1005186367638529,3.646282144670345,1.0,1
8.428332678546392,343.39860812693075,147.31659920226207,6.868637336849986,0.018976551320025244,28.969318780105862,111.29800638168312,sandy,olive,1.2464111028817964,6.653739775882418,0.9637475336330396,1
7.0636334473103375,368.77073813182045,128.34235160758948,14.686858045442497,0.03828072047095308,26.491927184417662,196.1446593995998,loamy,barley,2.290872251211496,11.308441247766666,1.0,1
7.3979892063332,446.67636695562754,165.5903618119348,6.816763621228283,0.024783271863290518,19.68848431192394,222.30047162366486,clay,tomato,2.467741647671581,11.304187863524435,0.962938096001563,1
7.902330818949736,340.59503939031606,147.51651643690707,7.578746108396343,0.01085309093189625,11.782228933801349,212.89399861514238,clay,olive,1.930268285781779,11.884328465144868,0.552862405517013,0
7.444839868308896,211.79088964810867,265.89425078478644,9.792196640564105,0.007096745468453451,18.922646081763858,222.55596679137687,sandy,olive,3.002504828374545,15.011733021743105,0.7251044899320425,0
8.071636246106863,727.6358340843173,282.315243799473,22.190554104949797,0.01790749259678079,17.687786869389296,199.87848160868157,sandy,date_palm,3.2069034860712184,21.47517505811366,0.8789204052251953,1
8.138507923782896,779.3658988285305,125.86330411240155,23.49225064665944,0.007740053462281845,12.433017647212575,210.30179827213033,clay,olive,2.745436621888264,23.488006791549584,0.5843960846295403,0
7.153773946099712,404.9422322189408,265.98395186498874,21.52515458664138,0.04991517983399937,9.893545178954206,140.7668161312452,loamy,olive,2.3740206022949524,12.662291178999773,1.0,1
7.770781696310151,403.1041276552837,245.3807823832668,11.681544348356944,0.0034102605213690807,12.803312974882349,248.95120544262466,sandy,barley,2.754736308575134,21.661007510639156,0.5275990720041939,0
7.763335833386584,204.25508766462258,282.70191808619046,10.448928822176633,0.02261603636908475,17.643430774968536,127.47484817408306,clay,date_palm,1.7064526337210564,12.859046972828752,0.8286253717333265,0
7.553921155323311,608.1504129982245,111.43757804647196,15.983113815804783,0.023152582597128823,13.415910496621738,132.17408115840738,clay,tomato,2.476402390246918,15.470945048939065,0.8137191401091206,0
8.399387293854508,695.2639374491773,194.23978753024477,19.437063210662245,0.0157309645005021,8.64366015784013,143.33827477237702,sandy,date_palm,2.4736646455487685,16.995632686388404,0.6067308423082357,0
8.241259479809832,287.9649802160019,118.63614618511116,24.867455763203495,0.028996226719640323,23.067936215063455,246.29986451598683,loamy,tomato,3.180737460157766,23.35492674077716,1.0,1
8.045814072864456,295.79980962029043,256.0236226210935,7.631414237578524,0.00834887418342569,16.412557382764973,248.2432884030859,loamy,barley,1.975925298879056,9.202380257029802,0.6115582843170093,0
8.071489953602496,674.0499499828627,51.331047642766066,5.985839980476088,0.039411706648774456,2.962579733542399,219.23406245597462,loamy,olive,1.3098946152509523,0.998352953902887,0.7552187636225409,0
7.692574215719679,569.7744490124868,191.20479072159904,18.88711777990542,0.01728993819413428,11.68117866315764,194.35863978394508,sandy,olive,3.005162129255622,19.932993690721716,0.7333856165156167,0
8.381491781644863,226.91633457663022,134.80085781797948,21.64451567007811,0.029975786900133448,26.662490259147813,178.00938627769202,sandy,date_palm,2.5124095791020458,17.954177940523746,1.0,1
8.041893140879928,573.528194277369,130.67092676945506,21.926975597328465,0.03606632256728101,22.901859404798607,245.59312685302686,sandy,date_palm,3.0676175266608072,20.691100064214385,1.0,1
8.093471592483725,385.3506337062596,211.22658096622925,18.569270981543212,0.0445630637668179,10.374156734376205,204.34342042873715,loamy,date_palm,2.0568182928842345,12.026012248120898,1.0,1
8.292536355681017,421.2350932825076,262.8711123284985,24.080316082383742,0.04195358438615781,28.207311409290764,241.70951924890454,loamy,olive,2.2802657889195768,19.385990397885493,1.0,1
7.411107384013286,661.8388509781281,202.29884784833155,15.220095270891738,0.030807142377074423,3.2214843423880946,147.4826199216436,sandy,olive,2.5055900611096042,12.544994859229508,0.7269840273926466,0
8.210606355800055,686.5611156035663,263.29324466168066,23.27629596672425,0.02003126583881046,28.875806412873477,150.06621884043483,sandy,barley,2.3200186057104384,16.630960561444645,1.0,1
7.292860904434738,440.2139761038984,116.14927797025749,24.35624273983046,0.025657028833673236,8.125447682055594,228.20868911776535,sandy,tomato,4.385986451708878,30.0,0.8982433022829206,1
7.518012928367332,768.2917616038128,179.87546369124527,21.943149140062154,0.03866800487556133,1.2637312287701588,122.47823808779415,loamy,date_palm,2.465330668501369,14.913817739701292,0.8025211511889327,0
7.503415681404764,443.87763077124333,162.63413476676902,11.195171265172412,0.04399973158541418,13.580433059031476,241.88917919441135,clay,olive,1.9484289950503069,7.419599418384449,1.0,1
8.46778820258371,663.1016211380659,52.91122487577405,8.924313023405904,0.006085314480656922,11.41014246092325,176.12115319951113,clay,tomato,1.764153234866164,12.028669520041817,0.460614825217612,0
8.28480583562189,490.3263587385554,189.20303578518502,15.962401299636369,0.01985795686215962,16.63358115099702,238.96208178755467,loamy,date_palm,2.450305749292776,14.543648339470403,0.8265654358957568,0
8.05175479238539,738.5193959132504,215.38108103654372,14.06029500760377,0.03902971332226153,24.106412956525517,150.51891830887195,sandy,date_palm,1.951635610811748,11.21315586903272,1.0,1
8.090585142423086,744.6567461901071,197.9786011047675,22.55516684385466,0.02215093636710409,25.430493262362965,207.39383562090956,sandy,tomato,3.4497508169463327,22.656014066247604,1.0,1
7.8431091916038564,252.45008472265033,234.06997469585536,7.000633421343075,0.01727916043924791,12.635669988739062,172.43126829590346,sandy,tomato,2.4745485416304698,11.721752626019308,0.7098646896939375,0
8.420636000662778,761.8959987861355,192.8348821132693,10.154801226230372,0.021154812144340212,13.465526567484156,194.02054453682095,sandy,tomato,2.18374290340908,8.660543010413647,0.7613321457875127,0
7.744388129323543,695.3209049122495,66.68756371268923,20.03597889037417,0.030539392592531193,5.297154179554736,175.65587397087285,loamy,olive,2.374139747967356,17.110277342376,0.7539651523164511,0
7.5707765648048415,674.7864285876001,79.11138102117786,6.899732899546242,0.04999045206255628,2.3788806575537413,245.06734260570423,clay,barley,1.3796013545156671,2.164474741915347,0.9078025024506723,1
7.244553005397386,320.54680381131345,199.1186443859881,11.415288280434003,0.02515662902612206,19.595234716815717,203.8158096720876,clay,date_palm,2.5907434963807408,14.66768548440406,0.9765136094386044,1
8.179308478391587,683.0715252527989,118.74479799341005,12.743107881079663,0.011216229272758768,2.868691141028076,137.6978452939473,loamy,date_palm,1.9638347642826788,12.770584249872252,0.3827240430545573,0
8.101665898113387,710.079640811022,69.91128225869146,17.4518759312538,0.008979482188675642,22.28107346322222,236.45153828576267,sandy,tomato,3.562137462047782,23.480473346473097,0.8652846990584016,0
7.576532557786202,373.4902006724906,157.4006858621367,8.16265291438729,0.0030751376263443,16.633614205645177,144.10446072326565,clay,olive,2.037552679723718,12.845960053712554,0.5418035628859655,0
7.037790120938844,771.3560470173942,188.58064952091385,22.21208980699419,0.028382044510997753,6.758906368556419,155.74076489512845,loamy,tomato,3.616267471109116,24.515225329080003,0.850210192724824,0
8.258495991577016,229.91608783949854,132.18649708740162,13.950844709325485,0.02768403248295288,16.64616536186684,115.318554703032,sandy,olive,1.653166013154019,9.622246098222114,0.8804370755339515,1
7.01712697518111,289.94555194828376,230.1084255564445,23.34043423761113,0.011056462412235148,6.306933781460867,234.99497796942862,clay,barley,3.321513104142798,27.323485933081663,0.5577066601441684,0
8.055549669443577,522.5486828309085,210.94265202531116,14.357398272678632,0.03507114091617579,13.723379017801948,142.91680348417944,loamy,date_palm,1.6831818958935612,6.956954575210526,0.9351892457701606,1
8.455385664589086,545.4754826733858,133.20459027291798,10.500805178814668,0.03731424503985436,24.18724917102464,138.83764268970737,clay,date_palm,0.8400074008799675,4.215752334885811,1.0,1
7.656491992222305,587.0900499805421,238.71813222714016,7.836576573753497,0.013695812063723452,14.395659508908485,238.0393896992431,clay,olive,2.2112817078691123,14.493919915296349,0.6702529077635504,0
7.352460107493929,210.18147758927987,212.17376063325887,5.074901894225697,0.01786088843745709,5.3122802306288985,220.829029360755,loamy,barley,2.0425080651417287,11.40995734565842,0.5375595763857726,0
8.057306515065072,776.2200647732782,209.3613446794755,15.643149699696712,0.04953311194501558,21.99103177286541,121.16183822790616,loamy,barley,1.087101649952068,4.789785782080273,1.0,1
8.225692213023377,226.7528556404864,188.356925196767,7.143133938538469,0.019338958924685977,6.4162840718302565,215.3986755855521,clay,date_palm,1.6370733118604124,7.4922332562728045,0.5493759302557278,0
7.819645474116771,285.8371716340414,52.8474170221382,12.834555272623565,0.03827928191604899,22.417946356733175,236.95496470806862,clay,date_palm,2.0719007345116967,9.651812471349803,1.0,1
8.45055291288422,208.4087105156342,224.1267958692223,16.785435224741732,0.02318354590486706,14.901216387259165,111.77668273161159,loamy,tomato,1.7302755344854135,14.245652433165832,0.7841995590770222,0
7.077503082486942,540.1150599764568,144.01044777728913,10.513717938054006,0.039873896565187826,14.158511013734746,223.78224923568595,sandy,olive,2.6902539251683604,12.189519687513602,1.0,1
7.757193397456792,759.3601303525834,285.6524275396639,8.504485847322306,0.03868213870034975,25.691616097866767,182.1130077809584,sandy,date_palm,2.0255803675488724,10.17172848288521,1.0,1
8.077680920983825,599.5682996482785,254.49619276930133,20.49443245218683,0.03372004523472825,21.549502205879392,200.3796174068201,sandy,barley,2.2455165534153165,16.5819540526304,1.0,1
8.293960706723768,693.5944810882563,196.92361738282804,23.935823445632412,0.042884138968483386,1.9544131116932384,173.92815083574055,sandy,barley,1.991644934551169,19.980927090631212,0.841681941525209,0
7.2688834178616855,207.96872207514804,113.04549545481736,7.00880835723932,0.047021706249006576,9.58905512344647,204.6704627357918,loamy,date_palm,1.967173951428222,8.563724994739587,1.0,1
8.200005222645522,525.2091790878357,100.92934831941665,8.111806487700157,0.029419182702152113,26.25669916464706,105.11467925001298,sandy,barley,1.1375045580173524,4.368039085450686,1.0,1
7.829060613577818,475.73778650331315,135.09620941938726,24.200253145054372,0.012635976453914542,1.5314588878107607,214.40600848349254,clay,olive,2.95807721118018,20.2865891443984,0.4568150014593477,0
7.594830522984945,499.38076653247583,169.14198589500464,5.755684436244925,0.020532819120559678,16.81234994159714,105.00155467884376,sandy,barley,1.6054452348927881,7.724512607630451,0.7726749044317611,0
7.19757254286864,243.32791120111278,124.01637750973677,24.552646731009446,0.03815697996215137,22.106944406044374,168.29497716210153,loamy,barley,2.6040924505198215,18.78765126393311,1.0,1
8.29794363836337,610.6612166415845,178.7323738481207,5.092889661699775,0.03289329077106961,19.0338264790527,122.64474896954422,sandy,date_palm,1.124834038281382,0.0,0.9640626142096086,1
7.235909812269573,501.93224891518065,91.34260637829648,22.473373113026625,0.00971211858969719,23.055433861028657,223.5361416026961,sandy,olive,3.8831128731854756,26.00599343158228,0.917439485920869,1
7.464681788813649,659.0893099167583,294.428203206375,11.146503619754991,0.0035107375161748107,22.045063618527628,147.0491363763503,loamy,olive,2.4620757176926356,17.012611370402798,0.6905283925285856,0
7.435068297943655,491.1743804370292,76.98113874124847,23.77177716354593,0.03446511808356118,21.068890159440286,168.11403169064988,sandy,tomato,3.6354237458878287,23.17460644596905,1.0,1
8.30712105128628,289.62898173585927,282.986034913593,11.338905772711708,0.013302872177437922,24.824655966843913,164.31261119474675,loamy,olive,1.6901431177586532,13.59323825154583,0.8312476514191395,0
